smiles,value
O=C1OC(=O)c2cc3oc(=O)ccc3cc21,399.98
O=C1c2ccccc2C(=O)N1c1ccc(F)cc1,570.51
O=C1c2ccccc2C(=O)N1CCCCCCCCCCCN1C(=O)c2ccccc2C1=O,374.81
O=C1c2ccccc2C(=O)N1c1cc(N2C(=O)c3ccccc3C2=O)cc(N2C(=O)c3ccccc3C2=O)c1,572.79
O=C1c2ccccc2C(=O)N1c1ccc(N2C(=O)c3ccccc3C2=O)cc1,633.86
O=C1c2ccc(C(F)(F)F)cc2C(=O)N1c1ccc(Oc2ccc(N3C(=O)c4ccc(C(F)(F)F)cc4C3=O)cc2)cc1,493.95
CCCCCCCCCCCCN1C(=O)c2ccccc2C1=O,424.53
CCOc1ccc(N2C(=O)c3ccccc3C2=O)cc1,550.99
O=C1c2cc3c(=O)[nH]c4ccccc4c(=O)c3cc2C(=O)N1c1ccc(Oc2ccc(-n3c(=O)c4cc5c(=O)n(-c6ccc(Oc7ccccc7)cc6)c(=O)c5cc4c3=O)cc2)cc1,521.51
Cc1ccc(C)c(N2C(=O)c3ccccc3C2=O)c1,628.91
O=C1c2ccccc2C(=O)N1c1ccc(OCC(COc2ccc(N3C(=O)c4ccccc4C3=O)cc2)COc2ccc(N3C(=O)c4ccccc4C3=O)cc2)cc1,391.96
O=c1c2ccccc2c(=O)c2c1ccc1c(=O)n(-c3ccc(Oc4ccc(-n5c(=O)c6ccc7c(=O)c8ccccc8c(=O)c7c6c5=O)cc4)cc3)c(=O)c12,521.82
O=C1c2ccccc2C(=O)N1CCOCCOCCN1C(=O)c2ccccc2C1=O,345.005
O=C1c2ccccc2C(=O)N1c1ccc(C(CF)(CF)c2ccc(N3C(=O)c4ccccc4C3=O)cc2)cc1,550.9
O=C1c2ccccc2C(=O)N1c1ccc(Oc2ccc(C(F)(F)F)cc2)cc1,387.345
O=C1c2ccccc2C(=O)N1c1ccc(N2C(=O)c3ccccc3C2=O)c(F)c1,431.875
O=C1c2ccccc2C(=O)N1c1ccc(Oc2ccc(F)cc2N2C(=O)c3ccccc3C2=O)cc1,549.82
O=C1c2ccccc2C(=O)N1c1ccc(Oc2ccc(N3C(=O)c4ccccc4C3=O)cc2Cl)cc1,400.545
Nc1cc(N2C(=O)c3ccccc3C2=O)ccc1Oc1ccc(N2C(=O)c3ccccc3C2=O)cc1,511.105
O=C1c2ccccc2C(=O)N1c1ccc(Oc2ccc(N3C(=O)c4ccccc4C3=O)cc2O)cc1,504.98
CS(=O)(=O)c1cc(N2C(=O)c3ccccc3C2=O)ccc1Oc1ccc(N2C(=O)c3ccccc3C2=O)cc1,568.92
CCc1cc(N2C(=O)c3ccccc3C2=O)ccc1Oc1ccc(N2C(=O)c3ccccc3C2=O)cc1,531.955
O=c1oc(=O)c2cc3c(=O)n(-c4ccc(Oc5ccc(-n6c(=O)c7cc8c(=O)oc(=O)c8cc7c6=O)cc5)cc4)c(=O)c3cc12,442.28
O=C1c2ccccc2C(=O)N1c1ccc(Nc2ccc(N3C(=O)c4ccccc4C3=O)cc2)cc1,624.76
O=c1oc(=O)c2c1ccc1c(=O)n(-c3ccc(Oc4ccc(-n5c(=O)c6ccc7c(=O)oc(=O)c7c6c5=O)cc4)cc3)c(=O)c12,365.04
O=C1c2ccccc2C(=O)N1c1ccc(Oc2cccc(Oc3ccc(N4C(=O)c5ccccc5C4=O)cc3)c2)cc1,325.12
CN(c1ccc(N2C(=O)c3ccccc3C2=O)cc1)c1ccc(N2C(=O)c3ccccc3C2=O)cc1,606.71
CC(CF)(c1ccc(N2C(=O)c3ccccc3C2=O)cc1)c1ccc(N2C(=O)c3ccccc3C2=O)cc1,572.035
O=C1c2ccccc2C(=O)N1c1ccc(Oc2ccc(N3C(=O)c4ccccc4C3=O)cc2)cc1,577.08
O=C(Oc1ccc(N2C(=O)c3ccccc3C2=O)cc1)c1ccc(N2C(=O)c3ccccc3C2=O)cc1,575.48
O=C1c2ccccc2C(=O)N1c1ccc(Oc2ccc3c(c2)C(=O)N(c2ccc(Oc4ccc5c(c4)C(=O)N(c4ccccc4)C5=O)cc2)C3=O)cc1,489.87
CCCCC(=O)OCCN1C(=O)c2ccccc2C1=O,407.12
O=C1c2ccccc2C(=O)N1c1ccc(OC(F)(F)F)cc1,582.58
O=C1c2ccc(C(F)(F)C(F)(F)F)cc2C(=O)N1c1ccc(Oc2ccc(N3C(=O)c4ccc(C(F)(F)C(F)(F)F)cc4C3=O)cc2)cc1,465.835
O=C1c2ccc3ccccc3c2C(=O)N1c1ccc(C(F)(F)c2ccc(N3C(=O)c4ccc5ccccc5c4C3=O)cc2)cc1,448.085
O=C1c2ccccc2C(=O)N1c1ccc(Oc2ccc(Oc3ccc(Oc4ccc(N5C(=O)c6ccccc6C5=O)cc4)cc3)cc2)cc1,485.53
O=C1c2cc3oc(=O)oc3cc2C(=O)N1c1ccc(Oc2ccc(-n3c(=O)c4cc5c(=O)oc(=O)c5cc4c3=O)cc2)cc1,423.75
Cc1cc(Oc2ccc(N3C(=O)c4ccccc4C3=O)cc2)ccc1N1C(=O)c2ccccc2C1=O,548.6
O=C1c2ccccc2C(=O)N1c1ccc(Oc2ccc(N3C(=O)c4ccccc4C3=O)c(C(F)(F)F)c2)cc1,528.55
O=C1c2ccccc2C(=O)N1c1ccc(Oc2ccc(N3C(=O)c4ccccc4C3=O)c(NO)c2)cc1,486.26
CCCCCCCCCCN1C(=O)c2ccccc2C1=O,440.39
CCCCN1C(=O)c2ccccc2C1=O,467.59
O=C1c2ccccc2C(=O)N1c1ccc(N2C(=O)c3ccccc3C2=O)c(C(F)(F)F)c1,604.21
O=C1c2ccccc2C(=O)N1c1cc(N2C(=O)c3ccccc3C2=O)cc(C(F)(F)F)c1,461.565
CCCCCCCN1C(=O)c2ccccc2C1=O,466.44
O=C1c2ccccc2C(=O)N1c1ccc(OCC(O)COc2ccc(N3C(=O)c4ccccc4C3=O)cc2)cc1,443.96
O=C1c2ccccc2C(=O)N1c1ccc(-c2ccc(C(F)(F)F)cc2)cc1,606.33
Cc1cc(-c2ccc(N3C(=O)c4ccccc4C3=O)cc2)ccc1N1C(=O)c2ccccc2C1=O,635.04
Cc1ccc(N2C(=O)c3ccccc3C2=O)c(-c2ccc(N3C(=O)c4ccccc4C3=O)cc2)c1,620.05
CC(C)(C)c1cc(Oc2ccc(N3C(=O)c4ccccc4C3=O)cc2)ccc1N1C(=O)c2ccccc2C1=O,523.54
O=C1c2ccccc2C(=O)N1c1ccc(Oc2ccc(N3C(=O)c4ccccc4C3=O)c(F)c2)cc1,402.505
O=C(c1ccccc1)c1cc(Oc2ccc(N3C(=O)c4ccccc4C3=O)cc2)ccc1N1C(=O)c2ccccc2C1=O,501.62
O=C1c2ccccc2C(=O)N1c1ccc(Oc2ccc(N3C(=O)c4ccccc4C3=O)c(OC(F)(F)F)c2)cc1,480.51
N#Cc1cc(Oc2ccc(N3C(=O)c4ccccc4C3=O)cc2)ccc1N1C(=O)c2ccccc2C1=O,433.21
O=C1c2ccccc2C(=O)N1c1ccc(Oc2ccc(N3C(=O)c4ccccc4C3=O)c([N+](=O)[O-])c2)cc1,433.03
CC(C)Oc1cc(Oc2ccc(N3C(=O)c4ccccc4C3=O)cc2)ccc1N1C(=O)c2ccccc2C1=O,490.37
CCc1cc(Oc2ccc(N3C(=O)c4ccccc4C3=O)cc2)ccc1N1C(=O)c2ccccc2C1=O,503.9
CC(=O)Oc1cc(Oc2ccc(N3C(=O)c4ccccc4C3=O)cc2)ccc1N1C(=O)c2ccccc2C1=O,520.33
CC(=O)c1cc(Oc2ccc(N3C(=O)c4ccccc4C3=O)cc2)ccc1N1C(=O)c2ccccc2C1=O,431.885
O=C1c2ccccc2C(=O)N1c1ccc(Oc2ccc(N3C(=O)c4ccccc4C3=O)c(OCC(F)(F)F)c2)cc1,439.56
CSc1cc(Oc2ccc(N3C(=O)c4ccccc4C3=O)cc2)ccc1N1C(=O)c2ccccc2C1=O,504.05
COc1ccc(N2C(=O)c3ccccc3C2=O)cc1,570.245
Cc1ccc(N2C(=O)c3ccccc3C2=O)c(N2C(=O)c3ccccc3C2=O)c1,635.3
CC(C)(C)c1ccc2c(c1)C(=O)N(c1ccc(Oc3ccc(N4C(=O)c5ccc(C(C)(C)c6ccc(N7C(=O)c8ccc(C(C)(C)C)cc8C7=O)cc6)cc5C4=O)cc3)cc1)C2=O,431.59
O=C1c2ccccc2C(=O)N1CCCCCN1C(=O)c2ccccc2C1=O,445.63
O=C1c2ccc3c(ccc4ccccc43)c2C(=O)N1c1ccc(Oc2ccc(N3C(=O)c4ccc5c(ccc6ccccc65)c4C3=O)cc2)cc1,478.08
O=C1c2ccccc2C(=O)N1c1ccc(N(c2ccc(N3C(=O)c4ccccc4C3=O)cc2)c2ccc(N3C(=O)c4ccccc4C3=O)cc2)cc1,410.82
O=C(CCCCC(=O)OCCN1C(=O)c2ccccc2C1=O)OCCCN1C(=O)c2ccccc2C1=O,287.61
O=C1c2ccccc2C(=O)N1c1ccc(C(F)(F)F)cc1,621.675
O=C1c2ccccc2C(=O)N1c1ccc(Oc2ccc(C(F)(F)F)cc2-c2ccc(N3C(=O)c4ccccc4C3=O)cc2)cc1,547.49
O=C1c2ccccc2C(=O)N1c1cccc2ccccc12,604.3
O=C1c2ccccc2C(=O)N1c1ccc2ccccc2c1,603.14
CC(Cc1ccc(N2C(=O)c3ccccc3C2=O)cc1)c1ccc(N2C(=O)c3ccccc3C2=O)cc1,525.21
O=C1c2ccccc2C(=O)N1c1ccc(-c2ccc(N3C(=O)c4ccccc4C3=O)c(C(F)(F)F)c2)cc1,617.6
O=C1c2ccccc2C(=O)N1c1ccc(-c2ccc(N3C(=O)c4ccccc4C3=O)c(F)c2)cc1,606.12
O=C1c2ccccc2C(=O)N1c1ccc(-c2cc(F)ccc2N2C(=O)c3ccccc3C2=O)cc1,607.69
O=C1c2ccccc2C(=O)N1c1ccc(-c2ccc(N3C(=O)c4ccccc4C3=O)cc2F)cc1,603.57
COc1cc(N2C(=O)c3ccccc3C2=O)ccc1-c1ccc(N2C(=O)c3ccccc3C2=O)cc1,575.92
Cc1cc(N2C(=O)c3ccccc3C2=O)ccc1-c1ccc(N2C(=O)c3ccccc3C2=O)cc1,624.16
O=C1c2ccccc2C(=O)N1c1ccc(-c2ccc(N3C(=O)c4ccccc4C3=O)cc2Cl)cc1,539.35
O=C1c2ccccc2C(=O)N1c1ccc(-c2ccc(N3C(=O)c4ccccc4C3=O)cc2Br)cc1,576.18
Nc1cc(N2C(=O)c3ccccc3C2=O)ccc1-c1ccc(N2C(=O)c3ccccc3C2=O)cc1,557.59
O=C1c2ccccc2C(=O)N1c1ccc(-c2ccc(N3C(=O)c4ccccc4C3=O)cc2[N+](=O)[O-])cc1,527.87
CCOc1cc(N2C(=O)c3ccccc3C2=O)ccc1-c1ccc(N2C(=O)c3ccccc3C2=O)cc1,544.5
COc1cc(N2C(=O)c3ccccc3C2=O)ccc1N1C(=O)c2ccccc2C1=O,408.415
O=c1c2ccccc2c2cc3c(=O)n(-c4ccc(Oc5ccc(-n6c(=O)c7cc8c(=O)c9ccccc9c8cc7c6=O)cc5)cc4)c(=O)c3cc12,555.18
Nc1ccc(N2C(=O)c3ccccc3C2=O)cc1,567.29
CCCCCCN1C(=O)c2ccccc2C1=O,475.25
O=C1c2ccccc2C(=O)N1c1ccc(Cl)cc1,556.49
O=c1cc2ccc3cccc4ccc1c2c34,506.26
CCCCCCCCCN1C(=O)c2ccccc2C1=O,448.08
O=C1c2ccccc2C(=O)N1CCN1C(=O)c2ccccc2C1=O,316.3
O=C1c2ccccc2C(=O)N1c1ccc(SC(F)(F)F)cc1,603.35
O=C(Nc1ccc(N2C(=O)c3ccccc3C2=O)cc1)c1ccc(N2C(=O)c3ccccc3C2=O)cc1,637.52
O=C1c2ccccc2C(=O)N1c1ccc(-c2cc(F)cc(F)c2N2C(=O)c3ccccc3C2=O)cc1,610.24
O=C1c2ccccc2C(=O)N1c1ccc(F)cc1N1C(=O)c2ccccc2C1=O,605.04
O=C1c2ccccc2C(=O)N1c1ccc(Oc2ccc(N3C(=O)c4ccccc4C3=O)c(-c3ccccc3)c2)cc1,516.92
NS(=O)(=O)c1cc(N2C(=O)c3ccccc3C2=O)ccc1N1C(=O)c2ccccc2C1=O,528.13
O=C1c2ccccc2C(=O)N1c1ccc(Oc2ccc(S(=O)(=O)c3cc(Oc4ccc(N5C(=O)c6ccccc6C5=O)cc4)ccc3N3C(=O)c4ccccc4C3=O)cc2)cc1,437.68
CC(C)(c1ccc(Oc2ccc(N3C(=O)c4ccccc4C3=O)cc2)cc1)c1cc(Oc2ccc(N3C(=O)c4ccccc4C3=O)cc2)ccc1N1C(=O)c2ccccc2C1=O,434.48
O=C1c2ccccc2C(=O)N1c1ccc(Oc2ccc(-c3cc(Oc4ccc(N5C(=O)c6ccccc6C5=O)cc4)ccc3N3C(=O)c4ccccc4C3=O)cc2)cc1,452.36
CC1(C)c2ccccc2C(=O)c2ccc3c(c21)C(=O)N(c1ccc(Oc2ccc(N4C(=O)c5ccc6c(c5C4=O)C(C)(C)c4ccccc4C6=O)cc2)cc1)C3=O,508.35
O=C1c2ccc3c(=O)c4ccccc4c(=O)oc3c2C(=O)N1c1ccc(Oc2ccc(N3C(=O)c4ccc5c(=O)c6ccccc6c(=O)oc5c4C3=O)cc2)cc1,525.32
O=C1c2ccccc2C(=O)N1c1ccc(Oc2ccc(N3C(=O)c4ccccc4C3=O)cc2CF)cc1,521.61
O=C1c2ccccc2C(=O)N1c1ccc(Oc2ccc(N3C(=O)c4ccccc4C3=O)cc2S)cc1,508.04
O=C1c2ccccc2C(=O)N1c1ccc(C(c2ccc(F)cc2)c2ccc(N3C(=O)c4ccccc4C3=O)cc2)cc1,507.66
O=C(c1ccc(-n2c(=O)c3ccc4c(=O)oc(=O)c4c3c2=O)cc1)c1ccc(-n2c(=O)c3ccc4c(=O)oc(=O)c4c3c2=O)cc1,459.71
O=C1c2ccccc2C(=O)N1c1ccc(Oc2ccc(Cc3ccc(Oc4ccc(N5C(=O)c6ccccc6C5=O)cc4)cc3)cc2)cc1,417.22
O=C1c2ccc(Cl)cc2C(=O)N1c1ccc(Oc2ccc(N3C(=O)c4ccc(Cl)cc4C3=O)cc2)cc1,363.28
O=C1c2ccccc2C(=O)N1c1ccc(OCC(F)(F)C(F)(F)F)cc1,542.8
O=C1c2ccccc2C(=O)N1c1ccc(-c2cccc(N3C(=O)c4ccccc4C3=O)c2)cc1,441.67
O=C1c2ccc3c(=O)c(=O)c3c2C(=O)N1c1ccc(Oc2ccc(N3C(=O)c4ccc5c(=O)c(=O)c5c4C3=O)cc2)cc1,489.71
O=C1c2ccccc2C(=O)N1c1ccc(Oc2ccc(N3C(=O)c4ccccc4C3=O)cc2I)cc1,525.585
O=C1c2ccccc2C(=O)N1c1ccc(C(C(F)(F)F)C(F)(F)F)cc1,604.9
Nc1cc(N2C(=O)c3ccccc3C2=O)ccc1N1C(=O)c2ccccc2C1=O,551.49
O=C1c2cc3c(=O)c(=O)c3cc2C(=O)N1c1ccc(Oc2ccc(N3C(=O)c4cc5c(=O)c(=O)c5cc4C3=O)cc2)cc1,477.67
O=C1c2ccccc2C(=O)N1c1ccc(Oc2ccc(N3C(=O)c4ccccc4C3=O)cc2N2C(=O)c3ccccc3C2=O)cc1,543.18
O=c1oc2cc3c(=O)n(-c4ccc(Oc5ccc(-n6c(=O)c7cc8oc(=O)c8cc7c6=O)cc5)cc4)c(=O)c3cc12,481.65
CC(c1ccccc1)(c1ccc(N2C(=O)c3ccccc3C2=O)cc1)c1ccc(N2C(=O)c3ccccc3C2=O)cc1,551.52
CCOc1cc(N2C(=O)c3ccccc3C2=O)ccc1Oc1ccc(N2C(=O)c3ccccc3C2=O)cc1,367.335
Cc1cccc(-c2cc(N3C(=O)c4ccccc4C3=O)ccc2Oc2ccc(N3C(=O)c4ccccc4C3=O)cc2)c1,536.43
O=C1c2ccccc2C(=O)N1c1ccc(Oc2ccc(N3C(=O)c4ccccc4C3=O)cc2-c2ccc(F)cc2)cc1,502.22
COc1ccc(-c2cc(N3C(=O)c4ccccc4C3=O)ccc2Oc2ccc(N3C(=O)c4ccccc4C3=O)cc2)cc1,528.09
O=C1c2ccccc2C(=O)N1c1ccc(Oc2ccc(N3C(=O)c4ccccc4C3=O)cc2-c2ccc(Cl)cc2)cc1,463.23
O=C1c2ccccc2C(=O)N1c1ccc(Oc2ccc(N3C(=O)c4ccccc4C3=O)cc2-c2ccc(C(F)(F)F)cc2)cc1,541.75
Nc1ccc(-c2cc(N3C(=O)c4ccccc4C3=O)ccc2Oc2ccc(N3C(=O)c4ccccc4C3=O)cc2)cc1,512.75
CS(=O)(=O)c1ccc(-c2cc(N3C(=O)c4ccccc4C3=O)ccc2Oc2ccc(N3C(=O)c4ccccc4C3=O)cc2)cc1,549.97
O=c1c2cc3c(=O)n(-c4ccc(O)cc4)c3cc2c(=O)n1-c1ccc(Oc2ccc(-n3c(=O)c4cc5c(=O)n(-c6ccc(O)cc6)c5cc4c3=O)cc2)cc1,415.23
O=C1c2ccccc2C(=O)N1c1ccc(N2C(=O)c3ccccc3C2=O)c(CF)c1,573.96
CC(CCCCN1C(=O)c2ccccc2C1=O)CCCN1C(=O)c2ccccc2C1=O,387.53
O=c1c2ccccc2c(=O)c2c1ccc1c(=O)n(-c3ccc(Oc4ccc(-n5c(=O)c6ccc7c8ccccc8c(=O)c7c6c5=O)cc4)cc3)c(=O)c12,517.34
CC1(C)C(=O)c2cc3c(cc21)C(=O)N(c1ccc(Oc2ccc(N4C(=O)c5cc6c(cc5C4=O)C(C)(C)C6=O)cc2)cc1)C3=O,498.29
O=C1c2ccccc2C(=O)N1c1ccc(Oc2ccc(N3C(=O)c4ccccc4C3=O)cc2Oc2ccc(N3C(=O)c4ccccc4C3=O)cc2)cc1,491.21
CCC(CC)(c1ccc(N2C(=O)c3ccccc3C2=O)cc1)c1ccc(N2C(=O)c3ccccc3C2=O)cc1,527.17
O=C1c2ccccc2C(=O)N1c1ccc(C(c2ccc(F)cc2)(c2ccc(F)cc2)c2ccc(N3C(=O)c4ccccc4C3=O)cc2)cc1,493.03
O=C(c1ccc2cc3c(cc2c1)C(=O)N(c1ccc(Oc2ccc(Oc4ccc(O)cc4)cc2)cc1)C3=O)N1C(=O)c2cc3ccc(Oc4ccc(Oc5ccc(O)cc5)cc4)cc3cc2C1=O,269.25
O=c1c2cc3c(=O)n(-c4ccc(Oc5ccc(-n6c(=O)c7cc8c(=O)n(-c9ccc(Oc%10ccc(O)cc%10)cc9)c(=O)c8cc7c6=O)cc5)cc4)c(=O)c3cc2c(=O)n1-c1ccc(Oc2ccc(O)cc2)cc1,320.6
CC(C)(C)c1ccc(N2C(=O)c3ccccc3C2=O)cc1,601.98
O=C1c2ccccc2C(=O)N1c1ccc(C(c2ccc(N3C(=O)c4ccccc4C3=O)cc2)(c2ccc(C(F)(F)F)cc2)c2ccc(C(F)(F)F)cc2)cc1,532.01
O=c1c2ccccc2c2ccc3c(=O)n(-c4ccc(Oc5ccc(-n6c(=O)c7ccc8c9ccccc9c(=O)c8c7c6=O)cc5)cc4)c(=O)c3c12,543.74
O=C(Oc1ccc(OC(=O)c2ccc(N3C(=O)c4ccccc4C3=O)cc2)cc1)c1ccc(N2C(=O)c3ccccc3C2=O)cc1,520.97
O=C1NC(=O)c2cc3cc4cc(-n5c(=O)c6cc7cc8cc(=O)n-8cc7cc6c5=O)ccc4cc3cc21,505.75
O=c1oc(=O)c2c1ccc1c(=O)n(-c3cccc(-n4c(=O)c5ccc6c(=O)oc(=O)c6c5c4=O)c3)c(=O)c12,415.84
O=c1oc(=O)c2c1ccc1c(=O)n(-c3ccc(C(F)(F)F)cc3)c(=O)c12,557.45
O=C1c2ccccc2C(=O)N1CCCCC1CCCC1,406.02
O=C1c2ccccc2C(=O)N1C1CCCCC1,500.69
O=c1oc(=O)c2c1ccc1c(=O)n(-c3ccc(C(F)(F)c4ccc(-n5c(=O)c6ccc7c(=O)oc(=O)c7c6c5=O)cc4)cc3)c(=O)c12,501.22
CC(C)(c1ccc(N2C(=O)c3ccccc3C2=O)cc1)C(F)(F)F,596.19
O=C1c2cc3c(=O)c(=O)c3cc2C(=O)N1c1ccc(N2C(=O)c3cc4c(=O)c(=O)c4cc3C2=O)cc1,475.23
CC(CF)(CF)c1ccc(N2C(=O)c3ccccc3C2=O)cc1,585.07
O=C1c2ccc(C(=O)n3c4ccccc4c(=O)c4ccccc43)cc2C(=O)N1c1ccccc1,582.23
O=C1c2cc3ccc(C(=O)n4c5ccccc5c(=O)c5ccccc54)cc3cc2C(=O)N1c1ccccc1,568.97
CC(C)(c1ccccc1)c1ccc2c(c1)C(=O)N(c1ccc(Oc3ccc(N4C(=O)c5ccc(C(C)(C)c6ccccc6)cc5C4=O)cc3)cc1)C2=O,429.26
O=C(O)c1cccc2cccc(-c3ccc4c(c3)C(=O)N(c3ccc(Oc5ccc(N6C(=O)c7ccc(-c8cccc9cccc(C(=O)O)c89)cc7C6=O)cc5)cc3)C4=O)c12,379.61
O=C1c2ccccc2-c2ccc(-c3ccc4c(c3)C(=O)N(c3ccc(Oc5ccc(N6C(=O)c7ccc(-c8ccc9c(c8)C(=O)c8ccccc8-9)cc7C6=O)cc5)cc3)C4=O)cc21,533.41
O=C1c2ccc(-c3ccc(C(F)(F)F)cc3)cc2C(=O)N1c1ccc(Oc2ccc(N3C(=O)c4ccc(-c5ccc(C(F)(F)F)cc5)cc4C3=O)cc2)cc1,455.28
O=C1c2ccc(-c3ccc(Oc4ccccc4)cc3)cc2C(=O)N1c1ccc(Oc2ccc(N3C(=O)c4ccc(-c5ccc(Oc6ccccc6)cc5)cc4C3=O)cc2)cc1,422.7
O=C1c2ccc(-c3ccc(O)cc3)cc2C(=O)N1c1ccc(Oc2ccc(-c3ccc4c(c3)C(=O)N(c3ccc(Oc5ccc(N6C(=O)c7ccc(-c8ccc(O)cc8)cc7C6=O)cc5)cc3)C4=O)cc2)cc1,335.47
CC(C)(c1ccc(O)cc1)c1ccc(-c2ccc3c(c2)C(=O)N(c2ccc(Oc4ccc(N5C(=O)c6ccc(-c7ccc(C(C)(C)c8ccc(N9C(=O)c%10ccc(-c%11ccc(C(C)(C)c%12ccc(O)cc%12)cc%11)cc%10C9=O)cc8)cc7)cc6C5=O)cc4)cc2)C3=O)cc1,366.86
O=C1c2ccc(-c3ccncc3)cc2C(=O)N1c1ccc(Oc2ccc(N3C(=O)c4ccc(-c5ccncc5)cc4C3=O)cc2)cc1,510.98
O=C1NC(=O)c2cc(-c3ccc4c(c3)C(=O)N(c3ccc(Oc5ccc(N6C(=O)c7ccc(-c8ccc9c(c8)C(=O)NC9=O)cc7C6=O)cc5)cc3)C4=O)ccc21,426.95
O=C1c2ccc(-c3ccc(F)cc3)cc2C(=O)N1c1ccc(Oc2ccc(N3C(=O)c4ccc(-c5ccc(F)cc5)cc4C3=O)cc2)cc1,425.98
COc1ccc(-c2ccc3c(c2)C(=O)N(c2ccc(Oc4ccc(N5C(=O)c6ccc(-c7ccc(OC)cc7)cc6C5=O)cc4)cc2)C3=O)cc1,431.71
O=C1c2ccc(-c3ccc(S(=O)(=O)c4ccc(O)cc4)cc3)cc2C(=O)N1c1ccc(Oc2ccc(N3C(=O)c4ccc(-c5ccc(S(=O)(=O)c6ccc(N7C(=O)c8ccc(-c9ccc(S(=O)(=O)c%10ccc(O)cc%10)cc9)cc8C7=O)cc6)cc5)cc4C3=O)cc2)cc1,360.35
O=C(c1ccc(O)cc1)c1ccc(-c2ccc3c(c2)C(=O)N(c2ccc(Oc4ccc(N5C(=O)c6ccc(-c7ccc(C(=O)c8ccc(N9C(=O)c%10ccc(-c%11ccc(C(=O)c%12ccc(O)cc%12)cc%11)cc%10C9=O)cc8)cc7)cc6C5=O)cc4)cc2)C3=O)cc1,337.01
O=C1c2ccc(-c3ccc(Cc4ccc(O)cc4)cc3)cc2C(=O)N1c1ccc(Cc2ccc(-c3ccc4c(c3)C(=O)N(c3ccc(Oc5ccc(N6C(=O)c7ccc(-c8ccc(Cc9ccc(O)cc9)cc8)cc7C6=O)cc5)cc3)C4=O)cc2)cc1,285.22
COc1ccc(N2C(=O)c3ccccc3C2=O)cc1OC,507.35
O=c1oc(=O)c2c1ccc1c(=O)n(-c3ccc(Oc4ccc(S(=O)(=O)c5ccc(Oc6ccc(-n7c(=O)c8ccc9c(=O)oc(=O)c9c8c7=O)cc6)cc5)cc4)cc3)c(=O)c12,380.68
O=C1c2ccccc2C(=O)N1c1ccc(-c2cc(C(F)(F)F)ccc2N2C(=O)c3ccccc3C2=O)cc1,607.24
O=C(CCOCCN1C(=O)c2ccccc2C1=O)OCCN1C(=O)c2ccccc2C1=O,326.23
Cc1cc(C)cc(N2C(=O)c3ccccc3C2=O)c1,603.55
O=c1c2ccccc2c2ccc3c(=O)n(-c4ccc(Oc5ccc(-n6c(=O)c7ccc8c9ccccc9c8c7c6=O)cc5)cc4)c(=O)c3c12,603.9
Cc1ccc(N2C(=O)c3ccccc3C2=O)cc1,616.28
O=C1c2cc3ccc(-c4ccccc4)cc3cc2C(=O)N1c1ccc(Oc2ccc(N3C(=O)c4cc5ccc(-c6ccccc6)cc5cc4C3=O)cc2)cc1,478.7
O=C1c2ccccc2C(=O)N1c1ccc(OCC(CO)COc2ccc(N3C(=O)c4ccccc4C3=O)cc2)cc1,311.08
O=C(O)c1cc(N2C(=O)c3ccccc3C2=O)ccc1-c1ccc(N2C(=O)c3ccccc3C2=O)cc1,572.88
O=C1c2ccccc2C(=O)N1c1ccc(-c2ccc(N3C(=O)c4ccccc4C3=O)cc2-c2ccccc2)cc1,590.39
CS(=O)(=O)c1cc(N2C(=O)c3ccccc3C2=O)ccc1-c1ccc(N2C(=O)c3ccccc3C2=O)cc1,592.68
O=C1c2ccccc2C(=O)N1c1ccc(-c2ccc(N3C(=O)c4ccccc4C3=O)cc2P(=O)(O)O)cc1,514.51
N#Cc1cc(N2C(=O)c3ccccc3C2=O)ccc1-c1ccc(N2C(=O)c3ccccc3C2=O)cc1,531.2
CC(=O)c1cc(N2C(=O)c3ccccc3C2=O)ccc1-c1ccc(N2C(=O)c3ccccc3C2=O)cc1,585.93
CCc1cc(N2C(=O)c3ccccc3C2=O)ccc1-c1ccc(N2C(=O)c3ccccc3C2=O)cc1,577.8
O=C1c2ccccc2C(=O)N1c1ccc(-c2ccc(N3C(=O)c4ccccc4C3=O)cc2C(F)F)cc1,582.06
CCCCCN1C(=O)c2ccccc2C1=O,483.74
O=C1c2ccccc2C(=O)N1c1ccc(Oc2ccc(N3C(=O)c4ccccc4C3=O)cc2OC(F)(F)F)cc1,386.69
CC(=O)Nc1cc(N2C(=O)c3ccccc3C2=O)ccc1Oc1ccc(N2C(=O)c3ccccc3C2=O)cc1,601.8
COC(=O)c1cc(N2C(=O)c3ccccc3C2=O)ccc1Oc1ccc(N2C(=O)c3ccccc3C2=O)cc1,511.13
CC(C)Oc1cc(N2C(=O)c3ccccc3C2=O)ccc1Oc1ccc(N2C(=O)c3ccccc3C2=O)cc1,375.075
O=C1c2ccccc2C(=O)N1CCCCC1CCCCC1,397.94
CS(=O)(=O)c1cc(N2C(=O)c3ccccc3C2=O)ccc1N1C(=O)c2ccccc2C1=O,590.34
O=C1c2ccccc2C(=O)N1c1ccc(N2C(=O)c3ccccc3C2=O)c(O)c1,562.45
O=C1c2ccccc2C(=O)N1c1ccc(N2C(=O)c3ccccc3C2=O)c(Br)c1,583.47
O=C1c2ccccc2C(=O)N1c1ccc(N2C(=O)c3ccccc3C2=O)c(I)c1,580.03
CCc1cc(N2C(=O)c3ccccc3C2=O)ccc1N1C(=O)c2ccccc2C1=O,574.29
CCCc1cc(N2C(=O)c3ccccc3C2=O)ccc1N1C(=O)c2ccccc2C1=O,553.31
CCCCc1cc(N2C(=O)c3ccccc3C2=O)ccc1N1C(=O)c2ccccc2C1=O,538.55
CCCCCc1cc(N2C(=O)c3ccccc3C2=O)ccc1N1C(=O)c2ccccc2C1=O,513.1
CCCCCCc1cc(N2C(=O)c3ccccc3C2=O)ccc1N1C(=O)c2ccccc2C1=O,499.36
CCCCCCCc1cc(N2C(=O)c3ccccc3C2=O)ccc1N1C(=O)c2ccccc2C1=O,487.65
CCCCCCCCc1cc(N2C(=O)c3ccccc3C2=O)ccc1N1C(=O)c2ccccc2C1=O,476.29
O=C(O)c1ccc2c(c1)C(=O)N(c1ccc(Oc3ccc(N4C(=O)c5ccc(C(=O)O)cc5C4=O)cc3)cc1)C2=O,449.11
O=C1c2ccccc2C(=O)N1CCCCOCCCN1C(=O)c2ccccc2C1=O,349.64
O=C1c2ccccc2C(=O)N1c1ccc(-c2ccc(N3C(=O)c4ccccc4C3=O)cc2C(F)(F)F)cc1,598.2
NCc1cc(N2C(=O)c3ccccc3C2=O)ccc1Oc1ccc(N2C(=O)c3ccccc3C2=O)cc1,458.65
O=c1c2ccc3c(c(=O)n3-c3ccc(O)cc3)c2c(=O)n1-c1ccc(Oc2ccc(-n3c(=O)c4ccc5c(c(=O)n5-c5ccc(O)cc5)c4c3=O)cc2)cc1,425.55
O=C1c2ccccc2C(=O)N1c1ccc(O)cc1,556.08
O=C1c2ccccc2C(=O)N1c1ccc(-c2ccc(N3C(=O)c4ccccc4C3=O)c(Cl)c2)cc1,539.17
COc1cc(-c2ccc(N3C(=O)c4ccccc4C3=O)cc2)ccc1N1C(=O)c2ccccc2C1=O,582.32
Nc1cc(-c2ccc(N3C(=O)c4ccccc4C3=O)cc2)ccc1N1C(=O)c2ccccc2C1=O,551.18
O=C1c2ccccc2C(=O)N1c1ccc(-c2ccc(N3C(=O)c4ccccc4C3=O)c(O)c2)cc1,566.47
NS(=O)(=O)c1cc(-c2ccc(N3C(=O)c4ccccc4C3=O)cc2)ccc1N1C(=O)c2ccccc2C1=O,535.8
O=C(O)c1cc(-c2ccc(N3C(=O)c4ccccc4C3=O)cc2)ccc1N1C(=O)c2ccccc2C1=O,574.43
O=c1[nH]c2ccc3c(=O)n(-c4ccc(Oc5ccc(-n6c(=O)c7ccc8[nH]c(=O)c8c7c6=O)cc5)cc4)c(=O)c3c12,514.33
O=c1[nH]c2ccc3c(=O)n(-c4ccc(Oc5ccc(-n6c(=O)c7ccc8c(c(=O)n8-c8ccc(Oc9ccc(-n%10c(=O)c%11ccc%12[nH]c(=O)c%12c%11c%10=O)cc9)cc8)c7c6=O)cc5)cc4)c(=O)c3c12,367.88
O=C1c2ccccc2C(=O)N1c1ccc(Oc2ccc(N3C(=O)c4ccccc4C3=O)cc2NO)cc1,519.35
O=C(O)c1cc(N2C(=O)c3ccccc3C2=O)ccc1Oc1ccc(N2C(=O)c3ccccc3C2=O)cc1,521.09
CCCOc1cc(N2C(=O)c3ccccc3C2=O)ccc1Oc1ccc(N2C(=O)c3ccccc3C2=O)cc1,365.235
CCCCOc1cc(N2C(=O)c3ccccc3C2=O)ccc1Oc1ccc(N2C(=O)c3ccccc3C2=O)cc1,496.8
CCCCCOc1cc(N2C(=O)c3ccccc3C2=O)ccc1Oc1ccc(N2C(=O)c3ccccc3C2=O)cc1,479.73
CCCCCCOc1cc(N2C(=O)c3ccccc3C2=O)ccc1Oc1ccc(N2C(=O)c3ccccc3C2=O)cc1,470.76
CCCCCCCOc1cc(N2C(=O)c3ccccc3C2=O)ccc1Oc1ccc(N2C(=O)c3ccccc3C2=O)cc1,463.25
CCCCCCCCOc1cc(N2C(=O)c3ccccc3C2=O)ccc1Oc1ccc(N2C(=O)c3ccccc3C2=O)cc1,456.61
CCCCCCCCCOc1cc(N2C(=O)c3ccccc3C2=O)ccc1Oc1ccc(N2C(=O)c3ccccc3C2=O)cc1,448.44
*c1ccc2c(c1)C(=O)N(C(=O)c1ccc(-c3ccc(N(*)C(=O)c4ccc(-c5ccc6c(c5)C(=O)N(*)C6=O)cc4)cc3)cc1)C2=O,403.255
*C(=O)c1ccc(C(=O)N(*)c2ccc(-c3ccc4c(c3)C(=O)N(*)C4=O)cc2)cc1,466.57
*C(=O)c1ccc(C(=O)N(*)c2ccc(Oc3ccc4c(c3)C(=O)N(*)C4=O)cc2)cc1,425.49
*N1C(=O)c2ccc(-c3cc(C(F)(F)F)cc(C(F)(F)F)c3)cc2C1=O,486.475
*C(=O)c1ccc(C(=O)N(*)c2ccc(-c3ccc4c(c3)C(=O)N(*)C4=O)cc2C(F)(F)F)cc1,456.75
*C(=O)c1ccc(C(=O)N(*)c2ccc(N(C)c3ccc(-c4ccc5c(c4)C(=O)N(*)C5=O)cc3)cc2)cc1,429.72
*N1C(=O)c2ccc(-c3ccc(OCCOCCO)cc3)cc2C1=O,348.61
*N1C(=O)c2ccc(-c3ccc(OCC(C)CO)cc3)cc2C1=O,398.45
*C(=O)c1ccc(C(=O)N(*)c2ccc(N(CC)c3ccc(-c4ccc5c(c4)C(=O)N(*)C5=O)cc3)cc2)cc1,425.13
*C(=O)c1ccc(C(=O)N(*)c2ccc(C(=O)Oc3ccc(-c4ccc5c(c4)C(=O)N(*)C5=O)cc3)cc2)cc1,402.87
*C(=O)c1ccc(C(=O)N(*)c2ccc(OC(=O)c3ccc(-c4ccc5c(c4)C(=O)N(*)C5=O)cc3)cc2)cc1,386.54
*C(=O)c1ccc(C(=O)N(*)c2ccc3nc(-c4ccc(-c5ccc6c(c5)C(=O)N(*)C6=O)cc4)oc3c2)cc1,432.94
*n1c(=O)c2cc3c(=O)n([Si](C)(C)O[Si](C)(C)O[Si](*)(C)C)c(=O)c3cc2c1=O,332.68
*CCCC[Si](C)(C)O[Si](C)(C)CCCC.*N1C(=O)c2ccccc2C1=O,316.44
*[Si](C)(C)CCCCN1C(=O)c2ccccc2C1=O,307.63
*N1C(=O)c2ccccc2C1=O,528.3
*n1c(=O)c2cc3c(=O)n(*)c(=O)c3cc2c1=O,463.28
C[Si](C)(CCCN1C(=O)c2ccccc2C1=O)O[Si](C)(C)CCCN1C(=O)c2ccccc2C1=O,229.61
*C(=O)c1ccc(N(CCC[Si](*)(C)C)C(=O)c2ccc3c(c2)C(=O)N(CCC[Si](*)(C)C)C3=O)cc1,205.15
C[Si]1(C)O[Si](C)(C)O[Si](C)(C)O[Si](C)(C)O1,280.63
*c1ccc2c(c1)C(=O)N(c1ccc([Si](C)(C)O[Si](C)(C)c3ccc4c(c3)C(=O)N(c3ccc(-c5ccc6c(c5)C(=O)N(*)C6=O)cc3)C4=O)cc1)C2=O,339.31
C[Si](C)(CCCN1C(=O)c2ccccc2C1=O)O[Si](C)(C)O[Si](C)(C)CCCN1C(=O)c2ccccc2C1=O,206.39
*CCCCC[Si](C)(C)O[Si](C)(C)CCCCCn1c(=O)c2cc3c(=O)n(*)c(=O)c3cc2c1=O,210.615
*c1ccc2c(c1)C(=O)N(c1ccc(Oc3ccc4c(c3)C(=O)N(*)C4=O)cc1)C2=O,408.71
C[Si](C)(C)CCCn1c(=O)c2ccc3c(=O)n(CCC[Si](C)(C)C)c(=O)c3c2c1=O,232.8
C[Si](C)(O)CCCN1C(=O)c2ccccc2C1=O,316.55
*c1ccc2c(c1)C(=O)N(c1ccc([Si](C)(C)O[Si](C)(C)c3ccc4c(c3)C(=O)N(*)C4=O)cc1)C2=O,340.84
C[Si](C)(CCCN1C(=O)c2ccccc2C1=O)O[Si](C)(C)O[Si](C)(C)O[Si](C)(C)CCCN1C(=O)c2ccccc2C1=O,195.67
C[Si](C)(C)O[Si](C)(C)CCCn1c(=O)c2ccc3c(=O)[nH]c(=O)c3c2c1=O,275.2
*c1ccc2c(c1)C(=O)N(c1ccc(Oc3ccc([Si](C)(C)O[Si](C)(C)c4ccc(Oc5ccc6c(c5)C(=O)N(*)C6=O)cc4)cc3)cc1)C2=O,232.42
C[Si](C)(CCCN1C(=O)c2ccccc2C1=O)O[Si](C)(C)O[Si](C)(C)O[Si](C)(C)O[Si](C)(C)CCCN1C(=O)c2ccccc2C1=O,182.29
*c1ccc2c(c1)C(=O)N(c1ccc(C(C)(C)c3ccc4c(c3)C(=O)N(*)C4=O)cc1)C2=O,482.69
C[Si](C)(C)O[Si](C)(C)CCCn1c(=O)c2ccc3c(=O)n(CCC[Si](C)(C)O[Si](C)(C)C)c(=O)c3c2c1=O,189.09
*c1ccc2c(c1)C(=O)N(c1ccc(S(=O)(=O)c3ccc4c(c3)C(=O)N(*)C4=O)cc1)C2=O,372.885
C[Si](C)(C)O[Si](C)(C)CCCn1c(=O)c2ccc3c(=O)n(CCC[Si](C)(C)O[Si](C)(C)O[Si](C)(C)C)c(=O)c3c2c1=O,175.88
C[Si](C)(CCCn1c(=O)c2ccc3c(=O)[nH]c(=O)c3c2c1=O)O[Si](C)(C)O[Si](C)(C)O[Si](C)(C)CCCn1c(=O)c2ccc3c(=O)[nH]c(=O)c3c2c1=O,197.11
C[Si](C)(CCCN1C(=O)c2ccccc2C1=O)O[Si](C)(C)O[Si](C)(C)O[Si](C)(C)O[Si](C)(C)O[Si](C)(C)CCCN1C(=O)c2ccccc2C1=O,173.7
*c1ccc2c(c1)C(=O)N(c1ccc(-c3ccc(C(F)(F)c4ccc(-c5ccc6c(c5)C(=O)N(*)C6=O)cc4)cc3)cc1)C2=O,474.32
C[Si](C)(C)O[Si](C)(C)CCCn1c(=O)c2ccc3c(=O)n(CCC[Si](C)(C)O[Si](C)(C)O[Si](C)(C)O[Si](C)(C)C)c(=O)c3c2c1=O,173.14
*c1cc(C(F)(F)F)ccc1-n1c(=O)c2cc3c(=O)n(*)c(=O)c3cc2c1=O,436.47
*N1C(=O)c2ccc(C(F)(F)F)cc2C1=O,487.1
*N1C(=O)c2ccc(-c3ccc(N4C(=O)c5ccccc5C4=O)cc3)cc2C1=O,629.3
*N1C(=O)c2cc(cc(C(F)(F)F)c2)C1=O,470.41
*N1C(=O)c2ccc(C(F)(F)F)cc2C1=O.*N1C(=O)c2ccccc2C1=O,581.475
*N1C(=O)c2ccc(Oc3ccc(C(F)(F)F)cc3)cc2C1=O,414.53
*N1C(=O)c2ccccc2C1=O.*c1ccc(C(F)(F)F)cc1,596.77
*n1c(=O)c2cc3c(=O)n(-c4ccc(C(F)(F)F)cc4)c(=O)c3cc2c1=O,529.635
*n1c(=O)c2cc3c(=O)n(-c4ccc(Oc5ccc(C(F)(F)F)cc5)cc4)c(=O)c3cc2c1=O,497.44
*N1C(=O)c2cc(C(F)(F)F)cc(C(F)(F)F)c2C1=O,466.88
*N1C(=O)c2ccc(Sc3ccc(C(F)(F)F)cc3)cc2C1=O,489.76
*n1c(=O)c2cc3c(=O)n(-c4ccc(Sc5ccc(C(F)(F)F)cc5)cc4)c(=O)c3cc2c1=O,492.16
*c1ccc(C(F)(F)F)cc1-c1ccc2c(c1)C(=O)N(*)C2=O,447.66
*N1C(=O)c2ccc(C(C)(C)c3ccc(C(F)(F)F)cc3)cc2C1=O,514.71
*N1C(=O)c2ccc(C(=O)c3ccc(C(F)(F)F)cc3)cc2C1=O,521.25
*N1C(=O)c2ccc(Oc3ccc(Oc4ccc(C(F)(F)F)cc4)cc3)cc2C1=O,372.09
*n1c(=O)c2cc3c(=O)n(-c4ccc(C(C)(C)c5ccc(C(F)(F)F)cc5)cc4)c(=O)c3cc2c1=O,529.895
*N1C(=O)c2ccc(-c3ccc(C(F)(F)F)cc3)cc2C1=O,541.89
*N1C(=O)c2ccc(N(*)C(=O)c3ccc(C(F)(F)F)cc3)cc2C1=O,476.22
*N1C(=O)c2ccc(OC(F)(F)C(F)(F)F)cc2C1=O,424.14
*c1ccc(C(F)(F)F)cc1Oc1ccc2c(c1)C(=O)N(*)C2=O,363.63
*c1ccc(Oc2ccc(-c3ccc4c(c3)C(=O)N(*)C4=O)cc2)cc1,350.67
*c1ccc(C(F)(F)F)cc1-n1c(=O)c2cc3c(=O)n(*)c(=O)c3cc2c1=O,427.23
*c1ccc(C(c2ccc3c(c2)C(=O)N(*)C3=O)(C(F)(F)F)C(F)(F)F)cc1,477.11
*N1C(=O)c2ccc(-c3ccc(N4C(=O)c5ccc(C(F)(F)F)cc5C4=O)cc3)cc2C1=O,546.01
*N1C(=O)c2ccc(Cc3ccc(C(F)(F)F)cc3)cc2C1=O,452.075
*N1C(=O)c2ccc(-c3ccc(C(F)(F)F)c(C(F)(F)F)c3)cc2C1=O,511.67
*N1C(=O)c2ccc(-c3ccc(C(F)(F)C(F)(F)F)cc3)cc2C1=O,523.56
*N1C(=O)c2ccc(-c3cc(C(F)(F)F)cc4ccccc34)cc2C1=O,580.89
*N1C(=O)c2ccc(-c3ccc4cc(C(F)(F)F)ccc4c3)cc2C1=O,532.445
*N1C(=O)c2ccc(-c3ccc(C(F)(F)F)nc3)cc2C1=O,536.615
*N1C(=O)c2ccc(-c3cnc(C(F)(F)F)cn3)cc2C1=O,501.85
*N1C(=O)c2ccc(-c3ccc(C(F)(F)F)cc3C(F)(F)F)cc2C1=O,506.1
*c1ccc(Oc2ccc(C(F)(F)F)cc2-c2ccc3c(c2)C(=O)N(*)C3=O)cc1,435.2
*N1C(=O)c2ccc(C(=O)N(*)c3ccc(Oc4ccccc4)cc3)cc2C1=O,498.97
*c1ccc(Oc2ccc(Oc3ccc(-n4c(=O)c5cc6c(=O)n(*)c(=O)c6cc5c4=O)cc3)cc2)cc1,425.42
*N1C(=O)c2ccc(-c3ccc(C(=O)N(*)c4ccc(Oc5ccccc5)cc4)cc3)cc2C1=O,486.31
*N1C(=O)c2ccc(Oc3ccc(C(=O)N(*)c4ccc(Oc5ccccc5)cc4)cc3)cc2C1=O,430.21
*N1C(=O)c2ccc(Oc3ccc(N(*)C(=O)c4ccc(Oc5ccccc5)cc4)cc3)cc2C1=O,442.3
*c1ccc(OCC(COc2ccc(*)cc2)COc2ccc(-n3c(=O)c4cc5c(=O)n(*)c(=O)c5cc4c3=O)cc2)cc1,314.86
*N1C(=O)c2ccc(Oc3ccc(Oc4ccc(N(*)C(=O)c5ccc(Oc6ccccc6)cc5)cc4)cc3)cc2C1=O,401.33
*n1c(=O)c2cc3c(=O)n(-c4ccc(OCCO)cc4)c(=O)c3cc2c1=O,450.395
*c1ccc(-c2ccc(C(=O)N(*)c3ccc(Oc4ccc(-c5ccc6c(c5)C(=O)N(*)C6=O)cc4)cc3)cc2)cc1,380.57
*c1ccc(Oc2ccc(Oc3ccc(Oc4ccc(-n5c(=O)c6cc7c(=O)n(*)c(=O)c7cc6c5=O)cc4)cc3)cc2)cc1,284.765
*c1ccc(C(=O)N(*)c2ccc(Oc3ccc(C(C)(C)c4ccc(Oc5ccc6c(c5)C(=O)N(*)C6=O)cc4)cc3)cc2)cc1,329.93
*N1C(=O)c2ccc(Oc3ccc(Oc4ccc(N(*)C(=O)c5ccc(Oc6ccc(Oc7ccccc7)cc6)cc5)cc4)cc3)cc2C1=O,361.26
*N1C(=O)c2ccc(Sc3ccc(N(*)C(=O)c4ccc(Sc5ccccc5)cc4)cc3)cc2C1=O,461.53
*c1ccc(Oc2ccc(-n3c(=O)c4cc5c(=O)n(-c6ccc(Oc7ccc(-n8c(=O)c9cc%10c(=O)n(*)c(=O)c%10cc9c8=O)cc7)cc6)c(=O)c5cc4c3=O)cc2)cc1,374.275
*N1C(=O)c2ccc(Oc3ccc(Sc4ccc(N(*)C(=O)c5ccc(Oc6ccccc6)cc5)cc4)cc3)cc2C1=O,418.77
*c1ccc(-c2ccc(C(=O)N(*)c3ccc(Sc4ccc(-c5ccc6c(c5)C(=O)N(*)C6=O)cc4)cc3)cc2)cc1,379.09
*N1C(=O)c2ccc(Oc3ccc(N(*)C(=O)c4ccc(Oc5ccc(C(C)(C)c6ccc(Oc7ccccc7)cc6)cc5)cc4)cc3)cc2C1=O,395.21
*n1c(=O)c2cc3c(=O)n(-c4ccc(Oc5ccc(OC)cc5)cc4)c(=O)c3cc2c1=O,486.04
*n1c(=O)c2cc3c(=O)n(-c4ccc(Sc5ccc(OC)cc5)cc4)c(=O)c3cc2c1=O,496.06
*c1ccc(C(=O)N(*)c2ccc(Oc3ccc(Oc4ccc(Oc5ccc6c(c5)C(=O)N(*)C6=O)cc4)cc3)cc2)cc1,244.38
*N1C(=O)c2ccc(Sc3ccc(Sc4ccc(N(*)C(=O)c5ccc(Sc6ccccc6)cc5)cc4)cc3)cc2C1=O,416.86
*c1ccc(Oc2ccc(Oc3ccc(C(=O)c4ccc(Oc5ccc(-n6c(=O)c7cc8c(=O)n(*)c(=O)c8cc7c6=O)cc5)cc4)cc3)cc2)cc1,354.52
*c1ccc(C(=O)N(*)c2ccc(Oc3ccc(Oc4ccc(C(C)(C)c5ccc(Oc6ccc7c(c6)C(=O)N(*)C7=O)cc5)cc4)cc3)cc2)cc1,293.61
*c1ccc(OCC(*)COc2ccc(-n3c(=O)c4cc5c(=O)n(*)c(=O)c5cc4c3=O)cc2)cc1,365.295
*c1ccc(Sc2ccc(-c3ccc4c(c3)C(=O)N(*)C4=O)cc2)cc1,376.0
*C(=O)c1ccc(C(=O)N(*)c2ccc(Oc3ccc(Oc4ccc5c(c4)C(=O)N(*)C5=O)cc3)cc2)cc1,277.71
*c1ccc(OCc2ccc(C(=O)Oc3ccc(-n4c(=O)c5cc6c(=O)n(*)c(=O)c6cc5c4=O)cc3)cc2)cc1,351.78
*C(=O)c1ccc(C(=O)N(*)c2ccc(Oc3ccc(-c4ccc(Oc5ccc6c(c5)C(=O)N(*)C6=O)cc4)cc3)cc2)cc1,306.73
*C(=O)c1cc2c(cc1C(=O)N(*)c1ccc(Oc3ccc4c(c3)C(=O)N(*)C4=O)cc1)C(=O)N(*)C2=O,378.43
*c1ccc(Oc2ccc(C(C)(C)c3ccc(Oc4ccc(-c5ccc6c(c5)C(=O)N(*)C6=O)cc4)cc3)cc2)cc1,386.74
*C(=O)c1ccc(C(=O)N(*)c2ccc(Oc3ccc(Sc4ccc(Oc5ccc6c(c5)C(=O)N(*)C6=O)cc4)cc3)cc2)cc1,298.76
*C(COc1ccc(-n2c(=O)c3cc4c(=O)n(*)c(=O)c4cc3c2=O)cc1)OCCO,368.01
*C(=O)c1ccc(C(=O)N(*)c2ccc(Sc3ccc4c(c3)C(=O)N(*)C4=O)cc2)cc1,433.55
*C(=O)c1ccc(C(=O)N(*)c2ccc(Oc3ccc(C(C)(C)c4ccc(Oc5ccc6c(c5)C(=O)N(*)C6=O)cc4)cc3)cc2)cc1,358.11
*C(=O)c1ccc(C(=O)N(*)c2ccc(Oc3ccc(S(=O)(=O)c4ccc(Oc5ccc6c(c5)C(=O)N(*)C6=O)cc4)cc3)cc2)cc1,296.35
*C(=O)c1ccc(C(=O)N(*)c2ccc(Sc3ccc(C(C)(C)c4ccc(Sc5ccc6c(c5)C(=O)N(*)C6=O)cc4)cc3)cc2)cc1,283.175
*c1ccc(Oc2ccc3c(c2)C(=O)N(*)C3=O)cc1,358.67
*c1ccc(Oc2ccc(Oc3ccc4c(c3)C(=O)N(*)C4=O)cc2)cc1,331.19
*OCc1ccc(COc2ccc(-n3c(=O)c4cc5c(=O)n(*)c(=O)c5cc4c3=O)cc2)cc1,389.59
*c1ccc(Oc2ccc(C(C)(C)c3ccc(Oc4ccc5c(c4)C(=O)N(*)C5=O)cc3)cc2)cc1,342.64
*c1ccc(Sc2ccc(Sc3ccc4c(c3)C(=O)N(*)C4=O)cc2)cc1,439.68
*c1ccc(Oc2ccc(C(=O)c3ccc(Oc4ccc5c(c4)C(=O)N(*)C5=O)cc3)cc2)cc1,340.08
*c1ccc(Oc2ccc(S(=O)(=O)c3ccc(Oc4ccc5c(c4)C(=O)N(*)C5=O)cc3)cc2)cc1,333.99
*n1c(=O)c2cc3c(=O)n(-c4ccc(Oc5ccc(-n6c(=O)c7cc8c(=O)n(*)c(=O)c8cc7c6=O)cc5)cc4)c(=O)c3cc2c1=O,454.255
*c1ccc(Oc2ccc(Cc3ccc(Oc4ccc5c(c4)C(=O)N(*)C5=O)cc3)cc2)cc1,316.61
*c1ccc(Oc2ccc(-c3ccc(Oc4ccc5c(c4)C(=O)N(*)C5=O)cc3)cc2)cc1,342.805
*c1ccc(Sc2ccc(C(C)(C)c3ccc(Sc4ccc5c(c4)C(=O)N(*)C5=O)cc3)cc2)cc1,404.73
*c1ccc(Oc2ccc3c(c2)C(=O)N(c2ccc(Oc4ccc5c(c4)C(=O)N(*)C5=O)cc2)C3=O)cc1,364.31
*N1C(=O)c2ccc(-c3cccc(C(F)(F)F)c3)cc2C1=O,550.2
*n1c(=O)c2cc3c(=O)n(-c4cccc(OC)c4)c(=O)c3cc2c1=O,493.605
*N1C(=O)c2ccc(-c3ccc(OC)cc3)cc2C1=O,500.98
*n1c(=O)c2cc3c(=O)n(-c4ccc(OC(F)(F)F)cc4)c(=O)c3cc2c1=O,486.96
*c1ccc(C(C)(CF)c2ccc(*n3c(=O)c4ccc5c(=O)n(*)c(=O)c5c4c3=O)cc2)cc1,493.75
*n1c(=O)c2cc3c(=O)n(-c4cccc(N(C)C)c4)c(=O)c3cc2c1=O,512.77
*c1ccc(C(CF)(CF)c2ccc(-n3c(=O)c4cc5c(=O)n(*)c(=O)c5cc4c3=O)cc2)cc1,370.375
*n1c(=O)c2cc3c(=O)n(-c4ccc(Oc5cccc(C(F)(F)F)c5)cc4)c(=O)c3cc2c1=O,453.99
*n1c(=O)c2cc3c(=O)n(-c4cccc(OCC)c4)c(=O)c3cc2c1=O,451.32
*n1c(=O)c2cc3c(=O)n(-c4ccc(OC(C)(C)C)cc4)c(=O)c3cc2c1=O,477.98
*n1c(=O)c2cc3c(=O)n(-c4ccc(OC)c(OC)c4)c(=O)c3cc2c1=O,463.98
*n1c(=O)c2cc3c(=O)n(-c4ccc(C(C)(C)C)cc4)c(=O)c3cc2c1=O,371.0
*c1ccc(OC(=O)c2ccc(-n3c(=O)c4cc5c(=O)n(*)c(=O)c5cc4c3=O)cc2)cc1,446.37
*n1c(=O)c2cc3c(=O)n(-c4ccc(Oc5ccc(C)cc5)cc4)c(=O)c3cc2c1=O,424.165
*n1c(=O)c2cc3c(=O)n(-c4cccc(OC(F)(F)F)c4)c(=O)c3cc2c1=O,470.855
*n1c(=O)c2cc3c(=O)n(-c4ccc(C(C)(C)c5cccc(OC)c5)cc4)c(=O)c3cc2c1=O,501.4
*c1cccc(C(=O)c2ccc(-n3c(=O)c4cc5c(=O)n(*)c(=O)c5cc4c3=O)cc2)c1,436.035
*n1c(=O)c2cc3c(=O)n(-c4cccc(Oc5ccc(C(F)(F)F)cc5)c4)c(=O)c3cc2c1=O,452.59
*N1C(=O)c2ccccc2C1=O.*N1C(=O)c2ccccc2C1=O,574.1
*N1C(=O)c2ccc(S(=O)(=O)c3ccc4c(c3)C(=O)N(*)C4=O)cc2C1=O,448.35
*N1C(=O)c2ccc(-c3ccc(OC(F)(F)F)cc3)cc2C1=O,484.0
*c1ccc(C(F)(F)C(F)(F)c2ccc(-c3ccc4c(c3)C(=O)N(*)C4=O)cc2)cc1,491.04
*c1ccc(OC(=O)c2ccc(-c3ccc4c(c3)C(=O)N(*)C4=O)cc2)cc1,425.97
*N1C(=O)c2ccc(C(=O)N(*)c3ccc(-c4ccc5c(c4)C(=O)N(*)C5=O)cc3)cc2C1=O,466.01
*c1ccc2c(c1)C(=O)N(c1ccc(C(C)(C)c3ccc(N4C(=O)c5cc6cc(c5C4=O)C(=O)N(*)C6=O)cc3)cc1)C2=O,463.3
*c1ccc2c(c1)C(=O)N(C(=O)c1ccc(N(*)C(=O)c3ccc(C(C)(C)c4ccc5c(c4)C(=O)N(*)C5=O)cc3)cc1)C2=O,413.49
*c1ccc2c(c1)C(=O)N(c1ccc3ccc(-c4ccc5c(c4)C(=O)N(*)C5=O)cc3c1)C2=O,485.87
*c1ccc2c(c1)C(=O)N(c1ccc(Oc3ccc4cc(Oc5ccc6c(c5)C(=O)N(*)C6=O)ccc4c3)cc1)C2=O,360.96
*c1ccc2c(c1)C(=O)N(c1ccc(N(C)c3ccc4c(c3)C(=O)N(*)C4=O)cc1)C2=O,364.875
*N1C(=O)c2cc(OC)c(OC)cc2C1=O,418.58
*c1ccc2c(c1)C(=O)N(c1ccc(Cc3ccc4c(c3)C(=O)N(*)C4=O)cc1)C2=O,431.3
*c1ccc2c(c1)C(=O)N(c1ccc(OC(=O)c3ccc(-c4ccc5c(c4)C(=O)N(*)C5=O)cc3)cc1)C2=O,432.28
*c1ccc2c(c1)C(=O)N(c1ccc(OCC(COc3ccc(N4C(=O)c5ccc(*)cc5C4=O)cc3)COc3ccc4c(c3)C(=O)N(*)C4=O)cc1)C2=O,291.675
*N1C(=O)c2ccc(-c3ccncc3)cc2C1=O,591.58
*c1ccc2c(c1)C(=O)N(c1ccc(-c3ccc(-c4ccc5c(c4)C(=O)N(*)C5=O)cn3)cc1)C2=O,506.75
*n1*c(=O)c2ccc3c(c2c1=O)C(=O)N(c1ccc(C(C)(C)c2ccc(-n4c(=O)c5ccc6c(=O)n(*)c(=O)c6c5c4=O)cc2)cc1)C3=O,445.76
*N1C(=O)c2cc(F)c(F)cc2C1=O,478.1
*c1cc(C)c(C)cc1-n1c(=O)c2cc3c(=O)n(*)c(=O)c3cc2c1=O,463.07
*c1cc(C)c(C)cc1-c1ccc2c(c1)C(=O)N(*)C2=O,476.62
*c1ccc(-c2ccc3c(c2)C(=O)N(c2ccc(-c4ccc5c(c4)C(=O)N(*)C5=O)cc2)C3=O)cc1,488.49
*n1c(=O)c2cc3c(=O)n(-c4ccc(-n5c(=O)c6ccc7c(=O)n(*)c(=O)c7c6c5=O)cc4)c(=O)c3cc2c1=O,475.54
*n1c(=O)c2ccc3c(=O)n(-c4ccc5c(c4)C(*)(c4ccccc4)c4ccccc4-5)c(=O)c3c2c1=O,611.47
*n1c(=O)c2ccc3c4ccccc4c3c2c1=O,480.125
CCC1(CC)CCC2(CCc3ccc(N4C(=O)c5ccccc5C4=O)cc32)C1,410.82
*N1C(=O)c2ccc(-c3ccc(C(=O)N4C(=O)c5ccccc5C4=O)cc3)cc2C1=O,612.635
*c1ccc2c(c1)C(c1ccccc1)(c1ccccc1)c1ccccc1-2,498.55
*N1C(=O)[C@@H]2CC[C@H](C(=O)C2)C1=O,295.59
*N1C(=O)[C@H]2CC[C@@H](C2)C1=O,305.0
*N1C(=O)[C@@H]2CCC[C@H]2C1=O,302.09
*C(=O)C1CCC(C(*)=O)(C23CCC(C45CCC(C4)C(=O)N(*)C5=O)(C2)C(=O)N(*)N(*)C3=O)C1,330.26
*N1C(=O)C2(C)CCC(C)(C2)C1=O,384.155
*N1C(=O)[C@H]2C[C@H](CC)[C@@H](C2)C1=O,269.53
*N1C(=O)C2CC(C(F)(F)F)CC2C1=O,438.3
*N1C(=O)[C@@H]2C[C@@H](C)[C@H](C2)C1=O,271.86
*N1C(=O)[C@H]2CC[C@@H](CC2)C(=O)N1*,271.45
*C(=O)C12CCC(*)(C1)C(=O)N(*)N(*)C2=O,390.83
*N1C(=O)[C@@H]2[C@H]3CC[C@@H](C3)C[C@H]2C1=O,298.15
*N1C(=O)[C@@H]2CC[C@@H](C1=O)[C@@H](C)C2,246.48
*C(=O)C12CCC(*)(CC1)C(=O)N(*)N(*)C2=O,379.17
*N1C(=O)[C@@H]2CC[C@@H](C)[C@H](C2)C1=O,246.78
*N1C(=O)C2CC(OC)CC2C1=O,383.47
*N1C(=O)[C@@H]2C[C@@H](C1=O)[C@@H](C(F)(F)F)C2,266.98
*C(=O)C1CC2(C)C(=O)N(*)N(*)C(=O)C2(C)C1,392.83
*N1C(=O)[C@H]2CC[C@H](C1=O)[C@H](CC)C2,269.22
*N1C(=O)[C@@H]2C[C@H]3C[C@@H](C3)[C@H]2C1=O,309.53
*C(=O)C12CCC(C)(C1)C(=O)N(*)N(*)C2=O,367.37
*N1C(=O)[C@@H]2CC(=O)C[C@H]2C1=O,317.53
*N1C(=O)[C@@H]2C[C@@H](C)[C@H](C2)C(=O)N1*,260.92
*N1C(=O)C2CC(CC)CC2C1=O,403.22
*N1C(=O)[C@H]2C[C@H](CC(C)C)[C@@H](C2)C1=O,251.91
*C(=O)C12CCC(CC)(C1)C(=O)N(*)N(*)C2=O,350.41
*N1C(=O)[C@@H]2CC[C@@H](C1=O)[C@@H](C(C)C)C2,254.75
*N1C(=O)C2CC(C(C)(C)C)CC2C1=O,414.05
*N1C(=O)[C@@H]2C[C@@H](Cl)[C@H](C2)C1=O,286.93
*N1C(=O)C2CC(N)CC2C1=O,384.09
*N1C(=O)[C@@H]2CC[C@@H](C1=O)[C@@H](OC)C2,254.21
*N1C(=O)C2CC(SC)CC2C1=O,399.41
*N1C(=O)[C@@H]2C[C@@H](F)[C@H](C2)C1=O,300.17
*N1C(=O)C2CC(Br)CC2C1=O,391.33
*N1C(=O)[C@@H]2CC[C@@H](C1=O)[C@@H](Cl)C2,265.27
*N1C(=O)C2CC(C(=O)OC)CC2C1=O,397.75
*N1C(=O)[C@H]2C[C@H](C1=O)[C@H](C(=O)OC)C2,289.6
*N1C(=O)C2CC(CN)CC2C1=O,361.16
*N1C(=O)[C@@H]2CC[C@@H](C1=O)[C@@H](CN)C2,260.4
*N1C(=O)C2CC(CO)CC2C1=O,371.7
*N1C(=O)[C@@H]2C[C@@H](CO)[C@H](C2)C1=O,288.34
*N1C(=O)C2CC(CS)CC2C1=O,348.85
*N1C(=O)[C@@H]2CC[C@@H](C1=O)[C@@H](CS)C2,240.78
*N1C(=O)[C@@H]2CC[C@H](C2)C1=O,311.59
*N1C(=O)C2(C(F)(F)F)CCC(C(F)(F)F)(C2)C(=O)N1*,401.75
*N1C(=O)[C@H]2C[C@H](C3CC3)C[C@H]2C(=O)N1*,275.37
*N1C(=O)[C@@H]2[C@H](CC[C@@H]2C(F)(F)F)C(=O)N(*)C1=O,249.49
*N1C(=O)C2(CC(F)(F)F)CCC(CC(F)(F)F)(C2)C(=O)N1*,361.63
*CCCCCCN1C(=O)[C@@H]2CC[C@H](C(=O)C2)C(=O)N1*,320.4
*c1ccc(N2C(=O)[C@@H]3CC[C@H](C(=O)C3)C(=O)N2*)cc1,287.35
*c1ccc(Oc2ccc(N3C(=O)[C@@H]4CC[C@H](C(=O)C4)C(=O)N3*)cc2)cc1,240.97
*c1ccc(C(C)(C)c2ccc(N3C(=O)[C@@H]4CC[C@H](C(=O)C4)C(=O)N3*)cc2)cc1,272.25
*N1C(=O)[C@@H]2CC[C@H](CC2=O)C(=O)N1c1ccc(C(F)(F)F)cc1,303.57
*c1ccc(S(=O)(=O)c2ccc(N3C(=O)[C@@H]4CC[C@H](C(=O)C4)C(=O)N3*)cc2)cc1,278.715
*c1ccc(-c2ccc(N3C(=O)[C@@H]4CC[C@H](C(=O)C4)C(=O)N3*)cc2)cc1,283.065
*c1ccc(C(=O)OCCN2C(=O)[C@@H]3CC[C@H](C(=O)C3)C(=O)N2*)cc1,222.9
*CCCCCN1C(=O)[C@@H]2CC[C@H](C(=O)C2)C(=O)N1*,330.72
*CN1C(=O)[C@@H]2CC[C@H](C(=O)C2)C(=O)N1*,311.9
*CCCCN1C(=O)[C@@H]2CC[C@H](C(=O)C2)C(=O)N1*,336.77
*c1cccc(N2C(=O)[C@@H]3CC[C@H](C(=O)C3)C(=O)N2*)c1,263.28
*c1ccc(Cc2ccc(N3C(=O)[C@@H]4CC[C@H](C(=O)C4)C(=O)N3*)cc2)cc1,250.43
*N1C(=O)[C@@H]2CC[C@H](CC2=O)C(=O)N1c1ccc(OC(F)(F)F)cc1,270.54
*N1C(=O)[C@@H]2CC[C@H](CC2=O)C(=O)N1c1ccc(F)cc1,281.48
*N1C(=O)[C@@H]2CC[C@H](CC2=O)C(=O)N1c1cc(F)c(F)cc1F,294.92
*N1C(=O)[C@@H]2CC[C@H](CC2=O)C(=O)N1c1ccc(N)cc1,319.18
*N1C(=O)[C@@H]2CC[C@H](CC2=O)C(=O)N1c1ccc(OC)cc1,309.01
*N1C(=O)[C@@H]2CC[C@H](CC2=O)C(=O)N1c1ccc(C)cc1,329.09
*c1ccc(C(=O)c2ccc(N3C(=O)[C@@H]4CC[C@H](C(=O)C4)C(=O)N3*)cc2)cc1,278.42
*N1C(=O)[C@@H]2CC[C@H](CC2=O)C(=O)N1c1ccc(Oc2ccc(C(F)(F)F)cc2)cc1,281.66
*N1C(=O)[C@@H]2CC[C@H](CC2=O)C(=O)N1c1ccc(N(C)C)cc1,285.34
*N1C(=O)[C@@H]2CC[C@H](CC2=O)C(=O)N1c1ccc(OC(F)(F)C(F)(F)F)cc1,265.63
*N1C(=O)[C@@H]2CC[C@H](CC2=O)C(=O)N1c1ccc(SC(F)(F)F)cc1,284.23
*N1C(=O)[C@@H]2CC[C@H](CC2=O)C(=O)N1c1ccc(-c2ccc(C(F)(F)F)cc2)cc1,330.06
*c1ccc(Oc2ccc(-c3ccc(N4C(=O)[C@@H]5CC[C@H](C(=O)C5)C(=O)N4*)cc3)cc2)cc1,273.24
*N1C(=O)[C@@H]2CC[C@H](CC2=O)C(=O)N1[C@H]1CC[C@H](N2C(=O)[C@@H]3CC[C@H](C(=O)C3)C2=O)CC1,256.48
*c1ccc(S(=O)(=O)c2ccc(-c3ccc(N4C(=O)[C@@H]5CC[C@H](C(=O)C5)C(=O)N4*)cc3)cc2)cc1,286.11
*c1ccc(C(C)(C)c2ccc(-c3ccc(N4C(=O)[C@@H]5CC[C@H](C(=O)C5)C(=O)N4*)cc3)cc2)cc1,264.995
*c1ccc(Oc2ccc(Cc3ccc(N4C(=O)[C@@H]5CC[C@H](C(=O)C5)C(=O)N4*)cc3)cc2)cc1,226.41
*c1ccc(Oc2ccc(Oc3ccc(N4C(=O)[C@@H]5CC[C@H](C(=O)C5)C(=O)N4*)cc3)cc2)cc1,245.74
*c1ccc(-c2ccc(-c3ccc(N4C(=O)[C@@H]5CC[C@H](C(=O)C5)C(=O)N4*)cc3)cc2)cc1,309.37
*c1ccc(Sc2ccc(N3C(=O)[C@@H]4CC[C@H](C(=O)C4)C(=O)N3*)cc2)cc1,265.98
*c1ccc(Oc2ccc(C(C)(C)c3ccc(N4C(=O)[C@@H]5CC[C@H](C(=O)C5)C(=O)N4*)cc3)cc2)cc1,233.57
*c1ccc(Oc2ccc(S(=O)(=O)c3ccc(N4C(=O)[C@@H]5CC[C@H](C(=O)C5)C(=O)N4*)cc3)cc2)cc1,260.91
*CCOc1ccc(N2C(=O)[C@@H]3CC[C@H](C(=O)C3)C(=O)N2*)cc1,304.37
*N1C(=O)[C@@H]2CC[C@H](CC2=O)C(=O)N1c1ccc(-c2ccc(F)cc2)cc1,301.44
*N1C(=O)[C@@H]2CC[C@H](CC2=O)C(=O)N1c1ccc(-c2ccc(OC)cc2)cc1,329.29
*N1C(=O)[C@H]2CC(C3CC3)C[C@@H]2C(=O)N1*,279.775
*N1C(=O)[C@@H]2CC[C@H](C2)C1=O.*N1C(=O)[C@@H]2CC[C@H](C2)C1=O,275.55
*N1C(=O)C2(C(C)(C)C)CCC(C(C)(C)C)(CC2)C1=O,358.11
*N1C(=O)[C@H]2C[C@H](C(C)(C)C)C[C@H]2C1=O,268.9
*N1C(=O)[C@@H]2CC(=O)[C@H](C2)C1=O,300.05
*N1C(=O)[C@H]2CC[C@@H](CC2=O)N1*,281.32
*N1C(=O)[C@H]2CC(=O)[C@@H](C2)C(=O)N1*,290.79
*N1C(=O)C2(C(F)(F)F)CCC(C(F)(F)F)(C2)C1=O,418.44
*N1C(=O)[C@@H]2CC(OC)C[C@H]2C1=O,280.23
*N1C(=O)[C@H]2CC[C@@H](C2)C(=O)N1*,294.56
*N1C(=O)[C@@H]2CC[C@H](CC2=O)N1*,281.67
*N1C(=O)[C@H]2[C@@H]3CC[C@H](C3)C[C@@H]2C1=O,300.04
*N1C(=O)[C@H]2C[C@H](N(C)C)C[C@H]2C1=O,255.94
*N1C(=O)[C@H]2CC(C(=O)O)C[C@@H]2C1=O,302.39
*N1C(=O)[C@H]2C[C@H](CC(C)(C)C)C[C@H]2C1=O,249.56
*N1C(=O)[C@H]2C[C@H](C(C)C)C[C@H]2C1=O,266.105
*N1C(=O)c2ccc3c(=O)n(*)c(=O)c4ccc(c2C1=O)c34,506.46
*n1*c(=O)c2ccc3c(c2c1=O)C(=O)N(c1ccc2c(c1)C(c1ccccc1)(c1ccccc1)c1ccccc1-2)C3=O,575.35
*c1ccc(-n2c(=O)c3ccc4c(=O)n(-c5ccc6c(c5)C(c5ccccc5)(c5ccccc5)c5ccccc5-6)c(=O)c4c3c2=O)cc1,546.98
O=C1c2ccccc2C(=O)N1c1ccc2c(c1)C(c1ccccc1)(c1ccccc1)c1ccccc1-2,551.44
*N1C(=O)c2ccc(-c3ccc4c(c3)C(c3ccccc3)(c3ccccc3)c3ccccc3-4)cc2C1=O,547.77
*n1c(=O)c2ccc3c(=O)n(-c4ccc5c(c4)C4(CC5)CC4)c(=O)c3c2c1=O,461.9
*CCC1(c2ccc3c(c2)C(=O)N(*)C3=O)CC2CC(*)CC(C2)C1,459.62
*N1C(=O)c2ccc(-c3ccc4c(c3)C(C)(C)c3ccccc3-4)cc2C1=O,572.59
*N1C(=O)[C@H]2CC[C@H](CC2)C1=O,273.245
O=C1C(=O)[C@@H]2CC[C@@H]1C2,347.28
*N1C(=O)[C@H]2C[C@@H](C(=O)N1*)[C@H]1C[C@@H]2C1,290.005
*N1C(=O)[C@@H]2C[C@H](C(=O)N2*)[C@H]2CC[C@@H]1C2,259.02
*N1C(=O)C2CCC(CC)(C2)C1=O,377.415
*N1C(=O)C2(CCCC2)C(=O)N1*,382.77
*N1C(=O)C2CC(C2)C(=O)N1*,357.555
*N1C(=O)C2CCC(C(F)(F)F)(CC2)C1=O,350.81
*N1C(=O)C2CCC(C(C)(C)C)(C2)C1=O,378.035
*N1C(=O)C2CCC(CC)(CC2)C1=O,327.58
*N1C(=O)C2(CCCCC2)C(=O)N1*,355.61
*N1C(=O)C2CCC(CC(C)C)(C2)C1=O,360.69
*N1C(=O)C2CCC(C)(CC2)C1=O,285.91
*N1C(=O)C2CCC(OC)(C2)C1=O,360.23
*N1C(=O)C2CCC(F)(C2)C1=O,407.595
*N1C(=O)[C@H]2C[C@@H](C(=O)N1*)[C@@H]1CCCC[C@@H]12,246.14
*N1C(=O)C2(OC)CCC(OC)(C2)C1=O,350.02
*N1C(=O)C2CCC(CC(C)(C)C)(C2)C1=O,373.19
*N1C(=O)C2(F)CCC(F)(C2)C1=O,407.75
*N1C(=O)c2ccccc2C1=O.*c1ccc(Oc2ccc(*)cc2)cc1,486.14
*N1C(=O)c2ccccc2C1=O.*n1c(=O)c2cc3c(=O)n(*)c(=O)c3cc2c1=O,546.03
*N1C(=O)c2ccc(-c3ccccc3)cc2C1=O.*N1C(=O)c2ccccc2C1=O,585.46
*N1C(=O)c2ccccc2C1=O.*c1ccc(Oc2ccc3c(c2)C(=O)N(*)C3=O)cc1,461.725
*N1C(=O)c2ccccc2C1=O.*N1C(=O)c2ccccc2C1=O.*c1ccc(C(C)(C)c2ccc(*)cc2)cc1,502.465
*N1C(=O)c2ccccc2C1=O.*c1ccc(C(C)(C)c2ccc(N3C(=O)c4ccccc4C3=O)cc2)cc1,558.78
*N1C(=O)c2ccccc2C1=O.*c1ccc(Oc2ccc(N3C(=O)c4ccccc4C3=O)cc2)cc1,555.23
*c1ccc(Cc2ccc(-n3c(=O)c4cc5c(=O)n(*)c(=O)c5cc4c3=O)cc2)cc1,390.585
*N1C(=O)c2cc(c3c(c2)C(=O)N(c2ccc(C(C)(C)c4ccc(-n5c(=O)c6cc7c(=O)n(*)c(=O)c7cc6c5=O)cc4)cc2)C3=O)C1=O,486.53
*c1ccc(Oc2ccc(-n3c(=O)c4cc5cc(ccc5c3=O)C(=O)N(*)C4=O)cc2)cc1,449.33
*N1C(=O)c2ccc(-c3ccc4c(=O)n(*)c(=O)c(C=O)cc4c3)cc2C1=O,488.43
*c1ccc2c(c1)C(=O)N(c1ccc(C(C)(CF)c3ccc4c(c3)C(=O)N(*)C4=O)cc1)C2=O,516.525
*N1C(=O)c2ccc(OC(F)(F)F)cc2C1=O,423.34
*c1ccc2c(c1)C(=O)N(c1ccc(Oc3ccc(C(C)(C)c4ccc(-c5ccc6c(c5)C(=O)N(*)C6=O)cc4)cc3)cc1)C2=O,420.64
*c1ccc2c(c1)C(=O)N(c1ccc(-c3ccc4c(c3)C(=O)N(*)C4=O)cc1C(F)(F)F)C2=O,511.605
*c1ccc2c(c1)C(=O)N(c1ccc(-c3ccc4c(c3)C(=O)N(*)C4=O)c(OC)c1)C2=O,347.57
*c1ccc2c(c1)C(=O)N(c1ccc(-c3ccc4c(c3)C(=O)N(*)C4=O)c(C)c1)C2=O,382.395
*c1ccc2c(c1)C(=O)N(c1ccc(-c3ccc4c(c3)C(=O)N(*)C4=O)c(F)c1)C2=O,515.4
*c1ccc2c(c1)C(=O)N(c1ccc(-c3ccc4c(c3)C(=O)N(*)C4=O)c(Cl)c1)C2=O,357.8
*c1ccc2c(c1)C(=O)N(c1ccc(-c3ccc4c(c3)C(=O)N(*)C4=O)c(N(C)C)c1)C2=O,350.815
*c1ccc2c(c1)C(=O)N(c1ccc(-c3ccc4c(c3)C(=O)N(*)C4=O)c(OCC)c1)C2=O,453.255
*c1ccc2c(c1)C(=O)N(c1ccc(-c3ccc4c(c3)C(=O)N(*)C4=O)c(-c3ccccc3)c1)C2=O,580.395
*c1ccc2c(c1)C(=O)N(c1ccc(-c3ccc4c(c3)C(=O)N(*)C4=O)c(CC(C)C)c1)C2=O,329.17
*c1ccc2c(c1)C(=O)N(c1ccc(-c3ccc4c(c3)C(=O)N(*)C4=O)c(-c3cccc(C(F)(F)F)c3)c1)C2=O,514.32
*c1ccc2c(c1)C(=O)N(c1ccc(-c3ccc4c(c3)C(=O)N(*)C4=O)c(Oc3ccccc3)c1)C2=O,514.48
*c1ccc2c(c1)C(=O)N(c1ccc(-c3ccc4c(c3)C(=O)N(*)C4=O)c(SC)c1)C2=O,482.62
*c1ccc2c(c1)C(=O)N(c1ccc(-c3ccc4c(c3)C(=O)N(*)C4=O)c(-c3ccc(F)cc3)c1)C2=O,467.01
*c1ccc2c(c1)C(=O)N(c1ccc(-c3ccc4c(c3)C(=O)N(*)C4=O)c(-c3ccc(OC)cc3)c1)C2=O,477.84
*c1ccc2c(c1)C(=O)N(c1ccc(-c3ccc4c(c3)C(=O)N(*)C4=O)c(-c3ccc(C)cc3)c1)C2=O,505.59
*c1ccc2c(c1)C(=O)N(c1ccc(-c3ccc4c(c3)C(=O)N(*)C4=O)c(-c3ccc(Cl)cc3)c1)C2=O,443.43
*c1ccc2c(c1)C(=O)N(c1ccc(-c3ccc4c(c3)C(=O)N(*)C4=O)c(-c3ccc(N(C)C)cc3)c1)C2=O,500.55
*c1cccc2c1C(=O)N(c1cc(F)cc(-c3cccc4c3C(=O)N(*)C4=O)c1)C2=O,495.03
*c1cccc2c1C(=O)N(c1cc(Cl)cc(-c3cccc4c3C(=O)N(*)C4=O)c1)C2=O,431.37
*N1C(=O)c2cccc(-c3cccc(-n4c(=O)c5ccc6c(=O)n(*)c(=O)c6c5c4=O)c3)c2C1=O,442.415
*c1cccc2c1C(=O)N(c1cccc(C(=O)Oc3cccc(-c4cccc5c4C(=O)N(*)C5=O)c3)c1)C2=O,370.6
*c1cccc(S(=O)(=O)c2cccc(Sc3ccc(-n4c(=O)c5cc6c(=O)n(*)c(=O)c6cc5c4=O)cc3)c2)c1,449.03
*c1ccc(Sc2ccc(C(C)(C)c3ccc(Sc4ccc(-c5ccc6c(c5)C(=O)N(*)C6=O)cc4)cc3)cc2)cc1,386.36
*c1cccc2c1C(=O)N(c1cccc(NC(=O)c3cccc(-c4cccc5c4C(=O)N(*)C5=O)c3)c1)C2=O,421.38
*c1cccc2c1C(=O)N(c1cccc(N(C)c3cccc4c3C(=O)N(*)C4=O)c1)C2=O,493.05
*c1cccc2c1C(=O)N(c1cc(N)cc(-c3cccc4c3C(=O)N(*)C4=O)c1)C2=O,444.34
*c1cccc2c1C(=O)N(c1cc(-c3cccc4c3C(=O)N(*)C4=O)cc(S(N)(=O)=O)c1)C2=O,426.52
*c1cccc2c1C(=O)N(c1cccc(Oc3cc(Oc4cccc5c4C(=O)N(*)C5=O)cc(-c4cccc(N5C(=O)c6cccc(*)c6C5=O)c4)c3)c1)C2=O,328.07
*c1cccc2c1C(=O)N(c1cccc(Oc3cc(Oc4cccc(-c5cccc6c5C(=O)N(*)C6=O)c4)cc(-c4cccc(N5C(=O)c6cccc(*)c6C5=O)c4)c3)c1)C2=O,318.12
*c1cccc2c1C(=O)N(c1cccc(NC(=O)CCCc3cccc4c3C(=O)N(*)C4=O)c1)C2=O,324.725
*c1ccc(C(c2ccc(-c3ccc4c(c3)C(=O)N(*)C4=O)cc2)(C(F)(F)F)C(F)(F)F)cc1,417.71
*N1C(=O)c2ccc3cc(C(F)(F)F)ccc3c2C1=O,543.12
*n1c(=O)c2cc3c(=O)n(-c4cc(C(F)(F)F)cc(C(F)(F)F)c4)c(=O)c3cc2c1=O,455.37
*n1c(=O)c2cc3c(=O)n(-c4ccc(C(F)(F)F)c(C(F)(F)F)c4)c(=O)c3cc2c1=O,492.92
*c1ccc(C(C)(c2ccc3c(c2)C(=O)N(*)C3=O)C(F)(F)F)cc1,496.21
*c1ccc(C(C)(c2ccc(-n3c(=O)c4cc5c(=O)n(*)c(=O)c5cc4c3=O)cc2)C(F)(F)F)cc1,511.7
*n1c(=O)c2cc3c(=O)n(-c4ccc(-c5ccc(C(F)(F)F)cc5)cc4)c(=O)c3cc2c1=O,549.51
*Oc1ccc(C(F)(F)F)cc1-c1ccc2c(c1)C(=O)N(*)C2=O,474.2
*n1c(=O)c2cc3c(=O)n(-c4ccc(C(F)(F)F)cc4C(F)(F)F)c(=O)c3cc2c1=O,487.165
*n1c(=O)c2cc3c(=O)n(-c4ccc(-c5ccc(OC(F)(F)F)cc5)cc4)c(=O)c3cc2c1=O,523.41
*N1C(=O)c2ccc(C(F)(F)C(F)(F)F)cc2C1=O,469.07
*n1c(=O)c2cc3c(=O)n(-c4ccc(C(F)(F)C(F)(F)F)cc4)c(=O)c3cc2c1=O,399.55
*c1ccc(Oc2cc(-c3ccc4c(c3)C(=O)N(*)C4=O)ccc2C(F)(F)F)cc1,438.88
*c1ccc(Oc2ccc(C(F)(F)F)cc2-n2c(=O)c3cc4c(=O)n(*)c(=O)c4cc3c2=O)cc1,371.6
*n1c(=O)c2cc3c(=O)n(-c4ccc5cc(C(F)(F)F)ccc5c4)c(=O)c3cc2c1=O,532.96
*c1ccc(Oc2cc(C(F)(F)F)ccc2-c2ccc3c(c2)C(=O)N(*)C3=O)cc1,430.68
*n1c(=O)c2cc3c(=O)n(-c4ccc(C(F)(F)F)c(C(F)(F)F)c4C(F)(F)F)c(=O)c3cc2c1=O,472.87
*N1C(=O)c2ccc(-c3cc(C(F)(F)F)cc(C(F)(F)F)c3C(F)(F)F)cc2C1=O,464.04
*n1c(=O)c2cc3c(=O)n(-c4ccc(Oc5cc(C(F)(F)F)cc(C(F)(F)F)c5)cc4)c(=O)c3cc2c1=O,448.73
*N1C(=O)c2ccc(C(c3ccc(N4C(=O)c5ccccc5C4=O)cc3)(C(F)(F)F)C(F)(F)F)cc2C1=O,462.905
*N1C(=O)c2cc3ccc(C(F)(F)F)cc3cc2C1=O,515.73
*N1C(=O)c2ccc(SC(F)(F)F)cc2C1=O,464.49
*c1ccc(N2C(=O)c3ccc(C(F)(F)F)cc3C2=O)cc1,505.04
*n1c(=O)c2cc3c(=O)n(-c4cccc(C(F)(F)F)c4)c(=O)c3cc2c1=O,418.945
*N1C(=O)c2ccc(-c3ccc(Oc4ccc(C(F)(F)F)cc4)cc3)cc2C1=O,485.465
*N1C(=O)c2ccc(Oc3cccc(C(F)(F)F)c3)cc2C1=O,414.895
*n1c(=O)c2cc3c(=O)n(-c4ccc(Cc5ccc(C(F)(F)F)cc5)cc4)c(=O)c3cc2c1=O,483.14
*c1ccc(N(c2ccc3c(c2)C(=O)N(*)C3=O)C(F)(F)F)cc1,499.54
*c1ccc(-c2ccc3c(c2)C(=O)N(*)C3=O)c(C(F)(F)F)c1,484.56
*N1C(=O)c2ccc(-c3ccc(Cc4ccc(C(F)(F)F)cc4)cc3)cc2C1=O,441.67
*N1C(=O)c2ccc(-c3ccc(C(=O)c4ccc(C(F)(F)F)cc4)cc3)cc2C1=O,517.165
*N1C(=O)c2ccc(Oc3ccc(Cc4ccc(C(F)(F)F)cc4)cc3)cc2C1=O,397.92
*c1ccc(Oc2ccc3c(c2)C(=O)N(*)C3=O)c(C(F)(F)F)c1,359.53
*N1C(=O)c2ccc(-c3ccc(-c4ccc(C(F)(F)F)cc4)cc3)cc2C1=O,534.965
*N1C(=O)c2ccc(-c3ccc(Sc4ccc(C(F)(F)F)cc4)cc3)cc2C1=O,494.265
*n1c(=O)c2cc3c(=O)n(-c4ccc(-c5ccc(Oc6ccc(C(F)(F)F)cc6)cc5)cc4)c(=O)c3cc2c1=O,505.44
*N1C(=O)c2ccc(-c3ccc(C(C)(C)c4ccc(C(F)(F)F)cc4)cc3)cc2C1=O,517.64
*n1c(=O)c2cc3c(=O)n(-c4ccc(C(c5ccc(C(F)(F)F)cc5)(C(F)(F)F)C(F)(F)F)cc4)c(=O)c3cc2c1=O,504.6
*n1c(=O)c2cc3c(=O)n(-c4ccc(C(C)(C)CF)cc4)c(=O)c3cc2c1=O,527.63
*c1ccc2c(c1)C(=O)N(C(=O)c1cccc(-c3ccc(N(*)C(=O)c4cccc(-c5ccc6c(c5)C(=O)N(*)C6=O)c4)cc3)c1)C2=O,441.54
*n1c(=O)c2cc3c(=O)n(-c4ccc(C)cc4C)c(=O)c3cc2c1=O,549.38
*n1c(=O)c2cc3c(=O)n(-c4ccc(N)cc4)c(=O)c3cc2c1=O,528.74
*n1c(=O)c2cc3c(=O)n(-c4ccc(SC)cc4)c(=O)c3cc2c1=O,534.275
*N1C(=O)c2ccc(-c3ccc(C)cc3)cc2C1=O,534.75
*n1c(=O)c2cc3c(=O)n(-c4ccc(-c5ccc(OC)cc5)cc4)c(=O)c3cc2c1=O,537.42
*n1c(=O)c2cc3c(=O)n(-c4ccc(-c5ccc(F)cc5)cc4)c(=O)c3cc2c1=O,528.695
C[Si](C)(CCCCN1C(=O)c2ccccc2C1=O)O[Si](C)(C)CCCN1C(=O)c2ccccc2C1=O,225.375
*CCCC[Si](C)(C)O.*N1C(=O)c2ccccc2C1=O,404.0
*CN1CCC[Si](C)(C)N(*)C(=O)c2ccccc2C1=O,368.79
C[Si](C)(C)CCCN1C(=O)c2ccccc2C1=O,330.5
C[Si](C)(C)O[Si](C)(C)CCCN1C(=O)c2ccccc2C1=O,287.545
C[Si](C)(CCCCN1C(=O)c2ccccc2C1=O)O[Si](C)(C)O[Si](C)(C)CCCN1C(=O)c2ccccc2C1=O,201.74
CCCC[Si](C)(C)O[Si](C)(C)CCCCn1c(=O)c2cc3c(=O)n(CCCC[Si](C)(C)O[Si](C)(C)CCCC)c(=O)c3cc2c1=O,171.45
*N1C(=O)c2ccc(C(=O)c3ccc(C(=O)N(*)[Si](C)(C)CCCC[Si](*)(C)C)cc3)cc2C1=O,196.18
CCCC[Si](C)(C)O[Si](C)(C)CCCCn1c(=O)c2ccc3c(=O)n(CCCC[Si](C)(C)O[Si](C)(C)CCCC)c(=O)c3c2c1=O,180.24
C[Si](C)(C)O[Si](C)(C)O[Si](C)(C)CCCN1C(=O)c2ccccc2C1=O,242.725
C[Si](C)(CCCCN1C(=O)c2ccccc2C1=O)O[Si](C)(C)O[Si](C)(C)O[Si](C)(C)CCCN1C(=O)c2ccccc2C1=O,188.23
*CCCC[Si](C)(C)O[Si](C)(C)CCCCn1c(=O)c2cc3c(=O)n(*)c(=O)c3cc2c1=O,285.045
C[Si](C)(C)CCCCc1ccc2c(c1)C(=O)N(C(=O)c1ccc(-c3ccc4c(c3)C(=O)N(CCC[Si](C)(C)C)C4=O)cc1)C2=O,186.09
C[Si](C)(O[Si](C)(C)c1ccc(N2C(=O)c3ccccc3C2=O)cc1)c1ccc(N2C(=O)c3ccccc3C2=O)cc1,459.62
C[Si](C)(CCCCN1C(=O)c2ccccc2C1=O)O[Si](C)(C)O[Si](C)(C)O[Si](C)(C)O[Si](C)(C)CCCN1C(=O)c2ccccc2C1=O,178.58
C[Si](C)(O[Si](C)(C)c1ccc(Oc2ccc(N3C(=O)c4ccccc4C3=O)cc2)cc1)c1ccc(Oc2ccc(N3C(=O)c4ccccc4C3=O)cc2)cc1,356.735
C[Si](C)(C)CCCCn1c(=O)c2cc3c(=O)n(CCC[Si](C)(C)O[Si](C)(C)C)c(=O)c3cc2c1=O,191.04
C[Si](C)(CCCCN1C(=O)c2ccccc2C1=O)O[Si](C)(C)O[Si](C)(C)O[Si](C)(C)O[Si](C)(C)O[Si](C)(C)CCCN1C(=O)c2ccccc2C1=O,167.82
C[Si](C)(O[Si](C)(C)c1ccc(N2C(=O)c3ccccc3C2=O)cc1)O[Si](C)(C)c1ccc(N2C(=O)c3ccccc3C2=O)cc1,413.09
C[Si](C)(CCCCN1C(=O)c2ccccc2C1=O)O[Si](C)(C)O[Si](C)(C)O[Si](C)(C)O[Si](C)(C)O[Si](C)(C)O[Si](C)(C)CCCN1C(=O)c2ccccc2C1=O,161.6
*c1ccc2c(c1)C(=O)N(C(=O)c1ccc(C(F)(F)c3ccc(N(*)C(=O)c4ccc(C(F)(F)c5ccc6c(c5)C(=O)N(*)C6=O)cc4)cc3)cc1)C2=O,392.7
*c1ccc2c(c1)C(=O)N(C(=O)c1ccc(C(C)(C)c3ccc(N(*)C(=O)c4ccc(C(C)(C)c5ccc6c(c5)C(=O)N(*)C6=O)cc4)cc3)cc1)C2=O,365.58
*Oc1ccc(Oc2ccc(Oc3ccc4c(c3)C(=O)N(*)C4=O)cc2)cc1,329.47
*c1ccc(Cc2ccc(C(C)(C)c3ccc(Cc4ccc(-n5c(=O)c6cc7c(=O)n(*)c(=O)c7cc6c5=O)cc4)cc3)cc2)cc1,326.12
*N1C(=O)c2ccc(-c3ccc(N(C)C)cc3)cc2C1=O,527.79
*c1ccc(C(C)(C)c2ccc(S(=O)(=O)c3ccc(-n4c(=O)c5cc6c(=O)n(*)c(=O)c6cc5c4=O)cc3)cc2)cc1,442.86
*N1C(=O)c2cccc(-c3cccc(-n4ccnc4)c3)c2C1=O,564.66
*N1C(=O)c2cccc(-c3cccc(-c4cc5c(C=O)cc4c(=O)n5*)c3)c2C1=O,567.41
*c1cccc2c1C(=O)N(c1ccc(Cc3cccc(-c4cccc5c4C(=O)N(*)C5=O)c3)cc1)C2=O,367.98
*c1cccc2c1C(=O)N(c1cccc(Sc3cccc(Sc4cccc(-c5cccc6c5C(=O)N(*)C6=O)c4)c3)c1)C2=O,321.9
*n1c(=O)c2ccc3c(=O)n(*C(F)(F)F)c(=O)c3c2c1=O,477.45
*n1c(=O)c2cc3c(=O)n(-c4ccc(SC(F)(F)F)cc4)c(=O)c3cc2c1=O,504.865
*c1ccc(-n2c(=O)c3cc4c(=O)n(*)c(=O)c4cc3c2=O)cc1C(F)(F)F,412.715
*c1ccc(C(F)(F)F)cc1Oc1ccc(-n2c(=O)c3cc4c(=O)n(*)c(=O)c4cc3c2=O)cc1,404.51
*c1ccc(Oc2cc(C(F)(F)F)ccc2-n2c(=O)c3cc4c(=O)n(*)c(=O)c4cc3c2=O)cc1,443.61
*c1ccc(C(F)(F)F)cc1-n1c(=O)c2ccc3c(=O)n(*)c(=O)c3c2c1=O,449.975
*n1c(=O)c2cc3c(=O)n(-c4ccc(C(F)(F)F)nc4)c(=O)c3cc2c1=O,515.46
*c1cc(-n2c(=O)c3cc4c(=O)n(*)c(=O)c4cc3c2=O)cc(C(F)(F)F)c1,452.74
*c1ccc(Cc2cc(C(F)(F)F)ccc2-n2c(=O)c3cc4c(=O)n(*)c(=O)c4cc3c2=O)cc1,442.745
*c1ccc(Sc2cc(C(F)(F)F)ccc2-n2c(=O)c3cc4c(=O)n(*)c(=O)c4cc3c2=O)cc1,470.55
*c1ccc(C(=O)c2cc(C(F)(F)F)ccc2-n2c(=O)c3cc4c(=O)n(*)c(=O)c4cc3c2=O)cc1,486.57
*n1c(=O)c2cc3c(=O)n(-c4ccc(C(F)(F)F)cc4N)c(=O)c3cc2c1=O,473.21
*c1cc(-c2ccc3c(c2)C(=O)N(*)C3=O)cc(C(F)(F)F)c1,483.93
*n1c(=O)c2cc3c(=O)n(-c4ccc(C(F)(F)F)cc4OC(F)(F)F)c(=O)c3cc2c1=O,431.0
*NC(=O)[C@H]1CC[C@@H](N(*)C(=O)[C@@H]2CC[C@H]3C(=O)N(*)C(=O)C(=O)[C@H]32)C1,214.21
*c1ccc(Oc2ccc(C3C[C@@H]4C(=O)N(*)N(*)C(=O)[C@H]4C3)cc2)cc1,258.39
*N[C@H]1CC[C@@H](N(*)C(=O)C2CC3C(=O)N(*)C(=O)C3C2)C1,215.95
*N1C(=O)[C@H]2C[C@H](C(F)(F)F)C[C@H]2C(=O)N1*,256.2
*N1C(=O)[C@H]2C[C@H](c3ccccc3)CC[C@H]2C(=O)N1*,267.31
*N1C(=O)[C@H]2C[C@H](OC)C[C@H]2C(=O)N1*,264.525
*N1C(=O)C2CC(C)(C)CC2(C)C1=O,408.01
*N1C(=O)[C@H]2C[C@H](c3ccc(F)cc3)C[C@H]2C(=O)N1*,259.15
*NC1C[C@H]2C(=O)N(*)N(*)C(=O)[C@@H]2C1,266.04
*N1C(=O)C2CC(C(F)(F)F)(C(F)(F)F)C[C@H]2C1=O,325.7
*N1C(=O)[C@H]2C[C@H](c3ccc(C(F)(F)F)cc3)C[C@H]2C(=O)N1*,277.56
*N1C(=O)[C@H]2C[C@H](Cc3ccccc3)C[C@H]2C(=O)N1*,226.94
*N1C(=O)[C@H]2C[C@H](c3cccc(F)c3)C[C@H]2C(=O)N1*,269.4
*N1C(=O)[C@H]2C[C@H](c3ccc(Oc4ccccc4)cc3)C[C@H]2C(=O)N1*,262.94
*c1ccc(S(=O)(=O)c2ccc([C@H]3C[C@@H]4C(=O)N(*)N(*)C(=O)[C@@H]4C3)cc2)cc1,276.73
*c1ccc(C(=O)c2ccc([C@H]3C[C@@H]4C(=O)N(*)N(*)C(=O)[C@@H]4C3)cc2)cc1,288.48
*c1ccc(-c2ccc([C@H]3C[C@@H]4C(=O)N(*)N(*)C(=O)[C@@H]4C3)cc2)cc1,298.46
*N1C(=O)[C@H]2C[C@H](c3ccc(OC(F)(F)F)cc3)C[C@H]2C(=O)N1*,259.11
*c1ccc(C(F)(F)F)c2cc(*n3c(=O)c4cc5c(=O)n(*)c(=O)c5cc4c3=O)ccc12,456.01
*n1c(=O)c2cc3c(=O)n(-c4ccc(C(C)(CF)CF)cc4)c(=O)c3cc2c1=O,526.7
*N1C(=O)c2ccc(F)cc2C1=O,489.1
*N(C(=O)c1ccccc1)C(=O)c1ccc(C(F)(F)c2ccc3c(c2)C(=O)N(*)C3=O)cc1,529.34
*n1c(=O)c2cc3c(=O)n(-c4ccc(C(CF)(CF)CF)cc4)c(=O)c3cc2c1=O,503.86
*N1C(=O)c2ccc(-c3ccc(F)cc3)cc2C1=O,489.92
*n1c(=O)c2cc3c(=O)n(-c4cc(F)cc(F)c4)c(=O)c3cc2c1=O,500.86
*n1c(=O)c2cc3c(=O)n(-c4ccc(C(=O)c5ccc(F)cc5)cc4)c(=O)c3cc2c1=O,516.71
*n1c(=O)c2cc3c(=O)n(-c4ccc(N(C(F)(F)F)C(F)(F)F)cc4)c(=O)c3cc2c1=O,509.245
*n1c(=O)c2cc3c(=O)n(-c4ccc(C(F)(F)OC(F)(F)F)cc4)c(=O)c3cc2c1=O,471.35
*N1C(=O)c2ccc(F)c(F)c2C1=O,510.04
*n1c(=O)c2cc3c(=O)n(-c4ccc(OCCOCF)cc4)c(=O)c3cc2c1=O,387.63
*c1ccc(Oc2ccc(C(F)(F)c3ccc(-n4c(=O)c5cc6c(=O)n(*)c(=O)c6cc5c4=O)cc3)cc2)cc1,466.13
*N1C(=O)c2cccc(C(F)(F)F)c2C1=O,515.85
*n1c(=O)c2cc3c(=O)n(-c4ccc(N(C)C)cc4)c(=O)c3cc2c1=O,533.65
*n1c(=O)c2cc3c(=O)n(-c4ccc(OCC)cc4)c(=O)c3cc2c1=O,359.41
*n1c(=O)c2cc3c(=O)n(-c4ccc(C(C)(F)CF)cc4)c(=O)c3cc2c1=O,541.91
*n1c(=O)c2cc3c(=O)n(-c4ccc(-c5cccc(-n6c(=O)c7cc8c(=O)n(*)c(=O)c8cc7c6=O)c5)cc4)c(=O)c3cc2c1=O,465.53
*n1c(=O)c2ccc3c(=O)n(*c4ccc(C(F)(CF)CF)cc4)c(=O)c3c2c1=O,477.75
*c1ccc(C(C)(C)c2ccc(-c3ccc(*n4c(=O)c5ccc6c(=O)n(*)c(=O)c6c5c4=O)cc3)cc2)cc1,366.515
*c1ccc(C(=O)c2ccc(Oc3ccc(-n4c(=O)c5cc6c(=O)n(*)c(=O)c6cc5c4=O)cc3)cc2)cc1,387.125
*c1ccc(Oc2cc3c(cc2Oc2ccc(-n4c(=O)c5cc6c(=O)n(*)c(=O)c6cc5c4=O)cc2)C(=O)N(*)C3=O)cc1,395.27
*c1ccc(Oc2cc(Oc3ccc(*)cc3)cc(-n3c(=O)c4cc5c(=O)n(*)c(=O)c5cc4c3=O)c2)cc1,374.63
*c1ccc(Oc2ccc(-n3c(=O)c4cc5c(=O)n(-c6ccc(Oc7ccc8c(c7)C(=O)N(*)C8=O)cc6)c(=O)c5cc4c3=O)cc2)cc1,357.49
*c1ccc(Sc2ccc3nc(Sc4ccc(-n5c(=O)c6cc7c(=O)n(*)c(=O)c7cc6c5=O)cc4)sc3c2)cc1,392.28
*N1C(=O)c2ccc(Oc3ccc(C(=O)c4ccc5c(c4)C(=O)N(*)C5=O)cc3)cc2C1=O,410.01
*N1C(=O)c2ccccc2C1=O.*c1ccc(C(C)(C)c2ccc(*)cc2)cc1,513.86
*n1c(=O)c2cc3c(=O)n(-c4ccc(-c5ccsc5)cc4)c(=O)c3cc2c1=O,457.18
*N1C(=O)c2ccc(-c3ccc(OCC(F)(F)F)cc3)cc2C1=O,444.56
*N1C(=O)c2cccc(-c3cccc(C(C)(C)C(F)(F)F)c3)c2C1=O,514.4
*N1C(=O)c2cccc(-c3cccc(OCC(F)(F)F)c3)c2C1=O,426.24
*c1cccc2c1C(=O)N(c1cc(C)cc(Oc3cccc(-c4cccc5c4C(=O)N(*)C5=O)c3)c1)C2=O,415.2
*N1C(=O)c2cccc(-c3cccc(-c4ccncc4)c3)c2C1=O,548.9
*N1C(=O)c2cccc(-c3cccc(-c4cccs4)c3)c2C1=O,465.74
*c1cccc2c1C(=O)N(C(=O)c1ccc(-c3cccc(-c4cccc5c4C(=O)N(*)C5=O)c3)o1)C2=O,415.72
*c1ccc2c(c1)C(=O)N(c1ccc(Oc3ccc(C(c4ccc(Oc5ccc6c(c5)C(=O)N(*)C6=O)cc4)(C(F)(F)F)C(F)(F)F)cc3)cc1)C2=O,354.83
*N1C(=O)c2ccc(-c3cc(F)c(F)c(F)c3F)cc2C1=O,522.73
*c1ccc2c(c1)C(=O)N(c1ccc(F)cc1Oc1ccc3c(c1)C(=O)N(*)C3=O)C2=O,335.905
*c1ccc(Oc2ccc(-n3c(=O)c4cc5c(=O)n(*)c(=O)c5cc4c3=O)cc2)c(F)c1,376.93
*c1ccc(Oc2ccc(-n3c(=O)c4cc5c(=O)n(*)c(=O)c5cc4c3=O)cc2F)cc1,461.74
*n1c(=O)c2cc3c(=O)n(-c4ccc(-n5c(=O)c6cc7c(=O)n(*)c(=O)c7cc6c5=O)cc4)c(=O)c3cc2c1=O,471.65
*c1ccc(Oc2ccc(-n3c(=O)c4cc5c(=O)n(*)c(=O)c5cc4c3=O)c(F)c2)cc1,413.57
*c1ccc(OC(F)(F)C(F)(F)Oc2ccc(-n3c(=O)c4cc5c(=O)n(*)c(=O)c5cc4c3=O)cc2)cc1,403.86
*c1ccc2c(c1)C(=O)N(c1cc(F)ccc1Oc1ccc3c(c1)C(=O)N(*)C3=O)C2=O,419.34
*c1ccc2c(c1)C(=O)N(c1ccc(Oc3ccc(F)cc3-c3ccc4c(c3)C(=O)N(*)C4=O)cc1)C2=O,476.02
*c1ccc2c(c1)C(=O)N(c1ccc(Oc3ccc(OC(F)(F)C(F)(F)Oc4ccc(Oc5ccc6c(c5)C(=O)N(*)C6=O)cc4)cc3)cc1)C2=O,292.56
*c1ccc2c(c1)C(=O)N(c1ccc(C(F)(F)c3ccc(-c4ccc5c(c4)C(=O)N(*)C5=O)cc3)cc1)C2=O,527.595
*c1cc(F)ccc1Oc1ccc(-n2c(=O)c3cc4c(=O)n(*)c(=O)c4cc3c2=O)cc1,426.79
*c1ccc(C(c2ccc(S(=O)(=O)c3ccc(-n4c(=O)c5cc6c(=O)n(*)c(=O)c6cc5c4=O)cc3)cc2)(C(F)(F)F)C(F)(F)F)cc1,440.88
*c1ccc(Oc2ccc(-c3ccc4c(c3)C(=O)N(*)C4=O)cc2)c(F)c1,444.15
*c1ccc2c(c1)C(=O)N(c1ccc(Oc3ccc(C(F)(F)F)cc3-c3ccc4c(c3)C(=O)N(*)C4=O)cc1)C2=O,467.54
*c1ccc2c(c1)C(=O)N(c1ccc(Oc3cc(F)c(F)cc3Oc3ccc4c(c3)C(=O)N(*)C4=O)cc1)C2=O,344.865
CC1(C)c2ccccc2-c2ccc(N3C(=O)c4ccccc4C3=O)cc21,580.08
O=C1c2ccccc2C(=O)N1c1ccc2c(c1)C1(CC2)CC1,483.24
CCC1(CC)CCC2(C1)c1ccc(N3C(=O)c4ccccc4C3=O)cc12,489.11
O=C1c2ccccc2C(=O)N1c1ccc2c(c1)-c1ccccc1C2(c1ccccc1)c1ccccc1,560.53
CC1(C)CC2CC(CC(N3C(=O)c4ccccc4C3=O)C2)C1,494.72
CCC1(CC)CCc2ccc(N3C(=O)c4ccccc4C3=O)cc21,457.16
O=C1c2ccccc2C(=O)N1c1ccc2c(c1)-c1ccccc1-2,471.21
O=C1c2ccccc2C(=O)N1c1ccc2c(c1)C1(c3ccccc3)c3ccccc3C21,585.06
O=C1c2ccccc2C(=O)N1c1ccc2c(c1)C2(c1ccccc1)c1ccccc1,574.32
O=C1c2ccccc2C(=O)N1c1ccc2c(c1)C(c1ccccc1)(c1ccccc1)CC2,480.78
O=C1c2ccccc2C(=O)N1c1ccc2c(c1)C(c1ccccc1)(c1ccccc1)c1cc(F)ccc1-2,538.75
COc1ccc2c(c1)C(c1ccccc1)(c1ccccc1)c1cc(N3C(=O)c4ccccc4C3=O)ccc1-2,523.57
Cc1ccc2c(c1)C(c1ccccc1)(c1ccccc1)c1cc(N3C(=O)c4ccccc4C3=O)ccc1-2,563.06
Nc1ccc2c(c1)C(c1ccccc1)(c1ccccc1)c1cc(N3C(=O)c4ccccc4C3=O)ccc1-2,520.01
O=C1c2ccccc2C(=O)N1c1ccc2c(c1)C(c1ccccc1)(c1ccccc1)c1cc(Cl)ccc1-2,500.33
O=C1c2ccccc2C(=O)N1c1ccc2c(c1)C(c1ccccc1)(c1ccccc1)c1cc(Br)ccc1-2,524.39
CS(=O)(=O)c1ccc2c(c1)C(c1ccccc1)(c1ccccc1)c1cc(N3C(=O)c4ccccc4C3=O)ccc1-2,561.34
*N1C(=O)c2cccc(-c3cccc(N4C(=O)c5cccc(CC)c5C4=O)c3)c2C1=O,499.71
*N1C(=O)c2cccc(-c3cccc(N4C(=O)c5cccc(C(F)(F)F)c5C4=O)c3)c2C1=O,535.125
*N1C(=O)c2cccc(-c3cccc(N4C(=O)c5cccc(-c6ccc(OC)cc6)c5C4=O)c3)c2C1=O,513.17
*N1C(=O)c2cccc(-c3cccc(N4C(=O)c5cccc(-c6cccc(C(=O)OC)c6)c5C4=O)c3)c2C1=O,367.565
*N1C(=O)c2cccc(-c3cccc(N4C(=O)c5cccc(-c6cccc(OCC)c6)c5C4=O)c3)c2C1=O,347.65
*c1ccc2c(c1)C(=O)N(c1ccc(Sc3ccc(Sc4ccc5c(c4)C(=O)N(*)C5=O)cc3)cc1)C2=O,369.115
*c1ccc(Sc2ccc(S(=O)(=O)c3ccc(Sc4ccc(-c5ccc6c(c5)C(=O)N(*)C6=O)cc4)cc3)cc2)cc1,387.09
*N1C(=O)c2ccc(-c3ccc4ccccc4c3)cc2C1=O,588.54
*N1C(=O)c2ccc(C(=O)Oc3ccc(-c4ccc5c(c4)C(=O)N(*)C5=O)cc3)cc2C1=O,469.28
*N1C(=O)c2ccc(C(=O)N(C)c3ccc(-c4ccc5c(c4)C(=O)N(*)C5=O)cc3)cc2C1=O,526.14
*N1C(=O)c2ccc(OC(=O)c3ccc(-c4ccc5c(c4)C(=O)N(*)C5=O)cc3)cc2C1=O,448.38
*N1C(=O)c2ccc(-c3cc(OC)c(OC)c(OC)c3)cc2C1=O,429.22
*N1C(=O)c2ccc(Cc3ccc(-c4ccc5c(c4)C(=O)N(*)C5=O)cc3)cc2C1=O,338.98
*N1C(=O)c2ccc(-c3ccc(OC(C)(C)C)cc3)cc2C1=O,476.66
*N1C(=O)c2ccc(-c3ccc(N(*)C(=O)c4ccc5c(c4)C(=O)NC5=O)cc3)cc2C1=O,519.46
*N1C(=O)c2ccc(-c3cccc4ccccc34)cc2C1=O,580.23
*N1C(=O)c2ccc(OC(=O)Oc3ccc(-c4ccc5c(c4)C(=O)N(*)C5=O)cc3)cc2C1=O,404.53
*N1C(=O)c2ccc(-c3ccc(-c4cccc5ccccc45)cc3)cc2C1=O,561.27
*N1C(=O)c2ccc(-c3ccc(N(CC)CC)cc3)cc2C1=O,493.86
*N1C(=O)c2ccc(-c3ccc(C(=O)c4cccc5ccccc45)cc3)cc2C1=O,572.83
*c1ccc2c(c1)C(=O)N(c1ccc3c(c1)C(=O)N(*)C3=O)C2=O,424.905
*n1c(=O)c2cc3c(=O)c4ccc5c(=O)n(*)c(=O)c5c4c3cc2c1=O,504.65
*N1C(=O)c2ccc(C3(c4ccc5c(c4)C(=O)N(*)C5=O)CC3)cc2C1=O,479.345
*N1C(=O)c2ccc(-c3ccc(C4(c5ccc6c(c5)C(=O)N(*)C6=O)CC4)cc3)cc2C1=O,489.545
*N1C(=O)c2ccc(-c3ccc4c(c3)C(c3ccccc3)(c3ccccc3)N(C(=O)c3ccccc3)C4=O)cc2C1=O,554.76
*N1C(=O)c2ccc(-c3ccc4c(c3)C4(c3ccccc3)c3ccccc3)cc2C1=O,573.36
*N1C(=O)C2=CC(=CC(c3ccc4c(c3)C(=O)N(*)C4=O)=CC3=Cc4cc(C(=O)N(*)C(=O)c5ccccc5)c(c(c4)=C2)=C3)C1=O,495.11
*N1C(=O)c2ccc(-c3ccc(-c4ccc(C5(c6ccc7c(c6)C(=O)N(*)C7=O)CC5)cc4)cc3)cc2C1=O,470.1
*N1C(=O)c2ccc(C3(c4ccc5c(c4)C(=O)N(*)C5=O)CCCC3)cc2C1=O,440.04
*N1C(=O)c2ccc(C3(c4ccc5c(c4)C(=O)N(*)C5=O)CCCCC3)cc2C1=O,422.02
*N1C(=O)c2ccc(-c3ccc(C4(c5ccc6c(c5)C(=O)N(*)C6=O)c5cc(F)c(F)cc54)cc3)cc2C1=O,533.16
*N1C(=O)c2ccc(-c3ccc(C4(c5ccc6c(c5)C(=O)N(*)C6=O)c5ccc(Cl)cc54)cc3)cc2C1=O,450.44
*c1cccc2c1C(=O)N(c1c(OC(F)(F)F)cccc1-c1cccc3c1C(=O)N(*)C3=O)C2=O,456.54
*C(=O)c1ccc(-c2ccc3c(c2)C(=O)N(c2cccc(-c4cccc5c4C(=O)N(*)C5=O)c2)C3=O)cc1,569.8
*N1C(=O)c2cccc(-c3cccc(N4C(=O)c5cccc(-c6cc(F)cc(F)c6)c5C4=O)c3)c2C1=O,513.58
*N1C(=O)c2cccc(-c3cccc(N4C(=O)c5cccc(-c6cccc(F)c6)c5C4=O)c3)c2C1=O,419.795
*N1C(=O)c2cccc(-c3cccc(N4C(=O)c5cccc(-c6cc(Cl)cc(Cl)c6)c5C4=O)c3)c2C1=O,432.22
*N1C(=O)c2cccc(-c3cccc(N4C(=O)c5cccc(-c6ccc(C)cc6)c5C4=O)c3)c2C1=O,574.54
*N1C(=O)c2cccc(-c3cccc(N4C(=O)c5cccc(-c6ccc(N)cc6)c5C4=O)c3)c2C1=O,519.68
*N1C(=O)c2cccc(-c3cccc(N4C(=O)c5cccc(-c6ccc(S)cc6)c5C4=O)c3)c2C1=O,509.32
*N1C(=O)c2cccc(-c3cccc(N4C(=O)c5cccc(-c6ccc(CC)cc6)c5C4=O)c3)c2C1=O,372.955
*N1C(=O)c2cccc(-c3cccc(N4C(=O)c5cccc(-c6ccc(CCC)cc6)c5C4=O)c3)c2C1=O,466.7
*N1C(=O)c2cccc(-c3cccc(N4C(=O)c5cccc(-c6ccc(CCCC)cc6)c5C4=O)c3)c2C1=O,446.59
*N1C(=O)c2cccc(-c3cccc(N4C(=O)c5cccc(-c6ccc(CCCCC)cc6)c5C4=O)c3)c2C1=O,419.65
*N1C(=O)c2cccc(-c3cccc(N4C(=O)c5cccc(-c6ccc(CCCCCC)cc6)c5C4=O)c3)c2C1=O,406.38
*N1C(=O)c2cccc(-c3cccc(N4C(=O)c5cccc(-c6ccc(CCCCCCC)cc6)c5C4=O)c3)c2C1=O,392.9
*N1C(=O)c2cccc(-c3cccc(N4C(=O)c5cccc(-c6ccc(CCCCCCCC)cc6)c5C4=O)c3)c2C1=O,379.49
*N1C(=O)c2cccc(-c3cccc(N4C(=O)c5cccc(-c6ccc(CCCCCCCCC)cc6)c5C4=O)c3)c2C1=O,367.62
*N1C(=O)c2cccc(-c3cccc(N4C(=O)c5cccc(-c6ccc(CCCCCCCCCC)cc6)c5C4=O)c3)c2C1=O,357.85
*N1C(=O)c2cccc(-c3cccc(N4C(=O)c5cccc(-c6ccc(CF)cc6)c5C4=O)c3)c2C1=O,487.17
*N1C(=O)c2cccc(-c3cccc(N4C(=O)c5cccc(-c6ccc(CCF)cc6)c5C4=O)c3)c2C1=O,459.01
*N1C(=O)c2cccc(-c3cccc(N4C(=O)c5cccc(-c6ccc(CCCF)cc6)c5C4=O)c3)c2C1=O,423.93
*N1C(=O)c2cccc(-c3cccc(N4C(=O)c5cccc(-c6ccc(CCCCF)cc6)c5C4=O)c3)c2C1=O,395.53
*N1C(=O)c2cccc(-c3cccc(N4C(=O)c5cccc(-c6ccc(CCCCCF)cc6)c5C4=O)c3)c2C1=O,382.61
*c1cccc2c1C(=O)N(c1cccc(Nc3cccc4c3C(=O)N(*)C4=O)c1)C2=O,411.615
*c1cccc2c1C(=O)N(C(=O)c1ccc(-c3ccc4c(c3)C(=O)N(c3cccc(-c5cccc6c5C(=O)N(*)C6=O)c3)C4=O)cc1)C2=O,458.13
*c1cccc2c1C(=O)N(c1cccc(-c3cccc4c3C(=O)N(c3cccc(-c5cccc6c5C(=O)N(*)C6=O)c3)C4=O)c1)C2=O,458.9
*N1C(=O)c2cccc(-c3cccc(N4C(=O)c5cc(F)c(F)c(F)c5C4=O)c3)c2C1=O,425.615
*N1C(=O)c2cccc(-c3cccc(N4C(=O)c5ccc(N)cc5C4=O)c3)c2C1=O,512.205
*N1C(=O)c2cccc(-c3cccc(N4C(=O)c5ccc(S(N)(=O)=O)cc5C4=O)c3)c2C1=O,467.55
*n1c(=O)c2cc3c(=O)n(-c4cc(C(F)(F)F)ccc4C(F)(F)F)c(=O)c3cc2c1=O,486.34
*n1c(=O)c2cc3c(=O)n(-c4ccc(Oc5cc(C(F)(F)F)ccc5C(F)(F)F)cc4)c(=O)c3cc2c1=O,468.41
*N1C(=O)c2cc(F)cc(F)c2C1=O,486.45
*N1C(=O)c2c(F)c(F)c(F)c(F)c2C1=O,468.33
*n1c(=O)c2cc3c(=O)n(-c4cc(F)ccc4F)c(=O)c3cc2c1=O,531.26
*N1C(=O)c2cc(F)c(F)c(F)c2C1=O,480.8
*n1c(=O)c2cc3c(=O)n(-c4ccc(C(F)(F)F)c(F)c4)c(=O)c3cc2c1=O,514.49
*n1c(=O)c2cc3c(=O)n(-c4c(F)c(F)cc(F)c4F)c(=O)c3cc2c1=O,490.16
*n1c(=O)c2cc3c(=O)n(-c4ccc(Oc5ccc(F)cc5F)cc4)c(=O)c3cc2c1=O,507.69
*n1c(=O)c2cc3c(=O)n(-c4ccc(Oc5cc(F)ccc5F)cc4)c(=O)c3cc2c1=O,495.98
*n1c(=O)c2cc3c(=O)n(-c4ccc(Oc5c(F)c(F)c(F)c(F)c5F)cc4)c(=O)c3cc2c1=O,485.73
*n1c(=O)c2cc3c(=O)n(-c4cc(C(F)(F)F)cc(C(F)(F)F)c4C(F)(F)F)c(=O)c3cc2c1=O,444.52
*c1ccc(Oc2ccc(C(c3ccc(Oc4ccc(-n5c(=O)c6ccc7c(=O)n(*)c(=O)c7c6c5=O)cc4)cc3)(C(F)(F)F)C(F)(F)F)cc2)cc1,418.09
*n1c(=O)c2cc3c(=O)n(-c4ccc(C(F)(F)F)cc4F)c(=O)c3cc2c1=O,494.17
*n1c(=O)c2cc3c(=O)n(-c4ccc(F)c(C(F)(F)F)c4)c(=O)c3cc2c1=O,516.94
*n1c(=O)c2cc3c(=O)n(-c4cc(F)c(F)c(F)c4F)c(=O)c3cc2c1=O,431.565
*n1c(=O)c2cc3c(=O)n(-c4ccc(C(c5ccc(F)cc5)(C(F)(F)F)C(F)(F)F)cc4)c(=O)c3cc2c1=O,498.99
*n1c(=O)c2cc3c(=O)n(-c4ccc(C(c5cc(F)ccc5F)(C(F)(F)F)C(F)(F)F)cc4)c(=O)c3cc2c1=O,529.35
*n1c(=O)c2cc3c(=O)n(-c4ccc(Oc5ccc(C(c6ccc(F)cc6)(C(F)(F)F)C(F)(F)F)cc5)cc4)c(=O)c3cc2c1=O,465.36
*n1c(=O)c2cc3c(=O)n(-c4ccc(C(c5ccc(Oc6cc(F)ccc6F)cc5)(C(F)(F)F)C(F)(F)F)cc4)c(=O)c3cc2c1=O,481.11
*N1C(=O)C[C@H]2CC[C@@H](CC2)C1=O,275.07
*N1C(=O)CC2(C(F)(F)F)CCC(C(F)(F)F)(C2)C1=O,412.23
*N1C(=O)[C@H]2C[C@H](OC)C[C@H]2C1=O,280.395
*N1C(=O)C[C@H]2CC[C@@H](C)[C@@H](C2)C1=O,247.96
*N1C(=O)[C@@H]2[C@@H]3CC[C@H](C3)C[C@@H]2C1=O,305.33
*N1C(=O)C(=O)C2CCC(C)(CC2)C1=O,420.33
*N1C(=O)[C@H]2C[C@H](Cl)C[C@H]2C1=O,269.29
*N1C(=O)C2(CC)CCC(CC)(C2)C1=O,363.31
*N1C(=O)C[C@H]2C[C@H](C(F)(F)F)C[C@H]2C1=O,263.77
*N1C(=O)[C@H]2CCC(C)(C2)C1=O,291.36
*N1C(=O)C[C@@H]2C[C@@H](OC(C)=O)C[C@@H]2C1=O,278.27
*N1C(=O)[C@@H]2CC[C@@H](C1=O)[C@@H](C(C)(C)C)C2,243.77
*N1C(=O)C[C@H]2C[C@H](N)C[C@H]2C1=O,274.49
*N1C(=O)[C@@H]2CC[C@@H](C1=O)[C@@H](F)C2,267.05
*N1C(=O)C(=O)C2CCC(CC(C)C)(C2)C1=O,378.67
*N1C(=O)[C@H]2CC[C@H](C1=O)[C@H](C(C)(C)C)C2,255.62
*N1C(=O)[C@H]2C[C@H](CC)C[C@H]2C1=O,275.88
*N1C(=O)C[C@H]2CC[C@H](C1=O)[C@H](C)C2,246.29
*N1C(=O)[C@@H]2CC[C@@H](C1=O)[C@@H](CC)C2,262.36
*N1C(=O)C2CCC(OC)(CC2)C1=O,358.4
*N1C(=O)C[C@H]2C[C@H](CC(C)C)C[C@H]2C1=O,246.83
*N1C(=O)[C@H]2C[C@H](C(C)(C)CC)C[C@H]2C1=O,272.14
*N1C(=O)C(=O)C2CCC(C(C)(C)CC)(C2)C1=O,380.76
*N1C(=O)[C@H]2CC[C@H](C1=O)[C@H](OC)C2,261.2
*N1C(=O)[C@H]2C[C@H](C(C)(C)C(F)(F)F)C[C@H]2C1=O,268.39
*N1C(=O)C[C@H]2CC[C@H](C1=O)[C@H](F)C2,268.92
*N1C(=O)C2CCC(Cl)(CC2)C1=O,345.73
*N1C(=O)C[C@H]2C[C@H](C(C)CC)C[C@H]2C1=O,244.83
*N1C(=O)[C@H]2C[C@H](CCC)C[C@H]2C1=O,261.81
*N1C(=O)[C@@H]2CC[C@@H](C1=O)[C@@H](CCC)C2,250.92
*N1C(=O)C(=O)C2CCC(CCC)(C2)C1=O,401.9
*N1C(=O)[C@H]2CC[C@H](C1=O)[C@H](CC(C)C)C2,251.23
*N1C(=O)[C@H]2C[C@H](CCCC)C[C@H]2C1=O,263.75
*N1C(=O)C[C@H]2CC[C@H](C1=O)[C@H](CC(C)(C)C)C2,235.91
*N1C(=O)c2ccc3c(=O)*n(-c4ccc(Oc5ccc(C(F)(F)F)cc5)cc4)c(=O)c3c2C1=O,501.47
*N1C(=O)c2ccc3c(=O)*[nH]c(=O)c3c2C1=O,413.92
*C(=O)c1ccc(C(=O)N(*)c2ccc(C(c3ccc4c(c3)C(=O)N(*)C4=O)(C(F)(F)F)C(F)(F)F)cc2)cc1,456.935
*N1C(=O)c2cc(C(F)(F)F)c(C(F)(F)F)c(C(F)(F)F)c2C1=O,459.63
*C(=O)c1ccc(C(=O)N(*)c2ccc(C(F)(F)c3ccc(-c4ccc5c(c4)C(=O)N(*)C5=O)cc3)cc2)cc1,456.39
*n1c(=O)c2cc3c(=O)n(-c4ccc(OC(F)(F)C(F)(F)F)cc4)c(=O)c3cc2c1=O,472.02
*n1c(=O)c2cc3c(=O)n(-c4ccc(C(=O)C(F)(F)F)cc4)c(=O)c3cc2c1=O,510.99
*n1c(=O)c2cc3c(=O)n(-c4ccc(C(F)(F)c5ccc(F)cc5)cc4)c(=O)c3cc2c1=O,515.24
*N1C(=O)c2ccc(-c3ccc(F)cc3F)cc2C1=O,540.23
*n1c(=O)c2cc3c(=O)n(-c4ccc(C(F)(F)F)cc4Cl)c(=O)c3cc2c1=O,491.75
*n1c(=O)c2cc3c(=O)n(-c4ccc(OC(F)(F)C(F)(F)C(F)(F)F)cc4)c(=O)c3cc2c1=O,359.125
*N1C(=O)c2ccc(-c3ccc(C(F)(F)F)c(F)c3)cc2C1=O,526.67
*C(=O)c1ccc(C(=O)N(*)c2ccc(-c3ccc4c(c3)C(=O)N(*)C4=O)cc2F)cc1,484.18
*N1C(=O)c2ccc(-c3ccc(OC(F)(F)C(F)(F)F)cc3)cc2C1=O,373.595
*N1C(=O)c2ccc(C(=O)c3ccc(N4C(=O)c5ccccc5C4=O)cc3)cc2C1=O,486.555
*N1C(=O)c2ccc(-c3ccc(-c4ccc(N5C(=O)c6ccccc6C5=O)cc4)cc3)cc2C1=O,588.655
*N1C(=O)c2ccc3ccc4ccc(N5C(=O)c6ccccc6C5=O)cc4c3c2C1=O,611.22
*N1C(=O)c2ccc(-c3cccc4cccc(N5C(=O)c6ccccc6C5=O)c34)cc2C1=O,470.84
*N1C(=O)c2ccc(-c3ccc(-c4ccc(-c5ccc(N6C(=O)c7ccccc7C6=O)cc5)cc4)cc3)cc2C1=O,540.53
*n1c(=O)c2cc3c(=O)n(-c4ccc(-c5ccc(-n6c(=O)c7cc8c(=O)n(*)c(=O)c8cc7c6=O)cc5)cc4)c(=O)c3cc2c1=O,450.47
*N1C(=O)c2ccc(C(=O)N(*)c3ccc(C(F)(F)F)cc3)cc2C1=O,472.98
*n1c(=O)c2cc3c(=O)n(-c4ccc(C(=O)c5ccc(C(F)(F)F)cc5)cc4)c(=O)c3cc2c1=O,531.38
*c1ccc(Oc2ccc(-n3c(=O)c4cc5c(=O)n(*)c(=O)c5cc4c3=O)cc2C(F)(F)F)cc1,457.455
*c1ccc(Oc2ccc(C(c3ccc(-c4ccc5c(c4)C(=O)N(*)C5=O)cc3)(C(F)(F)F)C(F)(F)F)cc2)cc1,365.375
*c1ccc(-c2cc(C(F)(F)F)ccc2-c2ccc3c(c2)C(=O)N(*)C3=O)cc1,521.53
*c1ccc(C(c2ccc(Oc3ccc(-n4c(=O)c5cc6c(=O)n(*)c(=O)c6cc5c4=O)cc3)cc2)(C(F)(F)F)C(F)(F)F)cc1,365.745
*c1ccc(Oc2cc(-c3ccc4c(c3)C(=O)N(*)C4=O)cc(C(F)(F)F)c2)cc1,427.77
*c1ccc(C(F)(F)F)cc1C(c1ccc(-n2c(=O)c3cc4c(=O)n(*)c(=O)c4cc3c2=O)cc1)(C(F)(F)F)C(F)(F)F,422.95
*c1ccc(N(c2ccc(N3C(=O)c4ccc(*)cc4C3=O)cc2)c2ccc3c(c2)C(=O)N(*)C3=O)cc1,346.985
*c1ccc2c(c1)C(=O)N(c1ccc(OCC(O)COc3ccc(-c4ccc5c(c4)C(=O)N(*)C5=O)cc3)cc1)C2=O,342.17
*c1ccc2c(c1)C(=O)N(c1ccc(C(C)(c3ccc(-c4ccc5c(c4)C(=O)N(*)C5=O)cc3)C(F)(F)F)cc1)C2=O,491.71
*c1ccc(Oc2ccc(-c3ccc4c(c3)C(=O)N(c3ccc(-c5ccc6c(c5)C(=O)N(*)C6=O)cc3)C4=O)cc2)cc1,350.11
*c1ccc2c(c1)C(=O)N(c1ccc(C(=O)Oc3ccc(-c4ccc5c(c4)C(=O)N(*)C5=O)cc3)cc1)C2=O,436.85
*c1ccc(C(C)(CF)c2ccc(-c3ccc4c(c3)C(=O)N(*)C4=O)cc2)cc1,499.51
*n1c(=O)c2cc3c(=O)n(CCCC)c(=O)c3cc2c1=O,385.4
*N1C(=O)c2ccc(Oc3ccc(C(C)(C)c4ccc5c(c4)C(=O)N(*)C5=O)cc3)cc2C1=O,412.76
*c1ccc(S(=O)(=O)c2ccc(-c3ccc(-n4c(=O)c5ccc6c(=O)n(*)c(=O)c6c5c4=O)cc3)cc2)cc1,461.42
*c1ccc(S(=O)(=O)c2ccc(Oc3ccc(-n4c(=O)c5cc6c(=O)n(*)c(=O)c6cc5c4=O)cc3)cc2)cc1,357.17
*N1C(=O)c2ccc(-c3cccc(C(=O)N(*)c4ccc(C(=O)c5ccccc5)cc4)c3)cc2C1=O,508.19
*C(=O)c1ccc(-c2ccc(C(=O)N(*)c3ccc(-c4ccc5c(c4)C(=O)N(*)C5=O)cc3)cc2)cc1,435.975
*C(=O)c1ccc(-c2ccc(C(=O)N(*)c3ccc(Oc4ccc(-c5ccc6c(c5)C(=O)N(*)C6=O)cc4)cc3)cc2)cc1,406.82
*OCC(CO)(COc1ccc(*)cc1)COc1ccc(-n2c(=O)c3cc4c(=O)n(*)c(=O)c4cc3c2=O)cc1,317.08
*c1ccc(C(=O)c2ccc(-c3ccc4c(c3)C(=O)N(*)C4=O)cc2)cc1,398.085
*n1c(=O)c2ccc3c(=O)n(-c4cccc(C(F)(F)F)c4)c(=O)c3c2c1=O,557.07
*c1ccc(C(=O)Oc2ccc(-n3c(=O)c4cc5c(=O)n(*)c(=O)c5cc4c3=O)cc2)cc1,402.9
*C(=O)c1cccc(-c2ccc(C(=O)N(*)c3ccc(-c4ccc5c(c4)C(=O)N(*)C5=O)cc3)cc2)c1,479.9
*C(=O)c1ccc(-c2ccc(C(=O)N(*)c3ccc(-c4ccc5c(c4)C(=O)N(c4ccc(-c6ccc7c(c6)C(=O)N(*)C7=O)cc4)C5=O)cc3)cc2)cc1,385.75
*c1ccc(OC(=O)c2ccc(-n3c(=O)c4ccc5c(=O)n(*)c(=O)c5c4c3=O)cc2)cc1,352.53
*C(=O)c1c(C(=O)N(*)c2ccc(Sc3ccc(-n4c(=O)c5ccc6c(=O)n(*)c(=O)c6c5c4=O)cc3)cc2)ccc2c1C(=O)NC2=O,434.98
*c1ccc(NC(=O)c2ccc(-n3c(=O)c4cc5c(=O)n(*)c(=O)c5cc4c3=O)cc2)cc1,461.42
*c1ccc(C(C)(C)c2ccc(-c3ccc(-n4c(=O)c5ccc6c(=O)n(*)c(=O)c6c5c4=O)cc3)cc2)cc1,370.64
*c1ccc(Oc2ccc(C(=O)N(*)C(=O)c3ccc(Oc4ccc5c(c4)C(=O)N(*)C5=O)cc3)cc2)cc1,334.065
*c1ccc(OC(=O)c2ccc(C(=O)Oc3ccc(-n4c(=O)c5cc6c(=O)n(*)c(=O)c6cc5c4=O)cc3)cc2)cc1,396.96
*C(=O)c1ccc(C(=O)N(*)c2ccc(Oc3ccc(C(CF)(CF)c4ccc(Oc5ccc6c(c5)C(=O)N(*)C6=O)cc4)cc3)cc2)cc1,346.58
*c1ccc(OCC(O)COc2ccc(-n3c(=O)c4cc5c(=O)n(*)c(=O)c5cc4c3=O)cc2)cc1,265.565
*N1C(=O)c2ccc(Oc3ccc(OCCOCCO)cc3)cc2C1=O,260.84
*C(=O)C12CCC(C(*)=O)(C1)C(=O)N(*)N(*)C2=O,369.25
*N(*)C(=O)C1CC2C(=O)N(*)C(=O)C2C1,357.99
*N1C(=O)[C@@H]2CC[C@H](C2)C1=O.*N1C(=O)c2ccccc2C1=O,323.53
*N1C(=O)C2(CC2)C(=O)N1*,386.195
*C(=O)C12CCC(*)(C1)C(=O)N(*)C2=O,398.76
*N1C(=O)[C@@H]2CC[C@@H](C2)C(=O)N1*,291.38
*C(=O)C12CCC(C(*)=O)(C1)C(=O)N(*)C2=O,381.11
*C1CC2C(=O)N(*)C(=O)C2C1,413.8
*C(=O)C12CCC(C1)C(=O)N(*)N(*)C2=O,396.54
*N1C(=O)[C@@H]2CC[C@H](C2)C(=O)N1*,277.79
*N(C(=O)c1ccc(C(F)(F)F)cc1)C(=O)c1ccc2c(c1)C(=O)N(*)C2=O,455.175
*N1C(=O)c2ccc(C(c3ccccc3)(C(F)(F)F)C(F)(F)F)cc2C1=O,449.47
*c1ccc2c(c1)C(=O)N(c1cc(C(F)(F)F)cc(C(F)(F)F)c1)C2=O,478.395
*c1ccc2c(c1)C(=O)N(c1ccc(Oc3ccc(Oc4ccc(C(F)(F)F)cc4)cc3)cc1)C2=O,425.19
*c1ccc2c(c1)C(=O)N(c1ccc(C(=O)c3ccc(C(F)(F)F)cc3)cc1)C2=O,532.65
*n1c(=O)c2ccc3c(=O)n(-c4ccc(C(F)(F)F)cc4)c(=O)c3c2c1=O,542.04
*c1ccc2c(c1)C(=O)N(c1ccc(Nc3ccc(C(F)(F)F)cc3)cc1)C2=O,562.49
*c1ccc(Oc2cc(-n3c(=O)c4cc5c(=O)n(*)c(=O)c5cc4c3=O)ccc2C(F)(F)F)cc1,455.49
*c1ccc(Oc2ccc(N3C(=O)c4ccc(*)cc4C3=O)cc2C(F)(F)F)cc1,448.76
O=C1c2ccc(C(F)(F)F)cc2C(=O)N1c1ccc(C(F)(F)F)cc1,544.76
*c1ccc(Oc2ccc3c(c2)C(=O)N(C(=O)c2ccc(N(*)C(=O)c4ccc(Oc5ccc6c(c5)C(=O)N(*)C6=O)cc4)cc2)C3=O)cc1,317.26
*c1ccc(*n2c(=O)c3ccc4c(=O)n(-c5ccc(*n6c(=O)c7ccc8c(=O)n(*)c(=O)c8c7c6=O)cc5)c(=O)c4c3c2=O)cc1,451.22
*c1ccc2ccc(*n3c(=O)c4ccc5c(=O)n(*)c(=O)c5c4c3=O)cc2c1,506.52
*c1cccc(C(C)(C)c2cccc(*n3c(=O)c4ccc5c(=O)n(*)c(=O)c5c4c3=O)c2)c1,350.89
*n1c(=O)c2ccc3c(=O)n(*c4ccc(-c5ccc(C(=O)n6c(=O)c7ccc8c(=O)n(*)c(=O)c8c7c6=O)cc5)cc4)c(=O)c3c2c1=O,432.16
*n1c(=O)c2ccc3c(=O)n(*c4ccc(OC)cc4)c(=O)c3c2c1=O,380.62
*N1C(=O)CC(=O)N([Si](C)(C)O[Si](C)(C)CCCC)C1=O,243.59
*N1C(=O)c2ccccc2C1=O.CC[Si](O)(CC)CC,324.05
*[Si](C)(C)CCCN1C(=O)c2ccccc2C1=O,316.8
*CCCC[Si](C)(C)O[Si](C)(C)CCCCCn1c(=O)c2cc3c(=O)n(*)c(=O)c3cc2c1=O,278.81
*[Si](C)(C)O[Si](C)(C)CCCN1C(=O)c2ccccc2C1=O,267.51
*c1ccc(C(=O)N(CCCC[Si](C)(C)O[Si](C)(C)C)C(=O)c2ccc3c(c2)C(=O)N(*)C3=O)cc1,228.25
*[Si](C)(C)O[Si](C)(C)O[Si](C)(C)CCCN1C(=O)c2ccccc2C1=O,232.63
*[Si](C)(C)CCCn1c(=O)c2cc3c(=O)n(CCCC[Si](C)(C)O[Si](C)(C)C)c(=O)c3cc2c1=O,179.81
*n1c(=O)c2cc3c(=O)n(CCC[Si](C)(C)O[Si](*)(C)C)c(=O)c3cc2c1=O,228.54
*N1C(=O)c2ccc(-c3ccc(N4C(=O)c5ccc([Si](C)(C)O[Si](C)(C)C)cc5C4=O)cc3)cc2C1=O,421.36
*[Si](C)(C)O[Si](C)(C)O[Si](C)(C)O[Si](C)(C)CCCN1C(=O)c2ccccc2C1=O,212.3
*c1ccc2c(c1)C(=O)N(c1ccc(-c3ccc4c(c3)C(=O)N(CCC[Si](*)(C)C)C4=O)cc1)C2=O,272.07
*c1ccc2c(c1)C(=O)N(c1ccc(Cc3ccc4c(c3)C(=O)N(CCC[Si](C)(C)O[Si](*)(C)C)C4=O)cc1)C2=O,182.47
*n1c(=O)c2cc3c(=O)n(CCC[Si](C)(C)O[Si](C)(C)O[Si](*)(C)C)c(=O)c3cc2c1=O,202.12
*N1C(=O)c2ccc(Oc3ccc(N4C(=O)c5ccc([Si](C)(C)O[Si](C)(C)C)cc5C4=O)cc3)cc2C1=O,328.12
*n1c(=O)c2cc3c(=O)n(CCC[Si](C)(C)O[Si](C)(C)O[Si](C)(C)O[Si](*)(C)C)c(=O)c3cc2c1=O,191.86
*N1C(=O)c2ccc(-c3ccc(N4C(=O)c5ccc([Si](C)(C)O[Si](C)(C)O[Si](C)(C)C)cc5C4=O)cc3)cc2C1=O,381.18
*[Si](C)(C)O[Si](C)(C)O[Si](C)(C)O[Si](C)(C)O[Si](C)(C)CCCN1C(=O)c2ccccc2C1=O,198.51
*n1c(=O)c2cc3c(=O)n(CCC[Si](*)(C)C)c(=O)c3cc2c1=O,267.56
*N1C(=O)c2ccc(S(=O)(=O)c3ccc(N4C(=O)c5ccc([Si](C)(C)O[Si](C)(C)C)cc5C4=O)cc3)cc2C1=O,385.65
*n1c(=O)c2cc3c(=O)n(CCC[Si](C)(C)O[Si](C)(C)O[Si](C)(C)O[Si](C)(C)O[Si](*)(C)C)c(=O)c3cc2c1=O,180.64
*c1ccc2c(c1)C(=O)N(c1ccc(Oc3ccc4c(c3)C(=O)N(CCC[Si](C)(C)O[Si](C)(C)O[Si](*)(C)C)C4=O)cc1)C2=O,147.95
*c1ccc2c(c1)C(=O)N(c1ccc(Oc3ccc4c(c3)C(=O)N(CCC[Si](*)(C)C)C4=O)cc1)C2=O,201.35
*N1C(=O)c2ccc(C(C)(C)c3ccc(N4C(=O)c5ccc([Si](C)(C)O[Si](C)(C)C)cc5C4=O)cc3)cc2C1=O,395.78
*N1C(=O)c2ccc(Oc3ccc(N4C(=O)c5ccc([Si](C)(C)O[Si](C)(C)O[Si](C)(C)C)cc5C4=O)cc3)cc2C1=O,295.71
*c1ccc2c(c1)C(=O)N(c1ccc(Oc3ccc4c(c3)C(=O)N(CCC[Si](C)(C)O[Si](C)(C)O[Si](C)(C)O[Si](*)(C)C)C4=O)cc1)C2=O,136.33
*c1ccc2c(c1)C(=O)N(c1ccc(C(C)(C)c3ccc4c(c3)C(=O)N(CCC[Si](*)(C)C)C4=O)cc1)C2=O,250.14
*N1C(=O)c2ccc(-c3ccc(N4C(=O)c5ccc([Si](C)(C)O[Si](C)(C)O[Si](C)(C)O[Si](C)(C)C)cc5C4=O)cc3)cc2C1=O,350.64
*c1ccc2c(c1)C(=O)N(c1ccc(C(C)(C)c3ccc4c(c3)C(=O)N(CCC[Si](C)(C)O[Si](*)(C)C)C4=O)cc1)C2=O,216.16
*c1ccc2c(c1)C(=O)N(c1ccc(C(C)(C)c3ccc4c(c3)C(=O)N(CCC[Si](C)(C)O[Si](C)(C)O[Si](C)(C)O[Si](*)(C)C)C4=O)cc1)C2=O,179.64
*N1C(=O)c2ccc(S(=O)(=O)c3ccc(N4C(=O)c5ccc([Si](C)(C)O[Si](C)(C)O[Si](C)(C)C)cc5C4=O)cc3)cc2C1=O,347.21
*N1C(=O)C2CCC(C)(C2)C1=O,383.02
*N1C(=O)C(=O)[C@H]2CC[C@@H](CC2)C1=O,265.975
*N1C(=O)[C@@H]2C[C@H](C1=O)[C@@H](C)C2,274.43
*N1C(=O)C2(CCC(C(F)(F)F)(C(F)(F)F)C2)C1=O,413.02
*N1C(=O)[C@@H]2C[C@@H](C(F)(F)F)[C@@H](C2)C1=O,268.2
*N1C(=O)C2CCC(C(F)(F)F)(C2)C1=O,409.54
*N1C(=O)[C@H]2C[C@H](C)[C@@H](C2)C1=O,263.2
*N1C(=O)C2CC3CC(C3)C2C1=O,389.09
*N1C(=O)C2(C)CCC(C)(CC2)C1=O,379.19
*N1C(=O)[C@@H]2CC[C@@H](C2)C1=O,301.54
*N1C(=O)C2CCC(c3ccccc3)(C2)C1=O,480.735
*N1C(=O)[C@H]2CC[C@H](C1=O)[C@H](C)C2,258.67
*N1C(=O)C2CCC(CC(F)(F)F)(C2)C1=O,394.46
*N1C(=O)C2CCC(C(=O)O)(C2)C1=O,384.62
*N1C(=O)[C@@H]2CC[C@H](C1=O)[C@H](C)C2,265.26
*N1C(=O)c2cccc(-c3cccc(N4C(=O)c5cc(F)c(F)cc5C4=O)c3)c2C1=O,521.46
*c1ccc2c(c1)C(=O)N(c1ccc(OC)cc1Oc1ccc3c(c1)C(=O)N(*)C3=O)C2=O,406.48
*c1ccc2c(c1)C(=O)N(c1ccc(-c3ccc4c(c3)C(=O)N(*)C4=O)c(N)c1)C2=O,495.82
*c1ccc2c(c1)C(=O)N(c1ccc(-c3ccc4c(c3)C(=O)N(*)C4=O)c(OCCO)c1)C2=O,322.33
*c1ccc2c(c1)C(=O)N(c1ccc(-c3ccc4c(c3)C(=O)N(*)C4=O)c(CCCC)c1)C2=O,338.305
*N1C(=O)c2ccc(-c3nc4ccccc4s3)cc2C1=O,527.68
*N1C(=O)c2ccc(Oc3ccc(C(F)(F)F)cc3C(F)(F)F)cc2C1=O,388.81
*c1ccc2c(c1)C(=O)N(C(=O)c1ccc(C(c3ccc4c(c3)C(=O)N(c3ccc(-c5ccc6c(c5)C(=O)N(*)C6=O)cc3)C4=O)(C(F)(F)F)C(F)(F)F)cc1)C2=O,423.49
*c1ccc2c(c1)C(=O)N(C(=O)c1ccc(Oc3ccc4c(c3)C(=O)N(*)C4=O)cc1)C2=O,335.31
*c1ccc(Sc2ccc(C(c3ccc(-n4c(=O)c5cc6c(=O)n(*)c(=O)c6cc5c4=O)cc3)(C(F)(F)F)C(F)(F)F)cc2)cc1,449.83
*n1c(=O)c2ccc3c(=O)n(*)c(=O)c3c2c1=O,395.42
*n1c(=O)c2ccc3c(=O)c4ccccc4c3c2c1=O,633.995
*N1C(=O)c2ccccc2C1=O.*c1ccc2c(c1)C1(c3ccccc3-2)c2ccccc21,552.015
O=C1c2ccccc2C(=O)N1c1ccc2c(c1)C1(C=C2)CC2CC(CC(N3C(=O)c4ccccc4C3=O)C2)C1,514.45
CC1CC2CC(C2)CC1C(c1ccc(N2C(=O)c3ccccc3C2=O)cc1)c1ccc(N2C(=O)c3ccccc3C2=O)cc1,504.55
*c1ccc2c(c1)-c1ccc(-n3c(=O)c4cc5c(=O)n(*)c(=O)c5cc4c3=O)cc1C21c2ccc(*)cc21,504.65
O=C1c2ccccc2C(=O)N1c1ccc2c(c1)C1(c3ccc(OC4CC5CC(C4)CC(N4C(=O)c6ccccc6C4=O)C5)cc3-2)c2ccccc21,513.27
O=C1c2ccccc2C(=O)N1c1ccc2c(c1)C1(c3ccc(N4C(=O)c5ccc(-c6ccc7c(c6)C6(c8ccccc8-7)c7ccccc76)cc5C4=O)cc3-2)c2ccccc21,432.015
*N1C(=O)c2ccccc2C1=O.*c1ccc2c(c1)C1(CC3CCCC(C3)C1)c1ccccc1-2,463.79
*c1ccc2c(c1)C(=O)N(c1ccc(C3(c4ccc5c(c4)C(=O)N(*)C5=O)CC4CCCC(C4)C3)cc1)C2=O,435.22
*N1C(=O)c2ccc(-c3ccc4c(c3)C3(CC5CCCC(C5)C3)c3ccccc3-4)cc2C1=O,481.43
*N1C(=O)c2ccc(C(C)(C)c3ccc4c(c3)C3(c5ccccc5-4)c4ccccc43)cc2C1=O,552.765
*c1ccc2c(c1)-c1ccc(-c3ccc4c(c3)C(=O)N(*)C4=O)cc1C21c2ccccc21,564.57
*n1c(=O)c2cc3c(=O)n(-c4ccc(C(C)(C)C(F)(F)F)cc4)c(=O)c3cc2c1=O,521.99
*n1c(=O)c2ccc3c(=O)n(-c4cc(F)c(F)c(F)c4F)c(=O)c3c2c1=O,512.68
*n1c(=O)c2cc3c(=O)n(-c4ccc(F)cc4F)c(=O)c3cc2c1=O,424.885
*n1c(=O)c2cc3c(=O)n(-c4ccc(F)c(F)c4)c(=O)c3cc2c1=O,532.45
*N1C(=O)c2ccc(-c3ccc(N4C(=O)c5ccc(F)cc5C4=O)cc3)cc2C1=O,564.41
*c1ccc2c(c1)C(=O)N(c1ccc(C(F)(F)c3ccc4c(c3)C(=O)N(*)C4=O)cc1)C2=O,524.635
*n1c(=O)c2cc3c(=O)n(-c4ccc(OCCOCCO)cc4)c(=O)c3cc2c1=O,369.7
*n1c(=O)c2ccc3c(=O)n(-c4ccc(OC(F)(F)C(F)(F)F)cc4)c(=O)c3c2c1=O,506.66
*n1c(=O)c2ccc3c(=O)n(-c4cc(F)cc(F)c4)c(=O)c3c2c1=O,518.45
*n1c(=O)c2cc3c(=O)n(-c4ccc(F)c(F)c4F)c(=O)c3cc2c1=O,534.08
*n1c(=O)c2ccc3c(=O)n(-c4ccc(F)c(F)c4F)c(=O)c3c2c1=O,547.29
*n1c(=O)c2cc3c(=O)n(-c4c(F)cc(F)cc4F)c(=O)c3cc2c1=O,497.98
*n1c(=O)c2ccc3c(=O)n(-c4ccc(Oc5ccc(F)cc5)cc4)c(=O)c3c2c1=O,492.41
*n1c(=O)c2cc3c(=O)n(-c4ccc(Oc5cc(F)cc(F)c5)cc4)c(=O)c3cc2c1=O,374.475
*n1c(=O)c2cc3c(=O)n(-c4ccc(SC(F)(F)C(F)(F)F)cc4)c(=O)c3cc2c1=O,483.76
*n1c(=O)c2ccc3c(=O)n(-c4cc(C(F)(F)F)cc(C(F)(F)F)c4)c(=O)c3c2c1=O,466.96
*n1c(=O)c2ccc3c(=O)n(-c4ccc(F)cc4)c(=O)c3c2c1=O,528.83
*n1c(=O)c2ccc3c(=O)n(-c4ccc(F)c(F)c4)c(=O)c3c2c1=O,545.45
*c1ccc2c(c1)C(=O)N(c1ccc(-c3ccc4c(c3)C(=O)N(c3ccc(-c5ccc6c(c5)C(=O)N(*)C6=O)cc3)C4=O)cc1)C2=O,437.38
*N1C(=O)c2ccccc2C1=O.C[Si](C)(C)O[Si](C)(C)C,361.49
C[Si]1(C)O[Si](C)(C)O[Si](C)(C)O1,299.01
*CCCC[Si](C)(C)O[Si](C)(C)CCCCN(C(=O)c1ccc2c(c1)C(=O)N(*)C2=O)c1ccc(C=O)cc1,279.66
*CCCC[Si](C)(C)O[Si](C)(C)CCCCn1c(=O)c2ccccc2c(=O)n1*,317.75
*CCCC[Si](C)(C)O[Si](C)(C)O[Si](C)(C)CCCCn1c(=O)c2ccccc2c(=O)n1*,289.28
*CCCC[Si](C)(C)O[Si](C)(C)O[Si](C)(C)CCCCn1c(=O)c2cc3c(=O)n(*)c(=O)c3cc2c1=O,265.47
*CCCC[Si](C)(C)O[Si](C)(C)CCCCn1c(=O)c2ccc3c(=O)n(*)c(=O)c3c2c1=O,302.01
*c1ccc([Si](C)(C)O[Si](C)(C)Oc2ccc(-n3c(=O)c4ccccc4c(=O)n3*)cc2)cc1,326.48
*CCCC[Si](C)(C)O[Si](C)(C)O[Si](C)(C)O[Si](C)(C)CCCCn1c(=O)c2ccccc2c(=O)n1*,272.63
*N1C(=O)c2ccc(Oc3ccc(N4C(=O)c5ccccc5C4=O)cc3)cc2C1=O,532.14
*n1c(=O)c2ccccc2c(=O)n1-c1ccc(C(C)(C)c2ccc(N3C(=O)c4ccccc4C3=O)cc2)cc1,557.225
*CCCC[Si](C)(C)O[Si](C)(C)CCCCN1C(=O)c2ccccc2C1=O,300.09
*CCCC[Si](C)(C)O[Si](C)(C)O[Si](C)(C)O[Si](C)(C)O[Si](C)(C)CCCCn1c(=O)c2ccccc2c(=O)n1*,260.13
*CC[Si](C)(C)O[Si](C)(C)CCn1c(=O)c2ccccc2c(=O)n1*,350.32
*CC[Si](C)(C)O[Si](C)(C)O[Si](C)(C)CCn1c(=O)c2ccccc2c(=O)n1*,317.83
*CC[Si](C)(C)O[Si](C)(C)O[Si](C)(C)O[Si](C)(C)CCn1c(=O)c2ccccc2c(=O)n1*,297.15
*CC[Si](C)(C)O[Si](C)(C)CCn1c(=O)c2cc3c(=O)n(*)c(=O)c3cc2c1=O,232.99
*CC[Si](C)(C)O[Si](C)(C)O[Si](C)(C)CCn1c(=O)c2cc3c(=O)n(*)c(=O)c3cc2c1=O,281.99
*n1c(=O)c2ccccc2c(=O)n1-c1ccc(C(F)(F)c2ccc(N3C(=O)c4ccccc4C3=O)cc2)cc1,429.605
*n1c(=O)c2ccccc2c(=O)n1-c1ccc(Oc2ccc(N3C(=O)c4ccccc4C3=O)cc2)cc1,560.25
*CCCC[Si](C)(C)O[Si](C)(C)O[Si](C)(C)O[Si](C)(C)O[Si](C)(C)O[Si](C)(C)CCCCn1c(=O)c2ccccc2c(=O)n1*,250.52
*CCCC[Si](C)(C)O[Si](C)(C)O[Si](C)(C)CCCCn1c(=O)c2ccc3c(=O)n(*)c(=O)c3c2c1=O,280.58
*n1c(=O)c2ccccc2c(=O)n1-c1cc(N2C(=O)c3ccccc3C2=O)cc([Si](C)(C)C)c1,482.79
*CCCC[Si](C)(C)O[Si](C)(C)O[Si](C)(C)CCCCc1ccc2c(c1)C(=O)N(c1ccc(Oc3ccc4c(c3)C(=O)N(*)C4=O)cc1)C2=O,214.16
*CCCC[Si](C)(C)O[Si](C)(C)O[Si](C)(C)O[Si](C)(C)O[Si](C)(C)O[Si](C)(C)O[Si](C)(C)CCCCn1c(=O)c2ccccc2c(=O)n1*,241.01
*n1c(=O)c2ccccc2c(=O)n1-c1ccc(S(=O)(=O)c2ccc(N3C(=O)c4ccccc4C3=O)cc2)cc1,582.68
*CCCC[Si](C)(C)CCCCn1c(=O)c2ccccc2c(=O)n1*,367.5
*CCCC[Si](C)(C)O[Si](C)(C)O[Si](C)(C)O[Si](C)(C)CCCCn1c(=O)c2cc3c(=O)n(*)c(=O)c3cc2c1=O,256.99
*n1c(=O)c2ccccc2c(=O)n1-c1ccc(OC(=O)c2ccc(N3C(=O)c4ccccc4C3=O)cc2)cc1,574.59
*n1c(=O)c2ccccc2c(=O)n1-c1ccc(F)cc1,543.4
*CCCC[Si](C)(C)O[Si](C)(C)O[Si](C)(C)O[Si](C)(C)O[Si](C)(C)O[Si](C)(C)O[Si](C)(C)O[Si](C)(C)CCCCn1c(=O)c2ccccc2c(=O)n1*,232.88
*c1ccc2c(c1)C(=O)N(c1ccc(C(=O)c3ccc4c(c3)C(=O)N(*)C4=O)cc1)C2=O,479.31
*c1cccc(Oc2cccc(-n3c(=O)c4ccc5c(=O)n(*)c(=O)c5c4c3=O)c2)c1,343.76
C[Si](C)(CCCCN1C(=O)c2ccccc2C1=O)O[Si](C)(C)O[Si](C)(C)CCCCN1C(=O)c2ccccc2C1=O,195.54
C[Si](C)(CCCCN1C(=O)c2ccccc2C1=O)O[Si](C)(C)CCCCN1C(=O)c2ccccc2C1=O,219.6
*CCCC[Si](C)(C)O[Si](C)(C)CCCCc1ccc2c(c1)C(=O)N(c1ccc(Oc3ccc4c(c3)C(=O)N(*)C4=O)cc1)C2=O,232.41
*CCCC[Si](C)(C)O[Si](C)(C)O[Si](C)(C)O[Si](C)(C)O[Si](C)(C)O[Si](C)(C)O[Si](C)(C)O[Si](C)(C)O[Si](C)(C)O[Si](C)(C)CCCCn1c(=O)c2ccccc2c(=O)n1*,219.78
*CCCC[Si](C)(C)O[Si](C)(C)O[Si](C)(C)O[Si](C)(C)O[Si](C)(C)CCCCn1c(=O)c2ccc3c(=O)n(*)c(=O)c3c2c1=O,258.21
*n1c(=O)c2ccc3c(=O)n(-c4ccc(Cc5ccc(-n6c(=O)c7ccc8c(=O)n(*)c(=O)c8c7c6=O)cc5)cc4)c(=O)c3c2c1=O,420.71
*n1c(=O)c2ccc3c(=O)n(-c4ccc5c(c4)C4(c6ccccc6-5)c5ccccc54)c(=O)c3c2c1=O,616.5
*N1C(=O)c2ccc(-c3ccc4c(c3)C3(c5ccccc5-4)c4ccccc43)cc2C1=O,575.22
*n1c(=O)c2ccc3c(=O)n(-c4cc5c(cc4-c4ccc6c(c4)C4(c7ccccc7-6)c6ccccc64)C4(c6ccccc6-5)c5ccccc54)c(=O)c3c2c1=O,537.94
*N1C(=O)c2ccc3c(c2C1=O)C(=O)N1C(=O)CC2CC4CC(C2)CC31C4,402.8
*C1CC2CC(C1)CC(*)(n1c(=O)c3ccc4c(=O)n(*)c(=O)c4c3c1=O)C2,471.14
*N1C(=O)c2ccc(Oc3ccc4c(c3)C3(c5ccccc5-4)c4ccccc43)cc2C1=O,489.23
*N1C(=O)c2cc(cc(C(F)(F)F)c2)C(=O)N(*)C1=O,446.57
*n1c(=O)c2ccc(C(F)(F)F)cc2c(=O)n1*,469.25
*N1C(=O)c2cc(C(F)(F)F)cc3cc(C(F)(F)F)cc(c23)C1=O,478.095
*N1C(=O)c2ccc3c(C(F)(F)F)ccc(C(F)(F)F)c3c2C1=O,533.01
*N1C(=O)c2ccc(-n3c(=O)c4cc5c(=O)n(-c6ccc(C(F)(F)F)cc6)c(=O)c5cc4c3=O)cc2C1=O,513.03
*n1c(=O)c2cc3c(=O)n(-c4ccc(N5C(=O)c6ccc(C(F)(F)F)cc6C5=O)cc4)c(=O)c3cc2c1=O,518.805
*c1ccc(-n2c(=O)c3ccc(C(F)(F)F)cc3c(=O)n2*)cc1,489.51
*N1C(=O)c2ccc(C(F)(F)F)c(C(F)(F)F)c2C1=O,487.27
*N1C(=O)c2ccccc2C1=O.*[Si](C)(C)O[Si](*)(C)C,392.95
*C[Si](C)(C)O[Si](C)(C)C.*N1C(=O)c2ccccc2C1=O,369.33
*CCCC[Si](C)(C)O[Si](C)(C)CCCCN(C(=O)c1ccc(*)cc1)C(=O)c1ccc(-c2ccc3c(c2)C(=O)N(*)C3=O)cc1,269.63
*N1C(=O)c2ccccc2C1=O.*[Si](C)(C)O[Si](C)(C)C,418.77
*CCC[Si](C)(C)O[Si](C)(C)CCCn1c(=O)c2ccc3c(=O)n(CCC[Si](C)(C)O[Si](C)(C)CCCN4C(=O)c5ccc(*)cc5C4=O)c(=O)c3c2c1=O,213.32
C[Si](C)(O[Si](C)(C)N1C(=O)c2ccccc2C1=O)O[Si](C)(C)N1C(=O)c2ccccc2C1=O,388.91
*CC[Si](C)(C)O[Si](C)(C)CC.*N1C(=O)c2ccccc2C1=O,317.82
C[Si](C)(CCCCN1C(=O)c2ccccc2C1=O)O[Si](C)(C)O[Si](C)(C)O[Si](C)(C)CCCCN1C(=O)c2ccccc2C1=O,184.195
*CCC[Si](C)(C)O[Si](C)(C)O[Si](C)(C)CCCn1c(=O)c2cc3c(=O)n(*)c(=O)c3cc2c1=O,274.06
*N1C(=O)c2ccccc2C1=O.*[Si](C)(C)O[Si](C)(C)CCCN1C(=O)c2ccccc2C1=O,258.13
*CCC[Si](C)(C)O[Si](C)(C)CCCn1c(=O)c2ccc3c(=O)n(*)c(=O)c3c2c1=O,313.6
C[Si](C)(CCCCN1C(=O)c2ccccc2C1=O)O[Si](C)(C)O[Si](C)(C)O[Si](C)(C)O[Si](C)(C)O[Si](C)(C)CCCCN1C(=O)c2ccccc2C1=O,168.82
*c1ccc2c(c1)C(=O)N(CCC[Si](C)(C)O[Si](C)(C)CCCN1C(=O)c3ccc(*)cc3C1=O)C2=O,201.37
*C[Si](C)(C)O[Si](C)(C)O[Si](C)(C)C.*N1C(=O)c2ccccc2C1=O,322.58
C[Si](C)(CCCN1C(=O)c2ccccc2C1=O)O[Si](C)(C)O[Si](C)(C)O[Si](C)(C)O[Si](C)(C)O[Si](C)(C)O[Si](C)(C)CCCN1C(=O)c2ccccc2C1=O,167.32
*CCCC[Si](C)(C)O[Si](C)(C)CCCCN1C(=O)c2ccccc2C1=O.*N1C(=O)c2ccccc2C1=O,293.965
*CCCC[Si](C)(C)O[Si](C)(C)O[Si](C)(C)O[Si](C)(C)CCCCn1c(=O)c2ccc3c(=O)n(*)c(=O)c3c2c1=O,270.02
*c1ccc2c(c1)C(=O)N(CCCC[Si](C)(C)O[Si](C)(C)CCCCN1C(=O)c3ccc(*)cc3C1=O)C2=O,186.92
*N1C(=O)c2ccccc2C1=O.*[Si](C)(C)O[Si](C)(C)O[Si](C)(C)O[Si](C)(C)C,346.68
C[Si](C)(CCCN1C(=O)c2ccccc2C1=O)O[Si](C)(C)O[Si](C)(C)O[Si](C)(C)O[Si](C)(C)O[Si](C)(C)O[Si](C)(C)O[Si](C)(C)CCCN1C(=O)c2ccccc2C1=O,165.18
*CCC[Si](C)(C)O[Si](C)(C)O[Si](C)(C)O[Si](C)(C)O[Si](C)(C)CCCn1c(=O)c2cc3c(=O)n(*)c(=O)c3cc2c1=O,251.09
*c1ccc2c(c1)C(=O)N(CCC[Si](C)(C)O[Si](C)(C)O[Si](C)(C)CCCN1C(=O)c3ccc(*)cc3C1=O)C2=O,181.04
*N1C(=O)c2ccccc2C1=O.*[Si](C)(C)O[Si](C)(C)O[Si](C)(C)O[Si](C)(C)O[Si](C)(C)C,322.69
C[Si](C)(CCCCN1C(=O)c2ccccc2C1=O)O[Si](C)(C)O[Si](C)(C)O[Si](C)(C)O[Si](C)(C)O[Si](C)(C)O[Si](C)(C)O[Si](C)(C)CCCCN1C(=O)c2ccccc2C1=O,153.975
*CCC[Si](C)(C)O[Si](C)(C)O[Si](C)(C)O[Si](C)(C)O[Si](C)(C)CCCn1c(=O)c2ccc3c(=O)n(*)c(=O)c3c2c1=O,261.54
*N1C(=O)c2ccccc2C1=O.*[Si](C)(C)O[Si](C)(C)O[Si](C)(C)O[Si](C)(C)O[Si](C)(C)O[Si](C)(C)C,300.26
C[Si](C)(CCCN1C(=O)c2ccccc2C1=O)O[Si](C)(C)O[Si](C)(C)O[Si](C)(C)O[Si](C)(C)O[Si](C)(C)O[Si](C)(C)O[Si](C)(C)O[Si](C)(C)CCCN1C(=O)c2ccccc2C1=O,162.33
*CCC[Si](C)(C)O[Si](C)(C)O[Si](C)(C)O[Si](C)(C)O[Si](C)(C)O[Si](C)(C)CCCn1c(=O)c2cc3c(=O)n(*)c(=O)c3cc2c1=O,240.86
*c1ccc2c(c1)C(=O)N(CCC[Si](C)(C)O[Si](C)(C)O[Si](C)(C)O[Si](C)(C)O[Si](C)(C)CCCN1C(=O)c3ccc(*)cc3C1=O)C2=O,160.56
*N1C(=O)c2ccccc2C1=O.*[Si](C)(C)O[Si](C)(C)O[Si](C)(C)O[Si](C)(C)O[Si](C)(C)O[Si](C)(C)O[Si](C)(C)C,286.17
C[Si](C)(CCCCN1C(=O)c2ccccc2C1=O)O[Si](C)(C)O[Si](C)(C)O[Si](C)(C)O[Si](C)(C)O[Si](C)(C)O[Si](C)(C)O[Si](C)(C)O[Si](C)(C)O[Si](C)(C)CCCCN1C(=O)c2ccccc2C1=O,143.385
*CCC[Si](C)(C)O[Si](C)(C)O[Si](C)(C)O[Si](C)(C)O[Si](C)(C)O[Si](C)(C)CCCn1c(=O)c2ccc3c(=O)n(*)c(=O)c3c2c1=O,250.0
*c1ccc2c(c1)C(=O)N(CCCC[Si](C)(C)O[Si](C)(C)O[Si](C)(C)O[Si](C)(C)O[Si](C)(C)O[Si](C)(C)CCCCN1C(=O)c3ccc(*)cc3C1=O)C2=O,147.56
*N1C(=O)c2ccccc2C1=O.*[Si](C)(C)O[Si](C)(C)O[Si](C)(C)O[Si](C)(C)O[Si](C)(C)O[Si](C)(C)O[Si](C)(C)O[Si](C)(C)C,274.28
C[Si](C)(CCCN1C(=O)c2ccccc2C1=O)O[Si](C)(C)O[Si](C)(C)O[Si](C)(C)O[Si](C)(C)O[Si](C)(C)O[Si](C)(C)O[Si](C)(C)O[Si](C)(C)O[Si](C)(C)O[Si](C)(C)CCCN1C(=O)c2ccccc2C1=O,150.99
*CCC[Si](C)(C)O[Si](C)(C)O[Si](C)(C)O[Si](C)(C)O[Si](C)(C)O[Si](C)(C)O[Si](C)(C)CCCn1c(=O)c2cc3c(=O)n(*)c(=O)c3cc2c1=O,231.84
*c1ccc2c(c1)C(=O)N(CCC[Si](C)(C)O[Si](C)(C)O[Si](C)(C)O[Si](C)(C)O[Si](C)(C)O[Si](C)(C)O[Si](C)(C)CCCN1C(=O)c3ccc(*)cc3C1=O)C2=O,152.44
*C(=O)c1cc(C(F)(F)F)ccc1C(=O)N(*)c1ccc(-c2ccc3c(c2)C(=O)N(*)C3=O)cc1,461.37
*N1C(=O)c2cc3ccc(F)cc3cc2C1=O,521.83
*c1ccc(COc2ccc(-n3c(=O)c4cc5c(=O)n(*)c(=O)c5cc4c3=O)cc2)cc1,377.98
*n1c(=O)c2cc3c(=O)n(-c4ccc(C(=O)CF)cc4)c(=O)c3cc2c1=O,531.11
*c1ccc(N(c2ccc(-n3c(=O)c4cc5c(=O)n(*)c(=O)c5cc4c3=O)cc2)C(F)(F)F)cc1,521.33
*n1c(=O)c2cc3c(=O)n(-c4ccc(C(F)(F)c5cc(F)cc(F)c5)cc4)c(=O)c3cc2c1=O,533.05
*n1c(=O)c2cc3c(=O)n(-c4ccc(S(=O)(=O)c5ccc(C(F)(F)F)cc5)cc4)c(=O)c3cc2c1=O,497.61
*n1c(=O)c2cc3c(=O)n(-c4ccc(OCC(C)(C)CO)cc4)c(=O)c3cc2c1=O,423.52
*n1c(=O)c2ccc3c(=O)n(-c4ccc(C5(c6ccc(-n7c(=O)c8ccc9c(=O)n(*)c(=O)c9c8c7=O)cc6)CC5)cc4)c(=O)c3c2c1=O,445.35
*c1ccc2c(c1)C(=O)N(c1ccc(C3(c4ccc5c(c4)C(=O)N(*)C5=O)CC3)cc1)C2=O,388.325
*N1C(=O)c2ccc(C34CCC(C(C)(C)C)(CC(C(C)(C)C)C3)C4)cc2C1=O,404.27
*CC1(C2CC3CC(C2)CC(*)(*)C3)CC2CC(CC(n3c(=O)c4cc5c(=O)n(*)c(=O)c5cc4c3=O)C2)C1,432.21
*n1c(=O)c2ccc3c(=O)n(C4CC5CC(C4)CC(*)(*)C5)c(=O)c3c2c1=O,501.41
*c1ccc2c(c1)C(=O)N(c1ccc(-c3ccc4c(c3)C(=O)N(*)C4=O)c3c1-c1ccccc1C31c3ccccc31)C2=O,555.055
*c1ccc2c(c1)C(=O)N(c1ccc(-c3ccc4c(c3)C(=O)N(*)C4=O)c3ccccc13)C2=O,589.585
*c1ccc2c(c1)C(=O)N(c1ccc(C(C)(C)c3ccc4c(c3)C(=O)N(*)C4=O)c3c1-c1ccccc1C31c3ccccc31)C2=O,501.32
*n1c(=O)c2ccc3c(=O)n(-c4ccc(C5(c6ccc7c(c6)C6(c8ccccc8-7)c7ccccc76)CC5)cc4)c(=O)c3c2c1=O,534.22
*c1ccc2c(c1)C(=O)N(c1ccc(C3(c4ccc5c(c4)C(=O)N(*)C5=O)c4ccc(C)cc4-c4cc(C)ccc43)cc1)C2=O,559.41
*c1ccc2c(c1)C(=O)N(c1ccc(C3(c4ccc5c(c4)C(=O)N(*)C5=O)c4ccc(OC)cc4-c4cc(OC)ccc43)cc1)C2=O,484.01
*c1ccc2c(c1)C(=O)N(c1ccc(C3(c4ccc5c(c4)C(=O)N(*)C5=O)c4ccc(F)cc4-c4cc(F)ccc43)cc1)C2=O,585.39
*c1ccc2c(c1)C(=O)N(c1ccc(C3(c4ccc5c(c4)C(=O)N(*)C5=O)c4ccc(C(F)(F)F)cc4-c4cc(C(F)(F)F)ccc43)cc1)C2=O,539.5
*c1ccc2c(c1)C(=O)N(c1ccc(C3(c4ccc(C5(c6ccc7c(c6)C(=O)N(*)C7=O)CC5)cc4)CC3)cc1)C2=O,427.41
*n1c(=O)c2ccc3c(=O)n(C45CCC(C(C)(C)C)(CC(C(C)(C)C)C4)C5)c(=O)c3c2c1=O,428.06
*n1c(=O)c2cc3c(=O)n(C45CCC(C(C)(C)C)(CC(C(C)(C)C)C4)C5)c(=O)c3cc2c1=O,417.99
*c1ccc2c(c1)C(=O)N(c1ccc(C3(c4ccc5c(c4)C(=O)N(*)C5=O)C4CCC3(c3ccccc3)C4)cc1)C2=O,457.81
*N1C(=O)c2c(F)ccc(F)c2C1=O,520.9
*n1c(=O)c2cc3c(=O)n(-c4c(F)ccc(F)c4F)c(=O)c3cc2c1=O,523.34
*n1c(=O)c2cc3c(=O)n(-c4ccc(C(F)(F)F)cc4-n4c(=O)c5cc6c(=O)n(*)c(=O)c6cc5c4=O)c(=O)c3cc2c1=O,449.38
*c1ccc(Nc2cc(C(F)(F)F)ccc2-n2c(=O)c3cc4c(=O)n(*)c(=O)c4cc3c2=O)cc1,549.72
*n1c(=O)c2cc3c(=O)n(-c4ccc(C(F)(F)F)cc4C)c(=O)c3cc2c1=O,538.97
*n1c(=O)c2cc3c(=O)n(-c4ccc(C(F)(F)F)cc4OC)c(=O)c3cc2c1=O,479.68
*c1ccc(-c2cc(C(F)(F)F)ccc2-n2c(=O)c3cc4c(=O)n(*)c(=O)c4cc3c2=O)cc1,517.845
*c1ccc(C(F)(F)F)cc1Oc1cc(C(F)(F)F)ccc1-n1c(=O)c2cc3c(=O)n(*)c(=O)c3cc2c1=O,377.07
*n1c(=O)c2cc3c(=O)n(-c4ccc(Oc5ccc(C(F)(F)F)cc5F)cc4)c(=O)c3cc2c1=O,491.67
*N1C(=O)c2ccc(Oc3ccc(F)c(F)c3)cc2C1=O,396.36
*c1ccc2c(c1)C(=O)N(c1ccc(C(F)(F)F)cc1-c1ccc3c(c1)C(=O)N(*)C3=O)C2=O,496.15
*c1ccc(Oc2cc(-n3c(=O)c4cc5c(=O)n(*)c(=O)c5cc4c3=O)ccc2F)cc1,458.54
*n1c(=O)c2cc3c(=O)n(-c4ccc(Oc5ccc(F)c(F)c5)cc4)c(=O)c3cc2c1=O,443.09
*c1ccc(Oc2ccc(C(c3ccc4c(c3)C(=O)N(*)C4=O)(C(F)(F)F)C(F)(F)F)cc2)cc1,427.93
*c1ccc(C(C)(C)c2ccc(-c3ccc(-n4c(=O)c5cc6c(=O)n(*)c(=O)c6cc5c4=O)cc3)cc2)cc1,480.0
O=C1C(=O)[C@@H]2CC[C@@H]1C2.O=C1C(=O)[C@@H]2CC[C@@H]1C2,295.125
*C(=O)C12CCC(C1)C21C(=O)N(*)N(*)C1=O,420.43
*C(=O)[C@@H]1[C@@H]2CC[C@H]1C(=O)N(*)N(*)C2=O,244.705
*N1C(=O)[C@H]2C[C@H](C(F)(F)F)C[C@H]2C1=O,270.135
*N1C(=O)[C@H]2CCC(C(F)(F)F)(C2)C1=O,309.4
*N1C(=O)[C@H]2CC[C@@H](C2)C1=O.*N1C(=O)[C@H]2CC[C@@H](C2)C1=O,269.75
*N1C(=O)[C@H]2C[CH][C@@H](CC2)C1=O,271.47
*N1C(=O)[C@H]2CC(C)C[C@@H]2C1=O,272.88
*N1C(=O)[C@H]2CCC(CC)(C2)C1=O,286.34
*N1C(=O)[C@H]2C[C@H]3C[C@@H](C3)[C@@H]2C1=O,309.62
*N1C(=O)[C@@H]2CCC(C(C)(C)C)(C2)C1=O,315.5
*N1C(=O)[C@H]2C[C@H](F)C[C@H]2C1=O,294.71
*N1C(=O)[C@H]2C[C@H](CC(=O)O)C[C@H]2C1=O,272.09
*N1C(=O)[C@H]2C[C@H](N)C[C@H]2C1=O,292.485
*N1C(=O)[C@H]2C[C@H](OCC)C[C@H]2C1=O,264.99
*N1C(=O)[C@H]2CC(SC)C[C@@H]2C1=O,273.07
*N1C(=O)[C@H]2CCC(CF)(C2)C1=O,320.56
*N1C(=O)[C@H]2C[C@H](C(=O)OC)C[C@H]2C1=O,283.46
*N1C(=O)[C@H]2C[C@H](c3ccccc3)C[C@H]2C1=O,307.69
*N1C(=O)[C@H]2CCC(CCl)(C2)C1=O,283.45
*N1C(=O)[C@H]2CCC(C(F)(F)C(F)(F)F)(C2)C1=O,300.83
*N1C(=O)[C@H]2C[C@H](CN)C[C@H]2C1=O,279.09
*N1C(=O)[C@H]2CCC(CO)(C2)C1=O,284.59
*N1C(=O)[C@H]2CCC(C(C)C)(C2)C1=O,299.27
*c1ccc(Sc2ccc3c(c2)C(=O)N(*)C3=O)cc1,465.14
*c1ccc(Oc2ccc(Oc3ccc(Oc4ccc5c(c4)C(=O)N(*)C5=O)cc3)cc2)cc1,304.52
*n1c(=O)c2cc3c(=O)n(-c4ccc(Oc5ccc(OC(F)(F)F)cc5)cc4)c(=O)c3cc2c1=O,455.45
*c1ccc(Oc2ccc(C(F)(F)c3ccc(Oc4ccc5c(c4)C(=O)N(*)C5=O)cc3)cc2)cc1,336.26
C[Si](C)(CCCCC(=O)N1C(=O)c2ccccc2C1=O)O[Si](C)(C)CCCCN1C(=O)c2ccccc2C1=O,237.27
*CCCC[Si](C)(C)O[Si](C)(C)n1c(=O)c2cc3c(=O)n(*)c(=O)c3cc2c1=O,383.78
*CCCC[Si](C)(C)O[Si](C)(C)CCCCN(C(=O)c1ccc2c(c1)C(=O)N(*)C2=O)c1ccc(C(*)=O)cc1,273.43
*O[Si](C)(C)CCCCn1c(=O)c2cc3c(=O)n(CCCC[Si](C)(C)O*)c(=O)c3cc2c1=O,176.19
C[Si](C)(C)O[Si](C)(C)CCCCN1C(=O)c2ccccc2C1=O,271.05
C[Si](C)(Oc1ccc(N2C(=O)c3ccccc3C2=O)cc1)O[Si](C)(C)Oc1ccc(N2C(=O)c3ccccc3C2=O)cc1,387.15
*N1C(=O)c2ccc(-c3ccc(N(*)CCCC[Si](C)(C)O[Si](C)(C)CCCC)cc3)cc2C1=O,206.37
C[Si](C)(CCCCN1C(=O)c2ccccc2C1=O)O[Si](C)(C)O[Si](C)(C)O[Si](C)(C)O[Si](C)(C)CCCCN1C(=O)c2ccccc2C1=O,172.81
C[Si](C)(C)CCCCn1c(=O)c2cc3c(=O)n(CCCC[Si](C)(C)C)c(=O)c3cc2c1=O,208.9
*N1C(=O)c2ccc(Oc3ccc(N(*)CCCC[Si](C)(C)O[Si](C)(C)CCCC)cc3)cc2C1=O,176.97
C[Si](C)(C)CCCCc1ccc2c(c1)C(=O)N(c1ccc(-c3ccc4c(c3)C(=O)N(CCCC[Si](C)(C)C)C4=O)cc1)C2=O,185.44
C[Si](C)(C)O[Si](C)(C)O[Si](C)(C)CCCCN1C(=O)c2ccccc2C1=O,227.07
CC(C)(c1ccc(N2C(=O)c3ccccc3C2=O)cc1)c1ccc(N2C(=O)c3ccccc3C2=O)cc1,579.12
*N(CCCC[Si](C)(C)O[Si](C)(C)CCCC)C(=O)c1ccc2c(c1)C(=O)N(*)C2=O,176.01
C[Si](C)(C)CCCCc1ccc2c(c1)C(=O)N(c1ccc(Oc3ccc4c(c3)C(=O)N(CCCC[Si](C)(C)C)C4=O)cc1)C2=O,155.31
O=C1c2ccccc2C(=O)N1c1ccc(S(=O)(=O)c2ccc(N3C(=O)c4ccccc4C3=O)cc2)cc1,475.43
*N1C(=O)c2ccc(-c3ccc(N(*)CCCC[Si](C)(C)O[Si](C)(C)O[Si](C)(C)CCCC)cc3)cc2C1=O,180.57
*NC(=O)c1ccc(-c2ccc(N(*)C(=O)c3ccc(-c4ccc5c(c4)C(=O)N(*)C5=O)cc3)cc2)cc1,434.11
*NC(=O)c1ccc(Cc2ccc(N(*)C(=O)c3ccc(Cc4ccc5c(c4)C(=O)N(*)C5=O)cc3)cc2)cc1,374.14
*NC(=O)c1ccc(OC(F)(F)C(F)(F)Oc2ccc(N(*)C(=O)c3ccc(OC(F)(F)C(F)(F)Oc4ccc5c(c4)C(=O)N(*)C5=O)cc3)cc2)cc1,264.03
*n1c(=O)c2ccc3c(=O)n(-c4ccc(C(CF)(CF)CF)cc4)c(=O)c3c2c1=O,520.645
*n1c(=O)c2ccc3c(=O)n(-c4ccc(Oc5ccc(C(F)(F)F)cc5)cc4)c(=O)c3c2c1=O,517.97
*c1cccc(C(CF)(CF)c2ccc(-n3c(=O)c4ccc5c(=O)n(*)c(=O)c5c4c3=O)cc2)c1,485.22
*c1cccc(Sc2ccc(-c3ccc(-n4c(=O)c5ccc6c(=O)n(*)c(=O)c6c5c4=O)cc3)cc2)c1,496.97
*c1ccc(C(F)(F)F)cc1Oc1ccc(-c2ccc3c(c2)C(=O)N(*)C3=O)cc1,393.345
*c1ccc2c(c1)C(=O)N(c1ccc(Oc3ccc(Cc4ccc(Oc5ccc6c(c5)C(=O)N(*)C6=O)cc4)cc3)cc1)C2=O,276.935
*c1ccc2c(c1)C(=O)N(c1ccc(Oc3ccc(Oc4ccc(Oc5ccc6c(c5)C(=O)N(*)C6=O)cc4)cc3)cc1)C2=O,260.9
*N1C(=O)[C@H]2C[C@@H](C(=O)N1*)[C@@H]1CC[C@@H]12,273.92
*N1C(=O)[C@H]2CC(=O)[C@@H](C2)C1=O,302.31
*N1C(=O)C2CCCCC2(C(F)(F)F)C1=O,439.67
*N1C(=O)C2(CC)CCC(CC)(C2)C(=O)N1*,347.04
*N1C(=O)[C@@H]2CC(CC)C[C@H]2C(=O)N1*,255.01
*N1C(=O)N(*)C(=O)C2(CC2)C1=O,394.71
*N1C(=O)C(=O)C2CC[C@@H](C2)C1=O,317.92
*C(=O)C1(C(*)=O)CCC2(C1)C(=O)N(*)C2=O,368.47
*N1C(=O)[C@@H]2CC[C@H](C(C)(C)C)C[C@H]2C(=O)N1*,233.96
*N1C(=O)N(*)C(=O)C2(CCCC2)C1=O,396.1
*N1C(=O)[C@H]2C[C@@H](C(=O)N1*)[C@@H]2C,268.285
*N1C(=O)[C@H]2CCC(C(C)(C)C)(C2)C(=O)N1*,273.21
*CCCC[Si](C)(C)O[Si](C)(C)CCCCN(C(=O)c1ccc(*)cc1)C(=O)c1ccc2c(c1)C(=O)N(*)C2=O,269.23
*N1C(=O)c2ccccc2C1=O.*[Si](C)(C)CCCCN1C(=O)c2ccccc2C1=O,312.09
*O[Si](C)(C)CCCC[Si](C)(C)n1c(=O)c2cc3c(=O)n(*)c(=O)c3cc2c1=O,243.14
C[Si](C)(CCCCN1C(=O)c2ccccc2C1=O)[Si](C)(C)CCCCN1C(=O)c2ccccc2C1=O,247.51
*N1C(=O)c2ccccc2C1=O.*N1C(=O)c2ccccc2C1=O.*[Si](C)(C)O[Si](*)(C)C,396.9
*n1c(=O)c2cc3c(=O)n([Si](C)(C)O[Si](C)(C)O[Si](C)(C)O[Si](*)(C)C)c(=O)c3cc2c1=O,211.205
*c1ccc2c(c1)C(=O)N(c1ccc(-c3ccc4c(c3)C(=O)N(CCCC[Si](C)(C)O[Si](C)(C)CCCC)C4=O)cc1)C2=O,224.87
*N1C(=O)c2ccccc2C1=O.*N1C(=O)c2ccccc2C1=O.*O[Si](C)(C)O[Si](C)(C)O[Si](*)(C)C,355.46
*N1C(=O)c2ccc(-c3ccc(N4C(=O)c5ccc([Si](C)(C)O[Si](*)(C)C)cc5C4=O)cc3)cc2C1=O,444.05
*CCCC[Si](C)(C)O[Si](C)(C)CCCCn1c(=O)c2cc3c(n(*)c(=O)c4cc(c2)c(cc4C(F)(F)F)c1=O)=CC=C3C(F)(F)F,292.92
*c1ccc2c(c1)C(=O)N(c1ccc(-c3ccc4c(c3)C(=O)N(CCCC[Si](C)(C)O[Si](C)(C)O[Si](C)(C)CCCC)C4=O)cc1)C2=O,204.625
*N1C(=O)c2ccc(C(C)(C)c3ccc(N4C(=O)c5ccc([Si](C)(C)O[Si](*)(C)C)cc5C4=O)cc3)cc2C1=O,389.91
C[Si](C)(O[Si](C)(C)O[Si](C)(C)N1C(=O)c2ccccc2C1=O)O[Si](C)(C)N1C(=O)c2ccccc2C1=O,352.2
*c1ccc([Si](C)(C)O[Si](C)(C)c2ccc(-n3c(=O)c4cc5c(=O)n(*)c(=O)c5cc4c3=O)cc2)cc1,357.22
C[Si](C)(CCCCN1C(=O)c2ccccc2C1=O)O[Si](C)(C)O[Si](C)(C)O[Si](C)(C)O[Si](C)(C)O[Si](C)(C)O[Si](C)(C)CCCCN1C(=O)c2ccccc2C1=O,161.79
*N1C(=O)c2ccc(Oc3ccc(N4C(=O)c5ccc(O[Si](C)(C)O[Si](*)(C)C)cc5C4=O)cc3)cc2C1=O,279.785
*c1ccc2c(c1)C(=O)N(c1ccc(-c3ccc4c(c3)C(=O)N([Si](C)(C)O[Si](C)(C)O[Si](C)(C)O[Si](C)(C)O[Si](*)(C)C)C4=O)cc1)C2=O,298.48
*CCCC[Si](C)(C*)O[Si](C)(C)O*.*N1C(=O)c2ccccc2C1=O.*N1C(=O)c2ccccc2C1=O,353.88
*c1ccc2c(c1)C(=O)N(c1ccc(-c3ccc4c(c3)C(=O)N(CCCC[Si](C)(C)O[Si](C)(C)O[Si](C)(C)O[Si](C)(C)CCCC)C4=O)cc1)C2=O,202.81
*N1C(=O)c2ccc(S(=O)(=O)c3ccc(N4C(=O)c5ccc([Si](C)(C)O[Si](*)(C)C)cc5C4=O)cc3)cc2C1=O,371.095
C[Si](C)(O[Si](C)(C)O[Si](C)(C)N1C(=O)c2ccccc2C1=O)O[Si](C)(C)O[Si](C)(C)N1C(=O)c2ccccc2C1=O,321.81
*N1C(=O)c2ccc(C(=O)c3ccc(N4C(=O)c5ccc([Si](C)(C)O[Si](*)(C)C)cc5C4=O)cc3)cc2C1=O,377.375
*c1ccc2c(c1)C(=O)N(c1ccc(-c3ccc4c(c3)C(=O)N([Si](C)(C)O[Si](C)(C)O[Si](C)(C)O[Si](C)(C)O[Si](C)(C)O[Si](*)(C)C)C4=O)cc1)C2=O,286.49
*N1C(=O)c2cc3c(=O)n4c(=O)ccc([Si](C)(C)O[Si](*)(C)C)ccc(oc5ccc4cc5)c3cc2C1=O,360.96
C[Si](C)(CCCCN1C(=O)c2ccccc2C1=O)O[Si](C)(C)O[Si](C)(C)O[Si](C)(C)O[Si](C)(C)O[Si](C)(C)O[Si](C)(C)O[Si](C)(C)O[Si](C)(C)CCCCN1C(=O)c2ccccc2C1=O,152.11
*CCCC[Si](C)(C)O[Si](C)(C)CCCCc1ccc2c(c1)C(=O)N(c1ccc(-c3ccc4c(c3)C(=O)N(*)C4=O)cc1)C2=O,262.04
*c1ccc2c(c1)C(=O)N(c1ccc(-c3ccc4c(c3)C(=O)N(CCCC[Si](C)(C)O[Si](C)(C)O[Si](C)(C)O[Si](C)(C)O[Si](C)(C)CCCC)C4=O)cc1)C2=O,207.75
*N1C(=O)c2ccccc2C1=O.*O[Si](C)(C)O[Si](C)(C)O[Si](C)(C)O[Si](C)(C)O[Si](*)(C)C,309.0
C[Si](C)(O[Si](C)(C)O[Si](C)(C)O[Si](C)(C)N1C(=O)c2ccccc2C1=O)O[Si](C)(C)O[Si](C)(C)N1C(=O)c2ccccc2C1=O,294.815
*c1ccc2c(c1)C(=O)N(c1ccc(-c3ccc4c(c3)C(=O)N([Si](C)(C)O[Si](C)(C)O[Si](C)(C)O[Si](C)(C)O[Si](C)(C)O[Si](C)(C)O[Si](*)(C)C)C4=O)cc1)C2=O,286.25
*N1C(=O)[C@@H]2CC[C@H](CC2=O)C(=O)N1CCCC,240.21
*N1C(=O)[C@H]2CC[C@@H](CC2)C1=O,295.97
*N1C(=O)C2CC3CC(C2)CC(C3)C1=O,430.26
*N1C(=O)C2CCC(C2)C(=O)N1*,325.015
*N1C(=O)C2CCCC(C2)C1=O,409.0
*N1C(=O)C2(CCC(C)(C)C2)C1=O,392.835
*N1C(=O)[C@@H]2CC[C@@H](C1=O)C2C,291.8
*N1C(=O)C2CC3CC(C3)(C2)C1=O,419.58
*N1C(=O)C2CC(C)C(C2)C1=O,408.78
*N1C(=O)C2CCC(C2)C1=O,357.435
*c1ccc(-n2c(=O)c3ccc4c(=O)n(*c5ccc(C(F)(F)F)cc5)c(=O)c4c3c2=O)cc1,524.37
*N(C(=O)c1ccccc1)C(=O)c1ccc(C(c2ccc3c(c2)C(=O)N(*)C3=O)(C(F)(F)F)C(F)(F)F)cc1,514.035
*N(C(=O)c1ccc(C(c2ccc3c(c2)C(=O)N(*)C3=O)(C(F)(F)F)C(F)(F)F)cc1)C(=O)c1ccc2c(c1)C(=O)N(*)C2=O,422.29
*N1C(=O)c2ccc(C(c3ccc(-n4c(=O)c5cc6c(=O)n(*)c(=O)c6cc5c4=O)cc3)(C(F)(F)F)C(F)(F)F)cc2C1=O,373.35
*N1C(=O)c2ccc(-c3ccc(C(c4ccc(N5C(=O)c6ccccc6C5=O)cc4)(C(F)(F)F)C(F)(F)F)cc3)cc2C1=O,584.34
*n1c(=O)c2cc3c(=O)n(*c4cccc(C(F)(F)F)c4)c(=O)c3cc2c1=O,406.365
*n1c(=O)c2ccc3c(=O)n(*c4cccc(C(F)(F)F)c4)c(=O)c3c2c1=O,411.925
*N1C(=O)c2ccc(-c3ccc(-n4c(=O)c5ccc6c(=O)n(*c7ccc(C(F)(F)F)cc7)c(=O)c6c5c4=O)cc3)cc2C1=O,505.15
*N1C(=O)c2ccc(-c3ccc(Oc4ccc(Oc5ccc(C(F)(F)F)cc5)cc4)cc3)cc2C1=O,423.23
*N1C(=O)c2ccc(-c3ccc(S(=O)(=O)c4ccc(C(F)(F)F)cc4)cc3)cc2C1=O,508.77
*N1C(=O)c2ccc(-c3ccc(-n4c(=O)c5cc6c(=O)n(*c7ccc(C(F)(F)F)cc7)c(=O)c6cc5c4=O)cc3)cc2C1=O,510.23
*N1C(=O)c2ccc(NC(=O)c3ccc(C(F)(F)F)cc3)cc2C1=O,580.39
*N1C(=O)c2ccc(-c3ccc(NC(=O)c4ccc(C(F)(F)F)cc4)cc3)cc2C1=O,576.51
*N(C=O)C(=O)c1cc2cc3c(ccc4cc5c(=O)n(*)c(=O)c5cc43)cc12,457.6
*N1C(=O)c2ccc(-c3ccc(-c4ccc(-c5ccc(-n6c(=O)c7cc8c(=O)n(*)c(=O)c8cc7c6=O)cc5)cc4)cc3)cc2C1=O,463.955
*c1ccc2c(c1)C(=O)N(c1ccc(C(=O)c3ccc(Oc4ccc5c(c4)C(=O)N(*)C5=O)cc3)cc1)C2=O,395.29
*n1c(=O)c2cc3c(=O)n(-c4cccc(Cc5ccccc5)c4)c(=O)c3cc2c1=O,498.59
*n1c(=O)c2ccc3c(=O)n(*c4cccc(OC)c4)c(=O)c3c2c1=O,396.675
*n1c(=O)c2cc3c(=O)n(-c4cccc(S(=O)(=O)c5ccccc5)c4)c(=O)c3cc2c1=O,542.98
*n1c(=O)c2ccc3c(=O)n(*c4cccc(Cc5ccccc5)c4)c(=O)c3c2c1=O,488.65
*n1c(=O)c2ccc3c(=O)n(*c4ccc(C(C)(CF)CF)cc4)c(=O)c3c2c1=O,515.97
*n1c(=O)c2cc3c(=O)n(-c4ccc(OC)cc4)c(=O)c3cc2c1=O,366.915
*n1c(=O)c2cc3c(=O)n(-c4cccc(C(C)(C)c5ccccc5)c4)c(=O)c3cc2c1=O,538.18
*c1ccc(Sc2ccc(-n3c(=O)c4cc5c(=O)n(*)c(=O)c5cc4c3=O)cc2)cc1,406.795
*c1cccc(OC(=O)c2ccc(*n3c(=O)c4ccc5c(=O)n(*)c(=O)c5c4c3=O)cc2)c1,464.56
*c1ccc(Oc2ccc(-n3c(=O)c4ccccc4c(=O)n3*)cc2)cc1,495.25
*N1C(=O)[C@H]2C[C@H](Cl)CC[C@H]2C1=O,247.82
*N1C(=O)C2CCC(CC(C)(C)C)(CC2)C1=O,344.55
*N1C(=O)[C@H]2[C@@H](O)CC[C@H]2C1=O,288.61
*N1C(=O)[C@@H]2[C@H](F)CC[C@@H]2C1=O,287.9
*N1C(=O)[C@@H]2CC[C@H](C(C)(C)C)C[C@H]2C1=O,244.12
*N1C(=O)[C@@H]2CC(CC(C)(C)C)C[C@H]2C1=O,240.87
*N1C(=O)[C@H]2CCCCC[C@@H]2C1=O,271.52
*N1C(=O)[C@H]2C[C@H]3C[C@@H](C3)[C@H]2C1=O,320.67
*N1C(=O)[C@H]2CC[C@@H](OC)C[C@@H]2C1=O,246.89
*N1C(=O)[C@@H]2CCC(C)(C)C[C@H]2C1=O,261.34
*N1C(=O)[C@H]2CC[C@H](N(C)C)C[C@H]2C1=O,242.54
*N1C(=O)[C@H]2C[C@H](SC)C[C@H]2C1=O,268.185
*N1C(=O)[C@H]2CC[C@H](c3cccc(C)c3)C[C@H]2C1=O,273.72
*N1C(=O)[C@H]2C[C@H](c3ccc(OC)cc3)CC[C@H]2C1=O,304.1
*N1C(=O)[C@H]2C[C@H](c3ccc(F)cc3)C[C@H]2C1=O,294.235
*N1C(=O)[C@H]2C[C@H](c3ccc(Cl)cc3)CC[C@H]2C1=O,303.38
*N1C(=O)[C@H]2C[C@H](c3ccc(C(F)(F)F)cc3)CC[C@H]2C1=O,293.62
*N1C(=O)[C@H]2C[C@H](c3ccccc3)CC[C@H]2C1=O,288.38
*N1C(=O)[C@H]2C[C@H](c3ccncc3)C[C@H]2C1=O,280.04
*N1C(=O)[C@H]2CC[C@H](c3ccc(C)nc3)C[C@H]2C1=O,276.92
*N1C(=O)[C@H]2C[C@H](c3ccc4ccccc4c3)C[C@H]2C1=O,323.31
*N1C(=O)[C@H]2CC[C@H](c3cccc4ccccc34)C[C@H]2C1=O,317.96
*N1C(=O)[C@H]2C[C@H](c3ccc(N(C)C)cc3)C[C@H]2C1=O,285.25
*N1C(=O)[C@H]2CC[C@H](c3ccc(OCC)cc3)C[C@H]2C1=O,286.65
*N1C(=O)[C@H]2C[C@H](c3ccc(SC)cc3)C[C@H]2C1=O,300.66
*N1C(=O)[C@H]2CC[C@H](c3ccc(CC)cc3)C[C@H]2C1=O,272.63
*N1C(=O)[C@H]2C[C@H](c3ccc(C(C)(C)C)cc3)C[C@H]2C1=O,306.45
*N1C(=O)[C@H]2CC[C@H](c3ccc(-c4ccccc4)cc3)C[C@H]2C1=O,327.61
*N1C(=O)[C@H]2C[C@H](c3ccc(-c4ccc(C)cc4)cc3)C[C@H]2C1=O,331.5
*N1C(=O)[C@H]2CC[C@H](c3ccc(-c4ccc(OC)cc4)cc3)C[C@H]2C1=O,332.7
*c1cc(C(F)(F)F)ccc1Oc1ccc(C(F)(F)F)cc1-n1c(=O)c2cc3c(=O)n(*)c(=O)c3cc2c1=O,387.71
*c1ccc2c(c1)C(=O)N(c1c(-c3ccc4c(c3)C(=O)N(*)C4=O)cc(C(F)(F)F)cc1C(F)(F)F)C2=O,483.65
*n1c(=O)c2cc3c(=O)n(-c4ccc(C(F)(F)c5ccc(-n6c(=O)c7cc8c(=O)n(*)c(=O)c8cc7c6=O)cc5)cc4)c(=O)c3cc2c1=O,427.21
*n1c(=O)c2cc3c(=O)n(-c4ccc(Oc5cc(C(F)(F)F)ccc5-n5c(=O)c6cc7c(=O)n(*)c(=O)c7cc6c5=O)cc4)c(=O)c3cc2c1=O,438.79
*c1ccc2c(c1)C(=O)N(c1ccc(F)cc1-c1ccc3c(c1)C(=O)N(*)C3=O)C2=O,539.03
*c1ccc2c(c1)C(=O)N(c1cc(Oc3ccc(C(F)(F)F)cc3)ccc1-c1ccc3c(c1)C(=O)N(*)C3=O)C2=O,425.38
*c1ccc2c(c1)C(=O)N(c1cc(C(F)(F)F)ccc1-c1ccc3c(c1)C(=O)N(*)C3=O)C2=O,513.25
*c1ccc2c(c1)C(=O)N(c1ccc(C(F)(F)F)cc1Oc1ccc3c(c1)C(=O)N(*)C3=O)C2=O,386.265
*n1c(=O)c2cc3c(=O)n(-c4cc(C(F)(F)F)ccc4OC(F)(F)F)c(=O)c3cc2c1=O,430.52
*N1C(=O)c2ccc(-c3ccc(F)c(F)c3)cc2C1=O,543.31
*n1c(=O)c2cc3c(=O)n(-c4ccc(OC(F)(F)OC(F)(F)F)cc4)c(=O)c3cc2c1=O,421.83
*n1c(=O)c2cc3c(=O)n(-c4ccc(OC(F)(F)F)c(F)c4)c(=O)c3cc2c1=O,456.23
*N1C(=O)c2ccc(-c3ccc(OC(F)(F)C(F)(F)OC(F)(F)F)cc3)cc2C1=O,414.02
*c1ccc(Oc2ccc3c(c2)C(=O)N(c2ccc(-c4ccc5c(c4)C(=O)N(*)C5=O)cc2)C3=O)cc1,340.96
*c1ccc2c(c1)C(=O)N(c1ccc(C(C)(C)c3ccc(Oc4ccc5c(c4)C(=O)N(*)C5=O)cc3)cc1)C2=O,332.67
*c1ccc(N(c2ccc(*)cc2)c2ccc(Oc3ccc(-n4c(=O)c5cc6c(=O)n(*)c(=O)c6cc5c4=O)cc3)cc2)cc1,426.65
*c1ccc(Oc2ccc(Oc3ccc(-c4ccc5c(c4)C(=O)N(*)C5=O)cc3)cc2)cc1,303.295
*c1ccc(C(=O)c2ccc(Sc3ccc(-n4c(=O)c5cc6c(=O)n(*)c(=O)c6cc5c4=O)cc3)cc2)cc1,447.58
*c1ccc(Sc2ccc(Oc3ccc(-c4ccc5c(c4)C(=O)N(*)C5=O)cc3)cc2)cc1,418.3
*c1ccc(Sc2ccc(Sc3ccc(-c4ccc5c(c4)C(=O)N(*)C5=O)cc3)cc2)cc1,339.395
*c1ccc2c(c1)-c1ccc(N3C(=O)c4ccc5ccccc5c4C3=O)cc1C21c2ccccc21,537.33
*c1ccc2c(c1)C(=O)N(c1ccc3c(c1)-c1ccc(-c4ccc5c(c4)C(=O)N(*)C5=O)cc1C31c3ccccc31)C2=O,547.79
*N1C(=O)c2ccccc2C1=O.*c1ccc2c(c1)-c1ccc(*)cc1C21c2ccccc21,540.65
O=C1c2ccccc2C(=O)N1c1ccc2c(c1)-c1ccc(N3C(=O)c4ccccc4C3=O)cc1C21CC1,564.16
*c1ccc2c(c1)-c1ccc(-n3c(=O)c4ccc5c(=O)n(*)c(=O)c5c4c3=O)cc1C21CC1,479.28
*c1ccc2c(c1)-c1ccc(N3C(=O)c4ccccc4C3=O)cc1C21c2ccccc21,554.66
*N1C(=O)c2ccccc2C1=O.*c1ccc2c(c1)C1(c3ccc(N4C(=O)c5ccccc5C4=O)cc3-2)c2ccccc21,565.83
*N1C(=O)c2ccccc2C1=O.*c1ccc(C(C)(C)c2ccc3c(c2)C(=O)N(*)C3=O)cc1,531.9
*n1c(=O)c2ccc3c(=O)n(-c4ccc(C56CCC7CC5CC7C6)cc4)c(=O)c3c2c1=O,530.27
*n1c(=O)c2ccc3c(=O)n(-c4ccc(C56CC7CC(CC(C7)C5)C6)cc4)c(=O)c3c2c1=O,464.805
*N1C(=O)c2ccc(C34CC5CC(CC(C5)C3)C4)cc2C1=O.*N1C(=O)c2ccccc2C1=O,477.38
*N1C(=O)c2ccccc2C1=O.*c1ccc2c(c1)-c1ccc(-c3ccc4c(c3)C(=O)N(*)C4=O)cc1C21c2ccccc21,544.54
*c1ccc(Oc2ccc3c(c2)-c2ccc(Oc4ccc(-n5c(=O)c6ccc7c(=O)n(*)c(=O)c7c6c5=O)cc4)cc2C32c3ccccc32)cc1,441.36
*N1C(=O)c2ccccc2C1=O.*c1ccc(-c2ccc3c(c2)C(=O)N(*)C3=O)cc1,571.585
*N1C(=O)c2ccc(C(c3ccccc3)(c3ccccc3)c3ccccc3)cc2C1=O.*N1C(=O)c2ccccc2C1=O,518.04
*n1c(=O)c2ccc3c(=O)n(-c4ccc(C(c5ccccc5)(c5ccccc5)c5ccccc5)cc4)c(=O)c3c2c1=O,544.42
*N1C(=O)c2ccc(C34CC5CC(CC(C5)C3)C4)cc2C1=O,414.81
*N1C(=O)c2ccccc2C1=O.*c1ccc(Cc2ccc3c(c2)C(=O)N(*)C3=O)cc1,484.31
*n1c(=O)c2ccc3c(=O)n(-c4ccc(-n5c(=O)c6ccc7c(=O)n(*)c(=O)c7c6c5=O)cc4)c(=O)c3c2c1=O,475.23
*N1C(=O)c2ccccc2C1=O.C[Si](C)(C)O[Si](C)(C)CCCCN1C(=O)c2ccccc2C1=O,267.9
C[Si](C)(CCCCC(=O)N1C(=O)c2ccccc2C1=O)O[Si](C)(C)O[Si](C)(C)CCCCN1C(=O)c2ccccc2C1=O,210.965
C[Si](C)(C)CCCCC(=O)N1C(=O)c2ccccc2C1=O,343.76
*CCCC[Si](C)(C)O[Si](C)(C)CCCCN1C(=O)c2ccc(C(C)(C)c3ccc4c(c3)C(=O)N(*)C4=O)cc2C1=O,274.69
C[Si](C)(Oc1ccc(N2C(=O)c3ccccc3C2=O)cc1)Oc1ccc(N2C(=O)c3ccccc3C2=O)cc1,458.41
*N1C(=O)c2ccccc2C1=O.*N1C(=O)c2ccccc2C1=O.C[Si](C)(O)O,411.21
C[Si](C)(CCCCC(=O)N1C(=O)c2ccccc2C1=O)O[Si](C)(C)O[Si](C)(C)O[Si](C)(C)CCCCN1C(=O)c2ccccc2C1=O,200.13
*N1C(=O)c2ccccc2C1=O.*N1C(=O)c2ccccc2C1=O.CCCC[Si](C)(C)O[Si](C)(C)CCCCN1C(=O)c2ccccc2C1=O,225.72
CCCC[Si](C)(C)O[Si](C)(C)CCCCN1C(=O)c2ccc(-c3ccc4c(c3)C(=O)N(CCCC[Si](C)(C)O[Si](C)(C)CCCC)C4=O)cc2C1=O,174.62
*N1C(=O)c2ccccc2C1=O.C[Si](C)(C)CCCCC(=O)N1C(=O)c2ccccc2C1=O,322.0
C[Si](C)(CCCCC(=O)N1C(=O)c2ccccc2C1=O)O[Si](C)(C)O[Si](C)(C)O[Si](C)(C)O[Si](C)(C)CCCCN1C(=O)c2ccccc2C1=O,182.805
*CCCC[Si](C)(C)O[Si](C)(C)CCCCc1ccc2c(c1)C(=O)N(C(=O)c1ccc(Oc3ccc4c(c3)C(=O)N(*)C4=O)cc1)C2=O,220.95
C[Si](C)(CCCCC(=O)N1C(=O)c2ccccc2C1=O)O[Si](C)(C)O[Si](C)(C)O[Si](C)(C)O[Si](C)(C)O[Si](C)(C)CCCCN1C(=O)c2ccccc2C1=O,175.005
C[Si](C)(O)CCCCn1c(=O)c2ccc3c(=O)n(CCCC[Si](C)(C)O)c(=O)c3c2c1=O,233.96
*N1C(=O)c2ccccc2C1=O.*N1C(=O)c2ccccc2C1=O.CCCC[Si](C)(C)O[Si](C)(C)CCCC,299.83
C[Si](C)(CCCCC(=O)N1C(=O)c2ccccc2C1=O)O[Si](C)(C)O[Si](C)(C)O[Si](C)(C)O[Si](C)(C)O[Si](C)(C)O[Si](C)(C)CCCCN1C(=O)c2ccccc2C1=O,170.44
*N1C(=O)c2ccccc2C1=O.*N1C(=O)c2ccccc2C1=O.C[Si](C)(C)O[Si](C)(C)C,375.0
*n1c(=O)c2ccc3c(=O)n(-c4ccc([Si](C)(C)O[Si](C)(C)c5ccc(-n6c(=O)c7ccc8c(=O)n(*)c(=O)c8c7c6=O)cc5)cc4)c(=O)c3c2c1=O,372.21
*N1C(=O)c2ccccc2C1=O.*N1C(=O)c2ccccc2C1=O.CCCC[Si](C)(C)CCCC,358.51
C[Si](C)(O[Si](C)(C)O[Si](C)(C)c1ccc(N2C(=O)c3ccccc3C2=O)cc1)O[Si](C)(C)c1ccc(N2C(=O)c3ccccc3C2=O)cc1,371.27
*N1C(=O)c2ccccc2C1=O.*N1C(=O)c2ccccc2C1=O.C[Si](C)(C)O[Si](C)(C)O[Si](C)(C)C,334.96
C[Si](C)(CCCCC(=O)N1C(=O)c2ccccc2C1=O)O[Si](C)(C)O[Si](C)(C)O[Si](C)(C)O[Si](C)(C)O[Si](C)(C)O[Si](C)(C)O[Si](C)(C)CCCCN1C(=O)c2ccccc2C1=O,164.48
*c1ccc([Si](C)(C)O[Si](C)(C)O[Si](C)(C)c2ccc(-n3c(=O)c4ccc5c(=O)n(*)c(=O)c5c4c3=O)cc2)cc1,330.585
*N1C(=O)c2ccccc2C1=O.*N1C(=O)c2ccccc2C1=O.C[Si](C)(C)O[Si](C)(C)O[Si](C)(C)O[Si](C)(C)C,314.52
CCCC[Si](C)(C)O[Si](C)(C)CCCCn1c(=O)c2ccc3c(=O)n(CCCC[Si](C)(C)O[Si](C)(C)O[Si](C)(C)CCCC)c(=O)c3c2c1=O,169.27
*CCCC[Si](C)(C)O[Si](C)(C)CCCCc1ccc2c(c1)C(=O)N(C(=O)c1ccc(-c3ccc4c(c3)C(=O)N(*)C4=O)cc1)C2=O,251.64
*c1ccc([Si](C)(C)O[Si](C)(C)O[Si](C)(C)O[Si](C)(C)c2ccc(-n3c(=O)c4ccc5c(=O)n(*)c(=O)c5c4c3=O)cc2)cc1,297.39
C[Si](C)(CCCCC(=O)N1C(=O)c2ccccc2C1=O)O[Si](C)(C)O[Si](C)(C)O[Si](C)(C)O[Si](C)(C)O[Si](C)(C)O[Si](C)(C)O[Si](C)(C)O[Si](C)(C)CCCCN1C(=O)c2ccccc2C1=O,160.415
*N1C(=O)c2ccccc2C1=O.*O[Si](C)(C)O*,421.12
*N1C(=O)c2ccc(C(F)(F)c3ccc(N4C(=O)c5ccc([Si](C)(C)O[Si](*)(C)C)cc5C4=O)cc3)cc2C1=O,402.1
*n1c(=O)c2cc3c(=O)n(CCCC[Si](*)(C)C)c(=O)c3cc2c1=O,257.03
*N1C(=O)c2ccc(Oc3ccc(N4C(=O)c5ccc([Si](C)(C)O[Si](*)(C)C)cc5C4=O)cc3)cc2C1=O,310.88
C[Si](C)(C)CCCN1C(=O)c2ccc(-c3ccc4c(c3)C(=O)N(CCC[Si](C)(C)C)C4=O)cc2C1=O,270.0
*N1C(=O)c2ccc(-c3ccc(N4C(=O)c5ccc(CCCC[Si](C)(C)O[Si](*)(C)C)cc5C4=O)cc3)cc2C1=O,207.83
*CCCC[Si](C)(C)O[Si](C)(C)CCCCN1C(=O)c2ccc3c(=O)n(*)c(=O)c-3cc(c2)C1=O,295.82
*N1C(=O)c2ccccc2C1=O.*N1C(=O)c2ccccc2C1=O.*O[Si](C)(C)O*,438.87
*n1c(=O)c2ccc3c(=O)n(CCCC[Si](C)(C)O[Si](*)(C)C)c(=O)c3c2c1=O,234.09
*N1C(=O)c2ccc(-c3ccc(N4C(=O)c5ccc([Si](C)(C)O[Si](C)(C)O[Si](*)(C)C)cc5C4=O)cc3)cc2C1=O,366.31
C[Si](C)(C)CCCc1ccc2c(c1)C(=O)N(c1ccc(Oc3ccc4c(c3)C(=O)N(CCC[Si](C)(C)C)C4=O)cc1)C2=O,177.87
*n1c(=O)c2cc3c(=O)n(-c4ccc(Oc5ccc([Si](C)(C)O[Si](*)(C)C)cc5)cc4)c(=O)c3cc2c1=O,370.05
*CCC[Si](C)(C)O[Si](C)(C)CCCc1ccc2c(c1)C(=O)N(c1ccc(-c3ccc4c(c3)C(=O)N(*)C4=O)cc1)C2=O,284.45
C[Si](C)(C)CCCn1c(=O)c2cc3c(=O)n(CCC[Si](C)(C)C)c(=O)c3cc2c1=O,218.3
*CCC[Si](C)(C)O[Si](C)(C)CCCc1ccc2c(c1)C(=O)N(c1ccc(Oc3ccc4c(c3)C(=O)N(*)C4=O)cc1)C2=O,251.49
*[Si](C)(C)CCCc1ccc2c(c1)C(=O)N(c1ccc(-c3ccc4c(c3)C(=O)N(CCC[Si](*)(C)C)C4=O)cc1)C2=O,196.33
*N1C(=O)c2ccc(-c3ccc(N4C(=O)c5ccc([Si](C)(C)O[Si](C)(C)O[Si](C)(C)O[Si](*)(C)C)cc5C4=O)cc3)cc2C1=O,334.18
*[Si](C)(C)CCCCc1ccc2c(c1)C(=O)N(c1ccc(C(F)(F)c3ccc4c(c3)C(=O)N(CCCC[Si](*)(C)C)C4=O)cc1)C2=O,168.46
*N1C(=O)c2ccc(Oc3ccc(Oc4ccc(N5C(=O)c6ccc([Si](C)(C)O[Si](*)(C)C)cc6C5=O)cc4)cc3)cc2C1=O,275.72
CC(C)(c1ccc(N2C(=O)c3ccc(CCC[Si](C)(C)C)cc3C2=O)cc1)c1ccc2c(c1)C(=O)N(CCC[Si](C)(C)C)C2=O,194.61
*CCCC[Si](C)(C)O[Si](C)(C)CCCCN1C(=O)c2ccc(-c3ccc4c(c3)C(=O)N(*)C4=O)cc2C1=O,202.455
*[Si](C)(C)O[Si](C)(C)CCCc1ccc2c(c1)C(=O)N(c1ccc(Oc3ccc4c(c3)C(=O)N(CCC[Si](C)(C)O[Si](*)(C)C)C4=O)cc1)C2=O,139.4
*N1C(=O)c2ccc(-c3ccc(-c4ccc(N5C(=O)c6ccc([Si](C)(C)O[Si](*)(C)C)cc6C5=O)cc4)cc3)cc2C1=O,400.61
C[Si](C)(C)CCCc1ccc2c(c1)C(=O)N(c1ccc(S(=O)(=O)c3ccc4c(c3)C(=O)N(CCC[Si](C)(C)C)C4=O)cc1)C2=O,197.11
*N1C(=O)c2ccc(Oc3ccc(N4C(=O)c5ccc([Si](C)(C)O[Si](C)(C)O[Si](*)(C)C)cc5C4=O)cc3)cc2C1=O,280.79
*c1ccc(Oc2ccc(-n3c(=O)c4cc5c(=O)n(CCC[Si](*)(C)C)c(=O)c5cc4c3=O)cc2)cc1,240.16
*CCCC[Si](C)(C)O[Si](C)(C)O[Si](C)(C)CCCCc1ccc2c(c1)C(=O)N(c1ccc(-c3ccc4c(c3)C(=O)N(*)C4=O)cc1)C2=O,238.47
*CC[Si](C)(C)O[Si](C)(C)CCc1ccc2c(c1)C(=O)N(c1ccc(-c3ccc4c(c3)C(=O)N(*)C4=O)cc1)C2=O,307.5
*[Si](C)(C)O[Si](C)(C)O[Si](C)(C)O[Si](C)(C)CCCc1ccc2c(c1)C(=O)N(c1ccc(-c3ccc4c(c3)C(=O)N(CCC[Si](C)(C)O[Si](C)(C)O[Si](C)(C)O[Si](*)(C)C)C4=O)cc1)C2=O,129.1
*N1C(=O)c2ccc(Oc3ccc(C(C)(C)c4ccc(Oc5ccc(N6C(=O)c7ccc([Si](C)(C)O[Si](*)(C)C)cc7C6=O)cc5)cc4)cc3)cc2C1=O,277.01
*c1cccc2c1C(=O)N(c1cccc(P(=O)(c3ccccc3)c3cccc(-c4cccc5c4C(=O)N(*)C5=O)c3)c1)C2=O,423.06
*N1C(=O)[C@H]2[C@H]3CC[C@@H](C3)C[C@@H]2C1=O,299.59
*N1C(=O)C2(C)CCC(C(C)(C)C)(C2)C1=O,373.57
*N1NC(=O)[C@H]2C[C@@H](C1=O)[C@@H]1CC[C@@H]2C1,256.71
*N1C(=O)[C@H]2CC[C@@H](C2)C(=O)N(*)C1=O,283.875
*N1C(=O)C2CC(C(F)(F)F)(C(F)(F)F)CC2C1=O,438.15
*N1C(=O)C2CC(C(C)(C)C)C[C@H]2C1=O,330.93
*N1C(=O)C2(OC(F)(F)F)CCC(OC(F)(F)F)(C2)C1=O,331.86
*N1C(=O)C2CCCC2(C)C1=O,399.87
*N1NC(=O)[C@H]2CC[C@@H](C1=O)[C@H]1CC[C@@H]2CC1,243.94
*N1C(=O)C2(Cl)CCC(Cl)(C2)C1=O,350.58
*N1C(=O)C2CCC(C(C)(C)C)(CC2)C(=O)N1*,315.13
*N1C(=O)[C@@H]2CC[C@H](C2)C(=O)N(*)C1=O,294.825
*N1C(=O)C2CC(C(C)C)CC2C1=O,400.29
*N1C(=O)[C@H]2CC[C@H](CC2)C(=O)N1*,275.25
*N1C(=O)C2CC(OCC)CC2C1=O,377.92
*N1C(=O)C2(C3CC3)CCC(C3CC3)(C2)C1=O,423.24
*N1NC(=O)[C@H]2CC[C@H](C1=O)[C@H]1CC[C@@H]2CC1,249.23
*N1C(=O)C2CCC(CC)(CC2)C(=O)N1*,348.85
*c1ccc(Oc2ccc(C(=O)N(*)c3ccc(Oc4ccc5c(c4)C(=O)N(*)C5=O)cc3)cc2)cc1,351.01
*c1ccc(Sc2ccc(CSc3ccc(-n4c(=O)c5cc6c(=O)n(*)c(=O)c6cc5c4=O)cc3)cc2)cc1,367.76
*C(=O)c1ccc(C(=O)N(*)c2ccc(Sc3ccc(C(=O)c4ccc(Sc5ccc6c(c5)C(=O)N(*)C6=O)cc4)cc3)cc2)cc1,308.505
*C(=O)c1ccc(C(=O)N(*)c2ccc(Oc3ccc(C(=O)Oc4ccc(Oc5ccc6c(c5)C(=O)N(*)C6=O)cc4)cc3)cc2)cc1,326.89
*c1ccc(Oc2ccc(C(=O)c3ccc(S(=O)(=O)c4ccc(Oc5ccc(-n6c(=O)c7cc8c(=O)n(*)c(=O)c8cc7c6=O)cc5)cc4)cc3)cc2)cc1,361.86
*c1ccc(Oc2ccc(Oc3ccc(C(C)(C)c4ccc(Oc5ccc(-n6c(=O)c7cc8c(=O)n(*)c(=O)c8cc7c6=O)cc5)cc4)cc3)cc2)cc1,365.29
*C(=O)c1ccc(C(=O)N(*)c2ccc(Oc3ccc(OC(=O)c4ccc(Oc5ccc6c(c5)C(=O)N(*)C6=O)cc4)cc3)cc2)cc1,307.38
*C(=O)c1ccc(C(=O)N(*)c2ccc(Sc3ccc(Sc4ccc(Oc5ccc6c(c5)C(=O)N(*)C6=O)cc4)cc3)cc2)cc1,344.08
*C(=O)c1ccc(C(=O)N(*)C(=O)c2ccc(Oc3ccc4c(c3)C(=O)N(*)C4=O)cc2)cc1,399.7
*C(=O)c1ccc(C(=O)N(*)c2ccc(Sc3ccc(-c4ccc5c(c4)C(=O)N(*)C5=O)cc3)cc2)cc1,330.255
*C(=O)c1ccc(C(=O)N(*)c2ccc(Sc3ccc(Sc4ccc(-c5ccc6c(c5)C(=O)N(*)C6=O)cc4)cc3)cc2)cc1,365.7
*N1C(=O)c2ccc3c(c2C1=O)c(=O)n(*)c1cc2c(cc31)C(c1ccccc1)(C1(c3ccccc3)c3ccccc31)c1ccccc1-2,538.62
*n1c(=O)c2ccc3c(=O)n(-c4ccc5c(c4)C(C(F)(F)F)c4ccccc4-5)c(=O)c3c2c1=O,625.03
*N1C(=O)c2ccc(Oc3ccc4c(c3)C(c3ccccc3)(c3ccccc3)c3ccccc3-4)cc2C1=O,476.265
*n1c(=O)c2ccc3c(=O)n(-c4ccc5c(c4)C4(c6ccccc6)CCCC4c4ccccc4-5)c(=O)c3c2c1=O,474.06
*n1c(=O)c2ccc3c(=O)n(-c4ccc5c(c4)C(c4ccccc4)(c4ccc(N(C)C)cc4)c4ccccc4-5)c(=O)c3c2c1=O,598.59
*n1c(=O)c2ccc3c(=O)n(-c4ccc5c(c4)C(c4ccccc4)(c4cccc(C)c4)c4ccccc4-5)c(=O)c3c2c1=O,592.21
*n1c(=O)c2ccc3c(=O)n(-c4ccc5c(c4)C(c4ccccc4)(c4ccc(C(C)(C)C)cc4)c4ccccc4-5)c(=O)c3c2c1=O,562.35
*n1c(=O)c2ccc3c(=O)n(-c4ccc5c(c4)C(c4ccccc4)(c4ccc(C6(c7ccccc7)c7ccccc76)cc4)c4ccccc4-5)c(=O)c3c2c1=O,516.14
*n1c(=O)c2ccc3c(=O)n(-c4ccc5c(c4)C(c4ccccc4)(c4ccc(Oc6ccccc6)cc4)c4ccccc4-5)c(=O)c3c2c1=O,561.19
*n1c(=O)c2ccc3c(=O)n(-c4ccc5c(c4)C(c4ccccc4)(c4ccc(Sc6ccccc6)cc4)c4ccccc4-5)c(=O)c3c2c1=O,563.28
*n1c(=O)c2ccc3c(=O)n(-c4ccc5c(c4)C(c4ccccc4)(c4ccc(C(=O)c6ccccc6)cc4)c4ccccc4-5)c(=O)c3c2c1=O,566.52
*n1c(=O)c2ccc3c(=O)n(-c4ccc5c(c4)C(c4ccccc4)(c4ccc(S(=O)(=O)c6ccccc6)cc4)c4ccccc4-5)c(=O)c3c2c1=O,568.43
*n1c(=O)c2ccc3c(=O)n(-c4ccc5c(c4)C(c4ccccc4)(c4cc(F)cc(F)c4)c4ccccc4-5)c(=O)c3c2c1=O,594.59
*n1c(=O)c2ccc3c(=O)n(-c4ccc5c(c4)C(c4ccccc4)(c4ccc(C)c(C)c4)c4ccccc4-5)c(=O)c3c2c1=O,601.87
*n1c(=O)c2ccc3c(=O)n(-c4ccc5c(c4)C(c4ccccc4)(c4ccc(-c6ccccc6)cc4)c4ccccc4-5)c(=O)c3c2c1=O,573.74
*N(c1ccccc1)c1ccc(C2(c3ccccc3)c3ccccc3-c3ccc(-n4c(=O)c5ccc6c(=O)n(*)c(=O)c6c5c4=O)cc32)cc1,538.77
*n1c(=O)c2ccc3c(=O)n(-c4ccc5c(c4)C(c4ccccc4)(c4ccc(C(=O)Oc6ccccc6)cc4)c4ccccc4-5)c(=O)c3c2c1=O,548.19
*n1c(=O)c2ccc3c(=O)n(-c4ccc5c(c4)C(c4ccccc4)(c4ccc(OC(=O)c6ccccc6)cc4)c4ccccc4-5)c(=O)c3c2c1=O,560.84
*n1c(=O)c2ccc3c(=O)n(*c4ccc(C(CF)(CF)CF)cc4)c(=O)c3c2c1=O,486.94
*n1c(=O)c2cc3c(=O)n(-c4ccc(C(C)(C)c5ccc(F)cc5)cc4)c(=O)c3cc2c1=O,511.12
*n1c(=O)c2cc3c(=O)n(-c4ccc(C(CF)(CF)c5ccc(C(F)(F)F)cc5)cc4)c(=O)c3cc2c1=O,509.45
*n1c(=O)c2cc3c(=O)n(-c4ccc(C(C)(C)c5cccc(C(F)(F)F)c5)cc4)c(=O)c3cc2c1=O,536.4
*n1c(=O)c2cc3c(=O)n(-c4ccc(C(CF)(CF)CF)c(C(F)(F)F)c4)c(=O)c3cc2c1=O,470.45
*n1c(=O)c2cc3c(=O)n(-c4ccc(C(F)(F)c5ccc(C(F)(F)F)cc5)cc4)c(=O)c3cc2c1=O,527.41
*n1c(=O)c2cc3c(=O)n(-c4ccc(C(C)(C)c5ccc(Oc6ccc(C(F)(F)F)cc6)cc5)cc4)c(=O)c3cc2c1=O,491.11
*n1c(=O)c2cc3c(=O)n(-c4ccc(C(C)(C)c5ccc(C(F)(F)F)c(F)c5)cc4)c(=O)c3cc2c1=O,512.84
*C(=O)c1cccc(C(=O)N(*)c2cccc(-c3ccc4c(c3)C(=O)N(*)C4=O)c2)c1,479.29
*n1c(=O)c2cc3c(=O)n(-c4ccc(-c5ccc(S(C)(=O)=O)cc5)cc4)c(=O)c3cc2c1=O,537.77
*N(C(=O)c1ccc(-c2ccc3c(c2)C(=O)N(*)C3=O)cc1)C(=O)c1ccc(-c2ccc3c(c2)C(=O)N(*)C3=O)cc1,492.455
*N(C(=O)c1ccc(-c2ccc3c(c2)C(=O)N(*)C3=O)cc1)C(=O)c1ccc(-c2ccc3c(c2)C(=O)N(c2ccc(-c4ccc5c(c4)C(=O)N(*)C5=O)cc2)C3=O)cc1,444.55
*N(C(=O)c1ccc(-c2ccc3c(c2)C(=O)N(*)C3=O)cc1)C(=O)c1ccc(-c2ccc3c(c2)C(=O)N(c2ccc(-n4c(=O)c5cc6c(=O)n(*)c(=O)c6cc5c4=O)cc2)C3=O)cc1,434.45
*c1ccc(-n2c(=O)c3ccc4c(=O)n(-c5ccc6c(c5)C5(c7ccccc7-6)c6ccccc65)c(=O)c4c3c2=O)cc1,561.155
*N1C(=O)c2ccc(C3(c4ccccc4)c4ccccc4-c4ccccc43)cc2C1=O,604.26
*N1C(=O)c2ccc(C3(C(C)(C)C)CC4CC(CC(C(C)(C)C)C4)C3)cc2C1=O,411.63
*N1C(=O)c2ccc(-c3ccc(C4(c5ccccc5)c5ccccc5-c5ccccc54)cc3)cc2C1=O,600.86
*N1C(=O)c2ccc(C3(CC4CCCC4)c4ccccc4-c4ccccc43)cc2C1=O,518.79
*N1C(=O)c2ccc(-c3ccc(N4C(=O)c5ccc(C6(c7ccccc7)c7ccccc7-c7ccccc76)cc5C4=O)cc3)cc2C1=O,603.05
*c1ccc2c(c1)C(=O)N(C1CC3CC(C1)CC(c1ccc4c(c1)C(=O)N(*)C4=O)(N1C(=O)c4ccc(*)cc4C1=O)C3)C2=O,413.07
*c1ccc2c(c1)C(=O)N(c1ccc(C3(c4ccc5c(c4)C(=O)N(*)C5=O)c4ccccc4-c4ccccc43)cc1)C2=O,628.36
*c1ccc2c(c1)C(=O)N(C1(c3ccc4c(c3)C(=O)N(*)C4=O)CC3CC(*)CC(C3)C1)C2=O,440.0
*N1C(=O)c2ccc(C3(c4ccccc4-c4ccccc4)c4ccccc4-c4ccccc43)cc2C1=O,573.44
*N1C(=O)c2ccc(-c3ccc4c(c3)-c3ccccc3C43c4ccccc43)cc2C1=O,574.48
*c1ccc(C2(c3ccc4c(c3)C(=O)N(*)C4=O)c3ccccc3-c3ccccc32)cc1,614.15
*c1ccc2c(c1)C(=O)N(C1(c3ccc4c(c3)C(=O)N(*)C4=O)CC3CC(CC(C4CC5CC(*)CC(C5)C4)C3)C1)C2=O,401.83
*c1ccc2c(c1)C(=O)N(c1ccc(Oc3ccc(C4(c5ccc6c(c5)C(=O)N(*)C6=O)c5ccccc5-c5ccccc54)cc3)cc1)C2=O,552.85
*c1ccc2c(c1)C(=O)N(c1ccc(C3(c4ccc(-c5ccc6c(c5)C(=O)N(*)C6=O)cc4)c4ccccc4-c4ccccc43)cc1)C2=O,599.445
*c1ccc2c(c1)C(=O)N(c1cccc(C3(c4ccc5c(c4)C(=O)N(*)C5=O)c4ccccc4-c4ccccc43)c1)C2=O,587.95
*c1ccc2c(c1)C(=O)N(c1ccc(C(C)(C)c3ccc(C4(c5ccc6c(c5)C(=O)N(*)C6=O)c5ccccc5-c5ccccc54)cc3)cc1)C2=O,531.58
*N1C(=O)c2ccc(-c3ccc(-c4ccc5c(c4)C4(c6ccccc6-5)c5ccccc54)cc3)cc2C1=O,553.465
*N1C(=O)c2ccc(C3(c4ccc(C5(c6ccccc6)c6ccccc6-c6ccccc65)cc4)c4ccccc4-c4ccccc43)cc2C1=O,537.99
*N1C(=O)c2ccc(-c3ccc(N4C(=O)c5ccc(-c6ccc7c(c6)C6(c8ccccc8-7)c7ccccc76)cc5C4=O)cc3)cc2C1=O,549.03
*c1ccc2c(c1)C(=O)N(c1ccc(S(=O)(=O)c3ccc(C4(c5ccc6c(c5)C(=O)N(*)C6=O)c5ccccc5-c5ccccc54)cc3)cc1)C2=O,556.71
*c1ccc2c(c1)C(=O)N(c1ccc(-c3ccc(C4(c5ccc6c(c5)C(=O)N(*)C6=O)c5ccccc5-c5ccccc54)cc3)cc1)C2=O,588.23
*c1ccc2c(c1)C(=O)N(c1ccc(Oc3ccc4c(c3)-c3ccc(-c5ccc6c(c5)C(=O)N(*)C6=O)cc3C43c4ccccc43)cc1)C2=O,463.7
*N1C(=O)c2ccc(C3(c4ccc(-c5ccc6c(c5)C5(c7ccccc7-6)c6ccccc65)cc4)c4ccccc4-c4ccccc43)cc2C1=O,540.65
*CCCC[Si](C)(C)O[Si](C)(C)CCCCN(C(=O)c1ccccc1)C(=O)c1ccc2c(c1)C(=O)N(*)C2=O,303.68
*CCCC[Si](C)(C)O[Si](C)(C)O[Si](C)(C)O[Si](C)(C)CCCCN1C(=O)c2ccccc2C1=O,258.11
*n1c(=O)c2cc3c(=O)n(-c4ccc(Oc5ccccc5)cc4)c(=O)c3cc2c1=O,394.335
*CCCC[Si](C)(C)O[Si](C)(C)O[Si](C)(C)O[Si](C)(C)O[Si](C)(C)O[Si](C)(C)CCCCN1C(=O)c2ccccc2C1=O,232.95
C[Si](C)(C)CCCCn1c(=O)c2ccc3c(=O)n(CCCC[Si](C)(C)C)c(=O)c3c2c1=O,225.095
C[Si](C)(C)O[Si](C)(C)O[Si](C)(C)O[Si](C)(C)O[Si](C)(C)O[Si](C)(C)O[Si](C)(C)O[Si](C)(C)O[Si](C)(C)CCCCN1C(=O)c2ccccc2C1=O,184.3
*CCCC[Si](C)(C)O[Si](C)(C)CCCCn1c(=O)c2cc3c(=O)n(-c4ccc(C(C)(C)c5ccc(-n6c(=O)c7cc8c(=O)n(*)c(=O)c8cc7c6=O)cc5)cc4)c(=O)c3cc2c1=O,294.14
C[Si](C)(C)CCCCN1C(=O)c2ccc(-c3ccc4c(c3)C(=O)N(CCCC[Si](C)(C)C)C4=O)cc2C1=O,237.005
*CCCC[Si](C)(C)O[Si](C)(C)CCCCc1ccc2c(c1)C(=O)N(c1ccc(C(F)(F)c3ccc4c(c3)C(=O)N(*)C4=O)cc1)C2=O,248.31
*CCCC[Si](C)(C)O[Si](C)(C)CCCCc1ccc2c(c1)C(=O)N(c1ccc(S(=O)(=O)c3ccc4c(c3)C(=O)N(*)C4=O)cc1)C2=O,256.3
C[Si](C)(C)CCCCc1ccc2c(c1)C(=O)N(c1ccc(S(=O)(=O)c3ccc4c(c3)C(=O)N(CCCC[Si](C)(C)C)C4=O)cc1)C2=O,181.21
*CCCC[Si](C)(C)O[Si](C)(C)CCCCn1c(=O)c2cc3c(=O)n(-c4ccc(Oc5ccc(-n6c(=O)c7cc8c(=O)n(*)c(=O)c8cc7c6=O)cc5)cc4)c(=O)c3cc2c1=O,282.09
C[Si](C)(C)CCCCn1c(=O)c2cc3c(=O)n(-c4ccc(Oc5ccc(-n6c(=O)c7cc8c(=O)n(CCCC[Si](C)(C)C)c(=O)c8cc7c6=O)cc5)cc4)c(=O)c3cc2c1=O,194.76
C[Si](C)(C)CCCCN1C(=O)c2ccc(Oc3ccc4c(c3)C(=O)N(CCCC[Si](C)(C)C)C4=O)cc2C1=O,154.94
*CCCC[Si](C)(C)O[Si](C)(C)O[Si](C)(C)O[Si](C)(C)CCCCc1ccc2c(c1)C(=O)N(c1ccc(-c3ccc4c(c3)C(=O)N(*)C4=O)cc1)C2=O,226.71
C[Si](C)(C)O[Si](C)(C)O[Si](C)(C)CCCCn1c(=O)c2ccc3c(=O)n(CCCC[Si](C)(C)O[Si](C)(C)O[Si](C)(C)C)c(=O)c3c2c1=O,163.84
CC(C)(c1ccc(N2C(=O)c3ccc(CCCC[Si](C)(C)C)cc3C2=O)cc1)c1ccc2c(c1)C(=O)N(CCCC[Si](C)(C)C)C2=O,173.34
*CCCC[Si](C)(C)O[Si](C)(C)O[Si](C)(C)CCCCc1ccc2c(c1)C(=O)N(c1ccc(C(C)(C)c3ccc4c(c3)C(=O)N(*)C4=O)cc1)C2=O,232.16
C[Si](C)(C)O[Si](C)(C)O[Si](C)(C)O[Si](C)(C)O[Si](C)(C)CCCCN1C(=O)c2ccccc2C1=O,196.2
*N1C(=O)C2CC(C)CC2C1=O,414.18
*N1C(=O)C2(CCC2)C(=O)N1*,386.075
*N1C(=O)[C@H]2C[C@@H](C2)C1=O,330.535
*N1C(=O)C2(CC(C)C2)C(=O)N1*,355.55
*N1C(=O)C2(CCC(C)C2)C(=O)N1*,338.7
*N1C(=O)[C@H]2CCC[C@@H]2C(=O)N1*,283.85
*N1C(=O)C2(CCC(CC)C2)C(=O)N1*,378.3
*N1C(=O)C2CCC(N)(C2)C1=O,358.67
*N1C(=O)C2CC(C)C(C2)C(=O)N1*,395.375
*N1C(=O)[C@H]2C[C@H](C2)C(=O)N1*,328.6
*N1C(=O)c2cccc(-c3cccc(N4C(=O)c5ccc6c(=O)*n(*)c(=O)c6c5C4=O)c3)c2C1=O,529.97
*c1cc(CF)cc2c1C(=O)N(c1cccc(-c3cccc4c3C(=O)N(*)C4=O)c1)C2=O,458.53
*c1cc(N)cc2c1C(=O)N(c1cccc(-c3cccc4c3C(=O)N(*)C4=O)c1)C2=O,439.01
*c1cc(O)cc2c1C(=O)N(c1cccc(-c3cccc4c3C(=O)N(*)C4=O)c1)C2=O,439.58
*c1cc(C#N)cc2c1C(=O)N(c1cccc(-c3cccc4c3C(=O)N(*)C4=O)c1)C2=O,383.02
*c1cc(SC)cc2c1C(=O)N(c1cccc(-c3cccc4c3C(=O)N(*)C4=O)c1)C2=O,469.28
*c1cc(I)cc2c1C(=O)N(c1cccc(-c3cccc4c3C(=O)N(*)C4=O)c1)C2=O,441.11
*c1cc(C(CF)(CF)CF)cc2c1C(=O)N(c1cccc(-c3cccc4c3C(=O)N(*)C4=O)c1)C2=O,423.67
*c1cc(-c2ccc(CF)cc2)cc2c1C(=O)N(c1cccc(-c3cccc4c3C(=O)N(*)C4=O)c1)C2=O,475.9
*c1cc(-c2ccc(Br)cc2)cc2c1C(=O)N(c1cccc(-c3cccc4c3C(=O)N(*)C4=O)c1)C2=O,468.25
*c1cc(-c2ccc(N)cc2)cc2c1C(=O)N(c1cccc(-c3cccc4c3C(=O)N(*)C4=O)c1)C2=O,461.88
*c1cc(-c2ccc(O)cc2)cc2c1C(=O)N(c1cccc(-c3cccc4c3C(=O)N(*)C4=O)c1)C2=O,449.95
*N1C(=O)[C@@H]2CC(C(C)(C)C)(CC2=O)C1=O,316.59
*OC(=O)C1CC2C(=O)N(*)C(=O)C2C1,397.87
*NC(=O)C1C[C@@H]2C(=O)N(*)C(=O)[C@H]2C1,350.63
*c1ccc(C)cc1N1C(=O)[C@@H]2CC[C@H](C(=O)C2)C(=O)N1*,258.71
*c1ccc(N(C)c2ccc(N3C(=O)[C@@H]4CC[C@H](C(=O)C4)C(=O)N3*)cc2)cc1,289.03
*N1C(=O)[C@@H]2CC(=O)[C@H](C2)C(=O)N1*,292.23
*N1C(=O)[C@@H]2CC[C@H](CC2=O)C(=O)N1c1ccc(-c2ccc(N3C(=O)[C@@H]4CC[C@H](C(=O)C4)C3=O)cc2)cc1,319.57
*c1ccc(OOc2ccc(N3C(=O)[C@@H]4CC[C@H](C(=O)C4)C(=O)N3*)cc2)cc1,252.61
*c1cc(F)ccc1N1C(=O)[C@@H]2CC[C@H](C(=O)C2)C(=O)N1*,254.91
*c1cc(Cl)ccc1N1C(=O)[C@@H]2CC[C@H](C(=O)C2)C(=O)N1*,251.66
*c1cc(OC)ccc1N1C(=O)[C@@H]2CC[C@H](C(=O)C2)C(=O)N1*,257.06
*c1cc(C(C)(C)C)ccc1N1C(=O)[C@@H]2CC[C@H](C(=O)C2)C(=O)N1*,245.63
*c1cc(F)c(F)cc1N1C(=O)[C@@H]2CC[C@H](C(=O)C2)C(=O)N1*,258.29
*c1cccc(-c2ccc(N3C(=O)[C@@H]4CC[C@H](C(=O)C4)C(=O)N3*)cc2)c1,278.185
*c1cccc(Oc2ccc(N3C(=O)[C@@H]4CC[C@H](C(=O)C4)C(=O)N3*)cc2)c1,207.3
*c1ccc(N(C)c2ccc(-c3ccc(N4C(=O)[C@@H]5CC[C@H](C(=O)C5)C(=O)N4*)cc3)cc2)cc1,293.7
*N1C(=O)[C@H]2C[C@@H](C(=O)N1*)[C@@H]1C[C@@H]12,285.38
*N1C(=O)C2CC(C(F)(F)F)(C2)C(=O)N1*,436.17
*N1C(=O)[C@H]2CC[C@@H](C(=O)N1*)C2C(F)(F)F,264.34
*N1C(=O)C2(C)CCC(C)(CC2)C(=O)N1*,362.845
*N1C(=O)C2(CC)CC(CC)(C2)C(=O)N1*,364.98
*N1C(=O)[C@H]2C[C@@H](C(=O)N1*)C2(C)C,283.025
*N1C(=O)[C@H]2CC[C@@H](C(=O)N1*)C2(F)F,287.995
*N1C(=O)C2(CCC(C(F)(F)F)C2)C(=O)N1*,400.41
*N1C(=O)C2(CCC(C)(C)CC2)C(=O)N1*,358.57
*N1C(=O)C2CC[C@@H](C2)C(=O)N1*,302.41
*N1C(=O)[C@@H]2C[C@@H](C(=O)N1*)C2C,272.725
*N1C(=O)C2(CC(C(C)(C)C)C2)C(=O)N1*,397.54
*N1C(=O)C2(CCC(OC)C2)C(=O)N1*,359.47
*N1C(=O)[C@H]2CC[C@H](C(=O)N1*)C2C,266.03
*N1C(=O)[C@H]2CC[C@@H](C(=O)N1*)C2(C)C,259.56
*N1C(=O)C2(CC(F)C2)C(=O)N1*,418.8
*N1C(=O)[C@H]2C[C@@H](C(=O)N1*)C2(F)F,307.55
*N1C(=O)C2(CCC(Cl)C2)C(=O)N1*,335.315
*N1C(=O)[C@H]2CC[C@@H](C(=O)N1*)C2CC,279.565
*N1C(=O)C2(CC(C)(C)C2)C(=O)N1*,393.38
*N1C(=O)C2(CCC(N(C)C)C2)C(=O)N1*,363.41
*N1C(=O)C2C[C@@H](C(=O)N1*)C2(C)C,314.74
*N1C(=O)C2(CCCC2(C)C)C(=O)N1*,370.36
*N1C(=O)C2(CCC(OCC)C2)C(=O)N1*,354.03
*N1C(=O)C2(CCC(C)(C)C2)C(=O)N1*,380.12
*n1c(=O)c2cc3c(=O)n(-c4ccc5c(c4)C(=O)c4ccccc4C5=O)c(=O)c3cc2c1=O,607.89
*n1c(=O)c2cc3c(=O)n(-c4ccc(-c5ccc(-c6ccc(-n7c(=O)c8cc9c(=O)n(*)c(=O)c9cc8c7=O)cc6)cc5)cc4)c(=O)c3cc2c1=O,451.02
*c1ccc2ccc3cc(-n4c(=O)c5cc6c(=O)n(*)c(=O)c6cc5c4=O)ccc3c2c1,511.33
*N1C(=O)c2ccc(-c3ccc4c(c3)C(=O)N(c3ccc(C(c5ccccc5)c5ccccc5)cc3)C4=O)cc2C1=O,554.11
*c1ccc2c(c1)C(=O)N(c1cc3c(cc1N1C(=O)c4ccc(-c5ccc6c(c5)C(=O)N(*)C6=O)cc4C1=O)-c1ccccc1C31c3ccccc31)C2=O,521.48
*C1=CC=C2CC3CC4CC(C3)CC3(C4)c4ccc5c(c4)N(C(=O)C(=C1)C(=O)N5C2=O)C(=O)c1cc(-c2ccc4c(c2)C(=O)N(*)C4=O)ccc13,423.19
*N1C(=O)c2ccc(-c3ccc4c(c3)C(=O)N(c3ccc(N)cc3)C4=O)cc2C1=O,528.61
*N1C(=O)c2ccc(C(=O)N(*)c3ccc(-c4ccccc4)cc3)cc2C1=O,486.68
*c1ccc2oc3cc(-n4c(=O)c5ccc6c(=O)n(*)c(=O)c6c5c4=O)ccc3c2c1,460.91
*N1C(=O)c2ccc(N3C(=O)c4ccc(C(F)(F)F)cc4C3=O)cc2C1=O,526.625
*N1C(=O)c2ccc(-c3ccc4c(c3)C(=O)N(c3ccc(C(F)(F)F)cc3)C4=O)cc2C1=O,538.5
*N1C(=O)c2ccc(-c3ccc4c(c3)C(=O)N(c3ccc(OC(F)(F)F)cc3)C4=O)cc2C1=O,386.905
*N1C(=O)c2ccc(N3C(=O)c4ccc(F)cc4C3=O)cc2C1=O,550.59
*N1C(=O)c2ccc(-c3ccc4c(c3)C(=O)N(c3ccc(C(F)(F)F)cc3C(F)(F)F)C4=O)cc2C1=O,507.1
*N1C(=O)c2ccc(-c3ccc4c(c3)C(=O)N(c3ccc(F)cc3)C4=O)cc2C1=O,509.45
*N1C(=O)c2ccc(N3C(=O)c4cc(F)cc(F)c4C3=O)cc2C1=O,532.94
*N1C(=O)c2ccc(-c3ccc4c(c3)C(=O)N(c3ccc(Oc5ccc(C(F)(F)F)cc5)cc3)C4=O)cc2C1=O,480.91
*N1C(=O)c2ccc(-c3ccc4c(c3)C(=O)N(c3cccc(C(F)(F)F)c3)C4=O)cc2C1=O,555.69
*N1C(=O)c2ccc(-c3ccc4c(c3)C(=O)N(c3ccc(C(F)(F)F)c(F)c3)C4=O)cc2C1=O,525.54
*N1C(=O)c2ccc(-c3ccc4c(c3)C(=O)N(c3ccc(OC(F)(F)C(F)(F)F)cc3)C4=O)cc2C1=O,486.71
*N1C(=O)c2ccc(N3C(=O)c4ccc(OC(F)(F)F)cc4C3=O)cc2C1=O,475.29
*N1C(=O)c2ccc(-c3ccc4c(c3)C(=O)N(c3ccc(F)c(F)c3F)C4=O)cc2C1=O,553.78
*N1C(=O)c2ccc(N3C(=O)c4cc(F)c(F)cc4C3=O)cc2C1=O,525.94
*c1ccc(-n2c(=O)c3cc4c(=O)n(-c5ccc(C(F)(F)F)cc5)c(=O)c4cc3c2=O)cc1,521.41
*c1ccc(Oc2ccc(-n3c(=O)c4ccc5c(=O)n(*)c(=O)c5c4c3=O)cc2C(F)(F)F)cc1,381.32
*c1ccc(C(F)(F)F)cc1Oc1ccc(-n2c(=O)c3ccc4c(=O)n(*)c(=O)c4c3c2=O)cc1,428.11
*n1c(=O)c2cc3c(=O)n(-c4ccc(Oc5ccc(C(F)(F)F)cc5C(F)(F)F)cc4)c(=O)c3cc2c1=O,466.75
*n1c(=O)c2ccc3c(=O)n(-c4ccc(Oc5ccc(C(F)(F)F)cc5C(F)(F)F)cc4)c(=O)c3c2c1=O,483.84
*c1ccc(Oc2cc(-n3c(=O)c4ccc5c(=O)n(*)c(=O)c5c4c3=O)ccc2C(F)(F)F)cc1,470.55
*N1C(=O)c2cc(C(F)(F)F)cc(-n3c(=O)c4cc5c(=O)n(*)c(=O)c5cc4c3=O)c2C1=O,464.19
*N1C(=O)c2ccc(-c3cc(C(F)(F)F)cc4c3C(=O)N(*)C4=O)cc2C1=O,500.15
*OCCCCOc1ccc(-n2c(=O)c3cc4c(=O)n(*)c(=O)c4cc3c2=O)cc1,401.31
*n1c(=O)c2ccc3c(=O)n(*c4cc(C(F)(F)F)ccc4C(F)(F)F)c(=O)c3c2c1=O,494.38
*N1C(=O)c2ccc(C(F)(F)C3=CC(=O)N(*C(F)(F)F)C3=O)cc2C1=O,449.69
*n1c(=O)c2ccc3c(=O)n(*c4cc(F)cc(F)c4)c(=O)c3c2c1=O,515.93
C[Si](C)(O[Si](C)(C)N1C(=O)c2ccccc2C1=O)N1C(=O)c2ccccc2C1=O,435.24
*n1c(=O)c2cc3c(=O)n([Si](C)(C)O[Si](*)(C)C)c(=O)c3cc2c1=O,358.91
*[Si](C)(C)CCCCC(=O)N1C(=O)c2ccccc2C1=O,330.96
*CCCC[Si](C)(C)O[Si](C)(C)CCCCN1C(=O)c2ccc(S(=O)(=O)c3ccc4c(c3)C(=O)N(*)C4=O)cc2C1=O,275.57
*CCCC[Si](C)(C)O[Si](C)(C)CCCCN1C(=O)c2ccc(Cc3ccc4c(c3)C(=O)N(*)C4=O)cc2C1=O,228.09
*CCCC[Si](C)(C)O[Si](C)(C)CCCCN1C(=O)c2ccc(C(F)(F)c3ccc4c(c3)C(=O)N(*)C4=O)cc2C1=O,276.19
*CCCC[Si](C)(C)O[Si](C)(C)CCCCN1C(=O)c2ccc(Oc3ccc(C(C)(C)c4ccc(Oc5ccc6c(c5)C(=O)N(*)C6=O)cc4)cc3)cc2C1=O,196.14
O=c1oc(=O)c2cc3c(=O)oc(=O)c3cc12,423.7
*N1C(=O)C2CC(c3ccccc3)CC2C1=O,518.43
*N1C(=O)[C@H]2CC(=O)C[C@@H]2C1=O,315.12
*N1C(=O)C2(CCC(C(C)(C)C)C2)C1=O,388.68
*N1C(=O)C2(CCC(C(F)(F)F)CC2)C1=O,392.35
*N1C(=O)C2(CCC(Cc3ccccc3)C2)C1=O,395.93
*N1C(=O)C2(CCC(OC(C)=O)C2)C1=O,319.36
*N1C(=O)C2CC(C)(C)C[C@@H]2C1=O,340.3
*N1C(=O)C2(CCC(N)CC2)C1=O,348.96
*N1C(=O)C2CC(F)C[C@H]2C1=O,361.61
*N1C(=O)C2(CCC(c3ccccc3)C2)C1=O,467.24
*N1C(=O)C2(CCC(Cl)C2)C1=O,335.07
*N1C(=O)C2(CCC(OC)CC2)C1=O,337.1
*N1C(=O)C2(CCC(C(=O)O)C2)C1=O,383.6
*N1C(=O)C2(CCC(N(C)C)C2)C1=O,380.17
*N1C(=O)C2(CCC(SC)C2)C1=O,377.15
*N1C(=O)C2(CCC(C#N)C2)C1=O,344.91
*N1C(=O)C2(CCC(c3ccc(Cl)cc3)C2)C1=O,400.13
*N1C(=O)C2(CCC(c3ccc(N)cc3)C2)C1=O,424.52
*N1C(=O)c2ccc(-c3ccc(N(*)C(=O)c4ccc(C(F)(F)F)cc4)cc3)cc2C1=O,490.53
*c1ccc(C(=O)c2ccc(N(*c3ccc(C(F)(F)F)cc3)C(=O)c3ccc4c(c3)C(=O)N(*)C4=O)cc2)cc1,461.42
*N1C(=O)c2ccc(S(=O)(=O)c3ccc(C(F)(F)F)cc3)cc2C1=O,486.07
*N1C(=O)c2ccc(-c3ccc(SC(F)(F)F)cc3)cc2C1=O,513.7
*N1C(=O)c2ccc(-c3ccc(C(C)(C(F)(F)F)C(F)(F)F)cc3)cc2C1=O,529.41
*c1ccc(C(F)(F)F)cc1-c1ccc(-c2ccc3c(c2)C(=O)N(*)C3=O)cc1,474.77
*N1C(=O)c2ccc(-c3cc(C(F)(F)F)ccc3N(*)C(=O)c3ccccc3)cc2C1=O,523.56
*C(=O)c1cc2c(cc1C(=O)N(*)c1ccc(-c3ccc4c(c3)C(=O)N(*)C4=O)cc1)C(=O)N(*)C2=O,431.91
*N1C(=O)c2ccc(Oc3cc(C(F)(F)F)ccc3N(*)C(=O)c3ccccc3)cc2C1=O,460.56
*c1ccc(Oc2ccc(C(F)(F)F)cc2-n2c(=O)c3ccc4c(=O)n(*)c(=O)c4c3c2=O)cc1,461.7
*n1c(=O)c2cc3c(=O)n(-c4ccc(C(F)(F)F)c(Oc5ccc(C(F)(F)F)cc5)c4)c(=O)c3cc2c1=O,467.81
*n1c(=O)c2cc3c(=O)n(-c4ccc(C(F)(F)F)cc4Oc4ccc(C(F)(F)F)cc4)c(=O)c3cc2c1=O,451.39
*c1ccc(Oc2cc(C(F)(F)F)ccc2-n2c(=O)c3ccc4c(=O)n(*)c(=O)c4c3c2=O)cc1,456.37
*n1c(=O)c2cc3c(=O)n(-c4cc(C(F)(F)F)ccc4Oc4ccc(C(F)(F)F)cc4)c(=O)c3cc2c1=O,458.4
*n1c(=O)c2cc3c(=O)n(-c4ccc(C(F)(F)F)cc4C(=O)c4ccc(C(F)(F)F)cc4)c(=O)c3cc2c1=O,490.66
*N1C(=O)c2ccc(Oc3ccc(C(F)(F)F)c(C(F)(F)F)c3)cc2C1=O,386.96
*n1c(=O)c2cc3c(=O)n(-c4ccc(C(F)(F)F)cc4Sc4ccc(C(F)(F)F)cc4)c(=O)c3cc2c1=O,464.66
*N1C(=O)c2ccc(-c3ccc(C(F)(F)F)cc3C(=O)c3ccc(C(F)(F)F)cc3)cc2C1=O,494.51
*n1c(=O)c2cc3c(=O)n(-c4ccc(C(F)(F)F)cc4Cc4ccc(C(F)(F)F)cc4)c(=O)c3cc2c1=O,447.3
*c1ccc(Sc2cc(C(F)(F)F)ccc2-c2ccc3c(c2)C(=O)N(*)C3=O)cc1,468.23
*N1C(=O)c2ccccc2C1=O.C[Si](C)(O)O,386.85
*C(=O)c1ccc(-c2ccc(N(*)C(=O)c3ccc(-c4ccc5c(c4)C(=O)N(*)C5=O)cc3)cc2)cc1,434.69
*n1c(=O)c2ccc3c(=O)n(-c4cccc(OC(F)(F)F)c4)c(=O)c3c2c1=O,497.13
*c1ccc(N(C)c2ccc(-n3c(=O)c4ccc5c(=O)n(*)c(=O)c5c4c3=O)cc2)cc1,514.18
*n1c(=O)c2cc3c(=O)n(-c4ccc(-c5ccncc5)cc4)c(=O)c3cc2c1=O,617.75
*c1ccc(C(=O)c2ccc(Oc3ccc(-n4c(=O)c5ccc6c(=O)n(*)c(=O)c6c5c4=O)cc3)cc2)cc1,456.44
*n1c(=O)c2cc3c(=O)n(-c4ccc(CC(F)(F)F)cc4)c(=O)c3cc2c1=O,481.135
*Oc1ccc(C(=O)c2ccc(Oc3ccc(-n4c(=O)c5cc6c(=O)n(*)c(=O)c6cc5c4=O)cc3)cc2)cc1,443.21
*c1ccc(Oc2ccccc2)cc1-n1c(=O)c2cc3c(=O)n(*)c(=O)c3cc2c1=O,480.81
*C1CC2CC(C1)CC(C1CC(*)CC(CC3(c4ccc5c(c4)C(=O)N(*)C5=O)CC4CC(CC(C5CC6CC(*)CC(C6)C5)C4)C3)C1)C2,369.57
*N1C(=O)c2ccc3c(c2C1=O)-c1ccccc1C3(c1ccccc1)c1ccccc1,482.815
*c1ccc2c(c1)C(=O)N(c1ccc(-c3ccc4c(c3)C(=O)N(*)C4=O)cc1)C2=O,506.71
*n1c(=O)c2ccc3c(=O)n(-c4ccc5c(c4)C(C)(C)c4ccccc4-5)c(=O)c3c2c1=O,583.21
*c1ccc(C(C)(C)c2ccc(-n3c(=O)c4ccc5c(=O)n(*)c(=O)c5c4c3=O)cc2)cc1,382.535
*c1ccc(Oc2ccc(-n3c(=O)c4ccc5c(=O)n(*)c(=O)c5c4c3=O)cc2)cc1,489.22
*n1c(=O)c2ccc3c(=O)n(-c4ccc(C(C)(C)c5ccc(-n6c(=O)c7ccc8c(=O)n(*)c(=O)c8c7c6=O)cc5)cc4)c(=O)c3c2c1=O,437.07
*C1CC2CC(C1)CC(C1(c3ccc4c(c3)C(=O)N(*)C4=O)C3CC4CC(C3)CC1C4)C2,420.26
*N1C(=O)c2ccc(-c3ccc(N4C(=O)c5ccc6c(c5C4=O)C4(c5ccccc5-6)c5ccccc54)cc3)cc2C1=O,576.815
*c1ccc(Cc2ccc(-n3c(=O)c4ccc5c(=O)n(*)c(=O)c5c4c3=O)cc2)cc1,457.84
*C1CC2CC(=O)N3C(=O)c4c(ccc5c4C(=O)N(*)C5=O)C(C1)CC(C2)C1CCC2(CCc4ccc3cc42)C1,361.73
*c1ccc2c(c1)C(=O)N(c1ccc(-c3ccc(-c4ccc5c(c4)C(=O)N(*)C5=O)cc3)cc1)C2=O,399.015
*c1ccc(-c2ccc(-n3c(=O)c4ccc5c(=O)n(*)c(=O)c5c4c3=O)cc2)cc1,431.245
*n1c(=O)c2ccc3c(=O)n(-c4ccc(OC(F)(F)F)cc4)c(=O)c3c2c1=O,513.73
*n1c(=O)c2ccc3c(=O)n(-c4ccc(C(C)(C)C)cc4)c(=O)c3c2c1=O,360.415
*N1C(=O)c2ccc(-c3ccc4c(c3)C(=O)N(*)C4=O)cc2C1=O,511.9
*n1c(=O)c2ccc3c(=O)n(-c4ccc(Oc5ccc6c(c5)C5(c7ccccc7-6)c6ccccc65)cc4)c(=O)c3c2c1=O,424.52
*N1C(=O)c2ccc(C3(c4ccccc4)c4ccccc4C3(c3ccccc3)c3ccccc3)cc2C1=O,520.555
*C1CC2CC(C1)CC(C1CC(*)CC(CC3(c4ccc5c(c4)C(=O)N(*)C5=O)CC4CC(*)CC(C4)C3)C1)C2,370.71
*c1ccc2c(c1)C(=O)N(c1ccc(-c3cc4c(cc3-c3ccc5c(c3)C(=O)N(*)C5=O)C(=O)N(*)C4=O)cc1)C2=O,560.66
*c1ccc2c(c1)C(=O)N(c1ccc(Oc3ccc(-c4ccc5c(c4)C(=O)N(*)C5=O)cc3)cc1)C2=O,453.97
*n1c(=O)c2ccc3c(=O)n(-c4ccc(Oc5ccc(C(C)(C)c6ccc(-n7c(=O)c8ccc9c(=O)n(*)c(=O)c9c8c7=O)cc6)cc5)cc4)c(=O)c3c2c1=O,435.17
*c1ccc2c(c1)C(=O)N(c1ccc(C(C)(C)c3ccc(-c4ccc5c(c4)C(=O)N(*)C5=O)cc3)cc1)C2=O,373.24
*C1CC2CC(C1)CC(C1CC(*)CC(CC3(c4ccc(-n5c(=O)c6ccc7c(=O)n(*)c(=O)c7c6c5=O)cc4)CC4CC(*)CC(C4)C3)C1)C2,392.35
*c1ccc2c(c1)C(=O)N(c1ccc(-c3ccc(-c4ccc(-c5ccc6c(c5)C(=O)N(*)C6=O)cc4)cc3)cc1)C2=O,406.03
*n1c(=O)c2ccc3c(=O)n(-c4ccc(Sc5ccc(-n6c(=O)c7ccc8c(=O)n(*)c(=O)c8c7c6=O)cc5)cc4)c(=O)c3c2c1=O,362.03
*C1CCC2(CCc3ccc(-n4c(=O)c5ccc6c(=O)n(*)c(=O)c6c5c4=O)cc32)C1,420.99
*c1ccc2c(c1)C(=O)N(c1ccc(N3C(=O)c4ccc(-c5ccc6c(c5)C(=O)N(*)C6=O)cc4C3=O)cc1)C2=O,563.42
*n1c(=O)c2cc3c(=O)n(-c4cccc(Cl)c4)c(=O)c3cc2c1=O,491.88
*c1ccc(Oc2ccc(*n3c(=O)c4ccc5c(=O)n(*)c(=O)c5c4c3=O)cc2)cc1,390.04
*N(C(=O)c1ccccc1)C(=O)c1ccc(Cc2ccc3c(c2)C(=O)N(*)C3=O)cc1,507.83
*n1c(=O)c2cc3c(=O)n4c(=O)c(=O)c5ccccc5c(=O)n(c5ccc4cc5)c3cc2c1=O,613.6
*n1c(=O)c2ccc3c(=O)oc(=O)c3c2c1=O,425.6
*n1c(=O)c2cc3c(=O)n4c(=O)cccccc(c(=O)c5ccc4cc5)c3cc2c1=O,630.76
*N1C(=O)c2ccc(OC(F)(F)c3ccc(N4C(=O)c5ccccc5C4=O)cc3)cc2C1=O,560.3
*N(C(=O)c1ccc(-c2ccccc2)cc1)C(=O)c1ccc(-c2ccc3c(c2)C(=O)N(*)C3=O)cc1,584.08
*N1C(=O)c2ccc(-c3ccc(-n4c(=O)c5cc6c(=O)n(*)c(=O)c6cc5c4=O)cc3)cc2C1=O,434.63
*N1C(=O)c2ccc(-c3ccc(S(=O)(=O)c4ccc(N5C(=O)c6ccccc6C5=O)cc4)cc3)cc2C1=O,462.9
*C(=O)c1cc2c(cc1C(=O)N(*)c1ccc(Cc3ccc(-n4c(=O)c5cc6c(=O)n(*)c(=O)c6cc5c4=O)cc3)cc1)C(=O)NC2=O,433.61
*N1C(=O)c2ccc(-c3cccc(C(=O)N(*)c4ccccc4)c3)cc2C1=O,500.44
*C(=O)c1ccc(C(=O)N(*)c2ccc(Cc3ccc4c(c3)C(=O)N(*)C4=O)cc2)cc1,336.33
*C(=O)c1ccc(C(=O)N(*)c2ccc(Oc3ccc(-c4ccc5c(c4)C(=O)N(*)C5=O)cc3)cc2)cc1,354.31
*C(=O)c1ccc(N(*)C(=O)c2ccc(-c3ccc4c(c3)C(=O)N(*)C4=O)cc2)cc1,473.0
*C(=O)c1ccc(C(=O)N(*)c2cccc(-c3ccc4c(c3)C(=O)N(*)C4=O)c2)cc1,504.12
*C(=O)c1cc2c(cc1C(=O)N(*)c1ccc(C(=O)c3ccc(-n4c(=O)c5cc6c(=O)n(*)c(=O)c6cc5c4=O)cc3)cc1)C(=O)NC2=O,415.12
*N1C(=O)c2ccc(-c3ccc(N)cc3)cc2C1=O,501.5
*c1cccc(-c2ccc(-n3c(=O)c4cc5c(=O)n(*)c(=O)c5cc4c3=O)cc2)c1,454.89
*c1cccc(Oc2ccc(-c3ccc4c(c3)C(=O)N(*)C4=O)cc2)c1,410.41
*C(=O)c1cc2c(cc1C(=O)N(*)c1ccc(OC(=O)c3ccc(-n4c(=O)c5cc6c(=O)n(*)c(=O)c6cc5c4=O)cc3)cc1)C(=O)NC2=O,404.43
*n1c(=O)c2cc3c(=O)n(-c4ccc(C5(c6ccccc6)c6ccccc65)cc4)c(=O)c3cc2c1=O,494.93
*N1C(=O)c2ccc(-c3ccc4c(c3)C(=O)N(c3ccc5c(c3)C3(c6ccccc6-5)c5ccccc53)C4=O)cc2C1=O,456.675
*c1ccc2c(c1)C(=O)N(C1CC3CC4(C1)CC(c1ccc5c(c1)C(=O)N(*)C5=O)(C3)C4)C2=O,454.48
*C1CC2CC3(CC(=O)N4C(=O)c5cc6c(cc5C4(C2)C3)C(=O)N(*)C6=O)C1,466.53
*C1CC2CC3(C1)CC(c1ccc4c(c1)C(=O)N(*)C4=O)(C2)C3,450.7
*C1CC2CC3(C1)CC(N1C(=O)c4ccc(-c5ccc6c(c5)C(=O)N(*)C6=O)cc4C1=O)(C2)C3,469.27
*N1C(=O)c2ccc(Oc3ccc4c(c3)C4(c3ccccc3)c3ccccc3)cc2C1=O,487.45
*N1C(=O)c2ccc(-c3ccc(C4(c5ccccc5)c5ccccc54)cc3)cc2C1=O,580.765
*N1C(=O)c2ccc(-c3ccc(Oc4ccc5c(c4)C4(c6ccccc6-5)c5ccccc54)cc3)cc2C1=O,480.26
*N1C(=O)c2ccc(Oc3ccc(-c4ccc5c(c4)C4(c6ccccc6-5)c5ccccc54)cc3)cc2C1=O,474.62
*N1C(=O)c2ccc(-c3ccc(C(C)(C)c4ccc5c(c4)C4(c6ccccc6-5)c5ccccc54)cc3)cc2C1=O,546.56
*c1ccc2c(c1)C(=O)N(c1ccc(-c3ccc4c(c3)C(=O)N(*)C4=O)cc1C(C)(C)c1ccccc1)C2=O,541.44
*c1ccc2c(c1)C(=O)N(c1ccc(-c3ccc4c(c3)C(=O)N(*)C4=O)c(C(F)(F)F)c1)C2=O,373.83
*c1ccc2c(c1)C(=O)N(c1ccc(-c3ccc4c(c3)C(=O)N(*)C4=O)c(OC(F)(F)F)c1)C2=O,343.905
*c1ccc2c(c1)C(=O)N(c1ccc(-c3ccc4c(c3)C(=O)N(*)C4=O)c(C(c3ccccc3)(c3ccccc3)c3ccccc3)c1)C2=O,503.06
*CC1(c2cc(N3C(=O)c4ccc(*)cc4C3=O)ccc2-c2ccc3c(c2)C(=O)N(*)C3=O)CC2CC(*)CC(C2)C1,429.62
*c1ccc2c(c1)C(=O)N(c1ccc(-c3ccc4c(c3)C(=O)N(*)C4=O)c(CC3CC4CC(*)CC(C3)C4)c1)C2=O,417.86
*c1ccc2c(c1)C(=O)N(c1ccc(-c3ccc4c(c3)C(=O)N(*)C4=O)c(OCC3CC4CC(*)CC(C3)C4)c1)C2=O,362.9
*c1ccc2c(c1)C(=O)N(c1ccc(-c3ccc4c(c3)C(=O)N(*)C4=O)c(SC3CC4CC(*)CC(C4)C3)c1)C2=O,427.62
*c1ccc2c(c1)C(=O)N(c1ccc(-c3ccc4c(c3)C(=O)N(*)C4=O)c(C(=O)C3CC4CC(*)CC(C4)C3)c1)C2=O,419.22
*c1ccc2c(c1)C(=O)N(c1ccc(-c3ccc4c(c3)C(=O)N(*)C4=O)c(NC3CC4CC(*)CC(C4)C3)c1)C2=O,480.42
*c1ccc2c(c1)C(=O)N(c1ccc(-c3ccc4c(c3)C(=O)N(*)C4=O)c(C3(c4ccccc4)c4ccccc4C3(c3ccccc3)c3ccccc3)c1)C2=O,492.42
*c1ccc2c(c1)C(=O)N(c1ccc(-c3ccc4c(c3)C(=O)N(*)C4=O)c(C3(*)CC4CC(CC(N5C(=O)c6ccc(*)cc6C5=O)C4)C3)c1)C2=O,398.72
*c1ccc2c(c1)C(=O)N(c1ccc(-c3ccc4c(c3)C(=O)N(*)C4=O)c(-c3ccc4c(c3)-c3ccccc3C43c4ccccc43)c1)C2=O,518.46
*c1ccc2c(c1)C(=O)N(c1ccc(-c3ccc4c(c3)C(=O)N(*)C4=O)c(-c3ccc4c(c3)C3(c5ccccc5-4)c4ccccc43)c1)C2=O,523.445
*c1ccc2c(c1)C(=O)N(c1ccc(-c3ccc4c(c3)C(=O)N(*)C4=O)c(-c3ccc(-c4ccc5c(c4)C4(c6ccccc6-5)c5ccccc54)cc3)c1)C2=O,478.48
*c1ccc2c(c1)C(=O)N(c1ccc(-c3ccc4c(c3)C(=O)N(*)C4=O)c(-c3ccc(Oc4ccc5c(c4)C4(c6ccccc6-5)c5ccccc54)cc3)c1)C2=O,432.67
*c1ccc2c(c1)C(=O)N(c1ccc(-c3ccc4c(c3)C(=O)N(*)C4=O)c(-c3ccc(C(C)(C)c4ccc5c(c4)C4(c6ccccc6-5)c5ccccc54)cc3)c1)C2=O,468.8
*c1ccc2c(c1)C(=O)N(c1ccc(-c3ccc4c(c3)C(=O)N(*)C4=O)c(-c3ccc(C(CF)(CF)c4ccc5c(c4)C4(c6ccccc6-5)c5ccccc54)cc3)c1)C2=O,469.02
*C(=O)c1ccc(C(=O)N(*)c2ccc(-c3ccc(Oc4ccc5c(c4)C(=O)N(*)C5=O)cc3)cc2)cc1,414.28
*C(=O)c1ccc(C(=O)N(*)c2cccc(Oc3ccc4c(c3)C(=O)N(*)C4=O)c2)cc1,441.43
*C(=O)c1ccc(C(=O)N(*)c2ccc(OCc3ccc(COc4ccc5c(c4)C(=O)N(*)C5=O)cc3)cc2)cc1,326.27
*C(=O)c1ccc(C(=O)N(*)c2ccc(Sc3cccc(Sc4ccc5c(c4)C(=O)N(*)C5=O)c3)cc2)cc1,413.59
*n1c(=O)c2cc3c(=O)n(-c4ccc(OCCOCCOCCO)cc4)c(=O)c3cc2c1=O,334.49
*C(=O)c1ccc(C(=O)N(*)c2ccc(C(=O)Oc3ccc(Oc4ccc5c(c4)C(=O)N(*)C5=O)cc3)cc2)cc1,367.17
*N1C(=O)c2ccc(Oc3ccc(F)cc3)cc2C1=O,408.47
*N1C(=O)c2ccc(Oc3ccc(OC)cc3)cc2C1=O,396.28
*n1c(=O)c2cc3c(=O)n(-c4ccc(Oc5ccc(N)cc5)cc4)c(=O)c3cc2c1=O,488.465
*c1ccc2c(c1)C(=O)N(c1ccc(C(C)(CF)c3ccc(-c4ccc5c(c4)C(=O)N(*)C5=O)cc3)cc1)C2=O,510.2
*n1c(=O)c2cc3c(=O)n(-c4ccc(C(=O)OC)cc4)c(=O)c3cc2c1=O,423.045
*c1ccc(OCC(CO)(COc2ccc(*)cc2)COc2ccc(-n3c(=O)c4cc5c(=O)n(*)c(=O)c5cc4c3=O)cc2)cc1,291.32
*C(=O)c1ccc(C(=O)N(*)c2ccc(-c3ccc(Oc4ccc(-c5ccc6c(c5)C(=O)N(*)C6=O)cc4)cc3)cc2)cc1,394.25
*C(=O)c1ccc(C(=O)N(*)c2ccc(Sc3ccc(C(C)(C)c4ccc(Oc5ccc6c(c5)C(=O)N(*)C6=O)cc4)cc3)cc2)cc1,293.695
*N1C(=O)c2ccc(C(=O)N(*)c3ccc(C(=O)c4ccccc4)cc3)cc2C1=O,519.975
*N1C(=O)C2=CC=c3ccc(c4c3=C(C=C4)C1=O)C(=O)N(*)C2=O,487.98
*N1C(=O)c2ccc(-c3cc(F)cc(F)c3)cc2C1=O,533.94
*c1ccc(C(C)(CF)c2ccc(-n3c(=O)c4cc5c(=O)n(*)c(=O)c5cc4c3=O)cc2)cc1,383.24
*N1C(=O)c2ccc(-c3ccc(C(C)(C)C(F)(F)F)cc3)cc2C1=O,533.68
*n1c(=O)c2cc3c(=O)n(-c4ccc(C(C)(C(F)(F)F)C(F)(F)F)cc4)c(=O)c3cc2c1=O,524.66
*c1ccc(OC(F)(F)c2ccc(-n3c(=O)c4cc5c(=O)n(*)c(=O)c5cc4c3=O)cc2)cc1,472.57
*N1C(=O)c2ccc(-c3ccc(C(C)(C)C(F)(F)F)c(F)c3)cc2C1=O,510.04
*n1c(=O)c2cc3c(=O)n(-c4ccc(Oc5ccc(C(F)(F)F)c(C(F)(F)F)c5)cc4)c(=O)c3cc2c1=O,366.03
*c1ccc2c(c1)C(=O)N(c1ccc(Oc3ccc(C(F)(F)c4ccc(-c5ccc6c(c5)C(=O)N(*)C6=O)cc4)cc3)cc1)C2=O,377.78
*n1c(=O)c2cc3c(=O)n(-c4ccc(SCc5ccc(CS(*)=O)cc5)cc4)c(=O)c3cc2c1=O,406.32
*N1C(=O)c2ccc(C(C)(C)c3ccc(-c4ccc5c(c4)C4(c6ccccc6-5)c5ccccc54)cc3)cc2C1=O,529.84
*N1C(=O)c2ccc(-c3ccc(-c4ccc5c(c4)C4(c6ccccc6-5)c5ccccc54)c(C)c3)cc2C1=O,548.35
*c1ccc2c(c1)C(=O)N(c1ccc(-c3ccc4c(c3)C(=O)N(*)C4=O)cc1OC)C2=O,345.08
*c1ccc2c(c1)C(=O)N(c1ccc(-c3ccc4c(c3)C(=O)N(*)C4=O)cc1F)C2=O,388.955
*c1ccc2c(c1)C(=O)N(c1ccc(-c3ccc4c(c3)C(=O)N(*)C4=O)cc1Cl)C2=O,365.97
*N1C(=O)c2ccc(C3=CC=C4C=CCC5CC6CC(C5)CC43C6)cc2C1=O,423.21
*N1C(=O)c2ccc(C3=CC=C4C=CCC5CC6=CC7=CC=C8C(=O)N4C73CC8CC(CC6=O)C5)cc2C1=O,415.21
*N1C(=O)c2ccc(-c3ccc(Oc4ccc(-c5ccc6c(c5)C5(c7ccccc7-6)c6ccccc65)cc4)cc3)cc2C1=O,499.14
*N1C(=O)c2ccc(-c3ccc(C(C)(C)c4ccc(-c5ccc6c(c5)C5(c7ccccc7-6)c6ccccc65)cc4)cc3)cc2C1=O,504.98
*c1ccc2c(c1)C(=O)N(c1ccc(-c3ccc4c(c3)C(=O)N(*)C4=O)cc1-c1ccccc1)C2=O,435.96
*c1ccc2c(c1)C(=O)N(c1ccc(-c3ccc(-c4ccc5c(c4)C(=O)N(*)C5=O)cc3-c3ccccc3)cc1)C2=O,540.79
*c1ccc2c(c1)C(=O)N(C(=O)c1ccc(C(F)(F)c3ccc4c(c3)C(=O)N(*)C4=O)cc1)C2=O,498.5
*n1c(=O)c2cc3c(=O)n(-c4ccc(C(CF)(CF)c5ccc(-n6c(=O)c7cc8c(=O)n(*)c(=O)c8cc7c6=O)cc5)cc4)c(=O)c3cc2c1=O,481.74
*N1C(=O)c2cc(C(F)(F)F)c(C(F)(F)F)cc2C1=O,465.57
*n1c(=O)c2cc3c(=O)n(-c4ccc(C(F)(F)c5ccc(-n6c(=O)c7cc8c(=O)n(*)c(=O)c8cc7c6=O)cc5F)cc4)c(=O)c3cc2c1=O,474.93
*n1c(=O)c2cc3c(=O)n(-c4ccc(C(C)(CF)c5ccc(-n6c(=O)c7cc8c(=O)n(*)c(=O)c8cc7c6=O)cc5)cc4)c(=O)c3cc2c1=O,490.87
*c1ccc2c(c1)C(=O)N(C(=O)c1ccc(Oc3ccc(C(F)(F)F)cc3Oc3ccc4c(c3)C(=O)N(*)C4=O)cc1)C2=O,286.88
*n1c(=O)c2cc3c(=O)n(-c4ccc(Oc5cc(-n6c(=O)c7cc8c(=O)n(*)c(=O)c8cc7c6=O)ccc5C(F)(F)F)cc4)c(=O)c3cc2c1=O,441.97
*c1ccc(Oc2cccc(-c3ccc4c(c3)C(=O)N(*)C4=O)c2)cc1,406.6
*N1C(=O)c2ccc(-c3ccc(Oc4ccc(F)cc4)cc3)cc2C1=O,430.145
*c1ccc(Sc2cccc(-c3ccc4c(c3)C(=O)N(*)C4=O)c2)cc1,490.94
*c1ccc(-c2ccc(-n3c(=O)c4cc5c(=O)n(*)c(=O)c5cc4c3=O)cc2)cc1,553.79
*n1c(=O)c2cc3c(=O)n(-c4ccc(Oc5cc(F)c(F)c(F)c5)cc4)c(=O)c3cc2c1=O,483.84
*N1C(=O)c2ccc(Oc3cc(F)c(F)c(F)c3)cc2C1=O,389.435
*n1c(=O)c2cc3c(=O)n(-c4ccc(Oc5ccc(C(F)(F)F)c(F)c5)cc4)c(=O)c3cc2c1=O,449.08
*n1c(=O)c2cc3ccc4cc5c(=O)n(*)c(=O)c5cc4c3cc2c1=O,513.01
*c1ccc(-c2ccc(-n3c(=O)c4cc5c(=O)n(*)c(=O)c5cc4c3=O)c3ccccc23)cc1,579.64
*c1ccc2c(c1)C(=O)N(c1ccc(-c3cc4ccccc4cc3-c3ccc4c(c3)C(=O)N(*)C4=O)cc1)C2=O,613.72
*c1ccc2c(c1)C(=O)N(c1ccc3cc4ccc(-c5ccc6c(c5)C(=O)N(*)C6=O)cc4cc3c1)C2=O,412.45
*N1C(=O)c2ccc(-c3ccc(C45CC6CC(CC(C6)C4)C5)cc3)cc2C1=O,417.49
*N1C(=O)c2ccc(OC34CC5CC(CC(C5)C3)C4)cc2C1=O,418.54
*n1c(=O)c2ccc3c(=O)n(-c4ccc(-c5ccc(OC67CC8CC(CC(C8)C6)C7)cc5)cc4)c(=O)c3c2c1=O,453.46
*c1ccc2c(c1)C(=O)N(c1ccc(-c3ccc(-n4c(=O)c5ccc6c(=O)n(-c7ccc(-c8ccc9c(c8)C(=O)N(*)C9=O)cc7)c(=O)c6c5c4=O)cc3)cc1)C2=O,417.99
*n1c(=O)c2ccc3c(=O)n(-c4ccc5c(c4)C4(CCC(CC)(CC)C4)c4ccccc4-5)c(=O)c3c2c1=O,465.43
*n1c(=O)c2ccc3c(=O)n(-c4ccc(-c5ccc(C(C)(C)c6ccc7c(c6)C6(c8ccccc8-7)c7ccccc76)cc5)cc4)c(=O)c3c2c1=O,518.44
*N1C(=O)c2ccc(Cc3ccc4c(c3)C3(c5ccccc5-4)c4ccccc43)cc2C1=O,488.27
*n1c(=O)c2cc3c(=O)n(-c4ccc5c(c4)C(C)(C)c4ccccc4-5)c(=O)c3cc2c1=O,573.82
*n1c(=O)c2cc3c(=O)n(-c4ccc5c(c4)C(*)(c4ccccc4)c4ccccc4-5)c(=O)c3cc2c1=O,605.77
*n1c(=O)c2cc3c(=O)n(-c4ccc5c(c4)C(C)(C)CC5)c(=O)c3cc2c1=O,458.27
*N1C(=O)c2ccc3c(c2C1=O)C1(CC3)CC1,475.8
*N1C(=O)c2ccc(C34CCC(*)(CC(*)(*)C3)C4)cc2C1=O,432.17
*N1C(=O)c2ccc(C34CCCC5CC3CC5C4)cc2C1=O,476.74
*C1CC2CC(C1)CC(C1(*)CCc3ccc(-n4c(=O)c5cc6c(=O)n(*)c(=O)c6cc5c4=O)cc31)C2,394.5
*c1cc2ccccc2cc1-c1ccc2c(c1)C(=O)N(*)C2=O,522.67
*n1c(=O)c2ccc3c(=O)n(-c4ccc5c(c4)C(CF)(CF)c4ccccc4-5)c(=O)c3c2c1=O,552.1
*n1c(=O)c2ccc3c(=O)n(-c4ccc5c(c4)C(CC)(CC)c4ccccc4-5)c(=O)c3c2c1=O,514.73
*n1c(=O)c2ccc3c(=O)n(-c4ccc5c(c4)C(c4ccccc4)(c4ccccc4)c4ccccc4-5)c(=O)c3c2c1=O,585.36
*N1C(=O)c2ccc(-c3ccc4c(c3)C(CF)(CF)c3ccccc3-4)cc2C1=O,537.31
*N1C(=O)c2ccc(-c3ccc4c(c3)C(CC)(CC)c3ccccc3-4)cc2C1=O,503.575
*n1c(=O)c2ccc3c(=O)n(-c4ccc5c(c4)C(C(F)(F)F)(C(F)(F)F)c4ccccc4-5)c(=O)c3c2c1=O,504.71
*N1C(=O)c2ccc(-c3ccc4c(c3)C(C(F)(F)F)(C(F)(F)F)c3ccccc3-4)cc2C1=O,439.06
*n1c(=O)c2ccc3c(=O)n(-c4ccc5c(c4)C(OC)(OC)c4ccccc4-5)c(=O)c3c2c1=O,498.51
*N1C(=O)c2ccc(-c3ccc4c(c3)C(OC)(OC)c3ccccc3-4)cc2C1=O,469.97
*n1c(=O)c2ccc3c(=O)n(-c4ccc5c(c4)C(Cc4ccccc4)(Cc4ccccc4)c4ccccc4-5)c(=O)c3c2c1=O,457.37
*N1C(=O)c2ccc(-c3ccc4c(c3)C(Cc3ccccc3)(Cc3ccccc3)c3ccccc3-4)cc2C1=O,393.28
*n1c(=O)c2ccc3c(=O)n(-c4ccc5c(c4)C(c4ccc(C)cc4)(c4ccc(C)cc4)c4ccccc4-5)c(=O)c3c2c1=O,563.65
*c1ccc(C(=O)c2ccc(N(*)C(=O)c3ccc4c(c3)C(=O)N(*)C4=O)cc2)cc1,435.975
*c1ccc2c(c1)C(=O)c1ccc(-c3ccc4c(c3)C(=O)N(*)C4=O)cc1-2,511.3
*c1ccc2c(c1)C(=O)c1ccc(-n3c(=O)c4cc5c(=O)n(*)c(=O)c5cc4c3=O)cc1-2,517.38
*N1C(=O)c2cccc(-c3cccc(N4C(=O)c5c(F)c(F)c(F)c(F)c5C4=O)c3)c2C1=O,433.675
*N1C(=O)c2cccc(-c3cccc(N4C(=O)c5cc(SC)cc(SC)c5C4=O)c3)c2C1=O,364.3
*c1ccc(Oc2ccc3c(c2)C(=O)N(C(=O)c2ccc(-c4ccc5c(c4)C(=O)N(*)C5=O)cc2)C3=O)cc1,396.24
*c1ccc2c(c1)C(=O)N(c1ccc(Sc3ccc(C(=O)c4ccc(Sc5ccc6c(c5)C(=O)N(*)C6=O)cc4)cc3)cc1)C2=O,400.085
*c1ccc(OCC(COc2ccc(-n3c(=O)c4cc5c(=O)n(*)c(=O)c5cc4c3=O)cc2)c2ccc(*)cc2)cc1,353.06
*c1ccc(Oc2ccc(Oc3ccc(*)cc3)c(-n3c(=O)c4cc5c(=O)n(*)c(=O)c5cc4c3=O)c2)cc1,281.66
*C(=O)c1ccc(C(=O)N(*)c2ccc(Oc3ccc(Oc4ccc5c(c4)C(=O)N(*)C5=O)cc3Oc3ccc(*)cc3)cc2)cc1,315.97
*N1C(=O)c2ccc(-c3ccc(N(*)*c4ccc(C(F)(F)F)cc4)cc3)cc2C1=O,467.825
O=c1c2ccc3c(=O)n(-c4ccc(C(F)(F)F)cc4)c(=O)c3c2c(=O)n1*c1ccc(C(F)(F)F)cc1,528.28
*N1C(=O)c2ccc(C(c3ccc(C(=O)N4C(=O)c5ccccc5C4=O)cc3)(C(F)(F)F)C(F)(F)F)cc2C1=O,576.98
*N1C(=O)c2cc3c(cc2C1=O)C(C(F)(F)F)(C(F)(F)F)C(=O)N3*,478.28
*N1C(=O)c2ccc(N(*)c3ccc(C(F)(F)F)cc3)cc2C1=O,471.2
*N1C(=O)c2ccc(-c3ccc(N(*)c4ccc(C(F)(F)F)cc4)cc3)cc2C1=O,470.37
*n1c(=O)c2ccc3c(=O)n(*c4ccc(Oc5cccc(C(F)(F)F)c5)cc4)c(=O)c3c2c1=O,369.155
*n1c(=O)c2cc3c(=O)n(*c4ccc(-c5cccc(C(F)(F)F)c5)cc4)c(=O)c3cc2c1=O,561.75
*c1ccc(C(C)(c2ccc(-c3ccc4c(c3)C(=O)N(*)C4=O)cc2)C(F)(F)F)cc1,503.94
*N(C(=O)c1ccc(C(F)(F)c2ccccc2)cc1)C(=O)c1ccc(C(F)(F)c2ccc3c(c2)C(=O)N(*)C3=O)cc1,509.84
*N1C(=O)c2ccc(-c3ccc(N(*)C(=O)c4ccc(-c5ccc(C(F)(F)F)cc5)cc4)cc3)cc2C1=O,459.34
*N1C(=O)c2ccc(Oc3ccc(N(*)C(=O)c4ccc(Oc5ccc(C(F)(F)F)cc5)cc4)cc3)cc2C1=O,371.56
*N(C(=O)c1ccc(-c2ccc(F)cc2)cc1)C(=O)c1ccc(-c2ccc3c(c2)C(=O)N(*)C3=O)cc1,452.45
*c1cc(OC(F)(F)F)ccc1-n1c(=O)c2cc3c(=O)n(*)c(=O)c3cc2c1=O,386.84
*N1C(=O)c2ccc(C(=O)N(*)c3cc(C(F)(F)F)ccc3Oc3ccccc3)cc2C1=O,469.46
*N1C(=O)c2ccc(C(=O)N(*)c3ccc(C(F)(F)F)c(C(F)(F)F)c3)cc2C1=O,430.28
*c1ccc(Oc2cc(C(F)(F)F)ccc2Oc2ccc(-n3c(=O)c4cc5c(=O)n(*)c(=O)c5cc4c3=O)cc2)cc1,404.95
*N1C(=O)c2ccc(C(=O)N(*)c3ccc(OCC(F)(F)F)cc3)cc2C1=O,385.83
*N1C(=O)c2ccc(C(=O)N(*)c3ccc(F)c(F)c3)cc2C1=O,470.42
*N1C(=O)c2ccc(C(=O)N(*)c3ccc(Oc4ccc(F)cc4F)cc3)cc2C1=O,414.94
*N1C(=O)c2ccc(C(=O)N(*)c3ccc(C(F)(F)F)cc3-c3ccccc3)cc2C1=O,555.63
*c1cc(OC(F)(F)C(F)(F)F)ccc1-n1c(=O)c2cc3c(=O)n(*)c(=O)c3cc2c1=O,375.84
*N1C(=O)c2ccc(C(=O)N(*)c3ccc(C(F)(F)F)cc3F)cc2C1=O,449.3
*N1C(=O)c2ccc(C(=O)N(*)c3cc(F)c(F)c(F)c3F)cc2C1=O,445.51
*N1C(=O)c2ccc(C(=O)N(*)c3ccc(OC(F)(F)C(F)(F)OC(F)(F)F)cc3)cc2C1=O,351.73
*c1ccc(C(F)(F)c2ccc(-n3c(=O)c4cc5c(=O)n(*)c(=O)c5cc4c3=O)cc2)c(F)c1,508.42
*N1C(=O)c2ccc(C(=O)N(*)c3ccc(Oc4cc(F)cc(F)c4)cc3)cc2C1=O,395.5
*N1C(=O)c2ccc(C(=O)N(*)c3ccc(C(F)(F)F)c(Oc4ccccc4)c3)cc2C1=O,462.96
*c1ccc(Oc2ccc(-c3cc(C(F)(F)F)ccc3-n3c(=O)c4cc5c(=O)n(*)c(=O)c5cc4c3=O)cc2)cc1,471.59
*N1C(=O)c2ccc(C(=O)N(*)c3ccc(C(F)(F)F)cc3Oc3ccc(F)cc3)cc2C1=O,402.07
*c1c(-n2c(=O)c3cc4c(=O)n(*)c(=O)c4cc3c2=O)ccc(OC(F)(F)F)c1C(F)(F)F,431.96
*N1C(=O)c2ccc(C(=O)N(*)c3cc(F)cc(F)c3C(F)(F)F)cc2C1=O,419.93
*c1ccc(Oc2ccc(-n3c(=O)c4cc5c(=O)n(*)c(=O)c5cc4c3=O)c(OC(F)(F)F)c2)cc1,357.37
*c1ccc2c(c1)C(=O)N(c1ccc(Sc3ccc(C(c4ccc(Sc5ccc6c(c5)C(=O)N(*)C6=O)cc4)(C(F)(F)F)C(F)(F)F)cc3)cc1)C2=O,401.73
*c1ccc2c(c1)C(=O)N(c1ccc(Oc3ccc(C(F)(F)F)cc3Oc3ccc4c(c3)C(=O)N(*)C4=O)cc1)C2=O,335.25
*n1c(=O)c2cc3c(=O)n(-c4ccc(N(c5ccc(-n6c(=O)c7cc8c(=O)n(*)c(=O)c8cc7c6=O)cc5)c5ccc(C(F)(F)F)cc5)cc4)c(=O)c3cc2c1=O,469.21
*C(=O)c1ccc(C(F)(F)F)cc1C(=O)N(*)c1ccc(-c2ccc3c(c2)C(=O)N(*)C3=O)cc1,455.24
*n1c(=O)c2ccc3c(=O)n(-c4ccc(Sc5ccc(C(F)(F)F)cc5)cc4)c(=O)c3c2c1=O,386.115
*c1ccc(C(F)(F)F)cc1-c1ccc(-n2c(=O)c3cc4c(=O)n(*)c(=O)c4cc3c2=O)cc1,476.41
*C(=O)c1ccc(-c2ccc3c(c2)C(=O)N(*)C3=O)cc1.*N1C(=O)c2ccccc2C1=O,612.97
C[Si](C)(C)O[Si](C)(C)CCCCn1c(=O)c2ccc3c(=O)n(CCCC[Si](C)(C)O[Si](C)(C)C)c(=O)c3c2c1=O,178.12
*N1C(=O)c2ccc(-c3ccc(N4C(=O)c5ccccc5C4=O)cc3)cc2C1=O.*N1C(=O)c2ccccc2C1=O,602.215
*N1C(=O)c2ccccc2C1=O.*n1c(=O)c2cc3c(=O)c4ccccc4c3cc2c1=O,593.45
*N1C(=O)c2ccccc2C1=O.*c1ccc(S(=O)(=O)c2ccc3c(c2)C(=O)N(*)C3=O)cc1,531.41
C[Si](C)(CCCCC(=O)N1C(=O)c2ccccc2C1=O)O[Si](C)(C)O[Si](C)(C)O[Si](C)(C)O[Si](C)(C)O[Si](C)(C)O[Si](C)(C)O[Si](C)(C)O[Si](C)(C)O[Si](C)(C)CCCCN1C(=O)c2ccccc2C1=O,154.69
C[Si](C)(C)CCCCn1c(=O)c2ccc3c(=O)n(CCCC[Si](C)(C)O[Si](C)(C)C)c(=O)c3c2c1=O,196.61
*N1C(=O)c2ccccc2C1=O.*c1ccc(Oc2ccc(-c3ccc4c(c3)C(=O)N(*)C4=O)cc2)cc1,509.88
*N1C(=O)c2ccccc2C1=O.*c1ccc(C(F)(F)Oc2ccc3c(c2)C(=O)N(*)C3=O)cc1,504.09
CCCC[Si](C)(C)O[Si](C)(C)O[Si](C)(C)CCCCn1c(=O)c2ccc3c(=O)n(CCCC[Si](C)(C)O[Si](C)(C)O[Si](C)(C)CCCC)c(=O)c3c2c1=O,167.69
*N1C(=O)c2ccccc2C1=O.*c1ccc(N(C)c2ccc3c(c2)C(=O)N(*)C3=O)cc1,553.3
*N1C(=O)c2ccccc2C1=O.*c1ccc(C(F)(F)F)cc1-c1ccc2c(c1)C(=O)N(*)C2=O,511.3
C[Si](C)(O[Si](C)(C)O[Si](C)(C)O[Si](C)(C)N1C(=O)c2ccccc2C1=O)O[Si](C)(C)O[Si](C)(C)O[Si](C)(C)N1C(=O)c2ccccc2C1=O,283.27
*N1C(=O)c2ccccc2C1=O.*OCC[Si](C)(C)O[Si](C)(C)CCOc1ccc2c(c1)C(=O)N(*)C2=O,242.09
C[Si](C)(O[Si](C)(C)O[Si](C)(C)O[Si](C)(C)O[Si](C)(C)N1C(=O)c2ccccc2C1=O)O[Si](C)(C)O[Si](C)(C)O[Si](C)(C)N1C(=O)c2ccccc2C1=O,271.85
*N1C(=O)c2ccc(-c3ccc(N4C(=O)c5ccccc5C4=O)c(C)c3)cc2C1=O.*N1C(=O)c2ccccc2C1=O,599.28
*n1c(=O)c2cc3c(=O)n(-c4cc(OC(F)(F)F)cc(C(F)(F)F)c4)c(=O)c3cc2c1=O,405.9
*N1C(=O)c2ccc(-c3ccc(N4C(=O)c5cc(C(F)(F)F)cc(C(F)(F)F)c5C4=O)cc3)cc2C1=O,525.5
*c1ccc(Oc2ccc(OC(F)(F)F)cc2-n2c(=O)c3cc4c(=O)n(*)c(=O)c4cc3c2=O)cc1,404.67
*N1C(=O)c2ccc(-c3ccc(C(F)(F)F)c(C(F)(F)F)c3C(F)(F)F)cc2C1=O,491.16
*c1ccccc1-c1cccc2c1C(=O)N(c1cccc(-c3cccc4c3C(=O)N(*)C4=O)c1)C2=O,479.02
*N1C(=O)c2cccc(-c3cccc(N4C(=O)c5cc(N)c(N)cc5C4=O)c3)c2C1=O,455.04
*Nc1cc2c3c4c(cc2cc1C3=O)C(=O)N(c1cccc(-c2cccc3c2C(=O)N(*)C3=O)c1)C4=O,528.3
*N1C(=O)c2cccc(-c3cccc(N4C(=O)c5cc(SC(F)(F)F)cc(SC(F)(F)F)c5C4=O)c3)c2C1=O,463.48
*N1C(=O)c2cccc(-c3cccc(N4C(=O)c5cc(-n6cccc6)cc(-n6cccc6)c5C4=O)c3)c2C1=O,537.84
*N1C(=O)c2cccc(-c3cccc(N4C(=O)c5cc(-c6ccncc6)cc(-c6ccncc6)c5C4=O)c3)c2C1=O,510.44
*N1C(=O)c2ccccc2C1=O.C[Si](C)(C)O,381.3
C[Si]1(C)CCCCCC[Si](C)(C)OCCCCO[Si](C)(C)CCCCC1,192.16
C[Si](C)(CCCCO[Si](C)(C)O[Si](C)(C)O[Si](C)(C)CCCCN1C(=O)c2ccccc2C1=O)O[Si](C)(C)O[Si](C)(C)CCCCN1C(=O)c2ccccc2C1=O,152.27
C[Si](C)(C)N1C(=O)c2ccccc2C1=O,465.23
*N1C(=O)c2ccccc2C1=O.*[Si](C)(C)O,414.52
C[Si](C)(CCN1C(=O)c2ccccc2C1=O)O[Si](C)(C)CCN1C(=O)c2ccccc2C1=O,268.155
*N1C(=O)c2ccc(Oc3ccc([Si](C)(C)O[Si](C)(C)c4ccc(Oc5ccc6c(c5)C(=O)N(*)C6=O)cc4)cc3)cc2C1=O,250.1
*n1c(=O)c2ccc3c(=O)n([Si](C)(C)O[Si](C)(C)O[Si](C)(C)O[Si](*)(C)C)c(=O)c3c2c1=O,322.9
*O[Si](C)(C)Oc1ccc2c(c1)C(=O)N(c1ccc(Oc3ccc4c(c3)C(=O)N(*)C4=O)cc1)C2=O,324.53
C[Si](C)(CCN1C(=O)c2ccccc2C1=O)O[Si](C)(C)O[Si](C)(C)CCN1C(=O)c2ccccc2C1=O,236.985
*N1C(=O)c2ccc(-c3ccc([Si](C)(C)O[Si](C)(C)c4ccc(-c5ccc6c(c5)C(=O)N(*)C6=O)cc4)cc3)cc2C1=O,373.65
*CC[Si](C)(C)O[Si](C)(C)CCn1c(=O)c2ccc3c(=O)n(*)c(=O)c3c2c1=O,324.44
*CCCC[Si](C)(C)O[Si](C)(C)CCCCN1C(=O)c2ccc(Oc3ccc(Oc4ccc5c(c4)C(=O)N(*)C5=O)cc3)cc2C1=O,199.93
C[Si](C)(C)CCCCOc1ccc2c(c1)C(=O)N(c1ccc(Oc3ccc4c(c3)C(=O)N(CCCC[Si](C)(C)C)C4=O)cc1)C2=O,151.68
*N1C(=O)c2ccc([Si](C)(C)O[Si](*)(C)C)cc2C1=O.*N1C(=O)c2ccccc2C1=O,404.21
*CCCC[Si](C)(C)O[Si](C)(C)CCCCN1C(=O)c2ccc(OC(F)(F)C(F)(F)Oc3ccc4c(c3)C(=O)N(*)C4=O)cc2C1=O,237.5
*CC[Si](C)(C)O[Si](C)(C)O[Si](C)(C)CCn1c(=O)c2ccc3c(=O)n(*)c(=O)c3c2c1=O,297.06
C[Si](C)(CCN1C(=O)c2ccccc2C1=O)O[Si](C)(C)O[Si](C)(C)O[Si](C)(C)CCN1C(=O)c2ccccc2C1=O,222.41
*CCCC[Si](C)(C)O[Si](C)(C)CCCCc1ccc2c(c1)C(=O)N(c1ccc(OC(=O)c3ccc(-c4ccc5c(c4)C(=O)N(*)C5=O)cc3)cc1)C2=O,227.04
*n1c(=O)c2ccc3c(c(=O)n(*)c4ccc5c(=O)n(*)c(=O)c5c34)c2c1=O,499.74
*c1ccc(-c2ccc(N3C(=O)c4ccc(-n5c(=O)c6cc7c(=O)n(*)c(=O)c7cc6c5=O)cc4C3=O)cc2)cc1,492.81
*c1ccc(-c2ccc(N3C(=O)c4ccc(-n5c(=O)c6ccc7c(=O)n(*)c(=O)c7c6c5=O)cc4C3=O)cc2)cc1,466.665
*N1C(=O)C2(*)CCC(C)(CC2)C1=O,384.33
*N1C(=O)[C@H]2CC(C(C)(C)C)C[C@@H]2C1=O,275.04
*N1C(=O)C[C@H]2CC[C@H](C1=O)N(*)C2=O,281.24
*N1C(=O)[C@H]2CC[C@@H](C(=O)N1*)[C@H]2C,241.57
*N1C(=O)[C@H]2C[C@@H](C(=O)N2*)[C@H]2CC[C@@H]1C2,260.74
*N1C(=O)[C@H]2CCC(OC)(C2)C1=O,293.98
*N1C(=O)[C@H]2C[C@@H](C(=O)N1*)[C@@H]2CC,277.53
*N1C(=O)C2(C)CCC(OC(F)(F)F)(C2)C1=O,369.75
*N1C(=O)[C@H]2CC(OC)C[C@@H]2C1=O,285.03
*N1C(=O)[C@@H]2CCC(C)(C2)C1=O,312.27
*N1C(=O)[C@H]2C[C@@H](C(=O)N1*)[C@H]2C(C)(C)C,271.285
*N1C(=O)[C@H]2CC[C@H](C(=O)N1*)C2OC,269.27
*N1C(=O)[C@@H]2CCC(CC)(C2)C1=O,290.57
*N1C(=O)[C@H]2C[C@@H](C(=O)N1*)[C@H]2C,268.325
*N1C(=O)[C@H]2CC[C@@H](C(=O)N1*)[C@H]2C(F)(F)F,247.93
*N1C(=O)[C@H]2C[C@@H](C(=O)N1*)[C@H]2CC(C)C,256.78
*N1C(=O)[C@@H]2C[C@@H](C(=O)N1*)C2F,287.19
*N1C(=O)[C@H]2CC[C@H](C(=O)N1*)C2CC,261.75
*N1C(=O)[C@H]2CCC(CC(C)C)(C2)C(=O)N1*,257.82
*N1C(=O)[C@H]2C[C@@H](C(=O)N1*)[C@@H]2OCC,254.35
*N1C(=O)[C@@H]2CC[C@@H](C(=O)N1*)C2C(C)C,242.53
*N1C(=O)C2CCC(OC)(CC2)C(=O)N1*,319.815
*N1C(=O)[C@H]2C[C@@H](C(=O)N1*)[C@@H]2CC(F)(F)F,272.71
*N1C(=O)[C@H]2CCC(F)(C2)C(=O)N1*,303.72
*N1C(=O)[C@H]2C[C@H](C(=O)N1*)C2CC(C)(C)C,257.42
*N1C(=O)C2CCC(F)(CC2)C(=O)N1*,297.59
*N1C(=O)[C@H]2CC[C@@H](C(=O)N1*)[C@@H]2OC(C)C,244.89
*N1C(=O)[C@@H]2C[C@@H](C(=O)N1*)C2CC(=O)OC,274.6
*N1C(=O)[C@H]2CC[C@H](C(=O)N1*)C2OC(F)(F)F,237.1
*c1ccccc1*N1C(=O)c2ccc(C(F)(F)F)cc2C1=O,421.85
*c1ccc(N2C(=O)c3ccc(C(F)(F)F)cc3C2=O)cc1*,418.45
*c1ccc(Oc2ccc(*N3C(=O)c4ccc(C(F)(F)F)cc4C3=O)cc2)cc1,448.76
*c1cc(Oc2ccc(C(F)(F)F)cc2)ccc1-n1c(=O)c2cc3c(=O)n(*)c(=O)c3cc2c1=O,407.46
*c1cc(C(F)(F)F)ccc1-n1c(=O)c2cc3c(=O)n(-c4ccc(C(F)(F)F)cc4)c(=O)c3cc2c1=O,458.04
*c1ccc2c(c1)C(=O)N(c1ccc(Oc3ccc(C(F)(F)F)cc3)cc1)C2=O,367.65
*N1C(=O)c2cc(C(F)(F)F)cc(OC(F)(F)F)c2C1=O,398.14
*N1C(=O)c2ccc(N(C)c3ccc(C(F)(F)F)cc3)cc2C1=O,528.23
*c1ccc(C(=O)c2ccc(*N3C(=O)c4ccc(C(F)(F)F)cc4C3=O)cc2)cc1,499.81
*c1ccc(Oc2ccc(-n3c(=O)c4cc5c(=O)n(-c6ccc(C(F)(F)F)cc6)c(=O)c5cc4c3=O)cc2)cc1,470.03
*N1C(=O)c2ccc(C(=O)Oc3ccc(C(F)(F)F)cc3)cc2C1=O,444.32
*c1ccc2c(c1)C(=O)N(c1cc(OC(F)(F)F)ccc1C(F)(F)F)C2=O,416.42
*c1ccc(Sc2ccc3c(c2)C(=O)N(c2ccc(C(F)(F)F)cc2)C3=O)cc1,486.52
*c1ccc(C(=O)c2ccc3c(c2)C(=O)N(c2ccc(C(F)(F)F)cc2)C3=O)cc1,505.53
O=C1c2ccc(C(F)(F)F)cc2C(=O)N1*c1ccc(Oc2ccc(C(F)(F)F)cc2)cc1,478.15
*N1C(=O)c2ccc(OCC(F)(F)F)cc2C1=O,379.86
*c1ccc(Oc2ccc(Oc3ccc4c(c3)C(=O)N(c3ccc(C(F)(F)F)cc3)C4=O)cc2)cc1,356.75
*c1ccc(C(C)(C)c2ccc3c(c2)C(=O)N(c2ccc(C(F)(F)F)cc2)C3=O)cc1,494.8
*c1ccc(C(c2ccc(-n3c(=O)c4cc5c(=O)n(-c6ccc(C(F)(F)F)cc6)c(=O)c5cc4c3=O)cc2)(C(F)(F)F)C(F)(F)F)cc1,471.77
*n1c(=O)c2ccc3c(=O)n(-c4ccc(Oc5cccc(C(F)(F)F)c5)cc4)c(=O)c3c2c1=O,401.36
*n1c(=O)c2cc3c(=O)n(-c4ccc(C(=O)Oc5ccc(C(F)(F)F)cc5)cc4)c(=O)c3cc2c1=O,481.46
*n1c(=O)c2ccc3c(=O)n(-c4ccc(C(=O)Oc5ccc(C(F)(F)F)cc5)cc4)c(=O)c3c2c1=O,494.05
*N1C(=O)c2ccc(C(=O)N(*c3ccc(C(F)(F)F)cc3)C(=O)c3ccccc3)cc2C1=O,563.105
*N1C(=O)c2ccc(C(C)(C)c3ccc(C(=O)N(*c4ccc(C(F)(F)F)cc4)C(=O)c4ccccc4)cc3)cc2C1=O,504.92
*N1C(=O)c2ccc(-c3ccc(C(c4ccc5c(c4)C(=O)N(*)C5=O)(C(F)(F)F)C(F)(F)F)cc3)cc2C1=O,509.55
*c1ccc(C(F)(F)F)cc1*n1c(=O)c2ccc3c(=O)n(*)c(=O)c3c2c1=O,453.92
*c1ccc(C(F)(F)F)cc1Oc1ccc(*n2c(=O)c3ccc4c(=O)n(*)c(=O)c4c3c2=O)cc1,315.605
*c1ccc(Oc2ccc(-c3ccc4c(c3)C(=O)N(*)C4=O)c(C(F)(F)F)c2)cc1,389.05
*c1ccc(N(c2ccc(C(F)(F)F)cc2)c2ccc3c(c2)C(=O)N(*)C3=O)cc1,492.47
*N1C(=O)c2ccc(-c3ccc(Oc4ccc(C(F)(F)F)cc4)c(C(F)(F)F)c3)cc2C1=O,456.58
*c1ccc(Oc2cc(C(F)(F)F)ccc2*n2c(=O)c3ccc4c(=O)n(*)c(=O)c4c3c2=O)cc1,456.86
*N1C(=O)c2cccc(-c3cccc(N4C(=O)c5ccc(-c6cccs6)cc5C4=O)c3)c2C1=O,458.18
*N1C(=O)c2cccc(-c3cccc(N4C(=O)c5ccc(-c6ccc(C)cc6)cc5C4=O)c3)c2C1=O,566.97
*N(C(=O)c1ccccc1)C(=O)c1cc2cc3c(ccc4cc5c(=O)n(*)c(=O)c5cc43)cc12,560.39
*c1ccc(C(=O)c2ccc(-c3ccc(-n4c(=O)c5cc6c(=O)n(*)c(=O)c6cc5c4=O)cc3)cc2)cc1,433.53
*c1ccc2ncn(-c3ccc(-n4c(=O)c5cc6c(=O)n(*)c(=O)c6cc5c4=O)cc3)c2c1,607.455
*c1ccc(Oc2ccc(O)c(-c3ccc4c(c3)C(=O)N(*)C4=O)c2)cc1,337.8
*n1c(=O)c2cc3c(=O)n(-c4ccc(Oc5ccc(-n6ccnc6)cc5)cc4)c(=O)c3cc2c1=O,519.71
*c1ccc(Oc2ccc(C(=O)Oc3ccc(-n4c(=O)c5cc6c(=O)n(*)c(=O)c6cc5c4=O)cc3)cc2)cc1,422.29
*c1ccc(Oc2ccc(Nc3ccc(Oc4ccc(-n5c(=O)c6cc7c(=O)n(*)c(=O)c7cc6c5=O)cc4)cc3)cc2)cc1,451.53
*C(=O)c1ccccc1N(*)C(=O)c1cccc(-c2ccc3c(c2)C(=O)N(*)C3=O)c1,483.89
*C(=O)c1ccccc1N(*)C(=O)c1ccc(Cc2ccc3c(c2)C(=O)N(*)C3=O)cc1,471.21
*c1ccccc1Oc1cccc(-n2c(=O)c3ccc4c(=O)n(*)c(=O)c4c3c2=O)c1,459.68
*C(=O)c1ccccc1C(=O)N(*)c1ccc(Oc2ccc(-c3ccc4c(c3)C(=O)N(*)C4=O)cc2)cc1,459.525
*C(=O)c1cc2c(cc1C(=O)N(*)c1cccc(-c3ccc4c(c3)C(=O)N(*)C4=O)c1)C(=O)N(*)C2=O,472.97
*CCOc1ccc(-n2c(=O)c3cc4c(=O)n(*)c(=O)c4cc3c2=O)cc1,527.07
*c1ccc(N2C(=O)c3ccc(C(=O)N(*)c4ccc(-c5ccc6c(c5)C(=O)N(*)C6=O)cc4)cc3C2=O)cc1,460.14
*C(=O)c1ccccc1N(*)C(=O)Oc1ccc(-c2ccc3c(c2)C(=O)N(*)C3=O)cc1,499.29
*c1cccc(N2C(=O)c3ccc(C(=O)N(*)c4ccc(-c5ccc6c(c5)C(=O)N(*)C6=O)cc4)cc3C2=O)c1,443.06
*C(=O)N(c1ccc(*)cc1)c1ccc(-n2c(=O)c3ccc4c(=O)n(*)c(=O)c4c3c2=O)cc1,521.79
*n1c(=O)c2cc3c(=O)n(-c4ccc(-c5cccc(OC)c5)cc4)c(=O)c3cc2c1=O,546.52
*C(=O)c1ccc(-c2ccc(-n3c(=O)c4cc5c(=O)n(*)c(=O)c5cc4c3=O)cc2)cc1,527.6
*C(=O)c1ccccc1C(=O)N(*)c1ccc(Oc2cccc(-c3ccc4c(c3)C(=O)N(*)C4=O)c2)cc1,434.15
*c1ccc(Cc2ccc(-c3ccc(-n4c(=O)c5ccc6c(=O)n(*)c(=O)c6c5c4=O)cc3)cc2)cc1,409.93
*c1ccc(NC(=O)c2ccc(-n3c(=O)c4ccc5c(=O)n(*)c(=O)c5c4c3=O)cc2)cc1,550.355
*N1C(=O)c2ccc(C(C3=CC(=O)N(*C(F)(F)F)C3=O)(C(F)(F)F)C(F)(F)F)cc2C1=O,435.78
*N1C(=O)c2ccc(-c3ccc(N(*)C(=O)c4cccc(C(F)(F)F)c4)cc3)cc2C1=O,512.89
*N1C(=O)c2ccc(-c3ccc(OC(F)(F)F)c(OC(F)(F)F)c3)cc2C1=O,408.685
*c1ccc(OC(F)(F)F)cc1-c1ccc2c(c1)C(=O)N(*)C2=O,380.75
*c1ccc(C(F)(F)F)nc1-c1ccc2c(c1)C(=O)N(*)C2=O,454.0
*N1C(=O)c2ccc(-c3ccc(C(F)(F)F)cc3N(*)C(=O)c3ccccc3)cc2C1=O,527.59
*c1ccc(C(=O)c2cc(C(F)(F)F)ccc2-c2ccc3c(c2)C(=O)N(*)C3=O)cc1,484.83
*c1ccc(Cc2cc(C(F)(F)F)ccc2-c2ccc3c(c2)C(=O)N(*)C3=O)cc1,415.05
*c1cc(-c2ccc3c(c2)C(=O)N(*)C3=O)ccc1C(F)(F)F,453.23
*N1C(=O)c2ccc(-c3ccc(C(F)(F)F)cc3OC(F)(F)F)cc2C1=O,444.09
*N1C(=O)c2ccc(-c3ccc(C(F)(F)F)cc3N(*)*)cc2C1=O,457.91
*C(=O)c1ccc(C(=O)N(*)c2ccc(Sc3ccc(-c4ccc(Sc5ccc6c(c5)C(=O)N(*)C6=O)cc4)cc3)cc2)cc1,361.82
*C(=O)c1ccc(C(=O)N(c2ccc(Oc3ccc(*)cc3)cc2)c2ccc(Oc3ccc(-n4c(=O)c5cc6c(=O)n(*)c(=O)c6cc5c4=O)cc3)cc2)cc1,384.24
*C(=O)c1ccc(C(=O)N(*)c2ccc(Oc3ccc(N(C)c4ccc(Oc5ccc6c(c5)C(=O)N(*)C6=O)cc4)cc3)cc2)cc1,363.89
*C(=O)c1ccc(C(=O)N(*)c2ccc(Oc3ccc(Nc4ccc(Oc5ccc6c(c5)C(=O)N(*)C6=O)cc4)cc3)cc2)cc1,389.22
*C(=O)c1ccc(C(=O)N(*)c2ccc(Oc3ccc(Sc4ccc(-c5ccc(Oc6ccc7c(c6)C(=O)N(*)C7=O)cc5)cc4)cc3)cc2)cc1,334.34
*c1ccc(Sc2ccc(Oc3ccc(Sc4ccc(-n5c(=O)c6cc7c(=O)n(*)c(=O)c7cc6c5=O)cc4)cc3)cc2)cc1,355.455
*c1ccc(Oc2ccc(N(C)c3ccc(Oc4ccc(-n5c(=O)c6cc7c(=O)n(*)c(=O)c7cc6c5=O)cc4)cc3)cc2)cc1,305.555
*c1cccc2c1C(=O)N(c1ccc(Cc3cccc4c3C(=O)N(*)C4=O)cc1)C2=O,389.595
*c1cccc2c1C(=O)N(c1c(F)cc(F)cc1-c1cccc(-c3cccc4c3C(=O)N(*)C4=O)c1)C2=O,481.16
*N(C(=O)c1ccc(C(F)(F)F)cc1)C(=O)c1ccc(C(c2ccc3c(c2)C(=O)N(*)C3=O)(C(F)(F)F)C(F)(F)F)cc1,420.97
*C(=O)c1ccc(C(=O)N(*)c2ccc(C(F)(F)F)cc2-c2ccc3c(c2)C(=O)N(*)C3=O)cc1,457.655
*C(=O)N(*)c1ccc(C(c2ccc3c(c2)C(=O)N(*)C3=O)(C(F)(F)F)C(F)(F)F)cc1,441.08
*c1cc(C(F)(F)F)ccc1-n1c(=O)c2ccc3c(=O)n(*)c(=O)c3c2c1=O,453.4
*c1cc(Sc2ccc(C(F)(F)F)cc2)ccc1-n1c(=O)c2cc3c(=O)n(*)c(=O)c3cc2c1=O,410.63
*N1C(=O)c2cc(OC(F)(F)F)cc(OC(F)(F)F)c2C1=O,367.49
*c1cc(C(=O)c2ccc(C(F)(F)F)cc2)ccc1-n1c(=O)c2cc3c(=O)n(*)c(=O)c3cc2c1=O,439.16
*c1cc(OC(F)(F)F)ccc1-n1c(=O)c2ccc3c(=O)n(*)c(=O)c3c2c1=O,408.82
*c1c(-n2c(=O)c3cc4c(=O)n(*)c(=O)c4cc3c2=O)ccc(C(F)(F)F)c1C(F)(F)F,486.08
*c1cc(Oc2cccc(C(F)(F)F)c2)ccc1-n1c(=O)c2cc3c(=O)n(*)c(=O)c3cc2c1=O,407.71
*N1C(=O)c2ccc(-c3cccc(OC(F)(F)F)c3)cc2C1=O,476.9
*c1cc(Oc2ccc(OC(F)(F)F)cc2)ccc1-n1c(=O)c2cc3c(=O)n(*)c(=O)c3cc2c1=O,358.83
*N1C(=O)c2ccc(C(F)(F)c3ccc(C(F)(F)F)cc3)cc2C1=O,517.26
*c1cc(C(F)(F)c2ccc(C(F)(F)F)cc2)ccc1-n1c(=O)c2cc3c(=O)n(*)c(=O)c3cc2c1=O,439.59
*N1C(=O)c2ccc(-c3ccc(C(F)(F)F)c(OC(F)(F)F)c3)cc2C1=O,452.2
*N1C(=O)c2ccc(-c3ccc(C4(c5ccccc5)c5ccccc5C4(c4ccccc4)c4ccccc4)cc3)cc2C1=O,509.3
*n1*c(=O)c2ccc3c(c2c1=O)C(=O)N(c1ccc2c(c1)C1(c4ccccc4-2)c2ccccc21)C3=O,605.4
*n1c(=O)c2cc3c4ccccc4c3cc2c1=O,598.75
*N1C(=O)c2cc3c(cc2C1=O)C(c1ccccc1)(c1ccccc1)c1ccc(cc1)O3,548.53
*N1C(=O)c2ccc(-c3ccc(C(=O)c4ccc5c(c4)C4(c6ccccc6-5)c5ccccc54)cc3)cc2C1=O,565.005
*N1C(=O)c2ccc(-c3ccc(S(=O)(=O)c4ccc5c(c4)C4(c6ccccc6-5)c5ccccc54)cc3)cc2C1=O,567.47
*N1C(=O)c2ccc(-c3ccc(C(F)(F)c4ccc5c(c4)C4(c6ccccc6-5)c5ccccc54)cc3)cc2C1=O,565.715
*N1C(=O)c2ccc(-c3ccc(-c4ccc(-c5ccc6c(c5)C5(c7ccccc7-6)c6ccccc65)cc4)cc3)cc2C1=O,507.11
*N1C(=O)c2ccc(-c3ccc4c(c3)C35CC(CC6CC3CC6C5)c3ccccc3-4)cc2C1=O,493.08
*N1C(=O)c2ccc(Oc3ccc(C45CC6CC(CC(C6)C4)C5)cc3)cc2C1=O,378.54
*N1C(=O)c2ccc(-c3ccc(OCC45CC6CC(CC(C6)C4)C5)cc3)cc2C1=O,413.71
*N1C(=O)c2ccc(-c3ccc(C(=O)OCC45CC6CC(CC(C6)C4)C5)cc3)cc2C1=O,407.91
*N1C(=O)c2ccc(-c3ccc(OC(=O)C45CC6CC(CC(C6)C4)C5)cc3)cc2C1=O,441.28
*N1C(=O)c2ccc(-c3ccc(CC45CC6CC(CC(C6)C4)C5)cc3)cc2C1=O,390.97
*N1C(=O)c2ccc(-c3ccc(C(C)(C)C45CC6CC(CC(C6)C4)C5)cc3)cc2C1=O,441.59
*N1C(=O)c2ccc(-c3ccc(N4C(=O)c5ccc(C67CC8CC(CC(C8)C6)C7)cc5C4=O)cc3)cc2C1=O,461.665
*N1C(=O)c2ccc(-c3ccc4c(c3)C3(c5ccc(F)cc5-4)c4ccc(F)cc43)cc2C1=O,528.48
*N1C(=O)c2ccc(-c3ccc4c(c3)C3(c5ccc(C)cc5-4)c4ccc(C)cc43)cc2C1=O,510.8
*N1C(=O)c2ccc(-c3ccc4c(c3)C3(c5ccc(OC)cc5-4)c4ccc(OC)cc43)cc2C1=O,474.86
*N1C(=O)C(=O)[C@@H]2CC[C@@H]1C2,294.73
*N1C(=O)C2(CCC(C(C)(C)C)C2)C(=O)N1*,373.19
*N1C(=O)C2CCC(CF)(C2)C1=O,404.86
*N1C(=O)C2(CCC(C)CC2)C(=O)N1*,375.075
*N1C(=O)C(=O)[C@H]2CC[C@H]1C2,294.525
*N1C(=O)C2(CCC(F)C2)C(=O)N1*,394.265
*N1C(=O)C(=O)[C@H]2CC[C@H]1CC2,304.41
C[Si](C)(C)O[Si](C)(C)CCCCC(=O)N1C(=O)c2ccccc2C1=O,290.09
*N1C(=O)c2ccc(C(=O)c3ccc(C(=O)N4C(=O)c5ccccc5C4=O)cc3)cc2C1=O,594.645
C[Si](C)(C)O[Si](C)(C)O[Si](C)(C)CCCCC(=O)N1C(=O)c2ccccc2C1=O,244.51
*c1ccc2c(c1)C(=O)N(C(=O)c1ccc(-c3ccc4c(c3)C(=O)N(CCCC[Si](C)(C)O[Si](C)(C)CCCC)C4=O)cc1)C2=O,226.04
C[Si](C)(C)O[Si](C)(C)O[Si](C)(C)O[Si](C)(C)CCCCC(=O)N1C(=O)c2ccccc2C1=O,230.65
*c1ccc(O[Si](C)(C)O[Si](C)(C)Oc2ccc(-n3c(=O)c4ccc5c(=O)n(*)c(=O)c5c4c3=O)cc2)cc1,243.33
C[Si](C)(Cc1ccc(N2C(=O)c3ccccc3C2=O)cc1)O[Si](C)(C)Cc1ccc(N2C(=O)c3ccccc3C2=O)cc1,325.25
C[Si](C)(C)CCCCC(=O)n1c(=O)c2ccc3c(=O)n(CCCC[Si](C)(C)C)c(=O)c3c2c1=O,210.54
*c1ccc(O[Si](C)(C)O[Si](C)(C)O[Si](C)(C)Oc2ccc(-n3c(=O)c4ccc5c(=O)n(*)c(=O)c5c4c3=O)cc2)cc1,226.27
C[Si](C)(Oc1ccc(N2C(=O)c3ccccc3C2=O)cc1)O[Si](C)(C)O[Si](C)(C)Oc1ccc(N2C(=O)c3ccccc3C2=O)cc1,350.005
*c1cccc2c1C(=O)N(c1cccc(-c3cccc(-c4cccc5c4C(=O)N(*)C5=O)c3)c1OC)C2=O,382.7
*n1c(=O)c2cc(C(F)(F)F)cc(C(F)(F)F)c2c(=O)n1*,430.78
*c1ccc2c(c1)C(=O)N(c1ccc(N(c3ccc(-c4ccc5c(c4)C(=O)N(*)C5=O)cc3)C(F)(F)F)cc1)C2=O,504.96
*c1cc(Cc2ccc(C(F)(F)F)cc2)ccc1-n1c(=O)c2cc3c(=O)n(*)c(=O)c3cc2c1=O,429.65
*c1ccc2c(c1)C(=O)N(c1ccc(Oc3ccc(C(c4ccc(-c5ccc6c(c5)C(=O)N(*)C6=O)cc4)(C(F)(F)F)C(F)(F)F)cc3)cc1)C2=O,419.05
*N1C(=O)c2ccc(-c3ccc(-c4cc(C(F)(F)F)cc(C(F)(F)F)c4)cc3)cc2C1=O,514.61
*c1ccc2c(c1)C(=O)N(c1ccc(C(c3ccc(-c4ccc(-c5ccc6c(c5)C(=O)N(*)C6=O)cc4)cc3)(C(F)(F)F)C(F)(F)F)cc1)C2=O,450.53
*c1ccc2c(c1)C(=O)N(c1ccc(-c3ccc(C(c4ccc(-c5ccc6c(c5)C(=O)N(*)C6=O)cc4)(C(F)(F)F)C(F)(F)F)cc3)cc1)C2=O,363.86
*N1C(=O)c2ccc(Oc3ccc(-c4ccc(C(F)(F)F)cc4)cc3)cc2C1=O,441.19
*N1C(=O)c2ccc(-c3ccc(OC(F)(F)CF)cc3)cc2C1=O,471.15
*c1ccc2c(c1)C(=O)N(C(=O)c1ccc(-c3ccc4c(c3)C(=O)N(*)C4=O)cc1C(F)(F)F)C2=O,479.52
*c1ccc2c(c1)C(=O)N(C(=O)c1ccc(OC(F)(F)C(F)(F)Oc3ccc4c(c3)C(=O)N(*)C4=O)cc1)C2=O,288.82
*c1ccc2c(c1)C(=O)N(C(=O)c1ccc(C(CF)(CF)c3ccc4c(c3)C(=O)N(*)C4=O)cc1)C2=O,458.3
*c1ccc2c(c1)C(=O)N(C(=O)c1ccc(-c3ccc4c(c3)C(=O)N(*)C4=O)cc1F)C2=O,507.56
*N1C(=O)c2ccc(Oc3ccc(F)cc3F)cc2C1=O,403.87
*c1ccc2c(c1)C(=O)N(C(=O)c1ccc(Oc3ccc(Oc4ccc5c(c4)C(=O)N(*)C5=O)cc3F)cc1)C2=O,340.18
*c1ccc2c(c1)C(=O)N(C(=O)c1ccc(-c3ccc4c(c3)C(=O)N(*)C4=O)c(F)c1)C2=O,498.59
*N1C(=O)c2ccc(Oc3c(F)c(F)c(F)c(F)c3F)cc2C1=O,397.42
*N1C(=O)c2ccc(-c3ccc(C(=O)C(F)(F)F)cc3)cc2C1=O,536.62
*n1c(=O)c2cc3c(=O)n(-c4ccc(Oc5ccc(C(F)(F)F)cc5)c(F)c4)c(=O)c3cc2c1=O,484.36
*c1ccc2c(c1)C(=O)N(C(=O)c1ccc(Oc3ccc4c(c3)C(=O)N(*)C4=O)c(C(F)(F)F)c1)C2=O,373.65
*N1C(=O)c2ccc(-c3cc(C(F)(F)F)ccc3C(F)(F)F)cc2C1=O,502.02
*N1C(=O)c2ccc(Oc3cc(C(F)(F)F)cc(C(F)(F)F)c3)cc2C1=O,364.05
*c1ccc2c(c1)C(=O)N(C(=O)c1ccc(-c3ccc4c(c3)C(=O)N(*)C4=O)c(C(F)(F)F)c1C(F)(F)F)C2=O,446.27
*n1c(=O)c2ccc3c(=O)n(CCCCCC)c(=O)c3c2c1=O,438.23
*c1ccc2ccc3ccc4c(c3c2c1)C(=O)N(c1ccc2ccc3ccc5c(c3c2c1)C(=O)N(*)C5=O)C4=O,462.455
*n1c(=O)c2cc3c(=O)n(-c4ccc(-n5cnc6ccccc65)cc4)c(=O)c3cc2c1=O,622.22
*n1c(=O)c2cc3c(=O)n(-c4ccc(-c5nc6ccccc6s5)cc4)c(=O)c3cc2c1=O,428.98
*c1ccc2c(c1)C(=O)N(c1cccc3cccc(-c4ccc5c(c4)C(=O)N(*)C5=O)c13)C2=O,458.425
*NC(=O)C12CCC(C(F)(F)F)(C1)C(=O)N(*)C(=O)C2,409.06
*N1C(=O)C2(*)CCC(C(F)(F)F)(CC2)C1=O,403.05
*NC1CC2C(=O)N(*)C(=O)C2C1,409.21
*N1C(=O)[C@@H]2C[C@@H](C1=O)[C@H]1CC[C@H]2C1,268.88
*N1C(=O)C2(*)CCC(CC)(C2)C1=O,379.87
*N1C(=O)C2(*)CCC(c3ccccc3)(C2)C1=O,479.44
*c1ccc(N2C(=O)[C@H]3CC[C@@H](CC3)C(=O)N2*)cc1,273.62
*N1C(=O)C2(*)CCC(F)(C2)C1=O,407.61
*N1C(=O)C2(*)CCC(OC)(C2)C1=O,382.76
*N1C(=O)C2(*)CCC(C(C)C)(C2)C1=O,396.97
*c1cccc(N2C(=O)[C@H]3CC[C@@H](CC3)C(=O)N2*)c1,252.87
*N1C(=O)[C@H]2CC[C@@H](CC2)C(=O)N1c1ccc(C(F)(F)F)cc1,287.0
*N1C(=O)C2CC(OC(C)=O)CC2C1=O,374.71
*N1C(=O)C2(*)CCC(CC(C)C)(C2)C1=O,366.8
*c1ccc(Oc2ccc(N3C(=O)[C@H]4CC[C@@H](CC4)C(=O)N3*)cc2)cc1,249.41
*c1ccc(S(=O)(=O)c2ccc(N3C(=O)[C@H]4CC[C@@H](CC4)C(=O)N3*)cc2)cc1,275.33
*N1C(=O)C2(*)CCC(CCCC)(C2)C1=O,395.39
*c1ccc(C(C)(C)c2ccc(N3C(=O)[C@H]4CC[C@@H](CC4)C(=O)N3*)cc2)cc1,306.095
*c1ccc(-c2ccc(N3C(=O)[C@H]4CC[C@@H](CC4)C(=O)N3*)cc2)cc1,320.165
*N1C(=O)C2(*)CCC(C(F)(F)C(F)(F)F)(C2)C1=O,410.64
*CCCCN1C(=O)[C@H]2CC[C@@H](CC2)C(=O)N1*,326.36
*N1C(=O)C2CC(CCC)CC2C1=O,390.89
*CCN1C(=O)[C@H]2CC[C@@H](CC2)C(=O)N1*,312.75
*N1C(=O)C2(*)CCC(c3cccc(C(F)(F)F)c3)(C2)C1=O,442.55
*N1C(=O)[C@H]2CC[C@@H](CC2)C(=O)N1c1ccc(OC)cc1,293.34
*N1C(=O)C2CC(CCCC)CC2C1=O,402.91
*N1C(=O)[C@H]2CC[C@@H](CC2)C(=O)N1c1ccc(F)cc1,261.09
*c1ccc(Sc2cccc(-n3c(=O)c4ccc5c(=O)n(*)c(=O)c5c4c3=O)c2)cc1,382.04
*C(=O)c1cc2c(cc1C(=O)N(*)c1ccc(Oc3ccc(-n4c(=O)c5cc6c(=O)n(*)c(=O)c6cc5c4=O)cc3)cc1)C(=O)N(*)C2=O,391.85
*C(=O)c1cc2c(cc1C(=O)N(*)c1ccc(Oc3ccc(C(=O)c4ccc(Oc5ccc(-n6c(=O)c7cc8c(=O)n(*)c(=O)c8cc7c6=O)cc5)cc4)cc3)cc1)C(=O)N(*)C2=O,330.13
*N1C(=O)c2cccc(-c3cccc(N4C(=O)c5ccc(CCCC)cc5C4=O)c3)c2C1=O,444.86
*c1ccc2c(c1)C(=O)N(c1ccc(N(C)c3ccc(-c4ccc5c(c4)C(=O)N(*)C5=O)cc3)cc1)C2=O,522.81
*c1ccc2c(c1)C(=O)N(c1ccc(N(C)c3ccc(-c4ccc(-c5ccc6c(c5)C(=O)N(*)C6=O)cc4)cc3)cc1)C2=O,494.61
*c1ccc2c(c1)C(=O)N(c1ccc(N(C)c3ccc(-c4ccc(-c5ccc(-c6ccc7c(c6)C(=O)N(*)C7=O)cc5)cc4)cc3)cc1)C2=O,462.65
*c1ccc2c(c1)C(=O)N(C(=O)c1ccc(Cc3ccc(N(*)C(=O)c4ccc(Cc5ccc6c(c5)C(=O)N(*)C6=O)cc4)cc3)cc1)C2=O,344.82
*N1C(=O)c2ccc3c4c(ccc4c(=O)n3*)c2C1=O,529.93
*c1ccc(-c2ccc(N(*)C(=O)c3ccc(-c4ccc5c(c4)C(=O)N(*)C5=O)cc3)cc2)cc1,431.79
*c1ccc(N(*)C(=O)c2ccc(-c3ccc(-c4ccc5c(c4)C(=O)N(*)C5=O)cc3)cc2)cc1,432.81
*c1ccc(N(c2ccc(*)cc2)c2ccc(-c3ccc4c(c3)C(=O)N(*)C4=O)cc2)cc1,324.965
*c1ccc(-c2ccc(-n3c(=O)c4ccc5c6c(ccc3c54)C(=O)N(*)C6=O)cc2)cc1,490.9
*c1ccc(N(c2ccc(*)cc2)c2ccc(-c3ccc(-n4c(=O)c5cc6c(=O)n(*)c(=O)c6cc5c4=O)cc3)cc2)cc1,460.72
*c1ccc2c(c1)C(=O)c1ccc(-c3ccc(-n4c(=O)c5cc6c(=O)n(*)c(=O)c6cc5c4=O)cc3)cc1-2,508.49
*n1*c(=O)c2cc3c(cc2c1=O)C(=O)N(c1ccc(C(C)(C)c2ccc(*n4c(=O)c5cc6c(=O)n(*)c(=O)c6cc5c4=O)cc2)cc1)C3=O,444.05
*c1ccc2c(c1)C(=O)N(c1ccc(OCC(O)COc3ccc4c(c3)C(=O)N(*)C4=O)cc1)C2=O,345.34
*c1ccc2c(c1)C(=O)N(c1ccc(C(=O)N(C)c3ccc(-c4ccc5c(c4)C(=O)N(*)C5=O)cc3)cc1)C2=O,502.28
*C(=O)c1ccc(C(=O)N(*)c2ccc(C(F)(F)c3ccc4c(c3)C(=O)N(*)C4=O)cc2)cc1,472.26
O=C1c2ccc(-c3ccc(N4C(=O)c5ccc(C(F)(F)F)cc5C4=O)cc3)cc2C(=O)N1c1ccc(C(F)(F)F)cc1,419.335
O=c1c2cc3c(=O)n(-c4ccc(NC(F)(F)F)cc4)c(=O)c3cc2c(=O)n1-c1ccc(Nc2ccc(C(F)(F)F)cc2)cc1,541.13
O=C(Nc1ccc(C(F)(F)F)cc1)c1ccc2c(c1)C(=O)N(c1ccc(C(F)(F)F)cc1)C2=O,559.78
*c1ccc(C(F)(F)Oc2ccc(-n3c(=O)c4cc5c(=O)n(*)c(=O)c5cc4c3=O)cc2)cc1,479.61
O=C1c2ccc(Oc3ccc(N4C(=O)c5ccc(C(F)(F)F)cc5C4=O)cc3)cc2C(=O)N1c1ccc(C(F)(F)F)cc1,445.92
*C(=O)c1ccc(C(=O)N(*)c2ccc(C(F)(F)F)cc2Oc2ccc3c(c2)C(=O)N(*)C3=O)cc1,393.78
*c1ccc(N(*)C(=O)c2ccc(C(=O)N(*)c3ccc(Oc4ccc5c(c4)C(=O)N(*)C5=O)cc3)cc2)cc1,355.24
*c1ccc(C(=O)N(*)c2ccc(Oc3ccc(Oc4ccc5c(c4)C(=O)N(*)C5=O)cc3)cc2)cc1,342.695
*c1ccc(C(=O)N(*)c2ccc(Sc3ccc4c(c3)C(=O)N(*)C4=O)cc2)cc1,418.6
*c1ccc(C(=O)N(*)c2ccc(Oc3ccc(Sc4ccc(Oc5ccc6c(c5)C(=O)N(*)C6=O)cc4)cc3)cc2)cc1,329.47
*c1ccc(Oc2ccc(C)cc2-n2c(=O)c3cc4c(=O)n(*)c(=O)c4cc3c2=O)cc1,480.43
*c1ccc(C(=O)N(*)c2ccc(Sc3ccc(Oc4ccc5c(c4)C(=O)N(*)C5=O)cc3)cc2)cc1,364.92
*c1ccc(C(=O)N(*)c2ccc(Oc3ccc(C(=O)c4ccc(Oc5ccc6c(c5)C(=O)N(*)C6=O)cc4)cc3)cc2)cc1,330.51
*c1ccc(C(=O)N(*)c2ccc(Sc3ccc(Sc4ccc5c(c4)C(=O)N(*)C5=O)cc3)cc2)cc1,379.64
*c1ccc(Oc2ccc(C(C)(CF)c3ccc(Oc4ccc(-n5c(=O)c6cc7c(=O)n(*)c(=O)c7cc6c5=O)cc4)cc3)cc2)cc1,329.08
*N1C(=O)c2ccc3cc4ccccc4cc3c2C1=O,593.29
*C(=O)c1cc2c(cc1C(=O)N(*)c1ccc(-c3ccc(-n4c(=O)c5cc6c(=O)n(*)c(=O)c6cc5c4=O)cc3)cc1)C(=O)N(*)C2=O,396.18
*C(=O)c1cc(*)ccc1C(=O)N(*)c1ccc(-c2ccc3c(c2)C(=O)N(*)C3=O)cc1,502.86
*C(=O)c1ccc(C(=O)N(*)c2ccc(C(=O)c3ccc4c(c3)C(=O)N(*)C4=O)cc2)cc1,444.28
*n1c(=O)c2ccc3c(=O)n(-c4cccc5ccccc45)c(=O)c3c2c1=O,518.785
*c1ccc2c(c1)C(=O)N(c1ccc(C(F)(F)Oc3ccc(-c4ccc5c(c4)C(=O)N(*)C5=O)cc3)cc1)C2=O,467.62
*c1ccc2c(c1)C(=O)N(c1ccc(C(F)(F)COc3ccc(-c4ccc5c(c4)C(=O)N(*)C5=O)cc3)cc1)C2=O,431.74
*c1ccc(C(=O)N(C(=O)c2ccc(*)cc2)c2ccc(-c3ccc4c(c3)C(=O)N(*)C4=O)cc2)cc1,457.85
*N1C(=O)C2(*)CCC(CC3CC3)(C2)C(=O)N1*,375.39
*N1C(=O)[C@H]2[C@H]3CC[C@@H]3CC[C@H]2C1=O,270.78
*N1C(=O)C2CCC(C(F)(F)F)(C2)C(=O)N1*,395.83
*N1C(=O)[C@H]2CCC(C(C)(C)C)(C2)C1=O,295.83
*N1C(=O)[C@@H]2[C@@H]3CC[C@H]3CC[C@@H]2C1=O,280.91
*N1C(=O)[C@@H]2CC(=C)[C@H](C2)C1=O,296.23
*N1C(=O)[C@@H]2[C@@H]3CC[C@@H]3CC[C@H]2C1=O,280.07
*N1C(=O)[C@H]2[C@H]3CC[C@@H]3CC[C@@H]2C1=O,277.77
*N1C(=O)[C@@H]2CC(C)(C)C[C@H]2C1=O,291.36
*N1C(=O)[C@H]2[C@H]3CC[C@H]3CC[C@@H]2C1=O,271.25
*c1cccc2c1C(=O)N(c1cccc(-c3cccc(-c4cccc5c4C(=O)N(*)C5=O)c3)c1C(F)(F)F)C2=O,400.895
*c1cccc2c1C(=O)N(c1cccc(C(CF)(CF)c3cccc(-c4cccc5c4C(=O)N(*)C5=O)c3)c1)C2=O,339.935
*N1C(=O)c2ccc(-c3ccc4cc5ccccc5cc4c3)cc2C1=O,553.815
*N1C(=O)c2ccc(-c3ccc4c5ccccc5c5ccccc5c4c3)cc2C1=O,574.65
*N1C(=O)c2ccc(-c3ccc(-c4ccc5c(c4)C5(c4ccccc4)c4ccccc4)cc3)cc2C1=O,553.43
*c1ccc2c(c1)C(=O)N(c1ccc(-c3ccc(-c4ccc(-c5ccc(-c6ccc7c(c6)C(=O)N(*)C7=O)cc5)cc4)cc3)cc1)C2=O,392.665
*N1C(=O)c2ccc(-c3ccc(-c4ccc(OC(F)(F)C(F)(F)F)cc4)cc3)cc2C1=O,498.18
*N1C(=O)c2ccc(-c3ccc(-c4ccc(C(C)(C)C)cc4)cc3)cc2C1=O,526.63
*c1ccc2c(c1)C(=O)N(c1ccc(-c3ccc4c(c3)C(=O)N(c3ccc(-c5ccc(-c6ccc7c(c6)C(=O)N(*)C7=O)c6ccccc56)cc3)C4=O)cc1)C2=O,440.85
*N1C(=O)c2ccc(OCC(CO)COc3ccc4c(c3)C(=O)N(*)C4=O)cc2C1=O,310.65
*N1C(=O)c2ccc(-c3cccs3)cc2C1=O,477.46
*N1C(=O)c2ccc(-c3ccc(-n4cccc4)cc3)cc2C1=O,621.03
*N1C(=O)c2ccc(-c3ccc(-c4ccc(N(C)c5ccc6c(c5)C(=O)N(*)C6=O)cc4)cc3)cc2C1=O,522.35
*c1cc(C(F)(F)F)ccc1-c1ccc2c(c1)C(=O)N(*)C2=O,448.84
*N1C(=O)c2ccc(-c3ccc(CC(F)(F)F)cc3)cc2C1=O,468.4
*c1ccc(-c2ccc(C(=O)N(*)C(=O)c3ccc(-c4ccc5c(c4)C(=O)N(*)C5=O)cc3)cc2)cc1,476.55
*N1C(=O)c2ccccc2C1=O.*c1ccc(C(C)(CF)c2ccc(*)cc2)cc1,514.77
*N1C(=O)c2ccccc2C1=O.*c1ccc(Oc2ccc(Oc3ccc(*)cc3)cc2)cc1,438.45
*N1C(=O)c2ccccc2C1=O.*c1ccc(C(=O)c2ccc(*)cc2)cc1,530.75
*N1C(=O)c2ccccc2C1=O.*c1ccc(N(c2ccc(*)cc2)c2ccc(*)cc2)cc1,482.86
*N1C(=O)c2ccccc2C1=O.*c1ccc(Cc2ccc(*)cc2)cc1,441.39
*N1C(=O)c2ccccc2C1=O.*c1ccc(S(=O)(=O)c2ccc(*)cc2)cc1,536.73
*N1C(=O)c2ccccc2C1=O.*c1ccc(OC(C)(C)c2ccc(*)cc2)cc1,477.36
*N1C(=O)c2ccccc2C1=O.*c1ccc(Oc2ccc(C(C)(C)c3ccc(*)cc3)cc2)cc1,463.62
*N1C(=O)c2ccccc2C1=O.*c1ccc(-c2ccc(*)cc2)cc1,535.45
*N1C(=O)c2ccccc2C1=O.*c1ccc(OCC(F)(F)F)cc1,505.22
*N1C(=O)c2ccccc2C1=O.*c1ccc(Oc2cccc(*)c2)cc1,418.32
*N1C(=O)c2ccccc2C1=O.*c1ccc(C(C)(C)c2ccc(C(C)(C)c3ccc(*)cc3)cc2)cc1,462.97
*n1c(=O)c2cc3c(=O)n(-c4ccc5c(c4)C4(c6ccccc6-5)c5ccccc54)c(=O)c3cc2c1=O,607.49
*C(=O)N1C2CC3CC(C2)CC(C(*)=O)(C3)C(=O)N1*,398.92
*n1c(=O)c2ccc3c(=O)n(-c4ccc(C(c5ccccc5)(c5ccccc5)c5ccc(-n6c(=O)c7ccc8c(=O)n(*)c(=O)c8c7c6=O)cc5)cc4)c(=O)c3c2c1=O,522.91
*c1ccc2c(c1)C(=O)N(c1ccc(-c3ccc4c(c3)C(=O)N(*)C4=O)cc1C)C2=O,381.34
*c1ccc2c(c1)C(=O)N(c1cc3c(cc1-c1ccc4c(c1)C(=O)N(*)C4=O)-c1ccccc1C31c3ccccc31)C2=O,567.58
*n1c(=O)c2ccc3c(=O)n(-c4ccc(C(C)(C)c5cc(C)ccc5-n5c(=O)c6ccc7c(=O)n(*)c(=O)c7c6c5=O)c(C)c4)c(=O)c3c2c1=O,429.49
*N1C(=O)c2ccc(C34CCC5CC(CC(C5)C3)C4)cc2C1=O,426.215
*n1c(=O)c2cc3c(=O)c4ccccc4c3cc2c1=O,608.055
*N1C(=O)c2cc3ccccc3cc2C1=O,556.73
*c1ccc(Oc2ccc(N(*)C(=O)c3ccc4c(c3)C(=O)N(*)C4=O)cc2)cc1,388.62
*c1ccc(S(=O)(=O)c2ccc(Oc3ccc(Oc4ccc(-n5c(=O)c6cc7c(=O)n(*)c(=O)c7cc6c5=O)cc4)cc3)cc2)cc1,396.31
*c1ccc2c(c1)C(=O)N(c1ccc(Sc3ccc(C(C)(C)c4ccc(Sc5ccc6c(c5)C(=O)N(*)C6=O)cc4)cc3)cc1)C2=O,304.3
*c1ccc(Oc2ccc(Oc3ccc(Oc4ccc(Oc5ccc(-n6c(=O)c7cc8c(=O)n(*)c(=O)c8cc7c6=O)cc5)cc4)cc3)cc2)cc1,347.05
*CCO[Si](CC)(CC)CC.*N1C(=O)c2ccccc2C1=O,315.42
*c1ccc2c(c1)C(=O)N(C(=O)c1ccc(-c3ccc4c(c3)C(=O)N(*)C4=O)cc1)C2=O,456.295
*N1C(=O)c2ccccc2C1=O.*[Si](C)(C)O[Si](C)(C)O[Si](*)(C)C,357.28
*c1ccc([Si](C)(C)O[Si](C)(C)Oc2ccc(*n3c(=O)c4cc5c(=O)n(*)c(=O)c5cc4c3=O)cc2)cc1,274.68
*N1C(=O)c2ccccc2C1=O.*[Si](C)(C)O[Si](C)(C)O[Si](C)(C)O[Si](*)(C)C,329.69
*n1c(=O)c2ccc3c(=O)n(CCC[Si](C)(C)O[Si](*)(C)C)c(=O)c3c2c1=O,245.33
*N1C(=O)c2ccccc2C1=O.*[Si](C)(C)O[Si](C)(C)O[Si](C)(C)O[Si](C)(C)O[Si](*)(C)C,306.13
*c1ccc([Si](C)(C)O[Si](C)(C)c2ccc(*n3c(=O)c4cc5c(=O)n(*)c(=O)c5cc4c3=O)cc2)cc1,330.65
*[Si](C)(C)O[Si](C)(C)O[Si](C)(C)O[Si](C)(C)O[Si](C)(C)O[Si](C)(C)CCCN1C(=O)c2ccccc2C1=O,189.6
*[Si](C)(C)CCCCCn1c(=O)c2ccc3c(=O)n(CCC[Si](*)(C)C)c(=O)c3c2c1=O,205.96
*[Si](C)(C)O[Si](*)(C)C.*c1ccc2c(c1)C(=O)N(c1ccc(-c3ccc4c(c3)C(=O)N(*)C4=O)cc1)C2=O,371.95
*N1C(=O)c2ccccc2C1=O.*[Si](C)(C)O[Si](C)(C)O[Si](C)(C)O[Si](C)(C)O[Si](C)(C)O[Si](*)(C)C,287.48
*c1ccc2c(c1)C(=O)N(c1ccc(OCC[Si](C)(C)O[Si](C)(C)CCOc3ccc4c(c3)C(=O)N(*)C4=O)cc1)C2=O,208.33
*[Si](C)(C)O[Si](C)(C)O[Si](C)(C)O[Si](C)(C)O[Si](C)(C)O[Si](C)(C)O[Si](C)(C)CCCN1C(=O)c2ccccc2C1=O,186.55
*[Si](C)(C)O[Si](C)(C)O[Si](*)(C)C.*c1ccc2c(c1)C(=O)N(C(=O)c1ccc(-c3ccc4c(c3)C(=O)N(*)C4=O)cc1)C2=O,331.99
*N1C(=O)c2ccccc2C1=O.*[Si](C)(C)O[Si](C)(C)O[Si](C)(C)O[Si](C)(C)O[Si](C)(C)O[Si](C)(C)O[Si](*)(C)C,271.77
*c1ccc2c(c1)C(=O)N(c1ccc(OCC[Si](C)(C)O[Si](C)(C)O[Si](C)(C)CCOc3ccc4c(c3)C(=O)N(*)C4=O)cc1)C2=O,189.04
*[Si](C)(C)O[Si](C)(C)O[Si](C)(C)O[Si](C)(C)O[Si](C)(C)O[Si](C)(C)O[Si](C)(C)O[Si](C)(C)CCCN1C(=O)c2ccccc2C1=O,174.02
*[Si](C)(C)O[Si](*)(C)C.*c1ccc2c(c1)C(=O)N(c1ccc(Oc3ccc(C(C)(C)c4ccc(Oc5ccc6c(c5)C(=O)N(*)C6=O)cc4)cc3)cc1)C2=O,261.82
*N1C(=O)c2ccccc2C1=O.*[Si](C)(C)O[Si](C)(C)O[Si](C)(C)O[Si](C)(C)O[Si](C)(C)O[Si](C)(C)O[Si](C)(C)O[Si](*)(C)C,261.12
*[Si](C)(C)O[Si](C)(C)O[Si](C)(C)O[Si](C)(C)O[Si](C)(C)O[Si](C)(C)O[Si](C)(C)O[Si](C)(C)O[Si](C)(C)CCCN1C(=O)c2ccccc2C1=O,170.15
*[Si](C)(C)O[Si](C)(C)O[Si](C)(C)O[Si](*)(C)C.*c1ccc2c(c1)C(=O)N(c1ccc(-c3ccc4c(c3)C(=O)N(*)C4=O)cc1)C2=O,325.09
*N1C(=O)c2ccccc2C1=O.*[Si](C)(C)O[Si](C)(C)O[Si](C)(C)O[Si](C)(C)O[Si](C)(C)O[Si](C)(C)O[Si](C)(C)O[Si](C)(C)O[Si](*)(C)C,253.12
*c1ccc2c(c1)C(=O)N(c1ccc(OCC[Si](C)(C)O[Si](C)(C)O[Si](C)(C)O[Si](C)(C)O[Si](C)(C)CCOc3ccc4c(c3)C(=O)N(*)C4=O)cc1)C2=O,168.93
*[Si](C)(C)O[Si](C)(C)O[Si](C)(C)O[Si](C)(C)O[Si](C)(C)O[Si](C)(C)O[Si](C)(C)O[Si](C)(C)O[Si](C)(C)O[Si](C)(C)CCCN1C(=O)c2ccccc2C1=O,165.91
*c1ccc2c(c1)C(=O)N(c1ccc(Oc3ccc([Si](C)(C)O[Si](C)(C)O[Si](C)(C)c4ccc(Oc5ccc6c(c5)C(=O)N(*)C6=O)cc4)cc3)cc1)C2=O,231.58
*N1C(=O)c2ccccc2C1=O.*[Si](C)(C)O[Si](C)(C)O[Si](C)(C)O[Si](C)(C)O[Si](C)(C)O[Si](C)(C)O[Si](C)(C)O[Si](C)(C)O[Si](C)(C)O[Si](*)(C)C,244.42
*c1ccc2c(c1)C(=O)N(c1ccc(OCC[Si](C)(C)O[Si](C)(C)O[Si](C)(C)O[Si](C)(C)O[Si](C)(C)O[Si](C)(C)CCOc3ccc4c(c3)C(=O)N(*)C4=O)cc1)C2=O,159.17
*[Si](C)(C)O[Si](C)(C)O[Si](C)(C)O[Si](C)(C)O[Si](C)(C)O[Si](C)(C)O[Si](C)(C)O[Si](C)(C)O[Si](C)(C)O[Si](C)(C)O[Si](C)(C)CCCN1C(=O)c2ccccc2C1=O,164.67
*[Si](C)(C)O[Si](C)(C)O[Si](C)(C)O[Si](C)(C)O[Si](*)(C)C.*c1ccc2c(c1)C(=O)N(c1ccc(-c3ccc4c(c3)C(=O)N(*)C4=O)cc1)C2=O,301.48
*c1ccc2c(c1)C(=O)N(c1ccc(Oc3ccc(C(C)(CF)c4ccc(Oc5ccc6c(c5)C(=O)N(*)C6=O)cc4)cc3)cc1)C2=O,280.065
*N1C(=O)c2ccc(C(=O)N(*)c3ccccc3)cc2C1=O,540.58
*n1c(=O)c2cc3c(=O)n(-c4ccc(S(=O)(=O)c5ccc(F)cc5)cc4)c(=O)c3cc2c1=O,485.89
*n1c(=O)c2cc3c(=O)n(-c4ccc(C(F)(CF)CF)cc4)c(=O)c3cc2c1=O,494.17
*n1c(=O)c2cc3c(=O)n(-c4cccc(C)c4)c(=O)c3cc2c1=O,443.24
*c1cccc(C(C)(C)c2ccc(-n3c(=O)c4ccc5c(=O)n(*)c(=O)c5c4c3=O)cc2)c1,507.565
*c1ccc(-c2ccc(Oc3ccc(-n4c(=O)c5cc6c(=O)n(*)c(=O)c6cc5c4=O)cc3)cc2)cc1,382.005
*c1cccc(S(=O)(=O)c2ccc(-n3c(=O)c4cc5c(=O)n(*)c(=O)c5cc4c3=O)cc2)c1,419.415
*c1ccc(C(C)(C)c2cccc(-n3c(=O)c4ccc5c(=O)n(*)c(=O)c5c4c3=O)c2)cc1,505.0
*N1C(=O)CC(=O)N([Si](C)(C)O[Si](C)(C)CCCCCC)C1=O,239.62
*N1C(=O)c2ccccc2C1=O.*NCCCC[Si](C)(C)O[Si](C)(C)C,341.4
C[Si]1(C)O[Si](C)(C)O[Si](C)(CCCN2C(=O)c3ccccc3C2=O)O1,253.42
*n1c(=O)c2cc3c(=O)n(CCCCC[Si](C)(C)O[Si](C)(C)C)c(=O)c3cc2c1=O,237.35
*c1ccc(N(CCCC[Si](C)(C)O[Si](C)(C)C)C(=O)c2ccc3c(c2)C(=O)N(*)C3=O)cc1,232.96
C[Si]1(C)O[Si](C)(C)O[Si](C)(CCCN2C(=O)c3ccccc3C2=O)O[Si](C)(C)O1,233.95
C[Si]1(C)O[Si](C)(C)O[Si](C)(C)O[Si](C)(CCCN2C(=O)c3ccccc3C2=O)O[Si](C)(C)O1,224.58
*n1c(=O)c2ccc3c(=O)n(CCCC[Si](C)(C)O[Si](C)(C)C)c(=O)c3c2c1=O,249.38
C[Si](C)(C)CCCCn1c(=O)c2cc3c(=O)n(CCC[Si](C)(C)C)c(=O)c3cc2c1=O,210.41
C[Si](C)(C)O[Si](C)(C)CCCCN1C(=O)c2ccc(-c3ccc4c(c3)C(=O)N(CCC[Si](C)(C)O[Si](C)(C)C)C4=O)cc2C1=O,192.6
C[Si]1(C)O[Si](C)(C)O[Si](C)(CCCN2C(=O)c3ccc(-c4ccc5c(c4)C(=O)NC5=O)cc3C2=O)O1,244.9
C[Si](C)(C)CCCN1C(=O)c2ccc(Oc3ccc(N4C(=O)c5ccccc5C4=O)cc3)cc2C1=O,273.28
C[Si]1(C)O[Si](C)(C)O[Si](C)(C)O[Si](C)(CCCN2C(=O)c3ccccc3C2=O)O[Si](C)(C)O[Si](C)(C)O1,214.65
C[Si](C)(C)CCCN1C(=O)c2ccc(-c3ccc4c(c3)C(=O)NC4=O)cc2C1=O,310.2
*N1C(=O)c2ccc(C(C)(C)c3ccc(N4C(=O)c5ccccc5C4=O)cc3)cc2C1=O,587.33
CC(C)(c1ccc(N2C(=O)c3ccccc3C2=O)cc1)c1ccc2c(c1)C(=O)N(CCC[Si](C)(C)C)C2=O,308.91
C[Si](C)(C)O[Si](C)(C)O[Si](C)(C)O[Si](C)(C)CCCN1C(=O)c2ccccc2C1=O,219.77
C[Si]1(C)O[Si](C)(C)O[Si](C)(C)O[Si](C)(CCCn2c(=O)c3ccc4c(=O)[nH]c(=O)c4c3c2=O)O[Si](C)(C)O1,216.78
*c1ccc(Oc2ccc3c(c2)C(=O)N(CCC[Si](C)(C)C)C3=O)cc1,211.56
C[Si]1(C)O[Si](C)(C)O[Si](C)(CCCN2C(=O)c3ccc(Oc4ccc(N5C(=O)c6ccccc6C5=O)cc4)cc3C2=O)O1,203.34
C[Si](C)(C)O[Si](C)(C)O[Si](C)(C)O[Si](C)(C)O[Si](C)(C)CCCN1C(=O)c2ccccc2C1=O,206.42
C[Si]1(C)O[Si](C)(C)O[Si](C)(C)O[Si](C)(C)O[Si](C)(CCCN2C(=O)c3ccccc3C2=O)O[Si](C)(C)O[Si](C)(C)O1,203.59
C[Si](C)(C)CCCn1c(=O)c2ccc3c(=O)n(CCCC[Si](C)(C)O[Si](C)(C)C)c(=O)c3c2c1=O,196.38
C[Si]1(C)O[Si](C)(C)O[Si](C)(C)O[Si](C)(C)O[Si](C)(CCCN2C(=O)c3ccccc3C2=O)O[Si](C)(C)O[Si](C)(C)O[Si](C)(C)O1,196.55
*N1C(=O)c2ccc(-n3c(=O)c4ccc5c(=O)n(*)c(=O)c5c4c3=O)cc2C1=O,492.74
*N1C(=O)[C@@H]2CC[C@@H](C1=O)N(*)C2=O,288.05
*N1C(=O)[C@@H]2C[C@H]1CC2=O,343.83
*N1C(=O)C2CCC(C)(C2)C(=O)N1*,370.61
*N1C(=O)C2[C@H]3CC[C@@H]2[C@H](C3)C1=O,331.07
*N1C(=O)[C@@H]2C[C@@H](C1=O)N(*)C2=O,317.76
*N1C(=O)C2CC(=O)[C@@H](C2)C1=O,332.12
*N1C(=O)C2C[C@H]3C[C@@H]2C[C@H]3C1=O,320.06
*N1C(=O)C[C@H]2C[C@H](C1=O)N(*)C2=O,296.41
*N1C(=O)[C@H]2C[C@@H]3C[C@H]2C[C@@H]3C1=O,308.32
*N1C(=O)CC2CC(=O)[C@@H](C2)C1=O,324.51
*N1C(=O)CC[C@@H]2C[C@@H](C1=O)N(*)C2=O,265.64
*N1C(=O)C2(C(C)C)CCC(C(C)C)(C2)C(=O)N1*,367.18
*N1C(=O)[C@H]2C[C@@H]3CC[C@H]3C[C@H]2C1=O,294.96
*N1C(=O)C2(F)CCC(F)(C2)C(=O)N1*,391.97
*N1C(=O)C2CCC(Cl)(CC2)C(=O)N1*,338.59
*N1C(=O)C[C@@H]2CC[C@@H](C1=O)N(*)C2=O,280.94
*N1C(=O)[C@H]2C[C@H](C1=O)N(*)C2=O,320.65
*N1C(=O)C2(OC)CCC(OC)(C2)C(=O)N1*,340.48
*N1C(=O)C2C[C@@H]3C[C@H]2C[C@@H]3C(=O)N1*,319.5
*N1C(=O)C2CCC(CC(C)C)(CC2)C(=O)N1*,327.98
*N1C(=O)C(=O)[C@@H]2[C@@H](CC[C@H]2C(=O)N(*)[C@@H]2CC[C@H](C(=O)O)C2)C1=O,230.74
*N1C(=O)C(=O)[C@H]2C[C@@H](C2)C1=O,306.31
*c1ccc([C@H]2C[C@@H]3C(=O)N(*)N(*)C(=O)[C@@H]3C2)cc1,287.83
*C(=O)C1(C(*)=O)CCC2(C1)C(=O)C(=O)N(*)C2=O,364.26
*N1C(=O)[C@H]2C[C@H](C(C)(C)C)C[C@H]2C(=O)N1*,252.565
*N1C(=O)[C@H]2C[C@H](CC(C)(C)C)C[C@H]2C(=O)N(*)C1=O,233.65
*c1ccc(Oc2ccc([C@@H]3CC[C@H]4C(=O)N(*)C(=O)N(*)C(=O)[C@H]4C3)cc2)cc1,254.54
*c1ccc(-c2ccc([C@@H]3CC[C@H]4C(=O)N(*)N(*)C(=O)[C@H]4C3)cc2)cc1,282.68
*N1C(=O)C(=O)[C@H]2C[C@@H](C2)C(=O)N(*)C(=O)[C@H]2C[C@@H](C2)C1=O,277.34
*N1C(=O)C(=O)[C@H]2CC[C@@H](C2)C1=O,300.22
*N1C(=O)C(=O)[C@H]2C[C@H](C2)C1=O,300.1
*N1C(=O)[C@H]2C[C@H](C2)C1=O,319.08
*N1C(=O)C(=O)[C@@H]2CC[C@@H](C2)C1=O,270.615
*N1C(=O)C(=O)[C@H]2CC[C@H](C2)C1=O,275.87
*N1C(=O)C(=O)[C@H]2CC[C@H](CC2)C1=O,290.715
*c1cc(Cc2cccc3c2C(=O)N(*)C3=O)cc(N2C(=O)c3cccc(*)c3C2=O)c1,456.33
*c1cccc2c1C(=O)N(c1cccc(C(=O)Nc3cccc(-c4cccc5c4C(=O)N(*)C5=O)c3)c1)C2=O,425.57
*c1ccc(-c2cccc3c2C(=O)N(c2cccc(-c4cccc5c4C(=O)N(*)C5=O)c2)C3=O)cc1,437.39
*c1cccc(-c2cccc3c2C(=O)N(c2cccc(-c4cccc5c4C(=O)N(*)C5=O)c2)C3=O)c1,403.175
*c1cccc2c1C(=O)N(c1cc3c(cc1-c1cccc(-c4cccc5c4C(=O)N(*)C5=O)c1)C(=O)N(*)C3=O)C2=O,478.12
*n1c(=O)c2cc3c(=O)n(*c4ccc5c(c4)C(=O)N(*c4ccc(C(F)(F)F)cc4)C5=O)c(=O)c3cc2c1=O,469.57
*n1c(=O)c2cc3c(=O)n(*c4ccc(-n5c(=O)c6cc7c(=O)n(*c8ccc(C(F)(F)F)cc8)c(=O)c7cc6c5=O)cc4)c(=O)c3cc2c1=O,461.83
*n1c(=O)c2ccc3c(=O)n(*c4ccc(C(F)(F)F)cc4Oc4ccc(C(F)(F)F)cc4)c(=O)c3c2c1=O,464.35
*N1C(=O)c2ccc(-c3ccc(C(=O)N(*c4ccc(C(F)(F)F)cc4)C(=O)c4ccccc4)cc3)cc2C1=O,553.76
*N1C(=O)c2cc(C)c(C)cc2C1=O,469.37
*N1C(=O)c2ccc(cc2)Oc2ccc(cc2)N(*)C(=O)c2ccccc2C1=O,565.78
*N1C(=O)c2ccc(Oc3ccccc3)cc2C1=O,475.41
*n1c(=O)c2cc3oc4ccccc4oc3cc2c1=O,491.21
*N1C(=O)c2ccc(S(=O)(=O)c3ccccc3)cc2C1=O,567.18
*N1C(=O)c2cc3c(cc2C1=O)C(C)(C)c1ccccc1C3=O,548.46
*N1C(=O)c2ccc(-c3cccc(C)c3)cc2C1=O,574.23
*N1C(=O)c2cc(Cl)c(Cl)cc2C1=O,446.1
*n1c(=O)c2cc3c(=O)c4ccccc4c(=O)c3cc2c1=O,605.19
*N1C(=O)c2ccc(N(C)C)cc2C1=O,463.46
*N1C(=O)c2cc3c(cc2C1=O)OC(F)(F)O3,413.78
*N1C(=O)c2ccc(-c3ccc(Cl)cc3)cc2C1=O,495.47
*N1C(=O)c2ccc(Sc3ccccc3)cc2C1=O,563.8
*N1C(=O)c2ccc(OC)cc2C1=O,456.81
*N1C(=O)c2ccc(-c3ccc(S(=O)(=O)c4ccccc4)cc3)cc2C1=O,600.22
*N1C(=O)c2ccc(-c3ccc(Oc4ccccc4)cc3)cc2C1=O,545.35
*N1C(=O)c2ccc(-c3ccc(CC)cc3)cc2C1=O,477.595
*n1c(=O)c2cc3c(=O)n(-c4ccc(Sc5ccccc5)cc4)c(=O)c3cc2c1=O,602.11
*N1C(=O)c2ccc(-c3cccc(F)c3)cc2C1=O,551.18
*N1C(=O)c2ccc(-c3ccc(Br)cc3)cc2C1=O,520.04
*n1c(=O)c2cc3c(=O)n(-c4ccc(Br)cc4)c(=O)c3cc2c1=O,526.04
*c1ccc(N2C(=O)c3ccccc3C2=O)cc1,555.71
*n1c(=O)c2cc3c(=O)n(-c4ccc(C56CC7CC(CC(C7)C5)C6)cc4)c(=O)c3cc2c1=O,456.845
*n1c(=O)c2cc3c(=O)n(-c4ccc(C(c5ccccc5)(c5ccccc5)c5ccccc5)cc4)c(=O)c3cc2c1=O,554.37
*N1C(=O)c2ccc(C3(CC)CC4CC(CC)CC(C4)C3)cc2C1=O,380.27
*N1C(=O)c2ccc(-c3cc4ccccc4cc3-c3ccccc3)cc2C1=O,609.97
*n1c(=O)c2cc3c(=O)n(-c4ccc(-c5ccc6c(c5)C5(c7ccccc7-6)c6ccccc65)cc4)c(=O)c3cc2c1=O,589.63
*c1ccc2c(c1)C(=O)N(c1ccc(C(C)(C)c3ccc(-n4c(=O)c5cc6c(=O)n(*)c(=O)c6cc5c4=O)cc3)cc1)C2=O,459.53
*N1C(=O)c2ccc(-c3ccc(N4C(=O)c5ccc(-c6ccc7ccccc7c6)cc5C4=O)cc3)cc2C1=O,538.01
*N1C(=O)c2ccc(-c3ccc(N4C(=O)c5ccc(-c6ccc7cc8ccccc8cc7c6)cc5C4=O)cc3)cc2C1=O,502.68
*N1C(=O)c2ccc(-c3ccc(N4C(=O)c5ccc(-c6ccccc6)cc5C4=O)cc3)cc2C1=O,604.36
*N1C(=O)c2ccc(-c3ccc(N4C(=O)c5ccc(-c6ccc(C78CC9CC(CC(C9)C7)C8)cc6)cc5C4=O)cc3)cc2C1=O,425.04
*N1C(=O)c2ccccc2C1=O.*c1ccc(N2C(=O)c3ccccc3C2=O)cc1,620.905
*N1C(=O)c2ccc(-c3ccc(Cc4ccc(N5C(=O)c6ccccc6C5=O)cc4)cc3)cc2C1=O,397.235
*C(=O)c1ccc(N(*)C(=O)c2ccc3c(c2)C(=O)N(*)C3=O)cc1,452.97
*C(=O)c1ccc(C(=O)N(*)c2ccc3c(c2)C(=O)N(*)C3=O)cc1,454.11
*n1c(=O)c2cc3c(=O)n(-c4ccc(-c5nc6ccccc6o5)cc4)c(=O)c3cc2c1=O,523.57
*N1C(=O)c2ccc(-c3ccc(-c4ccncc4)cc3)cc2C1=O,582.71
*N1C(=O)CCC2(CCCCC2)C1=O,362.19
*N1C(=O)[C@@H]2[C@@H]3CC[C@@H](CC[C@H]2C1=O)C3,278.39
*N1C(=O)[C@H]2C[C@@H](C1=O)N(*)C2=O,333.5
*N1C(=O)C(=O)[C@@H]2CC[C@H](C2)C1=O,253.905
*N1C(=O)C2(CCCC2)C1=O,324.335
*N1C(=O)C2(CCC2)C1=O,333.6
*N1C(=O)C(=O)[C@@H]2C[C@H]2C1=O,336.39
*N1C(=O)C(=O)C2(CC2)C1=O,397.27
*N1C(=O)C(=O)[C@H]2CCCC[C@H]2C1=O,276.96
*N1C(=O)CC[C@@H]2C[C@H](C1=O)N(*)C2=O,278.12
*N1C(=O)C(=O)[C@@H]2CC(C)(C)C[C@H]2C1=O,289.93
*N1C(=O)[C@H]2C[C@H](C1=O)C(F)(F)C2,313.69
*N1C(=O)C(=O)[C@H]2CC(=O)C[C@@H]2C1=O,303.86
*N1C(=O)[C@@H]2C[C@H](C1=O)C(C)(C)C2,304.15
*N1C(=O)C(=O)[C@@H]2CC[C@H](CC2(C)C)C1=O,298.89
*N1C(=O)C(=O)[C@@H]2CCC[C@@H]2C1=O,309.75
*N1C(=O)[C@@H]2CC[C@@H](C2)C(=O)N(*)C1=O,275.39
*N1C(=O)c2ccc(-c3ccc(C(=O)N(*)c4ccc(C(F)(F)F)cc4)cc3)cc2C1=O,485.435
*C(=O)c1ccc(-c2ccc(C(=O)N(*)c3ccc(S(=O)(=O)c4ccc(-c5ccc6c(c5)C(=O)N(*)C6=O)cc4)cc3)cc2)cc1,392.83
*c1cccc(Cc2ccc(-n3c(=O)c4cc5c(=O)n(*)c(=O)c5cc4c3=O)cc2)c1,389.375
*C(=O)c1cccc2cccc(C(=O)N(*)c3ccc(-c4ccc5c(c4)C(=O)N(*)C5=O)cc3)c12,524.14
*N1C(=O)c2ccc(-c3ccc(C(C)(C)c4ccc(N(*)C(=O)c5cccc6c5C(=O)N(*)C6=O)cc4)cc3)cc2C1=O,486.04
*C(=O)c1ccc(-c2ccc(C(=O)N(*)c3ccc(Oc4cccc(-c5ccc6c(c5)C(=O)N(*)C6=O)c4)cc3)cc2)cc1,436.16
*C(=O)c1ccc(-c2ccc(C(=O)N(*)c3cccc(Oc4ccc(-c5ccc6c(c5)C(=O)N(*)C6=O)cc4)c3)cc2)cc1,418.26
*C(=O)c1ccc(-c2ccc(C(=O)N(*)c3ccc(N(C)c4ccc(-c5ccc6c(c5)C(=O)N(*)C6=O)cc4)cc3)cc2)cc1,410.06
*N1C(=O)c2ccc(-c3ccc(-c4ccc(N(*)C(=O)c5cccc6c5C(=O)N(*)C6=O)cc4)cc3)cc2C1=O,503.52
*C(=O)c1ccc(-c2ccc(C(=O)N(*)c3cccc(C(C)(C)c4cccc(-c5ccc6c(c5)C(=O)N(*)C6=O)c4)c3)cc2)cc1,423.49
*C(=O)c1ccc(-c2ccc(C(=O)N(*)c3cccc(Cc4ccc(-c5ccc6c(c5)C(=O)N(*)C6=O)cc4)c3)cc2)cc1,400.67
*C(=O)c1ccc(-c2ccc(C(=O)N(*)c3cccc(S(=O)(=O)c4ccc(-c5ccc6c(c5)C(=O)N(*)C6=O)cc4)c3)cc2)cc1,429.58
*C(=O)c1ccc(-c2ccc(C(=O)N(*)c3ccc(Cc4cccc(-c5ccc6c(c5)C(=O)N(*)C6=O)c4)cc3)cc2)cc1,403.02
*C(=O)c1ccc(-c2ccc(C(=O)N(*)c3ccc(C(F)(F)Oc4ccc(-c5ccc6c(c5)C(=O)N(*)C6=O)cc4)cc3)cc2)cc1,418.52
*C(=O)c1ccc(-c2ccc(C(=O)N(*)c3ccc(Oc4ccc(-c5ccc(-c6ccc7c(c6)C(=O)N(*)C7=O)cc5)cc4)cc3)cc2)cc1,381.46
*N1C(=O)c2ccc(-c3ccc(-c4cccc(N(*)C(=O)c5cccc6c5C(=O)N(*)C6=O)c4)cc3)cc2C1=O,504.43
*N1C(=O)c2ccc(-c3ccc(Oc4ccc(N(*)C(=O)c5cccc6c5C(=O)N(*)C6=O)cc4)cc3)cc2C1=O,466.6
*C(=O)c1ccc(-c2ccc(C(=O)N(*)c3ccc(Oc4cccc(-c5ccc(-c6ccc7c(c6)C(=O)N(*)C7=O)cc5)c4)cc3)cc2)cc1,401.6
*C(=O)c1ccc(-c2ccc(C(=O)N(*)c3ccc(S(=O)(=O)c4cccc(-c5ccc6c(c5)C(=O)N(*)C6=O)c4)cc3)cc2)cc1,426.84
*C(=O)c1ccc(-c2ccc(C(=O)N(*)c3ccc(C(C)(C)c4ccc(-c5ccc(-c6ccc7c(c6)C(=O)N(*)C7=O)cc5)cc4)cc3)cc2)cc1,352.72
*c1cccc2c1C(=O)N(OC(=O)c1cccc(C(=O)Oc3cccc4c3C(=O)N(*)C4=O)c1)C2=O,387.41
*c1ccc(C(c2ccc(*)cc2)(c2ccc(*)cc2)c2ccc(-n3c(=O)c4cc5c(=O)n(*)c(=O)c5cc4c3=O)cc2)cc1,428.35
*c1ccc(-n2c(=O)c3cc4cc5c(=O)n(*)c(=O)c5cc4cc3c2=O)cc1,478.13
*c1ccc2c(c1)C(=O)N(c1ccc3c(c1)C(=O)N(c1ccc(-c4ccc5c(c4)C(=O)N(*)C5=O)cc1)C(=O)c1ccc-3cc1)C2=O,456.54
*c1ccc(C(C)(C)c2ccc(OC(=O)c3ccc(-n4c(=O)c5ccc6c(=O)n(*)c(=O)c6c5c4=O)cc3)cc2)cc1,426.51
*N1C(=O)c2ccc(-c3ccc(C(C)(C)C)cc3)cc2C1=O,531.045
*N1C(=O)c2ccc(-c3ccc(SC)cc3)cc2C1=O,527.6
*N1C(=O)c2ccc(-c3ccc(CCCC)cc3)cc2C1=O,442.85
*N1C(=O)c2ccc(-c3ccc(CCCCCC)cc3)cc2C1=O,409.59
*N1C(=O)c2ccc(-c3ccc(OCCO)cc3)cc2C1=O,418.89
*N1C(=O)c2ccc(-c3ccc(OCC)cc3)cc2C1=O,354.325
*N1C(=O)c2ccc(-c3ccc(-c4ccccc4)cc3)cc2C1=O,595.56
*N1C(=O)c2ccc(-c3ccc(Oc4ccc(OC)cc4)cc3)cc2C1=O,459.84
*N1C(=O)c2ccc(Oc3ccc(N4C(=O)c5ccc(C(F)(F)F)cc5C4=O)cc3)cc2C1=O,441.43
*C(=O)CC12CCC(C(*)=O)(CC(=O)N(*)N(*)C1=O)C2,353.99
*N1C(=O)[C@H]2C[C@H](C2)C(=O)N(*)C(=O)[C@@H]2C[C@H](C2)C1=O,270.885
*N1C(=O)C2(C(F)(F)F)CCC(C(F)(F)F)(CC2)C(=O)N1*,381.67
*N1C(=O)C2CCC(CC)(C2)C(=O)N1*,357.96
*N1C(=O)[C@H]2CC(=O)[C@@H](C2)C(=O)N(*)C(=O)[C@H]2CC(=O)[C@@H](C2)C1=O,258.54
*N1C(=O)C2CC(C(C)(C)C)CC2C(=O)N1*,393.04
*N1C(=O)[C@H]2C[C@@H](C(=O)N(*)C(=O)[C@H]3C[C@@H](C3)C1=O)[C@H]2C,254.37
*N1C(=O)C2(c3ccccc3)CCC(c3ccccc3)(CC2)C(=O)N1*,462.68
*N1C(=O)[C@@H]2CC[C@H](C2)C(=O)N(*)C(=O)[C@H]2CC[C@H](C2)C1=O,256.76
*N1C(=O)C2(CC)CCC(CC)(CC2)C(=O)N1*,339.65
*N1C(=O)C2(C(C)(C)C)CCC(C(C)(C)C)(C2)C(=O)N1*,349.23
*N1C(=O)[C@@H]2CC[C@H](C2)C(=O)N(*)C(=O)[C@@H]2CC[C@H](C2)C1=O,261.025
*N1C(=O)C2(OCC)CCC(OCC)(CC2)C(=O)N1*,304.31
*N1C(=O)C2(Cl)CCC(Cl)(C2)C(=O)N1*,341.3
*N1C(=O)C2(c3cccc(C(F)(F)F)c3)CCC(c3cccc(C(F)(F)F)c3)(CC2)C(=O)N1*,395.96
*N1C(=O)C2(c3ccc(OC)cc3)CCC(c3ccc(OC)cc3)(C2)C(=O)N1*,392.88
*N1C(=O)C2(CC(C)C)CCC(CC(C)C)(C2)C(=O)N1*,326.23
*N1C(=O)C2(C(C)C)CCC(C(C)C)(CC2)C(=O)N1*,352.29
*N1C(=O)C2(c3ccc(F)cc3)CCC(c3ccc(F)cc3)(C2)C(=O)N1*,436.21
*N1C(=O)C2(SC)CCC(SC)(CC2)C(=O)N1*,340.25
*N1C(=O)C2(c3ccccc3-c3ccccc3)CCC(c3ccccc3-c3ccccc3)(C2)C(=O)N1*,471.35
*N1C(=O)C2(N(C)C)CCC(N(C)C)(CC2)C(=O)N1*,339.87
*N1C(=O)C2(c3ccc(Cl)cc3)CCC(c3ccc(Cl)cc3)(C2)C(=O)N1*,382.85
*n1c(=O)c2cc3c(=O)n(-c4ccc(C(F)(F)F)c(OC(F)(F)F)c4)c(=O)c3cc2c1=O,440.34
*c1ccc(C(F)(F)c2ccc(-n3c(=O)c4cc5c(=O)n(*)c(=O)c5cc4c3=O)cc2F)cc1,508.22
*c1ccc(C(F)(F)c2ccc(-n3c(=O)c4cc5c(=O)n(*)c(=O)c5cc4c3=O)c(F)c2)cc1,495.57
*n1c(=O)c2cc3c(=O)n(-c4ccc(Oc5ccc(C(F)(F)c6ccc(-n7c(=O)c8cc9c(=O)n(*)c(=O)c9cc8c7=O)cc6)cc5)cc4)c(=O)c3cc2c1=O,454.85
*c1ccc(C(F)(F)c2ccc(-n3c(=O)c4cc5c(=O)n(*)c(=O)c5cc4c3=O)cc2C(F)(F)F)cc1,488.59
*c1ccc(C(F)(F)c2ccc(-n3c(=O)c4cc5c(=O)n(*)c(=O)c5cc4c3=O)c(C(F)(F)F)c2)cc1,479.44
*n1c(=O)c2cc3c(=O)n(-c4ccc5c(c4)C4(CC(C)(C)CC4(C)C)c4ccccc4-5)c(=O)c3cc2c1=O,496.42
*N1C(=O)c2ccc(-c3ccc(-n4c(=O)c5ccc6c(=O)n(-c7ccc8c(c7)C7(c9ccccc9-8)c8ccccc87)c(=O)c6c5c4=O)cc3)cc2C1=O,544.16
*n1c(=O)c2ccc3c(=O)n(-c4ccc5c(c4)C4(c6ccccc6-5)c5ccc(C(F)(F)F)cc54)c(=O)c3c2c1=O,617.63
*n1c(=O)c2ccc3c(=O)n(-c4ccc5c(c4)C4(c6ccc(OC)cc6-5)c5ccccc54)c(=O)c3c2c1=O,565.87
*n1c(=O)c2ccc3c(=O)n(-c4ccc5c(c4)C4(c6ccc(F)cc6-5)c5ccccc54)c(=O)c3c2c1=O,615.39
*n1c(=O)c2ccc3c(=O)n(-c4ccc5c(c4)C4(c6ccc(Cl)cc6-5)c5ccccc54)c(=O)c3c2c1=O,534.76
*n1c(=O)c2cc3c(=O)n(-c4ccc5c(c4)C4(c6ccc(C(F)(F)F)cc6-5)c5ccccc54)c(=O)c3cc2c1=O,617.56
*n1c(=O)c2ccc3c(=O)n(-c4ccc5c(c4)C4(CC(C)(C)CC4(C)C)c4ccccc4-5)c(=O)c3c2c1=O,502.27
*C1=CC=CC=C2c3ccccc3C23c2ccc(cc2)N(C1=O)C(=O)c1c3ccc2c1C(=O)N(*)C2=O,545.84
*c1ccc2c3ccc4c(c3c(=O)n(c(=O)cc1)-c1ccc(cc1)C2(CF)CF)C(=O)N(*)C4=O,510.07
*c1ccc(NC(=O)c2ccc3c(c2)C(=O)N(*)C3=O)cc1,521.74
*C(=O)c1ccccc1C(=O)N(*)c1ccc2c(c1)c(=O)c1ccc3c(=O)n(*)c(=O)c3c12,557.05
*c1ccc(C(F)(F)F)cc1-c1cc(-n2c(=O)c3cc4c(=O)n(*)c(=O)c4cc3c2=O)ccc1F,462.36
*C(=O)c1ccc(C(=O)N(*)c2ccc(-c3ccc(-c4ccc5c(c4)C(=O)N(*)C5=O)cc3)cc2)cc1,369.315
*c1ccc(C(=O)c2ccc(N(*)C(=O)c3ccc(-c4ccc5c(c4)C(=O)N(*)C5=O)cc3)cc2)cc1,421.07
*n1c(=O)c2ccc3c(=O)n(-c4ccc(-c5ccc6ccccc6c5)cc4)c(=O)c3c2c1=O,600.08
C[Si](C)(CCCCC[Si](C)(C)O[Si](C)(C)CCCCN1C(=O)c2ccccc2C1=O)O[Si](C)(C)CCCCC[Si](C)(C)O[Si](C)(C)O[Si](C)(C)CCCCN1C(=O)c2ccccc2C1=O,121.87
C[Si]1(C)CCCCC[Si](C)(C)O1,241.6
*CCCC[Si](C)(C)O[Si](C)(C)CCCCN(C(=O)c1ccc2c(c1)C(=O)N(*)C2=O)c1ccc(C(=O)N*)cc1,301.88
C[Si](C)(CCCCC[Si](C)(C)O[Si](C)(C)CCCCN1C(=O)c2ccccc2C1=O)CCCCN1C(=O)c2ccccc2C1=O,168.04
C[Si](C)(CCCCC[Si](C)(C)O[Si](C)(C)O[Si](C)(C)O[Si](C)(C)CCCCN1C(=O)c2ccccc2C1=O)O[Si](C)(C)O[Si](C)(C)O[Si](C)(C)CCCCN1C(=O)c2ccccc2C1=O,136.44
*N1C(=O)c2ccccc2C1=O.C[Si](C)(CCCCN1C(=O)c2ccccc2C1=O)O[Si](C)(C)CCCCN1C(=O)c2ccccc2C1=O,197.08
C[Si](C)(CCCCC[Si](C)(C)O[Si](C)(C)O[Si](C)(C)O[Si](C)(C)O[Si](C)(C)CCCCN1C(=O)c2ccccc2C1=O)O[Si](C)(C)O[Si](C)(C)O[Si](C)(C)O[Si](C)(C)CCCCN1C(=O)c2ccccc2C1=O,125.03
*N1C(=O)c2ccc(Oc3ccc(N4C(=O)c5ccccc5C4=O)cc3)cc2C1=O.*N1C(=O)c2ccccc2C1=O,503.665
*N1C(=O)c2ccccc2C1=O.*n1c(=O)c2cc3c(=O)n(-c4ccc([Si](C)(C)c5ccc(-n6c(=O)c7cc8c(=O)n(*)c(=O)c8cc7c6=O)cc5)cc4)c(=O)c3cc2c1=O,424.08
C[Si](C)(CCCCN1C(=O)c2ccccc2C1=O)O[Si](C)(C)O[Si](C)(C)O[Si](C)(C)O[Si](C)(C)O[Si](C)(C)O[Si](C)(C)O[Si](C)(C)O[Si](C)(C)O[Si](C)(C)O[Si](C)(C)O[Si](C)(C)O[Si](C)(C)O[Si](C)(C)CCCCN1C(=O)c2ccccc2C1=O,145.07
*N1C(=O)c2ccccc2C1=O.*N1C(=O)c2ccccc2C1=O.C[Si](C)(C)CCCCN1C(=O)c2ccccc2C1=O,285.91
C[Si](C)(CCCCN1C(=O)c2ccccc2C1=O)O[Si](C)(C)O[Si](C)(C)O[Si](C)(C)O[Si](C)(C)O[Si](C)(C)O[Si](C)(C)O[Si](C)(C)O[Si](C)(C)O[Si](C)(C)O[Si](C)(C)O[Si](C)(C)O[Si](C)(C)O[Si](C)(C)O[Si](C)(C)O[Si](C)(C)O[Si](C)(C)O[Si](C)(C)CCCCN1C(=O)c2ccccc2C1=O,128.12
*N1C(=O)c2ccc(C(F)(F)c3ccc(N4C(=O)c5ccccc5C4=O)cc3)cc2C1=O.*N1C(=O)c2ccccc2C1=O,581.13
*CCCC[Si](C)(C)O[Si](C)(C)O[Si](C)(C)O[Si](C)(C)O[Si](C)(C)O[Si](C)(C)O[Si](C)(C)O[Si](C)(C)CCCCn1c(=O)c2cc3c(=O)n(*)c(=O)c3cc2c1=O,220.62
*c1ccc2c(c1)C(=O)N(c1ccc(Oc3ccc4c(c3)C(=O)N(c3ccc(Oc5ccc6c(c5)C(=O)N(*)C6=O)cc3)C4=O)cc1)C2=O,361.51
*N1C(=O)c2ccc(OCCO)cc2C1=O,362.73
*c1ccc2c(c1)C(=O)N(c1ccc(Oc3ccc4c(c3)C(=O)N(c3ccc(Oc5ccc(Oc6ccc7c(c6)C(=O)N(*)C7=O)cc5)cc3)C4=O)cc1)C2=O,307.83
*c1ccc2c(c1)C(=O)N(c1ccc(Sc3ccc4c(c3)C(=O)N(c3ccc(Sc5ccc6c(c5)C(=O)N(*)C6=O)cc3)C4=O)cc1)C2=O,412.09
*N1C(=O)c2ccc(Oc3ccc(N(*)*c4ccc(C(F)(F)F)cc4)cc3)cc2C1=O,399.7
*N1C(=O)c2ccc(C(c3ccc(C(=O)N(*C(=O)c4ccccc4)C=O)cc3)(C(F)(F)F)C(F)(F)F)cc2C1=O,544.95
*N1C(=O)c2ccc(S(=O)(=O)c3ccc(N(*)*c4ccc(C(F)(F)F)cc4)cc3)cc2C1=O,431.64
*c1ccc(-c2ccc(*n3c(=O)c4cc5c(=O)n(*)c(=O)c5cc4c3=O)c(C(F)(F)F)c2)cc1,519.32
*c1ccc(-c2ccc(*n3c(=O)c4ccc5c(=O)n(*)c(=O)c5c4c3=O)c(C(F)(F)F)c2)cc1,520.94
*N1C(=O)c2ccc(-c3ccc(N(*)*c4ccc(C(F)(F)F)cc4)c(C(F)(F)F)c3)cc2C1=O,449.69
*c1ccc(Oc2ccc(C(F)(F)F)cc2Oc2ccc3c(c2)C(=O)N(*)C3=O)cc1,323.63
*c1ccc(Oc2ccc(C(F)(F)F)cc2Oc2ccc(*n3c(=O)c4ccc5c(=O)n(*)c(=O)c5c4c3=O)cc2)cc1,398.11
*c1ccc(Oc2ccc(C(F)(F)F)cc2Oc2ccc(*n3c(=O)c4cc5c(=O)n(*)c(=O)c5cc4c3=O)cc2)cc1,384.7
*n1c(=O)c2ccc3c(=O)n(*c4ccc(-c5ccc(C(F)(F)F)cc5C(F)(F)F)cc4)c(=O)c3c2c1=O,504.64
*n1c(=O)c2cc3c(=O)n(*c4ccc(-c5ccc(C(F)(F)F)cc5C(F)(F)F)cc4)c(=O)c3cc2c1=O,500.48
*N1C(=O)c2ccc(C(=O)c3ccc(N(*)*c4ccc(C(F)(F)F)cc4)cc3)cc2C1=O,454.78
*N1C(=O)c2ccc(-c3ccc(C(F)(F)F)c4ccccc34)cc2C1=O,592.28
*n1c(=O)c2ccc3c(=O)n(*c4ccc(-c5ccc(C(F)(F)F)c6ccccc56)cc4)c(=O)c3c2c1=O,594.29
*N1C(=O)C2(C(F)(F)F)CC(C(F)(F)F)(C2)C1=O,452.3
*N1C(=O)C2(CC)CC(CC)(C2)C1=O,383.94
*N1C(=O)C2CCCCC2(C)C1=O,405.04
*N1C(=O)C2CC(C(C)C)C2C1=O,432.41
*N1C(=O)[C@H]2C[C@H](C1=O)C(C)(C)C2,292.75
*N1C(=O)C2CC3(CCCC3)CC2C1=O,400.43
*N1C(=O)C2CC(N(C)C)C[C@H]2C1=O,311.74
*N1C(=O)[C@H]2C[C@@H](C)[C@H](C2)C(=O)N1*,250.34
*N1C(=O)C2CC(F)CC2C1=O,437.92
*N1C(=O)[C@H]2CC[C@@H](C(=O)N1*)C2C,267.99
*N1C(=O)C2CCC(C(F)(F)F)CC2C1=O,423.6
*N1C(=O)C2(C)CC(C)CC2(C)C1=O,405.52
*N1C(=O)C2CCCC(C)C2C1=O,403.94
*N1C(=O)C2CC(OCC)C[C@H]2C1=O,307.2
*N1C(=O)C2(C)CC(C)(C2)C1=O,422.37
*N1C(=O)[C@@H]2C[C@H](C(=O)N1*)C(C)(C)C2,274.07
*N1C(=O)C2(OC)CC(OC)(C2)C1=O,382.32
*N1C(=O)C2CC(C(C)(C)C)CC[C@H]2C1=O,317.72
*N1C(=O)C2CCCC2(CC)C1=O,407.79
*N1C(=O)[C@@H]2CC(C)[C@@H](C2)C(=O)N1*,282.7
*N1C(=O)c2ccc(-c3ccc(N4C(=O)c5ccc6c(c5C4=O)C4(c5ccccc5)c5ccccc5CC64)cc3)cc2C1=O,550.94
*N1C(=O)c2ccc(C(C)(C)C)c(-c3ccc(N4C(=O)c5ccccc5C4=O)cc3)c2C1=O,602.98
*N1C(=O)c2ccc3c(c2C1=O)C1(c2ccccc2)c2ccccc2CC31.*N1C(=O)c2ccccc2C1=O,555.4
*N1C(=O)c2ccc(C(C)(C)c3ccc(N4C(=O)c5ccc6c(c5C4=O)C4(c5ccccc5)c5ccccc5CC64)cc3)cc2C1=O,520.91
*N1C(=O)c2ccc(-c3ccc(N4C(=O)c5ccc6c(c5C4=O)C4(c5ccccc5)c5ccccc5C64)cc3)cc2C1=O,592.74
*N1C(=O)c2ccc(Oc3ccc4c(c3)C3(c5ccccc5)c5ccccc5CC43)cc2C1=O,458.39
*N1C(=O)c2ccc(Cc3ccc(N4C(=O)c5ccc6c(c5C4=O)C4(c5ccccc5)c5ccccc5CC64)cc3)cc2C1=O,467.87
*N1C(=O)c2ccc(C(c3ccccc3)(c3ccccc3)c3ccc(N4C(=O)c5ccc6c(c5C4=O)C4(c5ccccc5)c5ccccc5CC64)cc3)cc2C1=O,477.75
*c1ccc(C2(c3ccc(-n4c(=O)c5cc6c(=O)n(*)c(=O)c6cc5c4=O)cc3)c3ccccc3-c3ccccc32)cc1,636.705
*c1ccc(C2(c3ccc(-n4c(=O)c5ccc6c(=O)n(*)c(=O)c6c5c4=O)cc3)c3ccccc3-c3ccccc32)cc1,623.34
*n1c(=O)c2cc3c(=O)n(C4(*)c5ccccc5-c5ccccc54)c(=O)c3cc2c1=O,628.6
*n1c(=O)c2ccc3c(=O)n(C4(*)c5ccccc5-c5ccccc54)c(=O)c3c2c1=O,640.49
*C1(*)c2ccccc2-c2ccccc21.*N1C(=O)c2ccccc2C1=O,596.88
*n1c(=O)c2cc3c(=O)n(-c4ccc(C5(c6ccc(-n7c(=O)c8cc9c(=O)n(*)c(=O)c9cc8c7=O)cc6)c6ccccc6-c6ccccc65)cc4)c(=O)c3cc2c1=O,457.615
*C1CC2CC(C1)CC(c1ccccc1)(c1ccc3c(c1)C(=O)N(*)C3=O)C2,481.68
*c1ccc(C2(c3ccc4c(c3)C(=O)N(*)C4=O)CC3CC4CC(C3)CC2C4)cc1,379.49
*c1ccc(C2(c3ccc(-n4c(=O)c5cc6c(=O)n(*)c(=O)c6cc5c4=O)cc3)CC3CC4CC(C3)CC2C4)cc1,411.51
*c1ccc(C2(c3ccc(-c4ccc5c(c4)C(=O)N(*)C5=O)cc3)CC3CC4CC(C3)CC2C4)cc1,369.07
*c1ccc(C2(c3ccc(-n4c(=O)c5ccc6c(=O)n(*)c(=O)c6c5c4=O)cc3)CC3CC4CC(C3)CC2C4)cc1,418.28
*c1ccc2c(c1)C(=O)N(c1ccc(C3(c4ccc5c(c4)C(=O)N(*)C5=O)CC4CC5CC(C4)CC3C5)cc1)C2=O,410.66
*c1ccc2c(c1)C(=O)N(c1ccc(C3(c4ccc5c(c4)C(=O)N(*)C5=O)c4ccccc4-c4cc(C(F)(F)F)ccc43)cc1)C2=O,631.16
*c1ccc2c(c1)C(=O)N(c1ccc(C3(c4ccc(-c5ccc6c(c5)C(=O)N(*)C6=O)cc4)CC4CC5CC(C4)CC3C5)cc1)C2=O,386.59
*c1ccc2c(c1)C(=O)N(c1ccc(C3(c4ccc5c(c4)C(=O)N(*)C5=O)CC4CC(*)CC(C4)C3)cc1)C2=O,449.93
*c1ccc2c(c1)C(=O)N(C13CC4CCC(c5ccc6c(c5)C(=O)N(*)C6=O)(CC(C4)C1)C3)C2=O,443.94
*c1ccc2c(c1)C(=O)N(c1ccc(C3(c4ccc5c(c4)C(=O)N(*)C5=O)c4ccccc4-c4cc(OC(F)(F)F)ccc43)cc1)C2=O,587.52
*c1ccc2c(c1)C(=O)N(c1ccc(C3(c4ccc5c(c4)C(=O)N(*)C5=O)c4ccccc4-c4cc(F)ccc43)cc1)C2=O,643.48
*c1ccc2c(c1)C(=O)N(c1ccc(C3(c4ccc5c(c4)C(=O)N(*)C5=O)c4ccccc4-c4cc(Br)ccc43)cc1)C2=O,592.18
*c1ccc2c(c1)C(=O)N(c1ccc(C3(c4ccc5c(c4)C(=O)N(*)C5=O)c4ccccc4-c4cc(C)ccc43)cc1)C2=O,633.78
*c1ccc2c(c1)C(=O)N(c1ccc(C3(c4ccc5c(c4)C(=O)N(*)C5=O)c4ccccc4-c4cc(OC)ccc43)cc1)C2=O,549.19
*c1ccc2c(c1)C(=O)N(c1ccc(C3(c4ccc5c(c4)C(=O)N(*)C5=O)c4ccccc4-c4ccc(C(F)(F)F)cc43)cc1)C2=O,643.89
*c1ccc2c(c1)C(=O)N(c1ccc(C3(c4ccc5c(c4)C(=O)N(*)C5=O)c4ccccc4-c4ccc(F)cc43)cc1)C2=O,645.71
*c1ccc2c(c1)C(=O)N(c1ccc(C3(c4ccc5c(c4)C(=O)N(*)C5=O)c4ccccc4-c4ccc(OC)cc43)cc1)C2=O,566.19
*c1ccc2c(c1)C(=O)N(c1ccc(C3(c4ccc5c(c4)C(=O)N(*)C5=O)c4ccccc4-c4ccc(Cl)cc43)cc1)C2=O,551.18
*c1ccc2c(c1)C(=O)N(c1ccc(C3(c4ccc5c(c4)C(=O)N(*)C5=O)c4ccccc4-c4ccc(N)cc43)cc1)C2=O,578.24
*c1ccc2c(c1)C(=O)N(c1ccc(C3(c4ccc5c(c4)C(=O)N(*)C5=O)c4ccccc4-c4ccc(C(C)(C)C)cc43)cc1)C2=O,568.84
*c1ccc2c(c1)C(=O)N(c1ccc(C3(c4ccc5c(c4)C(=O)N(*)C5=O)c4ccccc4-c4ccc(CC)cc43)cc1)C2=O,547.12
*c1ccc2c(c1)C(=O)N(c1ccc(C3(c4ccc5c(c4)C(=O)N(*)C5=O)c4ccccc4-c4ccc(SC)cc43)cc1)C2=O,590.84
*c1ccc2c(c1)C(=O)N(c1ccc(C3(c4ccc5c(c4)C(=O)N(*)C5=O)c4ccccc4-c4ccc(C#N)cc43)cc1)C2=O,542.92
*c1ccc(C(c2ccc(Oc3ccc(-c4ccc5c(c4)C(=O)N(*)C5=O)cc3)cc2)(C(F)(F)F)C(F)(F)F)cc1,346.285
*c1ccc2c(c1)C(=O)N(c1ccc(C(c3ccc(Oc4ccc(Oc5ccc6c(c5)C(=O)N(*)C6=O)cc4)cc3)(C(F)(F)F)C(F)(F)F)cc1)C2=O,341.91
*N1C(=O)c2ccc(-c3ccc(C(=O)Oc4ccc(C(F)(F)F)cc4)cc3)cc2C1=O,475.96
*c1ccc2c(c1)C(=O)N(c1ccc(Oc3cc(Oc4ccc5c(c4)C(=O)N(*)C5=O)ccc3C(F)(F)F)cc1)C2=O,333.23
*N1C(=O)c2ccc(-c3cncc(C(F)(F)F)c3)cc2C1=O,513.61
*c1ccc2c(c1)C(=O)N(c1ccc(Oc3cc(C(F)(F)F)ccc3-c3ccc4c(c3)C(=O)N(*)C4=O)cc1)C2=O,353.45
*c1ccc2c(c1)C(=O)N(c1ccc(Oc3cc(C(F)(F)F)ccc3Oc3ccc4c(c3)C(=O)N(*)C4=O)cc1)C2=O,299.865
*c1ccc2c(c1)C(=O)N(c1c(-c3ccc4c(c3)C(=O)N(*)C4=O)ccc(C(F)(F)F)c1C(F)(F)F)C2=O,484.21
*c1ccc2c(c1)C(=O)N(c1ccc(-c3cc(C(F)(F)F)ccc3-c3ccc4c(c3)C(=O)N(*)C4=O)cc1)C2=O,517.685
*n1c(=O)c2cc3c(=O)n(-c4ccc(Oc5ccc(-n6c(=O)c7cc8c(=O)n([Si](C)(C)O[Si](*)(C)C)c(=O)c8cc7c6=O)cc5)cc4)c(=O)c3cc2c1=O,282.26
*CCCC[Si](C)(C)O[Si](C)(C)O[Si](C)(C)O[Si](C)(C)O[Si](C)(C)O[Si](C)(C)O[Si](C)(C)CCCCn1c(=O)c2cc3c(=O)n(*)c(=O)c3cc2c1=O,229.07
*N1C(=O)c2ccccc2C1=O.*N1C(=O)c2ccccc2C1=O.*[Si](C)(C)O[Si](C)(C)O[Si](*)(C)C,358.335
*CCCC[Si](C)(C)O[Si](C)(C)O[Si](C)(C)O[Si](C)(C)O[Si](C)(C)O[Si](C)(C)O[Si](C)(C)O[Si](C)(C)O[Si](C)(C)CCCCn1c(=O)c2cc3c(=O)n(*)c(=O)c3cc2c1=O,212.7
*CCCC[Si](C)(C)O[Si](C)(C)O[Si](C)(C)O[Si](C)(C)O[Si](C)(C)O[Si](C)(C)O[Si](C)(C)O[Si](C)(C)O[Si](C)(C)O[Si](C)(C)CCCCn1c(=O)c2cc3c(=O)n(*)c(=O)c3cc2c1=O,206.06
C[Si](C)(CCCCN1C(=O)c2ccccc2C1=O)O[Si](C)(C)O[Si](C)(C)O[Si](C)(C)O[Si](C)(C)O[Si](C)(C)O[Si](C)(C)O[Si](C)(C)O[Si](C)(C)O[Si](C)(C)O[Si](C)(C)CCCCN1C(=O)c2ccccc2C1=O,148.07
*N(C(=O)c1ccc(C(=O)c2ccc3c(c2)C(=O)N(*)C3=O)cc1)C(=O)c1ccc(C(F)(F)F)cc1,419.97
*c1ccc(Oc2ccc(Oc3ccc4c(c3)C(=O)N(*)C4=O)c(C(F)(F)F)c2)cc1,327.81
*N1C(=O)c2ccc(-n3cc(C(F)(F)F)cn3)cc2C1=O,520.53
*N1C(=O)c2ccc(-c3ccc(C(F)(F)F)cc3F)cc2C1=O,521.9
*N1C(=O)c2ccc(-c3cc(F)c(C(F)(F)F)cc3F)cc2C1=O,510.74
*N1C(=O)c2ccc(-c3ccc(C(F)(F)F)cc3Cl)cc2C1=O,509.31
*N1C(=O)c2ccc(-c3ccc(C(F)(F)F)c(C)c3)cc2C1=O,565.52
*N1C(=O)c2ccc(-c3ccc(C(F)(F)F)c(OC)c3)cc2C1=O,510.0
*N1C(=O)c2ccc(-c3ccc(C(F)(F)F)c(N)c3)cc2C1=O,474.88
*N1C(=O)c2ccc(-c3ccc(C(F)(F)F)c(O)c3)cc2C1=O,486.31
*N1C(=O)c2ccc(C(F)(F)F)cc2C1=O.*c1ccc(-c2ccc3c(c2)C(=O)N(*)C3=O)cc1,507.47
*c1ccc(Oc2ccc(C(F)(F)F)cc2-c2ccc(*n3c(=O)c4cc5c(=O)n(*)c(=O)c5cc4c3=O)cc2)cc1,445.02
*c1ccc(Oc2cc(*n3c(=O)c4cc5c(=O)n(*)c(=O)c5cc4c3=O)cc(C(F)(F)F)c2)cc1,414.44
*c1ccc(Oc2ccc(N(*)C(=O)c3ccc(C(=O)N(*)c4ccc(Oc5ccc6c(c5)C(=O)N(*)C6=O)cc4)cc3)cc2)cc1,315.33
*C(=O)c1cc2c(cc1C(=O)N(*)c1ccc(Oc3ccc4c(c3)C(=O)N(*)C4=O)cc1)C(=O)N(c1ccc(Oc3ccc(*)cc3)cc1)C2=O,336.375
*C(=O)c1ccc(C(=O)N(*)c2ccc(Oc3ccc(C(C)(C)c4ccc(Sc5ccc6c(c5)C(=O)N(*)C6=O)cc4)cc3)cc2)cc1,350.26
*C(=O)c1ccc(C(=O)N(*)c2ccc(OC(=O)c3ccc(C(=O)Oc4ccc(Oc5ccc6c(c5)C(=O)N(*)C6=O)cc4)cc3)cc2)cc1,296.43
*N1C(=O)c2ccc3c(c2C1=O)C1(c2ccccc2-3)c2ccccc21.*N1C(=O)c2ccccc2C1=O,566.8
*c1ccc2c(c1)C1(c3ccccc3-2)c2ccccc21,514.92
*c1ccc2c3ccccc1c1ccc4c(c1c(=O)n-2c3=O)C(=O)N(*)C4=O,581.13
*N1C(=O)c2ccc3c(c2C1=O)C1(c2ccccc2-3)c2ccccc21,592.075
*n1c(=O)c2ccc3c(=O)n(-c4ccc(C(C)(C)c5ccc(N6C(=O)c7ccc8c(c7C6=O)C6(c7ccccc7-8)c7ccccc76)cc5)cc4)c(=O)c3c2c1=O,521.19
*n1c(=O)c2ccc3c(=O)n(-c4ccc(-c5ccc(N6C(=O)c7ccc8c(c7C6=O)C6(c7ccccc7-8)c7ccccc76)cc5)cc4)c(=O)c3c2c1=O,549.87
*C12CC3CC(CC(C3)C1)C2.*N1C(=O)c2ccccc2C1=O,464.28
*N1C(=O)c2ccc3c(c2C1=O)C(=O)N1C(=O)CC2CC4CC3CC1(C2)C4,467.91
*N1C(=O)c2ccc(Oc3ccc(N4C(=O)c5ccc6c(c5C4=O)C4(c5ccccc5-6)c5ccccc54)cc3)cc2C1=O,521.655
*N1C(=O)c2ccc(C(C)(C)c3ccc(N4C(=O)c5ccc6c(c5C4=O)C4(c5ccccc5-6)c5ccccc54)cc3)cc2C1=O,551.4
*N1C(=O)c2ccc(-c3ccc(-n4c(=O)c5ccc6c(=O)n(*)c(=O)c6c5c4=O)cc3)cc2C1=O,468.86
*N1C(=O)c2ccc(-c3ccc(Cc4ccc5c(c4)C4(c6ccccc6-5)c5ccccc54)cc3)cc2C1=O,461.28
*n1c(=O)c2ccc3c(=O)n(-c4ccc(-c5ccc6c(c5)C5(c7ccccc7-6)c6ccccc65)cc4)c(=O)c3c2c1=O,480.845
*n1c(=O)c2ccc3c(=O)n(-c4ccc(C(C)(C)c5ccc6c(c5)C5(c7ccccc7-6)c6ccccc65)cc4)c(=O)c3c2c1=O,461.965
*n1c(=O)c2ccc3c(=O)n(-c4ccc(Cc5ccc6c(c5)C5(c7ccccc7-6)c6ccccc65)cc4)c(=O)c3c2c1=O,419.305
*C1CC2CC(C1)CC(C)(c1ccc3c(c1)C(=O)N(*)C3=O)C2,446.48
*C1CC(C)CC(CC2(c3ccc4c(c3)C(=O)N(*)C4=O)CC3CC(*)CC(C3)C2)C1,382.89
*N1C(=O)c2ccc(C3(C)CC4CC(C)CC(C4)C3)cc2C1=O,443.685
*N1C(=O)c2ccc(C(=O)N(*)c3ccc(C(=O)N4C(=O)c5ccccc5C4=O)cc3)cc2C1=O,561.68
*n1c(=O)c2cc3c(=O)n(-c4ccc(N5C(=O)c6ccccc6C5=O)cc4)c(=O)c3cc2c1=O,496.965
*c1ccc(N2C(=O)c3ccc(-n4c(=O)c5ccc6c(=O)n(*)c(=O)c6c5c4=O)cc3C2=O)cc1,470.035
*c1ccc2c(c1)C(=O)N(c1ccc(Oc3ccc(Oc4ccc(N5C(=O)c6ccc(*)cc6C5=O)cc4)c(-c4ccc5c(c4)C(=O)N(*)C5=O)c3)cc1)C2=O,354.68
*n1c(=O)c2ccc3c(=O)n(-c4ccc5c(c4)C4(c6ccccc6)c6ccccc6CC54)c(=O)c3c2c1=O,441.13
*N1C(=O)c2ccc(Oc3ccc(-n4c(=O)c5ccc6c(=O)n(*)c(=O)c6c5c4=O)cc3)cc2C1=O,412.695
*N1C(=O)c2ccccc2C1=O.*n1c(=O)c2ccc3c(=O)n(*)c(=O)c3c2c1=O,568.12
*n1c(=O)c2ccc3c(=O)n(C4(c5ccccc5)CC5CCC4C5)c(=O)c3c2c1=O,538.05
*c1ccc2c3ccc4c(c3c(=O)n(c(=O)cc1)-c1ccc(cc1)C2(C)C)C(=O)N(*)C4=O,508.69
*c1ccc(=O)n2c(=O)c3c4c(ccc3c(cc1)oc1ccc2cc1)C(=O)N(*)C4=O,482.43
*c1ccc2c3ccc4c(c3c(=O)n(c(=O)cc1)-c1ccc(cc1)C2(F)F)C(=O)N(*)C4=O,533.24
*c1ccc2c3ccc4c(c3c(=O)n(c(=O)cc1)-c1ccc(cc1)C2)C(=O)N(*)C4=O,499.66
*n1c(=O)c2ccc3c(=O)n(-c4ccc(C5(c6ccccc6)CC6CCC5C6)cc4)c(=O)c3c2c1=O,518.63
*n1c(=O)c2ccc3c(=O)n(-c4ccc5c(c4)C(=O)c4ccccc4C5=O)c(=O)c3c2c1=O,562.425
*N1C(=O)c2ccc3c(c2C1=O)C(=O)N1C(=O)C2=CC=CC=C4c5ccccc5C45C=C5C2=CC=C3C(C)(C)c2ccc1cc2,531.59
*n1c(=O)c2ccc3c(c2c1=O)C(=O)n1c(=O)c2c(ccc-3Oc3ccc-1cc3)C1=CC13C(=CC=CC=2)c1ccccc13,568.94
*N1C(=O)c2ccc3c(c2C1=O)C(=O)N1C(=O)C2=CC=CC=C4c5ccccc5C45C=C5C2=CC=C3Cc2ccc1cc2,543.44
*N1C(=O)c2ccc3c(c2C1=O)C(=O)n1c(=O)c2c(ccc-3-c3ccc-1cc3)C1=CC13C(=CC=CC=2)c1ccccc13,573.83
*N1C(=O)c2ccc3c4ccc(-n5c(=O)c6ccc7c(=O)n(*)c(=O)c7c6c5=O)ccc(=O)n(c(=O)c3c2C1=O)-c1ccc(cc1)C4(C)C,459.98
*c1cccc2c(-c3ccc(-n4c(=O)c5ccc6c(=O)n(*)c(=O)c6c5c4=O)cc3)cccc12,544.95
*N1C(=O)c2cccc(Oc3cccc4c3C(=O)C(=O)O4)c2C1=O,469.1
*c1cccc2c1C(=O)N(c1cc(-c3cccc4c3C(=O)N(*)C4=O)cc(N3C(=O)c4cccc(*)c4C3=O)c1)C2=O,498.71
*c1cccc2c1C(=O)N(c1cccc(OC(=O)c3cccc(C(=O)Oc4cccc5c4C(=O)N(*)C5=O)c3)c1)C2=O,355.47
*c1cccc2c1C(=O)N(c1cccc(C(F)(F)c3cccc(-c4cccc5c4C(=O)N(*)C5=O)c3)c1)C2=O,374.06
*c1cccc2c1C(=O)N(c1ccc(Oc3cccc(-c4cccc(-c5cccc6c5C(=O)N(*)C6=O)c4)c3)cc1)C2=O,380.625
*c1cccc2c1C(=O)N(c1cccc(OC(=O)c3cccc(C(=O)Oc4cccc(-c5cccc6c5C(=O)N(*)C6=O)c4)c3)c1)C2=O,303.18
*c1cccc2c1C(=O)N(c1cccc(Cc3cccc(Cc4cccc(-c5cccc6c5C(=O)N(*)C6=O)c4)c3)c1)C2=O,318.495
*n1c(=O)c2cc3c(=O)n(-c4ccc(Oc5ccc(C(F)(F)F)cc5)cc4C(F)(F)F)c(=O)c3cc2c1=O,422.03
*c1ccc(C2(c3ccc(-n4c(=O)c5cc6c(=O)n(*)c(=O)c6cc5c4=O)cc3)C(F)(F)C(F)(F)C2(F)F)cc1,508.74
*n1c(=O)c2cc3c(=O)n(-c4ccc(OCc5ccc(F)cc5)cc4)c(=O)c3cc2c1=O,424.94
*n1c(=O)c2cc3c(=O)n(-c4ccc(OCCC(F)(F)F)cc4)c(=O)c3cc2c1=O,415.76
*n1c(=O)c2cc3c(=O)n(-c4ccc(OC(F)F)cc4)c(=O)c3cc2c1=O,521.98
*n1c(=O)c2cc3c(=O)n(-c4ccc(SF)cc4)c(=O)c3cc2c1=O,510.53
*c1ccc(-c2ccc(-n3c(=O)c4cc5c(=O)n(*)c(=O)c5cc4c3=O)cc2C(F)(F)F)cc1,513.64
*n1c(=O)c2cc3c(=O)n(-c4ccc(Oc5cc(F)c(F)c(F)c5F)cc4)c(=O)c3cc2c1=O,472.49
*c1ccc(Oc2ccc(-n3c(=O)c4cc5c(=O)n(*)c(=O)c5cc4c3=O)c(C(F)(F)F)c2)c(C(F)(F)F)c1,375.86
*n1c(=O)c2ccc3c(=O)n(*c4ccc(OCC(F)(F)F)cc4)c(=O)c3c2c1=O,463.46
*n1c(=O)c2ccc3c(=O)n(*c4ccc(C(C)(C)c5ccc(-n6c(=O)c7ccc8c(=O)n(*)c(=O)c8c7c6=O)cc5)cc4)c(=O)c3c2c1=O,450.0
*c1ccc(N(c2ccc(*)cc2)c2ccc(*n3c(=O)c4ccc5c(=O)n(*)c(=O)c5c4c3=O)cc2)cc1,317.89
*n1c(=O)c2ccc3c(=O)n(*c4ccc(Cc5ccc(-n6c(=O)c7ccc8c(=O)n(*)c(=O)c8c7c6=O)cc5)cc4)c(=O)c3c2c1=O,425.1
*c1ccc(-n2c(=O)c3ccc4c(=O)n(*)c(=O)c4c3c2=O)cc1C(C)(C)c1ccc(*n2c(=O)c3ccc4c(=O)n(*)c(=O)c4c3c2=O)cc1,406.36
*c1ccc(-c2ccc(C(C)(C)c3ccc(-c4ccc(*n5c(=O)c6ccc7c(=O)n(*)c(=O)c7c6c5=O)cc4)cc3)cc2)cc1,442.29
*c1ccc(OC(=O)c2ccc(-c3ccc(*n4c(=O)c5ccc6c(=O)n(*)c(=O)c6c5c4=O)cc3)cc2)cc1,449.82
*c1ccc(N(c2ccc(*)cc2)c2ccc(-c3ccc(*n4c(=O)c5ccc6c(=O)n(*)c(=O)c6c5c4=O)cc3)cc2)cc1,436.67
*c1ccc(C(C)(C)Oc2ccc(-c3ccc(*n4c(=O)c5ccc6c(=O)n(*)c(=O)c6c5c4=O)cc3)cc2)cc1,447.42
*N1C(=O)c2ccc(-c3ccc(N4C(=O)c5ccc(C6c7ccccc7-c7ccccc76)cc5C4=O)cc3)cc2C1=O,643.87
*n1c(=O)c2ccc3c(=O)n(-c4ccc(C5(c6ccccc6)c6ccccc6-c6ccccc65)cc4)c(=O)c3c2c1=O,630.49
*N1C(=O)c2ccc(Oc3ccc(C4(c5ccccc5)c5ccccc5-c5ccccc54)cc3)cc2C1=O,522.71
*n1c(=O)c2ccc3c(=O)n(-c4ccc(Oc5ccc(C67CC8CC(CC(C8)C6)C7)cc5)cc4)c(=O)c3c2c1=O,452.34
*N1C(=O)c2ccc(-c3ccc(C(C)(C)c4ccc(N5C(=O)c6ccc(C78CC9CC(CC(C9)C7)C8)cc6C5=O)cc4)cc3)cc2C1=O,406.62
*N1C(=O)c2ccc(C(C)(C)c3ccc(N4C(=O)c5ccc(C67CC8CC(CC(C8)C6)C7)cc5C4=O)cc3)cc2C1=O,440.71
*N1C(=O)c2ccc3c(c2C1=O)C(=O)N1C(=O)C=CC=CC=C2c4ccccc4-c4ccccc4C23c2ccc1cc2,571.04
*c1ccc2c(c1)C(=O)N(c1ccc(C(C)(C)c3ccc4c(c3)C(=O)N(c3ccc(-c5ccc6c(c5)C(=O)N(*)C6=O)cc3)C4=O)cc1)C2=O,424.54
*c1ccc2c(c1)C(=O)N(c1ccc(Oc3ccc(C(C)(C)c4ccc5c(c4)C(=O)N(*)C5=O)cc3)cc1)C2=O,423.78
*n1c(=O)c2ccc3c(=O)n(-c4ccc(C(C)(C)c5ccc(C67CC8CC(CC(C8)C6)C7)cc5)cc4)c(=O)c3c2c1=O,468.0
*c1ccc2c(c1)C(=O)N(C(=O)c1ccc(-c3ccc(-c4ccc5c(c4)C(=O)N(*)C5=O)s3)cc1)C2=O,429.28
*N1C(=O)c2ccc3cc(C(=O)N4C(=O)c5ccc6ccccc6c5C4=O)ccc3c2C1=O,596.22
*c1ccc(C(=O)Nc2ccc(Oc3ccc(-n4c(=O)c5cc6c(=O)n(*)c(=O)c6cc5c4=O)cc3)cc2)cc1,523.29
*C(=O)c1cc2c(cc1C(=O)N(*)c1ccc(-c3ccc(-n4c(=O)c5cc6c(=O)n(*)c(=O)c6cc5c4=O)cc3)cc1)C(=O)NC2=O,427.17
*N1C(=O)c2ccc(-c3cc4c(C(F)(F)C(F)F)cc3c(=O)n(*)c4=O)cc2C1=O,481.21
*c1ccc(N(c2ccccc2)c2ccc(-n3c(=O)c4cc5c(=O)n(*)c(=O)c5cc4c3=O)cc2)cc1,374.38
*C(=O)c1ccc(-c2ccc(N(*)C(=O)c3ccc4c(c3)C(=O)N(c3ccc(-c5ccc6c(c5)C(=O)N(*)C6=O)cc3)C4=O)cc2)cc1,408.43
*c1ccc(OC(=O)COc2ccc(-n3c(=O)c4cc5c(=O)n(*)c(=O)c5cc4c3=O)cc2)cc1,359.855
*C(=O)c1ccc(C(=O)N(*)c2ccc(Oc3ccc(Cc4ccc(-c5ccc6c(c5)C(=O)N(*)C6=O)cc4)cc3)cc2)cc1,359.16
*c1ccc(Oc2ccc(Oc3cccc(-n4c(=O)c5cc6c(=O)n(*)c(=O)c6cc5c4=O)c3)cc2)cc1,375.31
*N1C(=O)c2ccc(C(F)(CF)CF)cc2C1=O,433.39
*N1C(=O)c2ccc(Oc3ccc(C(F)(CF)CF)cc3)cc2C1=O,409.95
*N1C(=O)c2ccc(-c3cc4c(cc3F)C(=O)N(*)C4=O)cc2C1=O,519.35
*N1C(=O)c2ccc(Oc3cc(F)cc(F)c3)cc2C1=O,385.14
*N1C(=O)c2ccc(N(C(F)(F)F)C(F)(F)F)cc2C1=O,460.53
*n1c(=O)c2cc3c(=O)n(-c4ccc(-c5cc(C(F)(F)F)ccc5F)cc4)c(=O)c3cc2c1=O,545.69
*N1C(=O)c2ccc(-c3cc(C(F)(F)F)ccc3F)cc2C1=O,526.51
*c1ccc(Oc2ccc(C(F)(F)c3ccc4c(c3)C(=O)N(*)C4=O)cc2)cc1,433.82
*N1C(=O)c2cccc(-c3cccc(C(F)(F)F)c3)c2C1=O,534.73
*N1C(=O)c2cccc(-c3cccc(OC(F)(F)F)c3)c2C1=O,469.49
*c1cccc2c1C(=O)N(c1cccc(-c3cccc(-c4cccc5c4C(=O)N(*)C5=O)c3)c1C#N)C2=O,355.06
*N(*)C(=O)c1ccc2c(c1)C(=O)N(*)C2=O,386.84
*c1ccc(-n2c(=O)c3cc4c(=O)n(*)c(=O)c4cc3c2=O)c(C(F)(F)F)c1C(F)(F)F,431.54
*c1cc(C(C)(C)c2ccc(C(F)(F)F)cc2)ccc1-n1c(=O)c2cc3c(=O)n(*)c(=O)c3cc2c1=O,440.92
*c1c(-n2c(=O)c3cc4c(=O)n(*)c(=O)c4cc3c2=O)ccc(OC(F)(F)F)c1OC(F)(F)F,402.03
*c1ccc2c(c1)C(=O)N(c1ccc(Oc3cc(-c4ccc5c(c4)C(=O)N(*)C5=O)ccc3C(F)(F)F)cc1)C2=O,474.93
*c1ccc(Oc2cc(-n3c(=O)c4cc5c(=O)n(*)c(=O)c5cc4c3=O)cc(C(F)(F)F)c2)cc1,425.57
*N1C(=O)c2cccc(-c3cccc(N4C(=O)c5cccc(-c6cccc(C(F)(F)F)c6)c5C4=O)c3)c2C1=O,418.085
*N1C(=O)c2cccc(-c3cccc(N4C(=O)c5cccc(-c6cccc(C(=O)c7cccc(C(F)(F)F)c7)c6)c5C4=O)c3)c2C1=O,456.49
*N1C(=O)[C@H]2C[C@@H]3C[C@H]2[C@@H](C3)C1=O,309.02
*C(=O)C1(C(*)=O)CCC2(C1)C(=O)N(*)N(*)C2=O,367.37
*N1C(=O)[C@H]2[C@H]3CC[C@@H]3C[C@@H]2C1=O,305.47
*N1C(=O)[C@@H]2CCC(C(F)(F)F)(C2)C1=O,336.13
*N1C(=O)[C@H]2C[C@@H]2C(=O)N1*,325.39
*C(=O)[C@H]1C[C@@H]2C(=O)N(*)C(=O)[C@@H]2C1,276.45
*N1C(=O)[C@@H]2C[C@H]2C1=O,341.64
*N1C(=O)[C@@H]2[C@@H]3CC[C@H]3C[C@@H]2C1=O,314.66
*[C@@H]1CC[C@@H](N(*)[C@H]2C[C@@H]3C(=O)N(*)C(=O)[C@@H]3C2)C1=O,227.69
*C(=O)[C@H]1[C@@H]2CC[C@H]1C(=O)N(*)N(*)C2=O,248.71
*N1C(=O)[C@@H]2[C@@H]3CC[C@H]3C[C@H]2C1=O,301.82
*N1C(=O)C2C[C@@H]3C[C@H]2C[C@@H]3C1=O,335.2
*N1C(=O)C2C[C@H]3C[C@@H]2C[C@@H]3C1=O,335.29
*N1C(=O)[C@H]2C[C@H]2C1=O,329.64
*N(c1ccc(*n2c(=O)c3cc4c(=O)n(*)c(=O)c4cc3c2=O)cc1)c1ccc(C(F)(F)F)cc1,470.77
*N1C(=O)c2ccc(-c3ccc4c(c3)C(=O)N(*c3cc(C(F)(F)F)cc(C(F)(F)F)c3)C4=O)cc2C1=O,476.15
*n1c(=O)c2ccc3c(=O)n(*c4ccc(C(=O)c5ccc(C(F)(F)F)cc5)cc4)c(=O)c3c2c1=O,394.925
*c1cccc2c1C(=O)N(c1cccc(-c3ccc(C(=O)Oc4ccc(-c5cccc6c5C(=O)N(c5cccc(-c7cccc8c7C(=O)N(*)C8=O)c5)C6=O)cc4)cc3)c1)C2=O,392.97
*c1ccc2c(c1)C(=O)N(c1ccc(C3(c4ccc5c(c4)C(=O)N(*)C5=O)c4ccccc43)cc1)C2=O,480.3
*c1cc(N2C(=O)c3ccccc3C2=O)ccc1C(C)(C)c1cc(N2C(=O)c3ccccc3C2=O)ccc1*,486.45
*c1ccc(C2(c3ccc4c(c3)C(=O)N(*)C4=O)c3ccccc32)cc1,563.49
*c1ccc2c(c1)C(=O)N(c1ccc(C3(c4ccc5c(c4)C(=O)N(*)C5=O)c4ccc5ccccc5c43)cc1)C2=O,516.93
*n1c(=O)c2cc3c(=O)n(-c4ccc(C5(c6ccc(-n7c(=O)c8cc9c(=O)n(*)c(=O)c9cc8c7=O)cc6)c6ccccc65)cc4)c(=O)c3cc2c1=O,561.23
*c1cc(C(C)(CF)CF)ccc1-n1c(=O)c2cc3c(=O)n(*)c(=O)c3cc2c1=O,436.54
*OCCOCCOc1ccc(-n2c(=O)c3cc4c(=O)n(*)c(=O)c4cc3c2=O)cc1,377.43
*n1c(=O)c2cc3c(=O)n(C(=O)c4ccc(C(F)(F)c5ccc(-n6c(=O)c7cc8c(=O)n(*)c(=O)c8cc7c6=O)cc5)cc4)c(=O)c3cc2c1=O,445.65
*c1ccc(C(F)(F)c2ccc(Oc3ccc(C(F)(F)c4ccc(-n5c(=O)c6cc7c(=O)n(*)c(=O)c7cc6c5=O)cc4)cc3)cc2)cc1,436.18
*n1c(=O)c2cc3c(=O)n(-c4ccc(C(F)(F)c5ccc(OC(F)(F)F)cc5)cc4)c(=O)c3cc2c1=O,380.76
*c1cc(Oc2cc(-n3c(=O)c4cc5c(=O)n(*)c(=O)c5cc4c3=O)cc(C(F)(F)F)c2)cc(C(F)(F)F)c1,394.33
*c1cc2c(cc1-c1ccc3c(c1)C(=O)N(*)C3=O)C(=O)N(*)C2=O,438.71
*c1cc2c(cc1-n1c(=O)c3cc4c(=O)n(*)c(=O)c4cc3c1=O)C(=O)N(*)C2=O,391.17
*N1C(=O)c2ccc(-c3ccc(-c4cccc5c4C(=O)N(*)C5=O)cc3)cc2C1=O,590.71
*N(*)C(=O)[C@H]1C[C@@H]2C(=O)N(*)C(=O)[C@@H]2C1,239.1
*N1C(=O)[C@@H]2CC[C@H](C(=O)C2)C1=O.*N1C(=O)[C@@H]2CC[C@H](C(=O)C2)C1=O,272.4
*N1C(=O)[C@H]2C[C@H](N3C(=O)[C@@H]4CC[C@H](C(=O)C4)C3=O)C[C@H]2C1=O,258.83
*N1C(=O)[C@H]2CC[C@H](C(C)(C)C)C[C@H]2C1=O,236.26
*N1C(=O)C2(CCC(C)(C)CC2(C)C)C1=O,377.16
*N1C(=O)[C@H]2C[C@H](Cc3ccccc3)C[C@H]2C1=O,245.43
*N1C(=O)[C@H]2CC[C@@H](C(=O)C2)C(=O)N1*,284.27
*C(=O)O[C@H]1C[C@@H]2C(=O)N(*)C(=O)[C@@H]2C1,255.28
*N1C(=O)[C@H]2C[C@H](F)CC[C@H]2C1=O,263.84
*N1C(=O)[C@H]2CC(C(F)(F)F)C[C@@H]2C1=O,278.24
*N1C(=O)[C@H]2C[C@H](N(*)C)C[C@H]2C1=O,242.22
*N1C(=O)[C@H]2C[C@H](C(=O)O)C[C@H]2C1=O,297.455
*C(=O)C12CCC(CC(C)(C)C)(C1)C(=O)N(*)N(*)C2=O,332.06
*NS(=O)(=O)[C@H]1C[C@@H]2C(=O)N(*)C(=O)[C@@H]2C1,324.73
*N1C(=O)[C@H]2C[C@H](c3cccc(C(F)(F)F)c3)C[C@H]2C1=O,266.62
*c1ccc(-n2c(=O)c3ccc4c(=O)n(*)c(=O)c4c3c2=O)cc1C(F)(F)F,457.49
*N1C(=O)c2ccc(-c3cc(C(F)(F)F)ccc3N3C(=O)c4ccccc4C3=O)cc2C1=O,585.1
*N1C(=O)c2ccc(C(F)(F)c3ccc(N4C(=O)c5ccccc5C4=O)cc3)cc2C1=O,608.91
*N1C(=O)c2ccc(Sc3ccc(N4C(=O)c5ccc(C(F)(F)F)cc5C4=O)cc3)cc2C1=O,486.13
*N1C(=O)c2ccc(C(C)(C)c3ccc(N4C(=O)c5ccc(C(F)(F)F)cc5C4=O)cc3)cc2C1=O,514.4
*N1C(=O)c2ccc(Cc3ccc(N4C(=O)c5ccc(C(F)(F)F)cc5C4=O)cc3)cc2C1=O,462.975
*N1C(=O)c2ccc(Oc3ccc(Oc4ccc(N5C(=O)c6ccc(C(F)(F)F)cc6C5=O)cc4)cc3)cc2C1=O,388.23
*n1c(=O)c2cc3c(=O)n(*c4ccc(C(C(F)(F)F)C(F)(F)F)cc4)c(=O)c3cc2c1=O,489.36
*N1C(=O)c2ccc(Oc3cc(C(F)(F)F)ccc3N3C(=O)c4ccccc4C3=O)cc2C1=O,472.04
*N1C(=O)c2ccc(-c3ccc(C(C)(CF)C(F)(F)F)cc3)cc2C1=O,525.58
*N1C(=O)c2ccc(-c3ccc(N4C(=O)c5ccc(OC(F)(F)F)cc5C4=O)cc3)cc2C1=O,506.28
*N1C(=O)c2ccc(-c3ccc(N4C(=O)c5ccc(SC(F)(F)F)cc5C4=O)cc3)cc2C1=O,518.26
*N1C(=O)c2ccc(-c3cc(OC(F)(F)F)ccc3N3C(=O)c4ccccc4C3=O)cc2C1=O,532.5
*N1C(=O)c2ccc(-c3ccc(N4C(=O)c5ccc(C(F)(F)F)cc5C4=O)c(C(F)(F)F)c3)cc2C1=O,518.96
*N1C(=O)c2ccc(-c3ccc(N4C(=O)c5ccc(Oc6ccc(C(F)(F)F)cc6)cc5C4=O)cc3)cc2C1=O,446.625
*N1C(=O)c2ccc(-c3ccc(N4C(=O)c5ccc(C(C(F)(F)F)C(F)(F)F)cc5C4=O)cc3)cc2C1=O,514.97
*N1C(=O)[C@@H]2CC[C@H](C2)N(*)C1=O,300.23
*N1C(=O)C2(C)CCC(C)(C2)C(=O)N1*,369.19
*N1C(=O)[C@H]2C[C@H](C)C[C@H]2C(=O)N1*,245.18
*N1C(=O)[C@H]2CC(C)C[C@@H]2C(=O)N1*,257.48
*N1C(=O)[C@@H]2CC[C@@H](C(=O)N1*)C2C,229.27
*N1C(=O)[C@H]2CC[C@@H](C(=O)N1*)[C@@H]2C,241.245
*N1C(=O)c2ccc(-c3cc4c(cc3-c3ccc5c(c3)C(=O)N(*)C5=O)C(=O)N(*)C4=O)cc2C1=O,499.085
*N1C(=O)c2ccc(C(C)(CF)c3ccc4c(c3)C(=O)N(*)C4=O)cc2C1=O,513.09
*N1C(=O)c2ccc(C(=O)c3ccc(-c4ccc5c(c4)C(=O)N(*)C5=O)cc3)cc2C1=O,386.585
*N1C(=O)c2ccc(C3(c4ccc(N5C(=O)c6ccccc6C5=O)cc4)CC3)cc2C1=O,565.91
*N1C(=O)c2ccc(C3(c4ccc(N5C(=O)c6ccccc6C5=O)cc4)CCCC3)cc2C1=O,518.92
*N1C(=O)c2ccc(C3(c4ccc(N5C(=O)c6ccccc6C5=O)cc4)CCCCC3)cc2C1=O,499.82
*N1C(=O)c2ccc(-c3cc4c(cc3-c3ccc(N5C(=O)c6ccccc6C5=O)cc3)C(=O)N(*)C4=O)cc2C1=O,665.77
*N1C(=O)c2ccc(-c3ccc4c(c3)C(=O)N(c3ccc(C5(c6ccc(N7C(=O)c8ccccc8C7=O)cc6)c6ccccc6-c6ccccc65)cc3)C4=O)cc2C1=O,572.79
*N1C(=O)c2ccccc2C1=O.*c1ccc(C2(c3ccc(*)cc3)c3ccccc3-c3ccccc32)cc1,568.01
*N1C(=O)c2ccc(-c3ccc(C4(c5ccc(N6C(=O)c7ccccc7C6=O)cc5)c5ccccc5-c5ccccc54)cc3)cc2C1=O,606.46
*N1C(=O)c2ccc(-c3ccc(Oc4ccc(C5(c6ccc(Oc7ccc(N8C(=O)c9ccccc9C8=O)cc7)cc6)c6ccccc6-c6ccccc65)cc4)cc3)cc2C1=O,502.76
*N1C(=O)c2ccc(C(C)(C)c3ccc(C4(c5ccc(C(C)(C)c6ccc(N7C(=O)c8ccccc8C7=O)cc6)cc5)c5ccccc5-c5ccccc54)cc3)cc2C1=O,493.21
*N1C(=O)c2ccc(-c3ccc(C4(c5ccc(N6C(=O)c7ccc(-c8ccc(N9C(=O)c%10ccccc%10C9=O)cc8)cc7C6=O)cc5)c5ccccc5-c5ccccc54)cc3)cc2C1=O,537.62
*N1C(=O)c2ccc(C3(c4ccc(N5C(=O)c6ccccc6C5=O)cc4)C4CCC3C4)cc2C1=O,576.27
*N1CCC2CC3(c4ccc5c(c4)C(=O)N(*)C5=O)CC(C2)(C3)C2(CCC(N3C(=O)c4ccccc4C3=O)C2)C1=O,397.85
*N1C(=O)c2ccc(C3(c4ccc(N5C(=O)c6ccccc6C5=O)cc4)CC4CCC3C4)cc2C1=O,505.63
*N1C(=O)c2ccc(C3(c4ccc(-n5c(=O)c6ccc7c(=O)n(*)c(=O)c7c6c5=O)cc4)CC4(C(C)(C)C)CC(C(C)(C)C)CC3C4)cc2C1=O,398.89
*N1C(=O)c2ccc(C3(c4ccc(-n5c(=O)c6cc7c(=O)n(*)c(=O)c7cc6c5=O)cc4)CC4(C(C)(C)C)CC(C(C)(C)C)CC3C4)cc2C1=O,392.51
*N1C(=O)c2ccc(C3(c4ccc(N5C(=O)c6ccc(C(F)(F)F)cc6C5=O)cc4)CC4(C(C)(C)C)CC(C(C)(C)C)CC3C4)cc2C1=O,391.82
*c1ccc(Oc2ccc3c(c2)C(=O)N(c2ccc(C4(c5ccc6c(c5)C(=O)N(*)C6=O)CC5(C(C)(C)C)CC(C(C)(C)C)CC4C5)cc2)C3=O)cc1,330.83
*N1C(=O)c2ccc(-c3ccc(C4(c5ccc(N6C(=O)c7ccccc7C6=O)cc5)CC5(C(C)(C)C)CC(C(C)(C)C)CC4C5)cc3)cc2C1=O,408.12
*N1C(=O)c2ccc(Oc3ccc(C4(c5ccc(Oc6ccc(N7C(=O)c8ccccc8C7=O)cc6)cc5)CC5(C(C)(C)C)CC(C(C)(C)C)CC4C5)cc3)cc2C1=O,350.13
*N1C(=O)c2ccc(C(C)(C)c3ccc(C4(c5ccc(C(C)(C)c6ccc(N7C(=O)c8ccccc8C7=O)cc6)cc5)CC5(C(C)(C)C)CC(C(C)(C)C)CC4C5)cc3)cc2C1=O,354.25
*N1C(=O)c2ccc(-c3ccc4c(c3)C(=O)N(c3ccc(C5(c6ccc(N7C(=O)c8ccccc8C7=O)cc6)CC6(C(C)(C)C)CC(C(C)(C)C)CC5C6)cc3)C4=O)cc2C1=O,387.67
*N1C(=O)c2ccc(-c3ccc(C4(c5ccc(-n6c(=O)c7ccc8c(=O)n(*)c(=O)c8c7c6=O)cc5)c5ccccc5-c5ccccc54)cc3)cc2C1=O,599.14
*N1C(=O)c2ccc(-c3ccc(C4(c5ccc(-n6c(=O)c7cc8c(=O)n(*)c(=O)c8cc7c6=O)cc5)c5ccccc5-c5ccccc54)cc3)cc2C1=O,608.47
*N1C(=O)C(=O)C2(CCCCC2)C1=O,392.29
*N1C(=O)C(=O)[C@@H]2C[C@H](C[C@H]2C)C1=O,259.05
*N1C(=O)C(=O)[C@H]2CCCC[C@@H]2C1=O,279.5
*N1C(=O)C(=O)[C@H]2C[C@H](C)[C@@H](C2)C1=O,258.35
*N1C(=O)C(=O)C2(CCC(CC)C2)C1=O,408.7
*N1C(=O)[C@H]2C[C@@H](C)[C@@H](C2)C1=O,273.54
*N1C(=O)C(=O)C2(CCC2)C1=O,400.8
*N1C(=O)C(=O)C2(CCC(C)C2)C1=O,369.5
*N1C(=O)C2(CCC(OC)C2)C1=O,364.22
*N1C(=O)C(=O)C2(CCC(F)C2)C1=O,415.275
*N1C(=O)C(=O)C2CCC[C@@H]2C1=O,353.13
*N1C(=O)C2(CCC(C(F)(F)F)C2)C1=O,408.73
*N1C(=O)C(=O)C2CCC[C@H]2C1=O,336.87
*N1C(=O)C(=O)[C@@H]2C[C@@H](C)[C@H](C2)C1=O,267.37
*N1C(=O)C2(CCC(CC(C)C)C2)C1=O,370.15
*n1c(=O)c2ccc3c(=O)n(-c4cc(C)ccc4C)c(=O)c3c2c1=O,564.51
*N1C(=O)c2cccc(OCCOCCO)c2C1=O,335.02
*N1C(=O)c2cccc(-c3cccc(N4C(=O)c5ccc(-c6ccc(C(C)(C)C)cc6)cc5C4=O)c3)c2C1=O,395.67
*N1C(=O)c2cccc(-c3cccc(N4C(=O)c5ccc(-c6ccc(S(C)(=O)=O)cc6)cc5C4=O)c3)c2C1=O,424.725
*N1C(=O)c2cccc(-c3cccc(N4C(=O)c5ccc(-c6ccc(N(C)C=O)cc6)cc5C4=O)c3)c2C1=O,489.03
*N1C(=O)c2cccc(-c3cccc(N4C(=O)c5ccc(-c6ccc(OCC)cc6)cc5C4=O)c3)c2C1=O,465.66
*N1C(=O)c2cccc(-c3cccc(N4C(=O)c5ccc(-c6ccc(CC)cc6)cc5C4=O)c3)c2C1=O,479.47
*N1C(=O)c2cccc(-c3cccc(N4C(=O)c5ccc(-c6ccc(C(C)C)cc6)cc5C4=O)c3)c2C1=O,525.59
*N1C(=O)c2cccc(-c3cccc(N4C(=O)c5ccc(-c6ccc(-c7ccccc7)cc6)cc5C4=O)c3)c2C1=O,550.43
*N1C(=O)c2cccc(-c3cccc(N4C(=O)c5ccc(-c6ccc(Br)cc6)cc5C4=O)c3)c2C1=O,520.39
*N1C(=O)c2cccc(-c3cccc(N4C(=O)c5ccc(-c6ccc(I)cc6)cc5C4=O)c3)c2C1=O,511.44
*c1ccc2c(c1)C(=O)N(Cc1ccc(-c3ccc4c(c3)C(=O)N(c3cccc(-c5cccc6c5C(=O)N(*)C6=O)c3)C4=O)cc1)C2=O,429.13
*c1ccc(Oc2ccc(-c3ccc4c(c3)C(=O)N(c3cccc(-c5cccc6c5C(=O)N(*)C6=O)c3)C4=O)cc2)cc1,494.61
*c1ccc(Sc2ccc(-c3ccc4c(c3)C(=O)N(c3cccc(-c5cccc6c5C(=O)N(*)C6=O)c3)C4=O)cc2)cc1,498.25
*N1C(=O)c2cccc(OCC)c2C1=O,389.36
*N1C(=O)c2cccc(-c3cccc(N4C(=O)c5ccc(SC)cc5C4=O)c3)c2C1=O,520.63
*c1ccc(N2C(=O)c3cccc(*)c3C2=O)cc1-c1ccc2c(c1)C(=O)N(c1cccc(-c3cccc4c3C(=O)N(*)C4=O)c1)C2=O,453.96
*N1C(=O)c2cccc(-c3cccc(N4C(=O)c5ccc(OC(F)(F)F)cc5C4=O)c3)c2C1=O,383.84
*N1C(=O)c2cccc(-c3cccc(N4C(=O)c5ccc(C(C)(CF)CF)cc5C4=O)c3)c2C1=O,497.59
*N1C(=O)c2ccc(-c3ccc(N4C(=O)c5cc(F)cc(F)c5C4=O)cc3)cc2C1=O,565.41
*N1C(=O)c2ccc(-c3ccc(N4C(=O)c5cc(F)c(F)cc5C4=O)cc3)cc2C1=O,559.01
*N1C(=O)c2ccc(-c3ccc4c(c3)C(=O)N(c3ccc(F)c(F)c3)C4=O)cc2C1=O,424.995
*N1C(=O)c2ccc(-c3ccc(N4C(=O)c5cc(F)c(F)c(F)c5C4=O)cc3)cc2C1=O,555.54
*n1c(=O)c2cc3c(=O)n(-c4ccc5c(c4)C4(CC5)CC4)c(=O)c3cc2c1=O,444.81
*n1c(=O)c2ccc3c(=O)n(-c4ccc5c(c4)-c4ccccc4-5)c(=O)c3c2c1=O,518.245
*n1c(=O)c2ccc3c(=O)n(-c4ccc(C56CCCC7CC5CC7C6)cc4)c(=O)c3c2c1=O,502.62
*n1c(=O)c2ccc3c(=O)n(-c4ccc5c(c4)C(C)(C)c4cc(C(C)(C)c6ccccc6)ccc4-5)c(=O)c3c2c1=O,528.83
*N1C(=O)c2ccc(-c3ccc4c(c3)C3(c5ccccc5)CCC4C3)cc2C1=O,523.23
*n1c(=O)c2ccc3c(=O)n(-c4ccc5c(c4)C(c4ccccc4)(c4ccccc4)c4cc(C(F)(F)F)ccc4-5)c(=O)c3c2c1=O,567.585
*n1c(=O)c2ccc3c(=O)n(-c4ccc5c(c4)C(c4ccccc4)(c4ccccc4)c4ccc(F)cc4-5)c(=O)c3c2c1=O,490.595
*N1C(=O)c2ccc(-c3ccc4c(c3)C(c3ccccc3)(c3ccccc3)c3cc(OC)ccc3-4)cc2C1=O,508.29
*n1c(=O)c2ccc3c(=O)n(-c4ccc5c(c4)C(c4ccccc4)(c4ccccc4)c4cc(OC)ccc4-5)c(=O)c3c2c1=O,553.275
*N1C(=O)c2ccc(-c3ccc4c(c3)C(c3ccccc3)(c3ccccc3)c3ccc(C(F)(F)F)cc3-4)cc2C1=O,549.615
*n1c(=O)c2ccc3c(=O)n(-c4ccc5c(c4)C(c4ccccc4)(c4ccccc4)c4ccc(C(F)(F)F)cc4-5)c(=O)c3c2c1=O,571.59
*N1C(=O)c2ccc(-c3ccc4c(c3)C(c3ccccc3)(c3ccccc3)c3cc(F)ccc3-4)cc2C1=O,532.875
*n1c(=O)c2ccc3c(=O)n(-c4ccc5c(c4)C(c4ccccc4)(c4ccccc4)c4cc(F)ccc4-5)c(=O)c3c2c1=O,574.045
*N1C(=O)c2ccc(-c3ccc4c(c3)C(c3ccccc3)(c3ccccc3)c3ccc(OC)cc3-4)cc2C1=O,514.785
*n1c(=O)c2ccc3c(=O)n(-c4ccc5c(c4)C(c4ccccc4)(c4ccccc4)c4ccc(OC)cc4-5)c(=O)c3c2c1=O,556.705
*N1C(=O)c2ccc(-c3ccc4c(c3)C(c3ccccc3)(c3ccccc3)c3cc(C)ccc3-4)cc2C1=O,557.73
*n1c(=O)c2ccc3c(=O)n(-c4ccc5c(c4)C(c4ccccc4)(c4ccccc4)c4cc(C)ccc4-5)c(=O)c3c2c1=O,593.05
*N1C(=O)c2ccc(-c3ccc4c(c3)C(c3ccccc3)(c3ccccc3)c3ccc(C)cc3-4)cc2C1=O,557.825
*n1c(=O)c2ccc3c(=O)n(-c4ccc5c(c4)C(c4ccccc4)(c4ccccc4)c4ccc(C)cc4-5)c(=O)c3c2c1=O,596.665
*N1C(=O)c2ccc(-c3ccc4c(c3)C(c3ccccc3)(c3ccccc3)c3cc(Cl)ccc3-4)cc2C1=O,479.165
*n1c(=O)c2ccc3c(=O)n(-c4ccc5c(c4)C(c4ccccc4)(c4ccccc4)c4cc(Cl)ccc4-5)c(=O)c3c2c1=O,517.25
*n1c(=O)c2ccc3c(=O)n(-c4ccc5c(c4)C(c4ccccc4)(c4ccccc4)c4ccc(Cl)cc4-5)c(=O)c3c2c1=O,517.01
*N1C(=O)c2ccc(-c3ccc4c(c3)C(c3ccccc3)(c3ccccc3)c3cc(N)ccc3-4)cc2C1=O,499.48
*n1c(=O)c2ccc3c(=O)n(-c4ccc5c(c4)C(c4ccccc4)(c4ccccc4)c4cc(N)ccc4-5)c(=O)c3c2c1=O,540.37
*N1C(=O)c2ccc(-c3ccc4c(c3)C(c3ccccc3)(c3ccccc3)c3ccc(N)cc3-4)cc2C1=O,504.96
*n1c(=O)c2ccc3c(=O)n(-c4ccc5c(c4)C(c4ccccc4)(c4ccccc4)c4ccc(N)cc4-5)c(=O)c3c2c1=O,541.72
*c1ccc2c(c1)C(=O)N(c1ccc(C3(c4ccc5c(c4)C(=O)N(c4ccc6c(c4)C(=O)N(*)C6=O)C5=O)c4ccccc4-c4ccccc43)cc1)C2=O,599.07
*N1C(=O)c2ccc(-c3cc4c(cc3C3(c5ccccc5)c5ccccc5-c5ccccc53)C(=O)N(*)C4=O)cc2C1=O,598.84
*N1C(=O)c2ccc(OC3(c4ccc(OC5(c6ccc(OC7(*)c8ccccc8-c8ccccc87)cc6)c6ccccc6-c6ccccc65)cc4)c4ccccc4-c4ccccc43)cc2C1=O,394.21
*c1ccc2c(c1)C(=O)N(c1ccc(C(C)(C)c3ccc(-c4ccc(C5(c6ccc(-c7ccc8c(c7)C(=O)N(*)C8=O)cc6)c6ccccc6-c6ccccc65)cc4)cc3)cc1)C2=O,484.92
*c1ccc2c(c1)C(=O)N(c1ccc(C(F)(F)F)cc1-c1ccc(C3(c4ccc(-c5ccc6c(c5)C(=O)N(*)C6=O)cc4)c4ccccc4-c4ccccc43)cc1)C2=O,562.98
*c1ccc2c(c1)C(=O)N(c1ccc(Oc3ccc(-c4ccc(C5(c6ccc(-c7ccc8c(c7)C(=O)N(*)C8=O)cc6)c6ccccc6-c6ccccc65)cc4)cc3)cc1)C2=O,499.25
*c1ccc2c(c1)C(=O)N(c1ccc(-c3ccc(-c4ccc(C5(c6ccc(-c7ccc8c(c7)C(=O)N(*)C8=O)cc6)c6ccccc6-c6ccccc65)cc4)cc3)cc1)C2=O,501.55
*c1ccc2c(c1)C(=O)N(c1ccc(S(=O)(=O)c3ccc(-c4ccc(C5(c6ccc(-c7ccc8c(c7)C(=O)N(*)C8=O)cc6)c6ccccc6-c6ccccc65)cc4)cc3)cc1)C2=O,512.24
*c1ccc2c(c1)C(=O)N(c1ccc(Oc3ccc(C4(c5ccc6c(c5)C(=O)N(*)C6=O)C5CC6CC(C5)CC4C6)cc3)cc1)C2=O,427.33
*c1ccc2c(c1)C(=O)N(c1ccc(C(F)(F)F)cc1C1(c3ccc4c(c3)C(=O)N(*)C4=O)C3CC4CC(C3)CC1C4)C2=O,475.45
*c1ccc2c(c1)C(=O)N(c1ccc(-c3ccc(C4(c5ccc6c(c5)C(=O)N(*)C6=O)C5CC6CC(C5)CC4C6)cc3)cc1)C2=O,460.09
*c1ccc2c(c1)C(=O)N(c1ccc(-c3ccc(Oc4ccc(C5(c6ccc7c(c6)C(=O)N(*)C7=O)C6CC7CC(C6)CC5C7)cc4)cc3)cc1)C2=O,398.81
*c1ccc2c(c1)C(=O)N(c1ccc(S(=O)(=O)c3ccc(C4(c5ccc6c(c5)C(=O)N(*)C6=O)C5CC6CC(C5)CC4C6)cc3)cc1)C2=O,449.12
*c1ccc2c(c1)C(=O)N(c1ccc(C(C)(C)c3ccc(C4(c5ccc6c(c5)C(=O)N(*)C6=O)C5CC6CC(C5)CC4C6)cc3)cc1)C2=O,446.8
*c1ccc2c(c1)C(=O)N(c1ccc(C(F)(F)F)cc1-c1ccc(C3(c4ccc5c(c4)C(=O)N(*)C5=O)C4CC5CC(C4)CC3C5)cc1)C2=O,454.15
*c1ccc2c(c1)C(=O)N(c1ccc(Oc3ccc(-c4ccc(C5(c6ccc7c(c6)C(=O)N(*)C7=O)C6CC7CC(C6)CC5C7)cc4)cc3)cc1)C2=O,397.62
*c1ccc2c(c1)C(=O)N(c1ccc(C(C)(C)c3ccc(-c4ccc(C5(c6ccc7c(c6)C(=O)N(*)C7=O)C6CC7CC(C6)CC5C7)cc4)cc3)cc1)C2=O,414.85
*c1ccc2c(c1)C(=O)N(c1ccc(S(=O)(=O)c3ccc(-c4ccc(C5(c6ccc7c(c6)C(=O)N(*)C7=O)C6CC7CC(C6)CC5C7)cc4)cc3)cc1)C2=O,418.39
*c1ccc2c(c1)C(=O)N(c1ccc(-c3ccc(-c4ccc(-c5ccc(C6(c7ccc(-c8ccc9c(c8)C(=O)N(*)C9=O)cc7)c7ccccc7-c7ccccc76)cc5)cc4)cc3)cc1)C2=O,465.32
*c1ccc2c(c1)C(=O)N(c1ccc(Oc3ccc(-c4ccc(-c5ccc(C6(c7ccc(-c8ccc9c(c8)C(=O)N(*)C9=O)cc7)c7ccccc7-c7ccccc76)cc5)cc4)cc3)cc1)C2=O,457.48
*c1ccc2c(c1)C(=O)N(c1ccc(C(C)(C)c3ccc(-c4ccc(-c5ccc(C6(c7ccc(-c8ccc9c(c8)C(=O)N(*)C9=O)cc7)c7ccccc7-c7ccccc76)cc5)cc4)cc3)cc1)C2=O,454.88
*c1ccc2c(c1)C(=O)N(c1ccc(S(=O)(=O)c3ccc(-c4ccc(-c5ccc(C6(c7ccc(-c8ccc9c(c8)C(=O)N(*)C9=O)cc7)c7ccccc7-c7ccccc76)cc5)cc4)cc3)cc1)C2=O,472.74
*c1ccc2c(c1)C(=O)N(c1ccc(Oc3ccc(-c4ccc(-c5ccc(-c6ccc(C7(c8ccc(-c9ccc%10c(c9)C(=O)N(*)C%10=O)cc8)c8ccccc8-c8ccccc87)cc6)cc5)cc4)cc3)cc1)C2=O,425.38
*c1ccc2c(c1)C(=O)N(c1ccc(C(C)(C)c3ccc(-c4ccc(-c5ccc(-c6ccc(C7(c8ccc(-c9ccc%10c(c9)C(=O)N(*)C%10=O)cc8)c8ccccc8-c8ccccc87)cc6)cc5)cc4)cc3)cc1)C2=O,435.78
*c1ccc2c(c1)C(=O)N(c1ccc(S(=O)(=O)c3ccc(-c4ccc(-c5ccc(-c6ccc(C7(c8ccc(-c9ccc%10c(c9)C(=O)N(*)C%10=O)cc8)c8ccccc8-c8ccccc87)cc6)cc5)cc4)cc3)cc1)C2=O,447.86
*c1ccc2c(c1)C(=O)N(c1ccc(-c3ccc(-c4ccc(-c5ccc(-c6ccc(C7(c8ccc(-c9ccc%10c(c9)C(=O)N(*)C%10=O)cc8)c8ccccc8-c8ccccc87)cc6)cc5)cc4)cc3)cc1)C2=O,435.13
*c1ccc2c(c1)C(=O)N(c1ccc(Oc3ccc(-c4ccc(-c5ccc(-c6ccc(-c7ccc(C8(c9ccc(-c%10ccc%11c(c%10)C(=O)N(*)C%11=O)cc9)c9ccccc9-c9ccccc98)cc7)cc6)cc5)cc4)cc3)cc1)C2=O,392.94
*c1ccc2c(c1)C(=O)N(c1ccc(C(C)(C)c3ccc(-c4ccc(-c5ccc(-c6ccc(-c7ccc(C8(c9ccc(-c%10ccc%11c(c%10)C(=O)N(*)C%11=O)cc9)c9ccccc9-c9ccccc98)cc7)cc6)cc5)cc4)cc3)cc1)C2=O,421.76
*c1ccc2c(c1)C(=O)N(c1ccc(S(=O)(=O)c3ccc(-c4ccc(-c5ccc(-c6ccc(-c7ccc(C8(c9ccc(-c%10ccc%11c(c%10)C(=O)N(*)C%11=O)cc9)c9ccccc9-c9ccccc98)cc7)cc6)cc5)cc4)cc3)cc1)C2=O,427.25
*c1ccc2c(c1)C(=O)N(c1ccc(-c3ccc(-c4ccc(-c5ccc(-c6ccc(-c7ccc(C8(c9ccc(-c%10ccc%11c(c%10)C(=O)N(*)C%11=O)cc9)c9ccccc9-c9ccccc98)cc7)cc6)cc5)cc4)cc3)cc1)C2=O,413.52
*n1c(=O)c2cc3c(=O)n(*c4ccc(OC(F)(F)F)cc4)c(=O)c3cc2c1=O,374.435
*n1c(=O)c2cc3c(=O)n(*c4ccc(SC(F)(F)F)cc4)c(=O)c3cc2c1=O,372.33
*n1c(=O)c2cc3c(=O)n(*c4ccc(N5C(=O)c6ccc(C(F)(F)F)cc6C5=O)cc4)c(=O)c3cc2c1=O,502.85
*n1c(=O)c2cc3c(=O)n(*c4ccc(C(C)(C)c5ccc(C(F)(F)F)cc5)cc4)c(=O)c3cc2c1=O,395.38
*n1c(=O)c2ccc3c(=O)n(*c4ccc(C(C)(C)c5ccc(C(F)(F)F)cc5)cc4)c(=O)c3c2c1=O,387.26
*n1c(=O)c2cc3c(=O)n(*c4ccc(S(=O)(=O)c5ccc(C(F)(F)F)cc5)cc4)c(=O)c3cc2c1=O,393.385
*n1c(=O)c2ccc3c(=O)n(*c4ccc(S(=O)(=O)c5ccc(C(F)(F)F)cc5)cc4)c(=O)c3c2c1=O,389.055
*n1c(=O)c2cc3c(=O)n(*c4nc5ccc(C(F)(F)F)cc5o4)c(=O)c3cc2c1=O,445.12
*n1c(=O)c2ccc3c(=O)n(*c4nc5ccc(C(F)(F)F)cc5o4)c(=O)c3c2c1=O,457.62
*C(=O)COc1ccc2c(c1)C(=O)N(*)C2=O,394.35
*N1C(=O)c2ccc(-c3ccc(C#N)cc3)cc2C1=O,486.08
*N1C(=O)c2ccc(-c3ccc4ncccc4c3)cc2C1=O,613.53
*c1ccc(-c2ccc3c(c2)C(=O)N(*)C3=O)cn1,507.45
*N1C(=O)c2ccc(-c3ccc(C(=O)OC)cc3)cc2C1=O,508.57
*N1C(=O)c2ccc(-c3ccc(C(C)=O)cc3)cc2C1=O,538.6
*c1ccc(C(=O)Nc2ccc(-c3ccc4c(c3)C(=O)N(*)C4=O)cc2)cc1,540.87
*c1cccc(-c2ccc3c(c2)C(=O)N(*)C3=O)c1,385.155
*N1C(=O)c2ccc(Oc3ccc(N(*)C(=O)c4ccc(Oc5ccc(OC(F)(F)F)cc5)cc4)cc3)cc2C1=O,333.32
*N1C(=O)c2ccc(Oc3ccc(N(*)C(=O)c4ccc(Oc5cccc(F)c5)cc4)cc3)cc2C1=O,387.2
*N1C(=O)c2ccc(Oc3ccc(N(*)C(=O)c4ccc(Oc5ccc(C(F)(F)F)cc5F)cc4)cc3)cc2C1=O,359.28
*N1C(=O)c2ccc(-c3ccc(N(*)C(=O)c4ccc(-c5cc(F)cc(F)c5)cc4)cc3)cc2C1=O,480.92
*N1C(=O)c2ccc(Oc3ccc(N(*)C(=O)c4ccc(Oc5ccc(F)c(F)c5)cc4)cc3)cc2C1=O,357.93
*N1C(=O)c2ccc(-c3ccc(N(*)C(=O)c4ccc(-c5ccc(OC(F)(F)F)cc5)cc4)cc3)cc2C1=O,444.76
*N1C(=O)c2ccc(Oc3ccc(N(*)C(=O)c4ccc(Oc5ccc(F)c(F)c5F)cc4)cc3)cc2C1=O,378.32
*N1C(=O)c2ccc(-c3ccc(N(*)C(=O)c4ccc(-c5ccc(F)c(F)c5)cc4)cc3)cc2C1=O,473.35
*N1C(=O)c2ccc(Oc3ccc(N(*)C(=O)c4ccc(Oc5ccc(C(F)(F)F)c(C(F)(F)F)c5)cc4)cc3)cc2C1=O,348.02
*N1C(=O)c2ccc(-c3ccc(N(*)C(=O)c4ccc(-c5ccc(Oc6ccc(F)cc6)cc5)cc4)cc3)cc2C1=O,411.18
*N1C(=O)c2ccc(Oc3ccc(N(*)C(=O)c4ccc(Oc5ccc(Oc6ccc(F)cc6F)cc5)cc4)cc3)cc2C1=O,319.32
*N1C(=O)c2ccc(-c3ccc(N(*)C(=O)c4ccc(-c5cc(C(F)(F)F)cc(C(F)(F)F)c5)cc4)cc3)cc2C1=O,455.93
*c1ccc(C(F)(F)c2ccc(C(F)(F)c3ccc(-n4c(=O)c5cc6c(=O)n(*)c(=O)c6cc5c4=O)cc3)cc2)cc1,479.11
*N1C(=O)c2ccc(-c3ccc(N(*)C(=O)c4ccc(-c5ccc(Oc6cc(F)ccc6F)cc5)cc4)cc3)cc2C1=O,411.65
*c1ccc(Oc2ccc(Oc3ccc(-n4c(=O)c5cc6c(=O)n(*)c(=O)c6cc5c4=O)cc3)cc2)c(F)c1,424.16
*c1ccc(C(c2ccc(*)cc2)(c2ccc(*)cc2)c2ccc(*n3c(=O)c4ccc5c(=O)n(*)c(=O)c5c4c3=O)cc2)cc1,422.51
*N1C(=O)C2(CC2)[C@H]2CC[C@@H](CC2)C1=O,316.62
*C(=O)[C@H]1[C@@H]2C[C@@H](C(=O)N1*)N(*)C2=O,257.1
*N1C(=O)C2(CC(C)C2)C1=O,379.63
*N1C(=O)[C@@H]2CCC(=O)C[C@H]2C1=O,288.16
*N1C(=O)C2(CCC(N)C2)C1=O,352.98
*N1C(=O)C2(CCC(F)C2)C1=O,394.49
*N1C(=O)C2(CCC(F)(F)C2)C1=O,410.42
*N1C(=O)C2(CCC(CC)C2)C1=O,389.4
*N1C(=O)C2(CCC(OC(C)=O)CC2)C1=O,390.69
*n1c(=O)c2cc3c(=O)n(-c4cc(F)cc(C(F)(F)F)c4)c(=O)c3cc2c1=O,409.18
*c1cccc2c1C(=O)N(c1c(Oc3ccccc3)cccc1-c1cccc3c1C(=O)N(*)C3=O)C2=O,477.85
*c1cccc2c1C(=O)N(c1cccc(C(C)(CF)c3cccc(-c4cccc5c4C(=O)N(*)C5=O)c3)c1)C2=O,348.605
*c1cccc2c1C(=O)N(c1cccc(C(C)(C)C(C)(C)c3cccc(-c4cccc5c4C(=O)N(*)C5=O)c3)c1)C2=O,425.62
*N1C(=O)c2cccc(-c3cccc(N4C(=O)c5cccc(F)c5C4=O)c3)c2C1=O,416.875
*N1C(=O)c2cccc(-c3cccc(N4C(=O)c5ccc(C)cc5C4=O)c3)c2C1=O,561.62
*N1C(=O)c2cccc(-c3cccc(N4C(=O)c5ccc(S(=O)(=O)c6ccccc6)cc5C4=O)c3)c2C1=O,435.695
*N1C(=O)c2cccc(-c3cccc(N4C(=O)c5ccc(N(C)C)cc5C4=O)c3)c2C1=O,532.72
*N1C(=O)c2cccc(-c3cccc(N4C(=O)c5ccc(N(C)C=O)cc5C4=O)c3)c2C1=O,483.55
*N1C(=O)c2cccc(-c3cccc(N4C(=O)c5ccc(-c6cccc(C(F)(F)F)c6)cc5C4=O)c3)c2C1=O,520.285
*N1C(=O)c2cccc(-c3cccc(N4C(=O)c5ccc(Oc6cccc(C(F)(F)F)c6)cc5C4=O)c3)c2C1=O,411.47
*N1C(=O)C2(CCC(CC)(CC)C2)C(=O)N1*,358.5
*N1C(=O)C2CC3CC(C2)C(C3)C1=O,430.515
*N1C(=O)C2(CCC(C(F)(F)F)(C(F)(F)F)C2)C(=O)N1*,403.25
*N1C(=O)[C@H]2C[C@H](C(=O)N1*)C2C,280.82
*N1C(=O)C2(CCC(C(C)(C)C)CC2)C(=O)N1*,361.115
*N1C(=O)[C@H]2C[C@@H](C(=O)N1*)[C@H]2C(F)(F)F,261.52
*N1C(=O)C2(CCC23CCCC3)C(=O)N1*,374.28
*N1C(=O)C2(CC(OC)C2)C(=O)N1*,380.75
*N1C(=O)[C@@H]2C[C@H](C(=O)N1*)[C@@H](C)C2,251.42
*N1C(=O)C2CC(C)(C)C[C@H]2C1=O,319.205
*N1C(=O)C2(CC(C)(C)CC2(C)C)C(=O)N1*,380.69
*N1C(=O)C2CC(C(F)(F)F)CC[C@H]2C1=O,319.68
*N1C(=O)C2(CCC(c3ccccc3)C2)C(=O)N1*,471.48
*N1C(=O)C2CC(OC(C)=O)C[C@H]2C1=O,338.55
*N1C(=O)[C@H]2C[C@@H](C(=O)N1*)C2CC,299.14
*N1C(=O)C2(CCC(C)(CC)C2)C(=O)N1*,348.97
*N1C(=O)C2(CCC(C(C)C)C2)C(=O)N1*,360.25
*N1C(=O)C2CC(C)(C)CC[C@H]2C1=O,309.87
*N1C(=O)C2(CCC(OC(C)(C)C)C2)C(=O)N1*,345.21
*N1C(=O)[C@H]2C[C@@H](C(=O)N1*)[C@@H]2CC(C)C,259.49
*N1C(=O)C2(CCC(SC)C2)C(=O)N1*,367.2
*N1C(=O)C2(CCC(F)(F)C2)C(=O)N1*,405.46
*C(=O)c1ccccc1C(=O)N(*)c1ccc(-c2ccc3c(c2)C(=O)N(*)C3=O)cc1,536.71
*c1ccc(N(c2ccc(*)cc2)c2ccc(-n3c(=O)c4cc5c(=O)n(*)c(=O)c5cc4c3=O)cc2)cc1,375.73
*c1cccc(S(=O)(=O)c2ccc(-c3ccc4c(c3)C(=O)N(*)C4=O)cc2)c1,493.59
*n1c(=O)c2c(F)c(F)c3c(=O)n(*)c(=O)c3c2c1=O,459.72
*c1ccc(OC(F)(F)C(F)(F)Oc2ccc(*n3c(=O)c4cc5c(=O)n(*)c(=O)c5cc4c3=O)cc2)cc1,381.41
*c1ccc(C(C)(C)Oc2ccc(*n3c(=O)c4ccc5c(=O)n(*)c(=O)c5c4c3=O)cc2)cc1,453.51
*OCC(O)COc1ccc(*n2c(=O)c3ccc4c(=O)n(*)c(=O)c4c3c2=O)cc1,391.9
*c1ccc(NC(=S)Sc2ccc(*n3c(=O)c4ccc5c(=O)n(*)c(=O)c5c4c3=O)cc2)cc1,488.37
*n1c(=O)c2ccc3c(=O)n(*c4ccc(C(C)(C)C(F)(F)F)cc4)c(=O)c3c2c1=O,509.32
*c1ccc(OC(=O)c2ccc(C(=O)Oc3ccc(*n4c(=O)c5ccc6c(=O)n(*)c(=O)c6c5c4=O)cc3)cc2)cc1,400.26
*c1ccc(SSc2ccc(*n3c(=O)c4ccc5c(=O)n(*)c(=O)c5c4c3=O)cc2)cc1,463.38
*c1ccc(N=Nc2ccc(*n3c(=O)c4ccc5c(=O)n(*)c(=O)c5c4c3=O)cc2)cc1,443.41
CCCC[Si](C)(C)O[Si](C)(C)O[Si](C)(C)CCCCn1c(=O)c2cc3c(=O)n(CCCC[Si](C)(C)O[Si](C)(C)O[Si](C)(C)CCCC)c(=O)c3cc2c1=O,163.38
C[Si](C)(CCN1C(=O)c2ccccc2C1=O)O[Si](C)(C)O[Si](C)(C)O[Si](C)(C)O[Si](C)(C)CCN1C(=O)c2ccccc2C1=O,205.87
C[Si](C)(CCN1C(=O)c2ccccc2C1=O)O[Si](C)(C)O[Si](C)(C)O[Si](C)(C)O[Si](C)(C)O[Si](C)(C)CCN1C(=O)c2ccccc2C1=O,192.67
*c1ccc(CSc2ccc(-n3c(=O)c4cc5c(=O)n(*)c(=O)c5cc4c3=O)cc2)cc1,410.14
*c1ccc2c(c1)C(=O)N(c1ccc(Oc3ccc(C(C)(C)c4ccc(Oc5ccc6c(c5)C(=O)N(*)C6=O)cc4)cc3)cc1)C2=O,309.715
*c1ccc(-c2ccc3c(c2)C(=O)N(c2ccc(-n4c(=O)c5cc6c(=O)n(*)c(=O)c6cc5c4=O)cc2)C3=O)cc1,495.03
*c1ccc2c(c1)C(=O)N(c1ccc(Cc3ccc(C(C)(C)c4ccc(Cc5ccc6c(c5)C(=O)N(*)C6=O)cc4)cc3)cc1)C2=O,339.92
*c1ccc2c(c1)C(=O)N(c1ccc(S(=O)(=O)c3ccc(Oc4ccc(-c5ccc6c(c5)C(=O)N(*)C6=O)cc4)cc3)cc1)C2=O,448.98
*c1ccc(Oc2ccc(Oc3ccc(*)cc3)c(-n3c(=O)c4ccc5c(=O)n(*)c(=O)c5c4c3=O)c2)cc1,366.62
*c1ccc(Oc2ccc(-c3ccc(Oc4ccc(-c5ccc6c(c5)C(=O)N(*)C6=O)cc4)cc3)cc2)cc1,385.92
CCCC[Si](C)(C)O[Si](C)(C)CCCCN1C(=O)c2ccc(-c3ccc4c(c3)C(=O)NC4=O)cc2C1=O,248.96
C[Si](C)(CCCCn1c(=O)c2cc3c(=O)[nH]c(=O)c3cc2c1=O)O[Si](C)(C)CCCCn1c(=O)c2cc3c(=O)[nH]c(=O)c3cc2c1=O,192.96
C[Si](C)(CCCCN1C(=O)c2ccc(-c3ccc4c(c3)C(=O)NC4=O)cc2C1=O)O[Si](C)(C)CCCCN1C(=O)c2ccc(-c3ccc4c(c3)C(=O)NC4=O)cc2C1=O,202.35
*N1C(=O)c2ccc(-c3ccc4c(c3)C(=O)NC4=O)cc2C1=O.*N1C(=O)c2ccccc2C1=O,597.18
CCCC[Si](C)(C)O[Si](C)(C)CCCCn1c(=O)c2cc3c(=O)[nH]c(=O)c3cc2c1=O,247.67
C[Si](C)(CCCCn1c(=O)c2cc3c(=O)[nH]c(=O)c3cc2c1=O)O[Si](C)(C)O[Si](C)(C)CCCCn1c(=O)c2cc3c(=O)[nH]c(=O)c3cc2c1=O,183.06
*c1ccc(C(=O)c2ccc(N(*)C(=O)c3ccc(C(C)(C)c4ccc5c(c4)C(=O)N(*)C5=O)cc3)cc2)cc1,403.135
*c1ccc(C(C)(C)c2ccc(N(*)C(=O)c3ccc4cc5c(cc4c3)C(=O)N(*)C5=O)cc2)cc1,469.82
*c1ccc2c(c1)C(=O)N(c1ccc(-c3ccc(C(C)(C)c4ccc(-c5ccc6c(c5)C(=O)N(*)C6=O)cc4)cc3)cc1)C2=O,462.15
*c1ccc2c(c1)C(=O)N(c1ccc(OC(C)COc3ccc(-c4ccc5c(c4)C(=O)N(*)C5=O)cc3)cc1)C2=O,392.12
*c1ccc2c(c1)C(=O)N(c1ccc(C(C)(C)c3ccc(C(C)(C)c4ccc(-c5ccc6c(c5)C(=O)N(*)C6=O)cc4)cc3)cc1)C2=O,355.745
*c1ccc2c(c1)C(=O)N(c1ccc(Oc3ccc(C(=O)c4ccc(-c5ccc6c(c5)C(=O)N(*)C6=O)cc4)cc3)cc1)C2=O,349.575
*c1ccc2c(c1)C(=O)N(c1ccc(Oc3ccc(Cc4ccc(-c5ccc6c(c5)C(=O)N(*)C6=O)cc4)cc3)cc1)C2=O,306.055
*c1ccc2c(c1)C(=O)N(c1ccc3cc(-c4ccc(-c5ccc6c(c5)C(=O)N(*)C6=O)cc4)ccc3c1)C2=O,410.29
*N1C(=O)C(=O)c2cc(ccc2-c2ccc3c(c2)C(=O)N(*)C3=O)C1=O,497.6
*N1C(=O)c2ccc(-c3ccc4c(c3)C(=O)C(=O)N4*)cc2C1=O,511.47
*N1C(=O)c2ccc(Oc3ccc4c(c3)C(=O)C(=O)N4*)cc2C1=O,386.22
*N1C(=O)c2ccc(-c3cc(C(F)(F)F)ccc3N(*)*)cc2C1=O,453.56
*N1C(=O)c2ccc(Oc3ccc(Oc4ccc5c(c4)C(=O)C(=O)N5*)cc3)cc2C1=O,358.31
*N1C(=O)c2ccc(-c3ccc(C(F)(F)F)c(N(*)*)c3)cc2C1=O,454.77
*c1cc(F)c(F)cc1-n1c(=O)c2cc3c(=O)n(*)c(=O)c3cc2c1=O,435.395
*N1C(=O)c2ccc(-c3ccc4cc3C(=O)C(=O)N4*)cc2C1=O,520.2
*N1C(=O)c2ccc(-c3ccc(Sc4ccc5c(c4)C(=O)C(=O)N5*)cc3)cc2C1=O,491.3
*N1C(=O)c2ccc(-c3ccc4c(F)c3C(=O)C(=O)N4*)cc2C1=O,531.61
*c1c(-n2c(=O)c3cc4c(=O)n(*)c(=O)c4cc3c2=O)ccc(C(F)(F)F)c1F,505.06
*c1cc(Oc2ccc(C(F)(F)F)c(F)c2)ccc1-n1c(=O)c2cc3c(=O)n(*)c(=O)c3cc2c1=O,396.07
*N1C(=O)c2ccc(-c3ccc(Oc4ccc(C(F)(F)F)c(F)c4)cc3)cc2C1=O,426.46
*c1cc(OC(F)(F)F)c(F)cc1-n1c(=O)c2cc3c(=O)n(*)c(=O)c3cc2c1=O,359.29
*N1C(=O)c2ccc(-c3ccc(OC(F)(F)F)c(F)c3)cc2C1=O,466.67
*c1c(-n2c(=O)c3cc4c(=O)n(*)c(=O)c4cc3c2=O)ccc(C(F)(F)F)c1OC(F)(F)F,437.1
*N1C(=O)c2ccc(-c3ccc(Oc4ccc(C(c5ccc6c(c5)C(=O)C(=O)N6*)(C(F)(F)F)C(F)(F)F)cc4)cc3)cc2C1=O,465.52
*c1ccc2c(c1)C(=O)N(c1ccc(C(F)(F)Oc3ccc4c(c3)C(=O)N(*)C4=O)cc1)C2=O,360.005
*N1C(=O)c2ccc(-c3ccc4cc5c(cc4c3)C(=O)N(*)C5=O)cc2C1=O,470.415
*c1ccc(Oc2ccc3c(c2)C(=O)N(c2ccc4c(c2)C(=O)N(*)C4=O)C3=O)cc1,419.43
*c1ccc(-c2ccc(Cc3ccc(-n4c(=O)c5cc6c(=O)n(*)c(=O)c6cc5c4=O)cc3)cc2)cc1,416.69
C[Si](C)(O)[Si](C)(C)CCCCC(=O)N1C(=O)c2ccccc2C1=O,319.42
*n1c(=O)c2cc3c(=O)n([Si](C)(C)O[Si](C)(C)N4C(=O)c5ccccc5C4=O)c(=O)c3cc2c1=O,397.65
CCCC[Si](C)(C)O[Si](C)(C)O[Si](C)(C)O[Si](C)(C)CCCCn1c(=O)c2cc3c(=O)n(CCCC[Si](C)(C)O[Si](C)(C)O[Si](C)(C)O[Si](C)(C)CCCC)c(=O)c3cc2c1=O,163.35
CCCC[Si](C)(C)O[Si](C)(C)O[Si](C)(C)CCCCN1C(=O)c2ccc(-c3ccc4c(c3)C(=O)N(CCCC[Si](C)(C)O[Si](C)(C)O[Si](C)(C)CCCC)C4=O)cc2C1=O,165.09
*N1C(=O)c2ccc(-c3ccc4c(c3)C(=O)N([Si](C)(C)O[Si](C)(C)N3C(=O)c5ccccc5C3=O)C4=O)cc2C1=O,389.81
C[Si](C)(c1ccc(N2C(=O)c3ccccc3C2=O)cc1)c1ccc(N2C(=O)c3ccccc3C2=O)cc1,536.59
C[Si](C)(Oc1ccc(N2C(=O)c3ccccc3C2=O)cc1)O[Si](C)(C)O[Si](C)(C)O[Si](C)(C)Oc1ccc(N2C(=O)c3ccccc3C2=O)cc1,298.5
C[Si](C)(Oc1ccc(N2C(=O)c3ccccc3C2=O)cc1)O[Si](C)(C)O[Si](C)(C)O[Si](C)(C)O[Si](C)(C)Oc1ccc(N2C(=O)c3ccccc3C2=O)cc1,270.02
C[Si](C)(Oc1ccc(N2C(=O)c3ccccc3C2=O)cc1)O[Si](C)(C)O[Si](C)(C)O[Si](C)(C)O[Si](C)(C)O[Si](C)(C)Oc1ccc(N2C(=O)c3ccccc3C2=O)cc1,252.13
C[Si](C)(Oc1ccc(N2C(=O)c3ccccc3C2=O)cc1)O[Si](C)(C)O[Si](C)(C)O[Si](C)(C)O[Si](C)(C)O[Si](C)(C)O[Si](C)(C)Oc1ccc(N2C(=O)c3ccccc3C2=O)cc1,234.94
C[Si](C)(Oc1ccc(N2C(=O)c3ccccc3C2=O)cc1)O[Si](C)(C)O[Si](C)(C)O[Si](C)(C)O[Si](C)(C)O[Si](C)(C)O[Si](C)(C)O[Si](C)(C)Oc1ccc(N2C(=O)c3ccccc3C2=O)cc1,214.23
C[Si](C)(Oc1ccc(N2C(=O)c3ccccc3C2=O)cc1)O[Si](C)(C)O[Si](C)(C)O[Si](C)(C)O[Si](C)(C)O[Si](C)(C)O[Si](C)(C)O[Si](C)(C)O[Si](C)(C)Oc1ccc(N2C(=O)c3ccccc3C2=O)cc1,201.93
C[Si](C)(Oc1ccc(N2C(=O)c3ccccc3C2=O)cc1)O[Si](C)(C)O[Si](C)(C)O[Si](C)(C)O[Si](C)(C)O[Si](C)(C)O[Si](C)(C)O[Si](C)(C)O[Si](C)(C)O[Si](C)(C)Oc1ccc(N2C(=O)c3ccccc3C2=O)cc1,196.82
*n1c(=O)c2cc3c(=O)n(-c4ccc(O[Si](C)(C)O[Si](C)(C)Oc5ccc(N6C(=O)c7ccccc7C6=O)cc5)cc4)c(=O)c3cc2c1=O,368.41
*n1c(=O)c2cc3c(=O)n(-c4ccc(O[Si](C)(C)O[Si](C)(C)O[Si](C)(C)Oc5ccc(N6C(=O)c7ccccc7C6=O)cc5)cc4)c(=O)c3cc2c1=O,328.45
*N1C(=O)c2ccc(-c3ccc4c(c3)C(=O)N(c3ccc(O[Si](C)(C)O[Si](C)(C)Oc5ccc(N6C(=O)c7ccc(-c8ccc9c(c8)C(=O)N(*)C9=O)cc7C6=O)cc5)cc3)C4=O)cc2C1=O,266.71
CCCC[Si](C)(C)O[Si](C)(C)O[Si](C)(C)O[Si](C)(C)O[Si](C)(C)CCCCN1C(=O)c2ccc(-c3ccc4c(c3)C(=O)N(CCCC[Si](C)(C)O[Si](C)(C)O[Si](C)(C)O[Si](C)(C)O[Si](C)(C)CCCC)C4=O)cc2C1=O,160.52
C[Si](C)(O[Si](C)(C)c1ccc(Oc2ccc(N3C(=O)c4ccccc4C3=O)cc2)cc1)O[Si](C)(C)c1ccc(Oc2ccc(N3C(=O)c4ccccc4C3=O)cc2)cc1,320.34
C[Si](C)(O[Si](C)(C)O[Si](C)(C)c1ccc(Oc2ccc(N3C(=O)c4ccccc4C3=O)cc2)cc1)O[Si](C)(C)c1ccc(Oc2ccc(N3C(=O)c4ccccc4C3=O)cc2)cc1,296.96
C[Si](C)(O[Si](C)(C)O[Si](C)(C)c1ccc(Oc2ccc(N3C(=O)c4ccccc4C3=O)cc2)cc1)O[Si](C)(C)O[Si](C)(C)c1ccc(Oc2ccc(N3C(=O)c4ccccc4C3=O)cc2)cc1,271.04
C[Si](C)(O[Si](C)(C)O[Si](C)(C)O[Si](C)(C)c1ccc(Oc2ccc(N3C(=O)c4ccccc4C3=O)cc2)cc1)O[Si](C)(C)O[Si](C)(C)c1ccc(Oc2ccc(N3C(=O)c4ccccc4C3=O)cc2)cc1,250.29
C[Si](C)(O[Si](C)(C)O[Si](C)(C)O[Si](C)(C)c1ccc(Oc2ccc(N3C(=O)c4ccccc4C3=O)cc2)cc1)O[Si](C)(C)O[Si](C)(C)O[Si](C)(C)c1ccc(Oc2ccc(N3C(=O)c4ccccc4C3=O)cc2)cc1,230.5
C[Si](C)(O[Si](C)(C)O[Si](C)(C)O[Si](C)(C)O[Si](C)(C)c1ccc(Oc2ccc(N3C(=O)c4ccccc4C3=O)cc2)cc1)O[Si](C)(C)O[Si](C)(C)O[Si](C)(C)c1ccc(Oc2ccc(N3C(=O)c4ccccc4C3=O)cc2)cc1,225.03
C[Si](C)(O[Si](C)(C)O[Si](C)(C)O[Si](C)(C)O[Si](C)(C)c1ccc(Oc2ccc(N3C(=O)c4ccccc4C3=O)cc2)cc1)O[Si](C)(C)O[Si](C)(C)O[Si](C)(C)O[Si](C)(C)c1ccc(Oc2ccc(N3C(=O)c4ccccc4C3=O)cc2)cc1,220.75
*n1c(=O)c2cc3c(=O)n(-c4cc(OC(F)(F)F)cc(OC(F)(F)F)c4)c(=O)c3cc2c1=O,373.23
*N1C(=O)c2ccc(C(C(F)(F)F)(C(F)(F)F)C3(C(F)(F)F)C(=O)N(*)C3=O)cc2C1=O,434.28
*c1ccc(C(c2ccc3c(c2)C(=O)N(c2ccc(-c4ccc5c(c4)C(=O)N(*)C5=O)cc2)C3=O)(C(F)(F)F)C(F)(F)F)cc1,481.08
*n1c(=O)c2ccc3c(=O)n(-c4ccc(OCC(F)(F)F)cc4)c(=O)c3c2c1=O,352.885
*c1cccc2c1C(=O)N(c1cccc(Oc3cccc(-c4cccc(-c5cccc(-c6cccc(-c7cccc8c7C(=O)N(*)C8=O)c6)c5)c4)c3)c1)C2=O,355.69
*c1cccc2c1C(=O)N(c1cccc(Cc3cccc(-c4cccc(-c5cccc(-c6cccc(-c7cccc8c7C(=O)N(*)C8=O)c6)c5)c4)c3)c1)C2=O,355.17
*c1cccc2c1C(=O)N(c1cccc(C(C)(C)c3cccc(-c4cccc(-c5cccc(-c6cccc(-c7cccc8c7C(=O)N(*)C8=O)c6)c5)c4)c3)c1)C2=O,386.78
*c1cccc2c1C(=O)N(c1cccc(S(=O)(=O)c3cccc(-c4cccc(-c5cccc(-c6cccc(-c7cccc8c7C(=O)N(*)C8=O)c6)c5)c4)c3)c1)C2=O,371.61
*c1cccc2c1C(=O)N(c1cccc(-c3cccc(-c4cccc(-c5cccc(-c6cccc(-c7cccc8c7C(=O)N(*)C8=O)c6)c5)c4)c3)c1)C2=O,385.77
*c1cccc2c1C(=O)N(c1cccc(Oc3cccc(-c4cccc(-c5cccc(-c6cccc(-c7cccc(-c8cccc9c8C(=O)N(*)C9=O)c7)c6)c5)c4)c3)c1)C2=O,327.11
*N1C(=O)c2ccc(C(C)(C)c3ccc(N4C(=O)c5ccccc5C4=O)cc3)cc2C1=O.*N1C(=O)c2ccccc2C1=O,558.555
*N1C(=O)c2ccc(Cc3ccc(N4C(=O)c5ccccc5C4=O)cc3)cc2C1=O.*N1C(=O)c2ccccc2C1=O,490.81
*N1C(=O)c2ccc(Oc3ccc(C(C)(C)c4ccc(Oc5ccc(N6C(=O)c7ccccc7C6=O)cc5)cc4)cc3)cc2C1=O.*N1C(=O)c2ccccc2C1=O,424.82
*N1C(=O)c2ccc(S(=O)(=O)c3ccc(N4C(=O)c5ccccc5C4=O)cc3)cc2C1=O.*N1C(=O)c2ccccc2C1=O,558.52
*N1C(=O)c2ccc(Sc3ccc(N4C(=O)c5ccccc5C4=O)cc3)cc2C1=O.*N1C(=O)c2ccccc2C1=O,559.62
*N1C(=O)c2ccc(-c3ccc(Oc4ccc(N5C(=O)c6ccccc6C5=O)cc4)cc3)cc2C1=O.*N1C(=O)c2ccccc2C1=O,537.52
*N1C(=O)c2ccccc2C1=O.*c1ccc(N(c2ccc(N3C(=O)c4ccccc4C3=O)cc2)c2ccc3c(c2)C(=O)N(*)C3=O)cc1,511.86
*N1C(=O)[C@H]2[C@H]3CC[C@@H]2[C@H](C3)C1=O,313.2
*N1C(=O)CC2(CCCC2)C1=O,385.0
*N1C(=O)C2(CCC(CC)(CC)C2)C1=O,371.1
*N1C(=O)[C@H]2CC[C@@H]1C2,317.25
*N1C(=O)C2CC(N(C)C)CC2C1=O,405.12
*N1C(=O)CC2(CCC(C(F)(F)F)C2)C1=O,427.41
*N1C(=O)CC2(CCC(Cl)C2)C1=O,349.9
*N1C(=O)CC2(CCC(C)CC2)C1=O,398.24
*N1C(=O)C2C[C@H](OC)C[C@H]2C1=O,306.61
*N1C(=O)CC2(CCC(OC(C)=O)C2)C1=O,367.57
*c1cccc2c1C(=O)N(c1cccc(C(=O)COc3cccc(-c4cccc5c4C(=O)N(*)C5=O)c3)c1)C2=O,364.3
*N1C(=O)c2cccc(Oc3cccc4oc(=O)n(*)c34)c2C1=O,440.4
*N1C(=O)c2ccccc2C1=O.C[Si](C)(O)O[Si](C)(C)O,328.54
C[Si](C)(CCCCC(=O)N1C(=O)c2ccccc2C1=O)O[Si](C)(C)CCCCC(=O)N1C(=O)c2ccccc2C1=O,230.4
*N1C(=O)c2ccccc2C1=O.*N1C(=O)c2ccccc2C1=O.C[Si](C)(O)O[Si](C)(C)O,338.64
*CCCC[Si](C)(C)O[Si](C)(C)CCCCn1c(=O)c2ccc3c(=O)n(CCCC[Si](C)(C)O[Si](C)(C)CCCC)c(=O)c3c2c1=O,237.26
*CCCC[Si](C)(C)O[Si](C)(C)CCCCN(C(=O)c1ccc(Oc2ccc(*)cc2)cc1)C(=O)c1ccc(Oc2ccc3c(c2)C(=O)N(*)C3=O)cc1,184.82
*N1C(=O)c2ccc(OC(F)(F)C(F)(F)F)cc2C1=O.*N1C(=O)c2ccccc2C1=O,511.97
CC(C)(c1ccc(N2C(=O)c3ccccc3C2=O)cc1)c1ccc(N2C(=O)c3ccccc3C2=O)cc1.C[Si](C)(O)O,431.25
*N1C(=O)c2ccc(-c3ccc(C(F)(F)F)cc3)cc2C1=O.*N1C(=O)c2ccccc2C1=O,608.69
C[Si](C)(O)O[Si](C)(C)CCCCn1c(=O)c2ccc3c(=O)n(CCCC[Si](C)(C)O[Si](C)(C)O)c(=O)c3c2c1=O,187.21
C[Si](C)(O[Si](C)(C)O[Si](C)(C)O[Si](C)(C)c1ccc(N2C(=O)c3ccccc3C2=O)cc1)O[Si](C)(C)O[Si](C)(C)c1ccc(N2C(=O)c3ccccc3C2=O)cc1,298.47
*N1C(=O)c2cc(c3c(c2)C(=O)N(c2ccc(C(C)(C)c4ccc(N5C(=O)c6cc7c(=O)*n(*)c(=O)c7cc6C5=O)cc4)cc2)C3=O)C1=O,462.67
*c1ccc2c(c1)C(=O)N(C(=O)c1ccc(Cc3ccc4c(c3)C(=O)N(*)C4=O)cc1)C2=O,425.53
*c1ccc(C)cc1C(C)(C)c1ccc(-n2c(=O)c3cc4c(=O)n(*)c(=O)c4cc3c2=O)cc1,461.72
*n1c(=O)c2cc3c(=O)n(-c4cc(C)ccc4C)c(=O)c3cc2c1=O,554.18
*c1ccc(N(c2ccccc2)c2ccc(-c3ccc4c(c3)C(=O)N(*)C4=O)cc2)cc1,511.54
*c1ccc(Oc2ccc(Oc3ccc(S(=O)(=O)c4ccc(Oc5ccc(-n6c(=O)c7cc8c(=O)n(*)c(=O)c8cc7c6=O)cc5)cc4)cc3)cc2)cc1,356.18
*N1C(=O)c2ccc(-c3ccc4c(c3)-c3ccc(N(*)C(=O)c5ccccc5)cc3C4=O)cc2C1=O,570.05
*N1C(=O)c2cccc(-c3ccc(-n4c(=O)c5cc6c(=O)n(*)c(=O)c6cc5c4=O)cc3)c2C1=O,508.36
*n1c(=O)c2ccc3c(=O)n(-c4cc(C(F)(F)F)ccc4C(F)(F)F)c(=O)c3c2c1=O,499.62
*n1c(=O)c2cc3c(=O)n(-c4ccc(OC(F)(F)C(F)(F)C(F)(F)C(F)(F)F)cc4)c(=O)c3cc2c1=O,448.91
*c1ccc(C2(c3ccc(-n4c(=O)c5ccc6c(=O)n(*)c(=O)c6c5c4=O)cc3)c3ccccc32)cc1,573.87
*n1c(=O)c2ccc3c(=O)n(-c4ccc(OC5CC6CC(C5)CC(n5c(=O)c7ccc8c(=O)n(*)c(=O)c8c7c5=O)C6)cc4)c(=O)c3c2c1=O,456.52
*c1ccc2c(c1)C(=O)N(C1CC3CC(CC(c4ccc5c(c4)C(=O)N(*)C5=O)C3)C1)C2=O,460.82
*C1CC2CC(C1)CC(n1c(=O)c3ccc4c(=O)n(*)c(=O)c4c3c1=O)C2,495.72
*n1c(=O)c2ccc3c(=O)n(-c4ccc5c(c4)C4(c6ccccc6)CCC(*)(CC5)C4)c(=O)c3c2c1=O,466.28
*C1CC2CC(C1)CC(Oc1ccc(-n3c(=O)c4ccc5c(=O)n(*)c(=O)c5c4c3=O)cc1)C2,484.97
*C1CC2CC(C1)CC(Sc1ccc(-n3c(=O)c4ccc5c(=O)n(*)c(=O)c5c4c3=O)cc1)C2,506.77
*N1C(=O)c2cc3c4ccc(-n5c(=O)c6cc7c(=O)n(*)c(=O)c7cc6c5=O)ccc(=O)n(c(=O)c3cc2C1=O)-c1ccc(cc1)C4(F)F,479.57
*n1c(=O)c2ccc3c(=O)n(-c4ccc(C5(c6ccccc6)CC5)cc4)c(=O)c3c2c1=O,579.59
*n1c(=O)c2ccc3c(=O)n(-c4ccc(C5CC6CC(C5)CC(c5ccc(-n7c(=O)c8ccc9c(=O)n(*)c(=O)c9c8c7=O)cc5)C6)cc4)c(=O)c3c2c1=O,451.15
*N1C(=O)c2ccc3c(c2C1=O)C(=O)N1C(=O)C=CC(n2c(=O)c4ccc5c(=O)n(*)c(=O)c5c4c2=O)=CC=C2C=CC=CC=C4C=CC=CC=C3C42c2ccc1cc2,536.37
*n1c(=O)c2ccc3c(=O)n(-c4cccc(OC)c4)c(=O)c3c2c1=O,513.57
*n1c(=O)c2ccc3c(=O)n(-c4ccc(OCC)cc4)c(=O)c3c2c1=O,505.47
*n1c(=O)c2ccc3c(=O)n(-c4cccc(Cl)c4)c(=O)c3c2c1=O,515.91
*n1c(=O)c2ccc3c(=O)n(-c4ccc(N)cc4)c(=O)c3c2c1=O,540.56
*n1c(=O)c2ccc3c(=O)n(-c4ccc(S(C)(=O)=O)cc4)c(=O)c3c2c1=O,517.38
*n1c(=O)c2ccc3c(=O)n(-c4cccc(C)c4)c(=O)c3c2c1=O,599.26
*n1c(=O)c2ccc3c(=O)n(-c4ccc(SC)cc4)c(=O)c3c2c1=O,544.37
*n1c(=O)c2ccc3c(=O)n(-c4ccc(NC(C)=O)cc4)c(=O)c3c2c1=O,603.2
*n1c(=O)c2ccc3c(=O)n(-c4ccc(OC(C)=O)cc4)c(=O)c3c2c1=O,570.28
*n1c(=O)c2ccc3c(=O)n(-c4cccc(CF)c4)c(=O)c3c2c1=O,510.81
*n1c(=O)c2ccc3c(=O)n(-c4ccc(C)c(C)c4)c(=O)c3c2c1=O,559.01
*n1c(=O)c2ccc3c(=O)n(-c4ccc(OC)c(OC)c4)c(=O)c3c2c1=O,469.82
*n1c(=O)c2ccc3c(=O)n(-c4ccc(OC)c(F)c4)c(=O)c3c2c1=O,523.18
*C(=O)c1ccc(-c2ccc(N(*)C(=O)c3cccc(-c4ccc5c(c4)C(=O)N(*)C5=O)c3)cc2)cc1,482.15
*c1ccc(C(C)(CF)c2ccc(-n3c(=O)c4ccc5c(=O)n(*)c(=O)c5c4c3=O)cc2)cc1,518.975
*c1ccc(C(CF)(CF)c2ccc(-n3c(=O)c4ccc5c(=O)n(*)c(=O)c5c4c3=O)cc2)cc1,377.425
*c1ccc(Cc2cccc(-n3c(=O)c4ccc5c(=O)n(*)c(=O)c5c4c3=O)c2)cc1,468.64
*c1cccc(S(=O)(=O)c2ccc(-n3c(=O)c4ccc5c(=O)n(*)c(=O)c5c4c3=O)cc2)c1,394.355
*c1ccc(Oc2cccc(-c3ccc(-n4c(=O)c5ccc6c(=O)n(*)c(=O)c6c5c4=O)cc3)c2)cc1,471.68
*c1ccc(S(=O)(=O)c2cccc(-n3c(=O)c4cc5c(=O)n(*)c(=O)c5cc4c3=O)c2)cc1,407.515
*c1ccc(Cc2ccc(Cc3ccc(-n4c(=O)c5ccc6c(=O)n(*)c(=O)c6c5c4=O)cc3)cc2)cc1,406.56
*c1ccc(C(C)(C)c2cccc(-c3ccc(-n4c(=O)c5cc6c(=O)n(*)c(=O)c6cc5c4=O)cc3)c2)cc1,498.09
*c1ccc(Oc2ccc(Oc3ccc(-n4c(=O)c5ccc6c(=O)n(*)c(=O)c6c5c4=O)cc3)cc2)cc1,329.35
*c1ccc(Oc2cccc(C(C)(C)c3ccc(-n4c(=O)c5cc6c(=O)n(*)c(=O)c6cc5c4=O)cc3)c2)cc1,426.5
*c1ccc(C(C)(C)c2cccc(Oc3ccc(-n4c(=O)c5ccc6c(=O)n(*)c(=O)c6c5c4=O)cc3)c2)cc1,426.1
*c1ccc(Oc2cccc(Cc3ccc(-n4c(=O)c5ccc6c(=O)n(*)c(=O)c6c5c4=O)cc3)c2)cc1,409.94
*N1C(=O)C2(*)CCC(C(C)(C)C)(CC2)C1=O,374.66
*N1C(=O)[C@@H]2C(=O)C[C@H]2C1=O,322.06
*N1C(=O)C2(*)CCC(C(C)(C)C)(C2)C(=O)N1*,378.48
*N1C(=O)[C@@H]2CC(F)C[C@H]2C1=O,305.42
*N1C(=O)[C@H]2CC(C(F)(F)F)(CC2=O)C1=O,364.0
*N1C(=O)[C@@H]2CC[C@H](C2)C(=O)N(*)[C@@H]2CC[C@H](C2)C1=O,251.31
*N1C(=O)[C@@H]2CCC(CC)(CC2=O)C1=O,287.59
*N1C(=O)[C@H]2CC(C(C)C)C[C@@H]2C1=O,271.27
*N1C(=O)[C@@H]2CC(CC)C[C@H]2C1=O,279.53
*N1C(=O)[C@H]2CC(C)(CC2=O)C1=O,306.42
*N1C(=O)[C@H]2CC[C@@H](C2)C(=O)N(*)[C@H]2CC[C@@H](C2)C1=O,250.73
*N1C(=O)[C@@H]2CC(CC(C)C)(CC2=O)C1=O,290.37
*N1C(=O)[C@H]2CC(OCC)C[C@@H]2C1=O,269.77
*N1C(=O)[C@H]2CC(CCCC)(CC2=O)C1=O,321.87
*N1C(=O)[C@@H]2CC(CN)C[C@H]2C1=O,278.06
*N1C(=O)[C@H]2CC(c3ccccc3)(CC2=O)C1=O,420.0
*N1C(=O)[C@H]2CC(CC(F)(F)F)(CC2=O)C1=O,343.06
*N1C(=O)[C@@H]2CC(CCO)C[C@H]2C1=O,268.12
*c1ccc(N(c2ccc(-c3ccccc3)cc2)c2ccc(-n3c(=O)c4cc5c(=O)n(*)c(=O)c5cc4c3=O)cc2)cc1,467.18
*c1ccc2c(c1)C(=O)N(c1cncc(-c3ccc4c(c3)C(=O)N(*)C4=O)c1)C2=O,508.68
*c1ccc(OC(=O)c2ccc(Oc3ccc(-n4c(=O)c5cc6c(=O)n(*)c(=O)c6cc5c4=O)cc3)cc2)cc1,396.825
*n1c(=O)c2cc3c(=O)n(-c4ccc(Cc5ccc(-c6ccc(-n7c(=O)c8cc9c(=O)n(*)c(=O)c9cc8c7=O)cc6)cc5)cc4)c(=O)c3cc2c1=O,391.85
*n1c(=O)c2cc3c(=O)n(*c4ccc(C(C(F)(F)F)(C(F)(F)F)C(F)(F)F)cc4)c(=O)c3cc2c1=O,478.55
*n1c(=O)c2ccc3c(=O)n(*c4ccc(C(F)(F)F)c(OC(F)(F)F)c4)c(=O)c3c2c1=O,447.98
*c1ccc(C(F)(F)F)cc1Oc1ccc(*n2c(=O)c3cc4c(=O)n(*)c(=O)c4cc3c2=O)cc1,380.65
*N1C(=O)c2ccc(-c3ccc(N)cc3C(F)(F)F)cc2C1=O,496.22
*c1ccc(S(=O)(=O)c2cc(C(F)(F)F)ccc2-c2ccc3c(c2)C(=O)N(*)C3=O)cc1,451.5
*c1ccc(Oc2c(-c3ccc4c(c3)C(=O)N(*)C4=O)ccc(C(F)(F)F)c2C(F)(F)F)cc1,425.05
*c1ccc(C(F)(F)F)cc1-c1cc(C(F)(F)F)ccc1-c1ccc2c(c1)C(=O)N(*)C2=O,453.05
*c1cc(C(F)(F)F)ccc1-c1cc(C(F)(F)F)ccc1-c1ccc2c(c1)C(=O)N(*)C2=O,453.63
*c1ccc(Oc2c(-c3ccc4c(c3)C(=O)N(*)C4=O)cc(C(F)(F)F)cc2C(F)(F)F)cc1,429.25
*c1ccc(Oc2cc(-c3cc(C(F)(F)F)ccc3-c3ccc4c(c3)C(=O)N(*)C4=O)ccc2C(F)(F)F)cc1,436.73
*c1cc(C(F)(F)F)ccc1-c1ccc(C(F)(F)F)cc1-c1ccc2c(c1)C(=O)N(*)C2=O,450.0
*c1ccc(Oc2ccc(C(F)(F)F)cc2-c2cc(C(F)(F)F)ccc2-c2ccc3c(c2)C(=O)N(*)C3=O)cc1,440.72
*c1ccc(-c2cc(C(F)(F)F)ccc2-c2cc(C(F)(F)F)ccc2-c2ccc3c(c2)C(=O)N(*)C3=O)cc1,493.97
*n1c(=O)c2cc3c(=O)n(-c4ccc(C56CCCC7CC5CC7C6)cc4)c(=O)c3cc2c1=O,499.6
*N1C(=O)c2ccc(C3(c4ccccc4)c4ccccc43)cc2C1=O,594.295
*N1C(=O)c2ccc(C3(c4ccccc4)CC4CCC3C4)cc2C1=O,480.74
*N1C(=O)c2ccc(-c3ccc(C4(c5ccccc5)CC5CCC4C5)cc3)cc2C1=O,470.68
*N1C(=O)c2ccc(-c3ccc(Cc4ccc(C56CC7CC(CC(C7)C5)C6)cc4)cc3)cc2C1=O,369.02
*c1ccc(Oc2ccc(Sc3ccc(Oc4ccc(*n5c(=O)c6ccc7c(=O)n(*)c(=O)c7c6c5=O)cc4)cc3)cc2)cc1,394.42
*c1ccc(Sc2ccc(-c3ccc(*n4c(=O)c5ccc6c(=O)n(*)c(=O)c6c5c4=O)cc3)cc2)cc1,465.49
*N1C(=O)c2ccc3c(c2C1=O)c(=O)n(*)c1cc2c(cc31)C(C)(c1ccccc1)c1ccccc1-2,580.68
*c1ccc(C(=O)N(*)C(=O)c2ccc(C(C)(C)c3ccc4c(c3)C(=O)N(*)C4=O)cc2)cc1,397.41
*N1C(=O)c2ccc(-c3ccc(Oc4ccc5c(c4)C(c4ccccc4)(c4ccccc4)c4ccccc4-5)cc3)cc2C1=O,469.6
*C1CC(C)CC(CC2(Nc3ccc4c(c3)C(=O)N(*)C4=O)CC3CC(*)CC(C3)C2)C1,387.01
*OC1CC2CC3(C1)CC(Oc1ccc4c(c1)C(=O)N(*)C4=O)(C2)C3,402.21
*n1c(=O)c2cc3c(=O)n(C45CC6CC(C)CC(C6)(C4)C5)c(=O)c3cc2c1=O,460.47
*N1C(=O)c2ccc(-c3ccc(-c4ccc5c(c4)C(c4ccccc4)(c4ccccc4)c4ccccc4-5)c4ccccc34)cc2C1=O,520.45
*N1C(=O)c2ccc(-c3ccc4c(c3)C(c3ccc(F)cc3)(c3ccc(F)cc3)c3ccccc3-4)cc2C1=O,502.22
*N1C(=O)c2ccc(-c3ccc4c(c3)C(c3ccc(OC)cc3)(c3ccc(OC)cc3)c3ccccc3-4)cc2C1=O,479.52
*N1C(=O)c2ccc(-c3ccc4c(c3)C(c3ccc(C)cc3)(c3ccc(C)cc3)c3ccccc3-4)cc2C1=O,530.88
*N1C(=O)c2ccc(-c3ccc4c(c3)C(c3cccc(C(F)(F)F)c3)(c3cccc(C(F)(F)F)c3)c3ccccc3-4)cc2C1=O,525.23
*N1C(=O)c2ccc(-c3ccc4c(c3)C(c3ccc(N)cc3)(c3ccc(N)cc3)c3ccccc3-4)cc2C1=O,486.51
*N1C(=O)c2ccc(-c3ccc4c(c3)C(c3ccc(Cl)cc3)(c3ccc(Cl)cc3)c3ccccc3-4)cc2C1=O,441.34
*N1C(=O)c2ccc(-c3ccc4c(c3)C(c3ccc(Br)cc3)(c3ccc(Br)cc3)c3ccccc3-4)cc2C1=O,503.83
*N1C(=O)c2ccc(-c3ccc4c(c3)C(c3ccc(CC)cc3)(c3ccc(CC)cc3)c3ccccc3-4)cc2C1=O,462.94
*N1C(=O)c2ccc(-c3ccc4c(c3)C(c3ccc(OCC)cc3)(c3ccc(OCC)cc3)c3ccccc3-4)cc2C1=O,459.21
*N1C(=O)c2ccc(-c3ccc4c(c3)C(c3ccc(C(C)(C)C)cc3)(c3ccc(C(C)(C)C)cc3)c3ccccc3-4)cc2C1=O,501.1
*N1C(=O)c2ccc(-c3ccc4c(c3)C(c3ccc(OC(F)(F)F)cc3)(c3ccc(OC(F)(F)F)cc3)c3ccccc3-4)cc2C1=O,508.76
*N1C(=O)c2ccc(-c3ccc4c(c3)C(c3ccc(SC)cc3)(c3ccc(SC)cc3)c3ccccc3-4)cc2C1=O,494.92
*N1C(=O)c2ccc(-c3ccc4c(c3)C(c3ccc(S(C)(=O)=O)cc3)(c3ccc(S(C)(=O)=O)cc3)c3ccccc3-4)cc2C1=O,549.76
*N1C(=O)c2ccc(-c3ccc4c(c3)C(c3ccc(C#N)cc3)(c3ccc(C#N)cc3)c3ccccc3-4)cc2C1=O,465.02
*N1C(=O)c2ccc(-c3ccc4c(c3)C(c3ccc(C(C)=O)cc3)(c3ccc(C(C)=O)cc3)c3ccccc3-4)cc2C1=O,548.65
*N1C(=O)c2ccc(-c3ccc4c(c3)C(c3ccc(OC(C)(C)C)cc3)(c3ccc(OC(C)(C)C)cc3)c3ccccc3-4)cc2C1=O,460.76
*N1C(=O)c2ccc(-c3ccc4c(c3)C(c3ccc(OCCO)cc3)(c3ccc(OCCO)cc3)c3ccccc3-4)cc2C1=O,404.99
*N1C(=O)c2ccc(-c3ccc4c(c3)C(c3ccc(OC(C)C)cc3)(c3ccc(OC(C)C)cc3)c3ccccc3-4)cc2C1=O,469.23
*N1C(=O)c2ccc(-c3ccc4c(c3)C(c3ccc(OCCCC)cc3)(c3ccc(OCCCC)cc3)c3ccccc3-4)cc2C1=O,460.08
*N1C(=O)c2ccc(-c3ccc4c(c3)C(c3ccc(OCC(F)(F)F)cc3)(c3ccc(OCC(F)(F)F)cc3)c3ccccc3-4)cc2C1=O,425.74
*N1C(=O)c2ccc(-c3ccc4c(c3)C(c3ccc(OCCCCC)cc3)(c3ccc(OCCCCC)cc3)c3ccccc3-4)cc2C1=O,448.77
*N1C(=O)c2ccccc2C1=O.*OCCO[Si](C)(C)C(C)(C)C,325.83
*[Si](C)(C)OCCCCN1C(=O)c2ccccc2C1=O,286.84
*[Si](C)(C)OCCCN1C(=O)c2ccccc2C1=O,297.54
*[Si](C)(C)O[Si](C)(C)CCCCN1C(=O)c2ccccc2C1=O,255.39
*[Si](C)(C)O[Si](C)(C)O[Si](C)(C)CCCCN1C(=O)c2ccccc2C1=O,220.44
*[Si](C)(C)OCCCCCN1C(=O)c2ccccc2C1=O,289.17
*[Si](C)(C)O[Si](C)(C)CCN1C(=O)c2ccccc2C1=O,280.57
*[Si](C)(C)O[Si](C)(C)O[Si](C)(C)CCN1C(=O)c2ccccc2C1=O,248.46
*[Si](C)(C)OCCCCCCCN1C(=O)c2ccccc2C1=O,285.02
*[Si](C)(C)O[Si](C)(C)CCCCCN1C(=O)c2ccccc2C1=O,253.03
*c1cc(-c2cccc(-c3cccc4c3C(=O)N(*)C4=O)c2)cc(N2C(=O)c3cccc(*)c3C2=O)c1,507.99
*c1cccc2c1C(=O)N(c1cccc(NC(=O)c3cccc(C(=O)Nc4cccc(-c5cccc6c5C(=O)N(*)C6=O)c4)c3)c1)C2=O,486.3
*N1C(=O)c2ccc(-c3cccc(Oc4ccc(-n5c(=O)c6cc7c(=O)n(*)c(=O)c7cc6c5=O)cc4)c3)cc2C1=O,460.43
*c1ccc2c(c1)C(=O)N(C(=O)c1ccc(Oc3ccc(-c4ccc5c(c4)C(=O)N(*)C5=O)cc3)cc1)C2=O,431.45
*N1C(=O)c2ccc(-c3ccc4c(c3)C3(c5ccccc5)c5ccccc5C43c3ccccc3)cc2C1=O,542.52
*N1C(=O)c2ccc(-c3ccc4c(c3)C(=O)c3ccccc3C4=O)cc2C1=O,545.66
*c1ccc2c(c1)C(=O)N(c1ccc(C3(c4ccc(-c5ccc6c(c5)C(=O)N(*)C6=O)cc4)CC4CC(*)CC(C4)C3)cc1)C2=O,449.43
*c1ccc2c(c1)C(=O)N(c1ccc(C3(C)CCc4ccc(-c5ccc6c(c5)C(=O)N(*)C6=O)cc43)cc1)C2=O,440.73
*c1ccc2c(c1)C(=O)N(c1ccc3c(c1)Cc1ccc(-c4ccc5c(c4)C(=O)N(*)C5=O)cc1C3C1CC3CC(*)CC(C3)C1)C2=O,451.79
*c1ccc2c(c1)C(=O)N(c1ccc(C3(c4ccccc4)CCc4ccc(-c5ccc6c(c5)C(=O)N(*)C6=O)cc43)cc1)C2=O,478.975
*N1C(=O)c2ccc(-c3ccc4c(c3)C3(CCCC3)CC4)cc2C1=O,381.63
*c1ccc2c(c1)C(=O)N(c1ccc3c(c1)Cc1ccc(-c4ccc5c(c4)C(=O)N(*)C5=O)cc1C3C1CC3CC(C1)CC(C)(C)C3)C2=O,427.03
O=C1c2ccccc2C(=O)N1c1ccc2c(c1)C(=O)N(c1ccc3c(c1)C1(c4ccccc4-3)c3ccccc31)C2=O,584.95
*N1C(=O)c2cc3cc(-c4ccccc4)c4ccc(-n5c(=O)c6cc7c8ccccc8c7cc6c5=O)cc4c3cc2C1=O,569.59
*c1ccc2c(c1)C(=O)N(c1ccc(C3(c4ccc5c(c4)C(=O)N(*)C5=O)CC4CCC3C4)cc1)C2=O,398.72
*N1C(=O)c2ccc(-c3ccc(-c4ccc5c(c4)-c4ccccc4C5(c4ccccc4)c4ccccc4)cc3)cc2C1=O,528.37
*N1C(=O)c2ccc(Oc3ccc(C(C)(C)c4ccc(Oc5cccc(=O)n5*)cc4)cc3)cc2C1=O,337.16
*c1ccc2c(c1)C(=O)N(c1ccc(C(F)(F)C(F)(F)Oc3ccc(-c4ccc5c(c4)C(=O)N(*)C5=O)cc3)cc1)C2=O,488.39
*c1ccc2c(c1)C(=O)N(c1ccc(C(C)(c3ccc(-c4ccc5c(c4)C(=O)N(*)C5=O)cc3)c3ccc(N4C(=O)c5ccc(*)cc5C4=O)cc3)cc1)C2=O,445.44
*c1ccc2c(c1)C(=O)N(c1ccc(OCC(COc3ccc(-c4ccc5c(c4)C(=O)N(*)C5=O)cc3)COc3ccc(N4C(=O)c5ccc(*)cc5C4=O)cc3)cc1)C2=O,308.25
*N1C(=O)c2ccc(-c3ccc(C(=O)c4cc(C(F)(F)F)cc(C(F)(F)F)c4)cc3)cc2C1=O,502.36
*N1C(=O)[C@H]2C[C@H](CC)C[C@H]2C(=O)N1*,253.94
*N1C(=O)C2(C)CC(C)CC2(C)C(=O)N1*,391.15
*N1C(=O)[C@H]2CC[C@H](C)[C@@H](C2)C(=O)N1*,227.58
*N1C(=O)C2CC(C(C)(C)C)C[C@@H]2C(=O)N1*,321.82
*N1C(=O)[C@H]2C[C@H](F)C[C@H]2C(=O)N1*,290.06
*N1C(=O)[C@H]2CCC[C@@H](C2)C(=O)N1*,271.43
*N1C(=O)[C@@H]2[C@H]3CC[C@@H](C3)C[C@H]2C(=O)N1*,290.39
*N1C(=O)C2CC3CC(C3)(C2)C(=O)N1*,412.94
*N1C(=O)C2=CC[C@@H](C2)C(=O)N1*,311.69
*N1C(=O)C2CC(N)C[C@H]2C(=O)N1*,308.05
*N1C(=O)C2CCC(N(C)C)(C2)C1=O,375.74
*N1C(=O)[C@H]2C[C@H](Cl)C[C@H]2C(=O)N1*,258.25
*N1C(=O)C2[C@H](CC[C@@H]2C)C(=O)N1*,259.6
*N1C(=O)C2CCC(S(C)(=O)=O)(C2)C1=O,368.85
*N1C(=O)C2CC(c3ccccc3)C[C@H]2C(=O)N1*,335.18
*N1C(=O)[C@H]2C[C@H](C(=O)O)C[C@H]2C(=O)N1*,290.72
*N1C(=O)C2CCC(c3cccc(C(F)(F)F)c3)(C2)C1=O,435.1
*N(C(=O)c1ccc(C(F)(F)c2ccc3c(c2)C(=O)N(*)C3=O)cc1)C(=O)c1ccc2c(c1)C(=O)N(*)C2=O,429.0
*N1C(=O)c2ccc(-c3ccc(N(*)C(=O)c4ccc5c(c4)C(=O)N(c4ccc(C(F)(F)F)cc4)C5=O)cc3)cc2C1=O,462.44
*N1C(=O)c2ccc(C(F)(F)C(F)(F)c3ccc(N(*)C(=O)c4ccc5c(c4)C(=O)NC5=O)cc3)cc2C1=O,498.11
*N(C(=O)c1ccc(-c2ccc3c(c2)C(=O)N(*)C3=O)cc1)C(=O)c1ccc2c(c1)C(=O)N(c1ccc(OC(F)(F)F)cc1)C2=O,418.1
*N1C(=O)c2ccc(-c3ccc(N(*)C(=O)c4ccc5c(c4)C(=O)N(c4ccc(F)cc4)C5=O)cc3)cc2C1=O,484.27
*N1C(=O)c2ccc(-c3ccc(N(*)C(=O)c4ccc5c(c4)C(=O)N(c4ccc(F)c(F)c4)C5=O)cc3)cc2C1=O,480.72
*c1cc(F)c(F)cc1Oc1ccc(-n2c(=O)c3cc4c(=O)n(*)c(=O)c4cc3c2=O)cc1,405.76
*c1ccc(NC(=O)c2ccc(Oc3ccc(-n4c(=O)c5cc6c(=O)n(*)c(=O)c6cc5c4=O)cc3)cc2)cc1,406.985
*c1cc(OC)ccc1-n1c(=O)c2cc3c(=O)n(*)c(=O)c3cc2c1=O,430.69
*n1c(=O)c2ccc3c(=O)n(-c4ccc(-c5ccncc5)cc4)c(=O)c3c2c1=O,619.68
*c1cccc(-c2ccc(-n3c(=O)c4cc5c(=O)n(*)c(=O)c5cc4c3=O)cc2)n1,575.06
*c1c(-n2c(=O)c3ccc4c(=O)n(*)c(=O)c4c3c2=O)cccc1C(F)(F)F,540.87
*OC(=O)c1ccc(-c2ccc(-n3c(=O)c4cc5c(=O)n(*)c(=O)c5cc4c3=O)cc2)cc1,517.21
*c1cccc(-n2c(=O)c3cc4c(=O)n(*)c(=O)c4cc3c2=O)c1C,498.61
*C(=O)c1cccc(C(=O)N(*)c2ccc(-c3ccc4c(c3)C(=O)N(*)C4=O)cc2)c1,510.595
*n1c(=O)c2cc3c(=O)n(-c4ccc(-c5ccc(N)cc5)cc4)c(=O)c3cc2c1=O,542.44
*n1c(=O)c2ccc3c(=O)n4c5ccc6c(=O)n(*)c(=O)c6c5c(=O)n(c(=O)c(=O)c3c2c1=O)-c1ccc(cc1)Cc1ccc-4cc1,443.74
*n1c(=O)c2ccc3c(=O)n4c5ccc6c(=O)n(*)c(=O)c6c5c(=O)n(c(=O)c(=O)c3c2c1=O)-c1ccc(cc1)C(C)(C)c1ccc-4cc1,427.81
*n1c(=O)c2ccc3c(=O)n4c5ccc(cc5)oc5ccc(cc5)n(c(=O)c(=O)c3c2c1=O)c(=O)c1c2c(=O)n(*)c(=O)c2ccc14,450.54
*n1c(=O)c2ccc3c(=O)n4c5ccc6c(=O)n(*)c(=O)c6c5c(=O)n(c(=O)c(=O)c3c2c1=O)-c1ccc(cc1)C(F)(F)c1ccc-4cc1,457.97
*c1ccc2c(c1)C(=O)N(c1ccc3c(c1)c1ccc(N4C(=O)c5ccc(*)cc5C4=O)cc1n3-c1ccc3c(c1)C(=O)N(*)C3=O)C2=O,458.43
*n1c(=O)c2ccc3c(=O)n(-c4ccc5ccccc5c4)c(=O)c3c2c1=O,516.525
*c1ccc2c(c1)C(=O)N(c1ccc(C(CF)(CF)c3ccc4c(c3)C(=O)N(*)C4=O)cc1)C2=O,514.7
*c1ccc(C(=O)Nc2ccc(-n3c(=O)c4cc5c(=O)n(*)c(=O)c5cc4c3=O)cc2)cc1,562.63
*n1c(=O)c2cc3c(=O)n(-c4ccc(OC(F)(F)CF)cc4)c(=O)c3cc2c1=O,470.13
*n1c(=O)c2cc3c(=O)n(-c4c(F)c(F)c(C(F)(F)F)c(F)c4F)c(=O)c3cc2c1=O,476.62
*c1ccc2c(c1)C(=O)N(C(=O)c1ccc(Oc3ccc(N(*)C(=O)c4ccc(Oc5ccc6c(c5)C(=O)N(*)C6=O)cc4)cc3)cc1)C2=O,323.19
*c1ccc(C(C)(C)c2ccc(N3C(=O)c4cccc(c4)C(=O)N(*)C(=O)c4ccc(*)cc4C3=O)cc2)cc1,436.3
*c1ccc(N(c2ccc(-c3ccc4c(c3)C(=O)N(*)C4=O)cc2)c2ccc(N3C(=O)c4ccc(*)cc4C3=O)cc2)cc1,443.57
*N1C(=O)c2ccccc2C1=O.*c1cc(N2C(=O)c3ccccc3C2=O)ccc1C(C)(C)C,471.34
*C(=O)N1C(=O)c2cc3c(cc2N(C(=O)c2ccccc2*)CCCC[Si](C)(C)O[Si]1(C)C)C(=O)N(*)C3=O,189.19
*N1C(=O)c2ccc(C(CF)(CF)c3ccc4c(c3)C(=O)N(*)C4=O)cc2C1=O,485.5
*N1C(=O)c2ccc(-c3ccc(C(C(F)(F)F)C(F)(F)F)cc3)cc2C1=O,516.21
*c1ccc(Oc2ccc(-c3ccc4c(c3)C(=O)N(*)C4=O)cc2C(F)(F)F)cc1,440.07
*N1C(=O)c2ccc(-c3ccc(C(F)(F)F)cc3N3C(=O)c4ccc(-c5ccc(C(F)(F)F)cc5)cc4C3=O)cc2C1=O,504.8
*N1C(=O)c2ccc(Oc3ccc(C4(c5ccccc5)c5ccccc54)cc3)cc2C1=O,497.33
*N1C(=O)c2ccc(C3(c4ccccc4)c4ccccc43)cc2C1=O.*N1C(=O)c2ccc(C3(c4ccccc4)c4ccccc43)cc2C1=O,531.5
*N1C(=O)c2ccc(-c3ccc(C4(c5ccccc5)c5ccccc54)cc3)cc2C1=O.*N1C(=O)c2ccc(-c3ccc(C4(c5ccccc5)c5ccccc54)cc3)cc2C1=O,469.41
*N1C(=O)c2ccc(-c3ccc(Oc4ccc(C5(c6ccccc6)c6ccccc65)cc4)cc3)cc2C1=O,516.42
*NC(=O)c1ccc2c3c(ccc(N(C)c4ccc5c(c4)C(=O)N(*)C5=O)c13)C2=O,518.27
*N1C(=O)c2ccc(OCC(CO)(CO)CO)cc2C1=O,318.24
*n1c(=O)c2ccc3c(=O)n(-c4ccc(OCC(CO)(CO)CO)cc4)c(=O)c3c2c1=O,385.73
*c1ccc(OCC(COc2ccc(-n3c(=O)c4cc5c(=O)n(*)c(=O)c5cc4c3=O)cc2)COc2ccc(-n3c(=O)c4cc5c(=O)n(*)c(=O)c5cc4c3=O)cc2)cc1,297.61
*c1ccc(Oc2ccc3c(c2)C(=O)N(c2ccc(Oc4ccc(Oc5ccc6c(c5)C(=O)N(*)C6=O)cc4)cc2)C3=O)cc1,246.58
*c1ccc(C(=O)c2ccc(Oc3ccc(Oc4ccc(-n5c(=O)c6cc7c(=O)n(*)c(=O)c7cc6c5=O)cc4)cc3)cc2)cc1,399.53
*N1C(=O)CC2CCC(C)(C2)C1=O,384.37
*[C@@H]1C[C@H]2CC(=O)N(*)C(=O)[C@H]2C1,283.82
*N1C(=O)C(=O)C2CCC(c3ccccc3)(C2)C1=O,493.22
*N1C(=O)C2(C(F)(F)F)CCC(C(F)(F)F)(CC2)C1=O,398.88
*N1C(=O)C(=O)[C@H]2C[C@H](OC)C[C@H]2C1=O,276.74
*N1C(=O)C2CC(OC(F)(F)F)CC2C1=O,390.33
*N1C(=O)C(=O)[C@@H]2C[C@@H](Cl)C[C@@H]2C1=O,287.24
*N1C(=O)C(=O)[C@H]2C[C@H](c3ccccc3)C[C@H]2C1=O,299.75
*N1C(=O)C(=O)[C@H]2C[C@H](C(F)(F)F)C[C@H]2C1=O,268.74
*N1C(=O)C(=O)[C@@H]2C[C@@H](C(C)C)C[C@@H]2C1=O,272.66
*N1C(=O)C2CCC(c3ccccc3)(CC2)C1=O,453.65
*N1C(=O)C(=O)[C@H]2C[C@H](OCC)C[C@H]2C1=O,261.41
*N1C(=O)C(=O)[C@H]2C[C@H](CN)C[C@H]2C1=O,277.19
*N1C(=O)C2CCC(C(C)(C)C)(CC2)C1=O,366.06
*N1C(=O)C(=O)[C@@H]2C[C@@H](CC(C)C)C[C@@H]2C1=O,268.59
*c1ccc2ccc3ccc(-n4c(=O)c5cc6c(=O)n(*)c(=O)c6cc5c4=O)cc3c2n1,547.9
*c1ccc2ccc3ccc(-n4c(=O)c5ccccc5c(=O)n4*)cc3c2n1,563.8
*N1C(=O)c2ccc(C(=O)c3ccc(C(=O)c4ccc(N5C(=O)c6ccccc6C5=O)cc4)cc3)cc2C1=O,555.14
*c1ccc(S(=O)(=O)c2ccc3c(c2)C(=O)N(c2ccc(S(=O)(=O)c4ccc5c(c4)C(=O)N(*)C5=O)cc2)C3=O)cc1,413.54
*c1ccc2c(c1)C(=O)N(c1ccc(-c3ccc(N4C(=O)c5ccc(-c6ccc7c(c6)C(=O)N(*)C7=O)cc5C4=O)cc3)cc1)C2=O,395.33
*c1ccc(Oc2ccc(-n3c(=O)c4ccc5c(=O)n(-c6ccc(Oc7ccc(-n8c(=O)c9ccc%10c(=O)n(*)c(=O)c%10c9c8=O)cc7)cc6)c(=O)c5c4c3=O)cc2)cc1,379.58
*N1C(=O)c2ccc(-n3ccnc3)cc2C1=O,583.59
*n1c(=O)c2cc3c(=O)n(-c4ccc(Cc5ccc(OC)cc5)cc4)c(=O)c3cc2c1=O,464.71
*N1C(=O)C[C@H]2C[C@H](C)C[C@H]2C1=O,247.87
*N1C(=O)[C@H]2CCC(C)(C)C[C@@H]2C1=O,258.37
*N1C(=O)[C@H]2CC[C@H](OC(C)=O)C[C@H]2C1=O,245.11
*N1C(=O)[C@@H]2CC[C@H](C(C)C)C[C@H]2C1=O,230.15
*N1C(=O)C2(OC)CCC(OC)(CC2)C1=O,341.79
*N1C(=O)[C@H]2C[C@H](C(F)(F)F)CC[C@H]2C1=O,249.83
*N1C(=O)[C@H]2CCC(=O)C[C@@H]2C1=O,280.53
*N1C(=O)C2(C(C)(C)C(F)(F)F)CCC(C(C)(C)C(F)(F)F)(C2)C1=O,389.31
*N1C(=O)[C@H]2C[C@H](SC)CC[C@H]2C1=O,240.6
*N1C(=O)[C@@H]2CCC[C@@H](C2)C1=O,275.3
*N1C(=O)[C@H]2CC[C@H](Br)C[C@H]2C1=O,260.68
*N1C(=O)[C@H]2CC[C@H](C#N)C[C@H]2C1=O,278.33
*N1C(=O)C2(OCC)CCC(OCC)(C2)C1=O,327.13
*N1C(=O)[C@H]2C[C@H](N)CC[C@H]2C1=O,263.58
*N1C(=O)[C@H]2CC[C@H](O)C[C@H]2C1=O,280.68
*N1C(=O)C2(F)CCC(F)(CC2)C1=O,400.64
*N1C(=O)[C@H]2C[C@H](CC(C)C)C[C@H]2C1=O,256.63
*N1C(=O)N(*)C(=O)[C@H]2CC[C@@H](CC2)C1=O,274.23
*N1C(=O)C2(c3ccccc3)CCC(c3ccccc3)(C2)C1=O,483.735
*N1C(=O)c2ccc(C(=O)N(*)c3ccc(Oc4ccc(-c5ccc6c(c5)C(=O)N(*)C6=O)cc4)cc3)cc2C1=O,429.85
*N1C(=O)c2ccc(-c3ccc(N(*)C(=O)c4cccc5c4C(=O)N(*)C5=O)cc3)cc2C1=O,529.24
*c1ccc(C(CF)(CF)c2ccc(Oc3ccc(*n4c(=O)c5ccc6c(=O)n(*)c(=O)c6c5c4=O)cc3)cc2)cc1,422.96
*N1C(=O)c2ccc(C(=O)N(*)c3cccc(-c4ccc5c(c4)C(=O)N(*)C5=O)c3)cc2C1=O,494.205
*N1C(=O)c2ccc(C(=O)N(*)c3ccc(Cc4ccc(-c5ccc6c(c5)C(=O)N(*)C6=O)cc4)cc3)cc2C1=O,429.94
*c1ccc(C(C)(CF)c2ccc(Oc3ccc(*n4c(=O)c5ccc6c(=O)n(*)c(=O)c6c5c4=O)cc3)cc2)cc1,442.22
*N1C(=O)c2ccc(C(=O)N(*)c3cccc(Oc4ccc(-c5ccc6c(c5)C(=O)N(*)C6=O)cc4)c3)cc2C1=O,444.32
*N1C(=O)c2ccc(C(=O)N(*)c3cccc(Oc4cccc(-c5ccc6c(c5)C(=O)N(*)C6=O)c4)c3)cc2C1=O,419.71
*N1C(=O)c2ccc(C(=O)N(*)c3ccc(S(=O)(=O)c4ccc(-c5ccc6c(c5)C(=O)N(*)C6=O)cc4)cc3)cc2C1=O,411.15
*N1C(=O)c2ccc(C(=O)N(*)c3cccc(C(C)(C)c4cccc(-c5ccc6c(c5)C(=O)N(*)C6=O)c4)c3)cc2C1=O,432.66
*n1c(=O)c2ccc3c(=O)n(CCCC[Si](C)(C)O[Si](C)(C)CCCCn4c(=O)c5ccc6c(=O)n(*)c(=O)c6c5c4=O)c(=O)c3c2c1=O,186.16
*n1c(=O)c2ccccc2c(=O)n1[Si](C)(C)O[Si](C)(C)O[Si](C)(C)O[Si](*)(C)C,326.52
*c1ccc([Si](C)(C)O[Si](C)(C)c2ccc(-n3c(=O)c4ccccc4c(=O)n3*)cc2)cc1,275.85
*c1ccc(O[Si](C)(C)Oc2ccc(-n3c(=O)c4ccccc4c(=O)n3*)cc2)cc1,363.83
*c1ccc([Si](C)(C)O[Si](C)(C)c2ccc(-n3c(=O)c4ccc5c(=O)n(*)c(=O)c5c4c3=O)cc2)cc1,285.51
*n1c(=O)c2ccccc2c(=O)n1[Si](C)(C)O[Si](C)(C)O[Si](C)(C)O[Si](C)(C)O[Si](*)(C)C,301.63
*n1c(=O)c2ccccc2c(=O)n1[Si](C)(C)O[Si](C)(C)O[Si](C)(C)O[Si](C)(C)O[Si](C)(C)O[Si](*)(C)C,283.28
*O[Si](C)(C)c1ccc([Si](C)(C)O[Si](C)(C)c2ccc(N3C(=O)c4ccccc4C3=O)cc2)c(-n2c(=O)c3ccccc3c(=O)n2*)c1,393.62
*c1ccc([Si](C)(C)O[Si](C)(C)O[Si](C)(C)c2ccc(-n3c(=O)c4ccccc4c(=O)n3*)cc2)cc1,246.725
*N1C(=O)c2ccc(-c3ccc(N4C(=O)c5ccc(-c6ccc(N7C(=O)c8ccccc8C7=O)cc6)cc5C4=O)cc3)cc2C1=O,552.85
*CCCCCC[Si](C)(C)O[Si](C)(C)CCCCCCn1c(=O)c2ccccc2c(=O)n1*,299.89
*CCCCCC[Si](C)(C)O[Si](C)(C)CCCCCCn1c(=O)c2ccc3c(=O)n(*)c(=O)c3c2c1=O,289.45
*CCCCCC[Si](C)(C)O[Si](C)(C)CCCCCCn1c(=O)c2cc3c(=O)n(*)c(=O)c3cc2c1=O,268.41
*n1c(=O)c2ccccc2c(=O)n1[Si](C)(C)O[Si](C)(C)O[Si](C)(C)O[Si](C)(C)O[Si](C)(C)O[Si](C)(C)O[Si](*)(C)C,268.95
*CC[Si](C)(C)O[Si](C)(C)O[Si](C)(C)O[Si](C)(C)CCn1c(=O)c2ccc3c(=O)n(*)c(=O)c3c2c1=O,281.26
*c1ccc([Si](C)(C)O[Si](C)(C)O[Si](C)(C)O[Si](C)(C)c2ccc(-n3c(=O)c4ccccc4c(=O)n3*)cc2)cc1,220.35
*N1C(=O)c2ccc(-c3cccc(OC)c3)cc2C1=O,500.09
*N1C(=O)c2cccc(-c3cccc(OC)c3)c2C1=O,495.72
*N1C(=O)c2cccc(-c3cccc(N4C(=O)c5cccc(Cc6ccccc6)c5C4=O)c3)c2C1=O,454.9
*N1C(=O)c2cccc(-c3cccc(N4C(=O)c5cccc(-c6ccc(Cl)cc6)c5C4=O)c3)c2C1=O,483.0
*N1C(=O)c2cccc(-c3cccc(N4C(=O)c5cccc(-c6cccc(C)c6)c5C4=O)c3)c2C1=O,436.745
*N1C(=O)c2cccc(-c3cccc(N4C(=O)c5cccc(-c6cccc(C(C)C)c6)c5C4=O)c3)c2C1=O,484.84
*N1C(=O)c2cccc(-c3cccc(N4C(=O)c5cccc(-c6cccc(CCl)c6)c5C4=O)c3)c2C1=O,385.9
*N1C(=O)c2cccc(-c3cccc(N4C(=O)c5cccc(-c6cccc(CN)c6)c5C4=O)c3)c2C1=O,393.91
*N1C(=O)c2cccc(-c3cccc(N4C(=O)c5cccc(-c6cccc(CS)c6)c5C4=O)c3)c2C1=O,393.92
*N1C(=O)c2cccc(-c3cccc(N4C(=O)c5cccc(-c6cccc(OCCC)c6)c5C4=O)c3)c2C1=O,448.74
*N1C(=O)c2cccc(-c3cccc(N4C(=O)c5cccc(-c6cccc(SCC)c6)c5C4=O)c3)c2C1=O,491.84
*N1C(=O)c2cccc(-c3cccc(N4C(=O)c5cccc(-c6cccc(N(C)C)c6)c5C4=O)c3)c2C1=O,507.32
*N1C(=O)c2cccc(-c3cccc(N4C(=O)c5cccc(-c6cccc(NC)c6)c5C4=O)c3)c2C1=O,483.54
*N1C(=O)c2cccc(-c3cccc(N4C(=O)c5cccc(-c6cccc(NCC)c6)c5C4=O)c3)c2C1=O,508.62
*N1C(=O)c2cccc(-c3cccc(N4C(=O)c5cccc(-c6cccc(OC)c6OC)c5C4=O)c3)c2C1=O,432.37
*N1C(=O)c2cccc(-c3cccc(N4C(=O)c5cccc(-c6cccc(CC)c6CC)c5C4=O)c3)c2C1=O,429.09
*N1C(=O)c2cccc(-c3cc(C(F)(F)F)cc(C(F)(F)F)c3)c2C1=O,517.31
*n1c(=O)c2cc3c(=O)n(-c4cc(F)c(F)cc4F)c(=O)c3cc2c1=O,432.53
*N1C(=O)c2ccc(-c3ccc(N(*)C(=O)c4ccc(-c5ccc(F)cc5)cc4)cc3)cc2C1=O,468.35
*c1ccc(Oc2ccc(C(F)(F)c3ccc(-n4c(=O)c5cc6c(=O)n(*)c(=O)c6cc5c4=O)cc3)cc2)c(F)c1,457.39
*n1c(=O)c2cc(F)c3c(=O)n(*)c(=O)c3c2c1=O,485.43
*N1C(=O)c2ccc(-c3ccc(N(*)C(=O)c4ccc(-c5ccc(Oc6ccc(C(F)(F)F)cc6)cc5)cc4)cc3)cc2C1=O,414.57
*n1c(=O)c2ccc(F)c(F)c2c(=O)n1*,468.0
*N1C(=O)c2ccc(-c3ccc(N(*)C(=O)c4ccc(-c5ccc(OC(F)(F)C(F)(F)F)cc5)cc4)cc3)cc2C1=O,443.28
*N1C(=O)c2ccc(-c3ccc(N(*)C(=O)c4ccc(-c5ccc(SC(F)(F)F)cc5)cc4)cc3)cc2C1=O,439.51
*c1ccc(Oc2ccc(C(F)(F)c3ccc(-n4c(=O)c5cc6c(=O)n(*)c(=O)c6cc5c4=O)cc3F)cc2)cc1,451.94
*N1C(=O)c2cccc(-c3cccc(OCCO)c3)c2C1=O,385.92
*c1ccc2c(c1)C(=O)N(c1ccc(S(=O)(=O)c3ccc(Sc4ccc(-c5ccc6c(c5)C(=O)N(*)C6=O)cc4)cc3)cc1)C2=O,437.62
*N1C(=O)c2cccc(-c3cccc(N4C(=O)c5ccc(CN)cc5C4=O)c3)c2C1=O,417.99
*N1C(=O)c2ccc(-c3ccc(C(F)(F)c4ccc(N(*)C(=O)c5ccc(-c6ccc(C(F)(F)F)cc6)cc5)cc4)cc3)cc2C1=O,417.24
*N(C(=O)c1cccc(F)c1)C(=O)c1cc2c(cc1F)C(=O)N(*)C2=O,455.99
*N1C(=O)c2ccc(Oc3ccc(Oc4ccc(N(*)C(=O)c5ccc(Oc6ccc(F)cc6)cc5)cc4)cc3)cc2C1=O,327.93
*N1C(=O)c2ccc(Oc3ccc(C(F)(F)F)c(F)c3)cc2C1=O,398.19
*N1C(=O)c2ccc(Oc3ccc(C(F)(F)c4ccc(Oc5ccc(N(*)C(=O)c6ccc(Oc7ccc(F)cc7)cc6)cc5)cc4)cc3)cc2C1=O,311.88
*n1c(=O)c2ccc3c(=O)n(-c4ccc(C(F)(F)c5ccc(C(F)(F)F)cc5)cc4)c(=O)c3c2c1=O,519.32
*N1C(=O)c2ccc(C(CF)(CF)c3ccc(C(=O)N4C(=O)c5ccccc5C4=O)cc3)cc2C1=O,534.1
*c1ccc(C(F)(F)F)cc1*n1c(=O)c2cc3c(=O)n(*)c(=O)c3cc2c1=O,429.47
*N1C(=O)c2ccc(N(*C(=O)c3ccc(C(F)(F)F)cc3)C(=O)c3ccccc3)cc2C1=O,604.42
*n1c(=O)c2cc3c(=O)n(*c4ccc(-c5cc(C(F)(F)F)cc(C(F)(F)F)c5)cc4)c(=O)c3cc2c1=O,427.015
*n1c(=O)c2cc3c(=O)n(*c4ccc(Cc5ccc(C(F)(F)F)cc5C(F)(F)F)cc4)c(=O)c3cc2c1=O,424.23
*c1ccc(Oc2ccc(-c3ccc4c(c3)C(=O)N(*)C4=O)cc2)c(C(F)(F)F)c1,444.86
*n1c(=O)c2cc3c(=O)n(*c4ccc(OC(F)(F)F)c(C(F)(F)F)c4)c(=O)c3cc2c1=O,427.77
*n1c(=O)c2cc3c(=O)n(*c4ccc(C(F)(F)F)cc4OC(F)(F)F)c(=O)c3cc2c1=O,430.19
*c1ccc(-c2ccc3c(c2)C(=O)N(*)C3=O)c(OC(F)(F)F)c1,420.43
*N1C(=O)c2ccc(-c3ccc(C(=O)N(*)c4ccc(-c5ccc(C(=O)N6C(=O)c7ccccc7C6=O)cc5)cc4)cc3)cc2C1=O,481.11
*N1C(=O)c2ccc3ccc(N4C(=O)c5ccccc5C4=O)cc3c2C1=O,628.62
*N1C(=O)c2ccc(-c3cccc(Oc4ccccc4)c3)cc2C1=O,451.73
*N1C(=O)c2ccc(Oc3cccc(N4C(=O)c5ccccc5C4=O)c3)cc2C1=O,363.89
*N1C(=O)c2ccc(-c3cccc(Cl)c3)cc2C1=O,494.8
*N1C(=O)c2ccc(-c3ccc(C)c(C)c3)cc2C1=O,547.93
*N1C(=O)c2ccc(-c3ccc(OC)c(OC)c3)cc2C1=O,469.14
*N(*)C(=O)C12CCC(CC(=O)N(*)C1=O)C2,338.87
*N1C(=O)C(=O)[C@@H]2C[C@H](C1=O)[C@@H](C)C2,262.91
*N(*)C(=O)C1CC2(C)C(=O)N(*)C(=O)C2(C)C1,348.45
*N1C(=O)[C@H]2CC[C@H](C1=O)C(=O)N(*)C2=O,269.23
*N1C(=O)C(=O)C2(CCCC2)C1=O,394.62
*N1C(=O)C(=O)[C@H]2[C@@H](CC2(C)C)C1=O,307.33
*N1C(=O)c2ccc(-c3ccc(N4C(=O)c5cc(C(F)(F)F)c(C(F)(F)F)cc5C4=O)cc3)cc2C1=O,523.78
*c1cccc2c1C(=O)N(c1cccc(C(F)(F)c3cccc4c3C(=O)N(*)C4=O)c1)C2=O,482.74
*c1ccc(-c2ccc3c(c2)C(=O)N(c2ccc(-c4ccc5c(c4)C(=O)N(*)C5=O)cc2C(F)(F)F)C3=O)cc1,505.73
*N1C(=O)c2ccc(-c3ccc(N4C(=O)c5ccc(C67CC8CC(CC(C8)C6)C7)cc5C4=O)c(C(C)(C)C)c3)cc2C1=O,435.74
*c1ccc2c(c1)C(=O)N(c1ccc(-c3ccc4c(c3)C(=O)N(*)C4=O)cc1-c1ccc(F)cc1)C2=O,455.92
*C(=O)c1ccccc1C(=O)N(*)c1ccc(C(F)(F)F)cc1-c1ccc2c(c1)C(=O)N(*)C2=O,483.23
*N1C(=O)c2ccc(C(C)(C)c3ccc(N(*)C(=O)c4ccc(C(F)(F)F)cc4)cc3)cc2C1=O,462.31
*N1C(=O)c2ccc(Oc3ccc(N(*)C(=O)c4ccc(C(F)(F)F)cc4)cc3)cc2C1=O,430.1
*N1C(=O)c2ccc(S(=O)(=O)c3ccc(N(*)C(=O)c4ccc(C(F)(F)F)cc4)cc3)cc2C1=O,437.14
*N1C(=O)c2ccc(Cc3ccc(N(*)C(=O)c4ccc(C(F)(F)F)cc4)cc3)cc2C1=O,454.89
*N1C(=O)c2ccc(Oc3cc(C(F)(F)F)ccc3N(*)*)cc2C1=O,371.17
*C(=O)c1ccc(C(=O)N(*)c2ccc(-c3ccc4c(c3)C(=O)N(*)C4=O)c(C(F)(F)F)c2)cc1,469.65
*N1C(=O)c2ccc(-c3cc(OC(F)(F)F)ccc3N(*)*)cc2C1=O,386.43
*C(=O)c1ccc(C(=O)N(*)c2ccc(-c3ccc4c(c3)C(=O)N(*)C4=O)c(OC(F)(F)F)c2)cc1,430.78
*C(=O)c1ccc(C(=O)N(*)c2ccc(-c3ccc4c(c3)C(=O)N(*)C4=O)c(SC(F)(F)F)c2)cc1,420.99
*C(=O)c1ccc(C(=O)N(*)c2ccc(-c3ccc4c(c3)C(=O)N(*)C4=O)c(F)c2)cc1,487.35
*C(=O)c1ccc(C(=O)N(*)c2ccc(-c3ccc4c(c3)C(=O)N(*)C4=O)c(Cl)c2)cc1,405.53
*C(=O)c1ccc(C(=O)N(*)c2ccc(-c3ccc4c(c3)C(=O)N(*)C4=O)c(Br)c2)cc1,434.85
*C(=O)c1ccc(C(=O)N(*)c2ccc(-c3ccc4c(c3)C(=O)N(*)C4=O)c(I)c2)cc1,429.42
*C(=O)c1ccc(C(=O)N(*)c2ccc(-c3ccc4c(c3)C(=O)N(*)C4=O)c(CN)c2)cc1,421.94
*c1cccc2c1C(=O)N(c1cc(N)ccc1-c1cccc(-c3cccc4c3C(=O)N(*)C4=O)c1)C2=O,448.89
*c1cccc2c1C(=O)N(c1cccc(Oc3cc(Oc4cccc5c4C(=O)N(*)C5=O)cc(N4C(=O)c5cccc(*)c5C4=O)c3)c1)C2=O,349.38
*N1C(=O)c2ccc(-c3cccc(N(*)C(=O)c4ccc(C(=O)N5C(=O)c6ccccc6C5=O)cc4)c3)cc2C1=O,513.8
*C(=O)c1ccc(C(=O)N(*)c2cccc(Cc3ccc(-c4ccc5c(c4)C(=O)N(*)C5=O)cc3)c2)cc1,424.13
*n1c(=O)c2cc3c(=O)n(-c4ccc(-c5cccc6ccccc56)cc4)c(=O)c3cc2c1=O,479.25
*C(=O)[C@@H]1c2cc3c(cc2C(=O)N1*)C(=O)N(c1cccc(-c2cccc4c2C(=O)N(*)C4=O)c1)C3=O,342.08
*C(=O)c1ccc(Oc2ccc(C(=O)N(*)c3ccc(Oc4ccc5c(c4)C(=O)N(*)C5=O)cc3)cc2)cc1,324.13
*c1ccc(Oc2ccc(C(=O)N(*)c3ccc(Oc4ccc(Oc5ccc6c(c5)C(=O)N(*)C6=O)cc4)cc3)cc2)cc1,303.68
*c1ccc(Oc2ccc(C(=O)N(*)c3ccc(Sc4ccc(Oc5ccc6c(c5)C(=O)N(*)C6=O)cc4)cc3)cc2)cc1,328.59
*c1cccc(Oc2ccc(C(=O)N(*)c3ccc(Oc4cccc(Oc5ccc6c(c5)C(=O)N(*)C6=O)c4)cc3)cc2)c1,300.78
*c1ccc(OCC(O)COc2ccc(Oc3ccc(-n4c(=O)c5cc6c(=O)n(*)c(=O)c6cc5c4=O)cc3)cc2)cc1,232.585
*c1ccc(Oc2ccc(C(=O)N(*)c3ccc(Oc4ccc(C(C)(C)c5ccc(Oc6ccc7c(c6)C(=O)N(*)C7=O)cc5)cc4)cc3)cc2)cc1,293.87
*NC(=O)c1ccc2c(c1)c(=O)n(*)c(=O)c1ccc(-c3ccc4c(c3)C(=O)N(*)C4=O)cc12,506.34
*N(C(=O)c1ccccc1)C(=O)c1ccc(C(F)(F)C(F)(F)c2ccc3c(c2)C(=O)N(*)C3=O)cc1,518.615
*C(=O)c1ccc(C(=O)N(*)c2ccc(F)cc2Oc2ccc3c(c2)C(=O)N(*)C3=O)cc1,411.33
*N1C(=O)c2ccc(-c3ccc(C(F)(F)C(F)(F)C(F)(F)F)cc3)cc2C1=O,503.38
*N1C=CC2=CC=C(C1=O)c1ccccc1C(=O)N(*c1ccc(C(F)(F)F)cc1)C2=O,525.55
*n1c(=O)c2cc3c(=O)n(*c4cc(C(F)(F)F)ccc4Oc4ccccc4)c(=O)c3cc2c1=O,532.15
*N1C(=O)c2ccc(S(=O)(=O)c3ccc(N4C(=O)c5ccc(C(F)(F)F)cc5C4=O)cc3)cc2C1=O,484.09
*N1C(=O)c2ccc(Oc3ccc(C(c4ccc(Oc5ccc(N6C(=O)c7ccccc7C6=O)cc5)cc4)(C(F)(F)F)C(F)(F)F)cc3)cc2C1=O,426.98
*N1C(=O)c2ccc(-c3ccc(C(c4ccc(-c5ccc(N6C(=O)c7ccccc7C6=O)cc5)cc4)(C(F)(F)F)C(F)(F)F)cc3)cc2C1=O,552.35
*N1C(=O)c2ccc(OC(F)(F)C(F)(F)Oc3ccc(N4C(=O)c5ccccc5C4=O)cc3)cc2C1=O,491.23
*n1c(=O)c2cc3c(=O)n(*c4ccc(Oc5ccc(N6C(=O)c7ccc(C(F)(F)F)cc7C6=O)cc5)cc4)c(=O)c3cc2c1=O,468.17
*N1C(=O)c2ccc(C(C)(C)c3ccc(N4C(=O)c5cc(C(F)(F)F)cc(C(F)(F)F)c5C4=O)cc3)cc2C1=O,486.9
*N1C(=O)c2ccc(-c3ccc(Oc4ccc(N5C(=O)c6ccc(C(F)(F)F)cc6C5=O)cc4)cc3)cc2C1=O,485.455
*N1C(=O)c2ccc(-c3ccc(S(=O)(=O)c4ccc(N5C(=O)c6ccc(C(F)(F)F)cc6C5=O)cc4)cc3)cc2C1=O,487.5
*N1C(=O)c2ccc(-c3ccc(C(c4ccc(N5C(=O)c6ccc(-c7ccc(N8C(=O)c9ccccc9C8=O)cc7)cc6C5=O)cc4)(C(F)(F)F)C(F)(F)F)cc3)cc2C1=O,517.37
*n1c(=O)c2cc3c(=O)n(*c4ccc(C(F)(F)F)c(Oc5ccccc5)c4)c(=O)c3cc2c1=O,513.19
*N1C(=O)c2ccc(Oc3ccc(C(c4ccc(Oc5ccc(N6C(=O)c7ccc(-c8ccc(N9C(=O)c%10ccccc%10C9=O)cc8)cc7C6=O)cc5)cc4)(C(F)(F)F)C(F)(F)F)cc3)cc2C1=O,393.64
*N1C(=O)c2ccc(-c3ccc(Oc4ccc(C(c5ccc(Oc6ccc(-n7c(=O)c8cc9c(=O)n(*)c(=O)c9cc8c7=O)cc6)cc5)(C(F)(F)F)C(F)(F)F)cc4)cc3)cc2C1=O,410.39
*N1C(=O)c2cc3cc(F)c(F)cc3cc2C1=O,500.01
*N1C(=O)c2ccc(-c3ccc(C(F)(F)c4ccc(F)cc4)cc3)cc2C1=O,488.25
*c1ccc(OC(F)(F)c2ccc(-c3ccc4c(c3)C(=O)N(*)C4=O)cc2)cc1,460.14
*c1ccc2c(c1)C(=O)N(C(=O)c1ccc(C(=O)N(*)c3ccc(-c4ccc5c(c4)C(=O)N(*)C5=O)cc3)cc1)C2=O,426.79
*N1C(=O)C(=O)c2cc(cc3cc4cc(c23)C(=O)N(*)C4=O)C1=O,461.55
*c1ccc(C(F)(F)Oc2ccc(-c3ccc4c(c3)C(=O)N(*)C4=O)cc2)cc1,370.785
*c1ccc(C(F)(F)COc2ccc(-c3ccc4c(c3)C(=O)N(*)C4=O)cc2)cc1,420.09
*c1ccc(C(F)(F)Sc2ccc(-c3ccc4c(c3)C(=O)N(*)C4=O)cc2)cc1,473.53
*N1C(=O)c2ccc(-c3ccc(-c4ccc(OC)c(OC)c4)cc3)cc2C1=O,493.22
*N1C(=O)c2ccc(-c3ccc(-c4ccc(OC)cc4)cc3)cc2C1=O,500.74
*c1ccc(C(c2ccc(*)cc2)(c2ccc(*)cc2)c2ccc(-c3ccc4c(c3)C(=O)N(*)C4=O)cc2)cc1,408.49
*c1ccc2nc(-c3ccc(-c4ccc5c(c4)C(=O)N(*)C5=O)cc3)oc2c1,492.7
*n1c(=O)c2ccc3c(=O)n(*c4ccc(N)cc4)c(=O)c3c2c1=O,512.48
*n1c(=O)c2ccc3c(=O)n(*c4cccc(N)c4)c(=O)c3c2c1=O,487.77
*n1c(=O)c2ccc3c(=O)n(*c4ccc(OCC)cc4)c(=O)c3c2c1=O,484.94
*n1c(=O)c2ccc3c(=O)n(*c4cccc(OCC)c4)c(=O)c3c2c1=O,464.28
*n1c(=O)c2ccc3c(=O)n(*c4ccc(OCCO)cc4)c(=O)c3c2c1=O,319.61
*n1c(=O)c2ccc3c(=O)n(*c4ccc(SC)cc4)c(=O)c3c2c1=O,530.25
*n1c(=O)c2ccc3c(=O)n(*c4cccc(SC)c4)c(=O)c3c2c1=O,532.25
*n1c(=O)c2ccc3c(=O)n(*c4ccc(C#N)cc4)c(=O)c3c2c1=O,482.35
*n1c(=O)c2ccc3c(=O)n(*c4cccc(C#N)c4)c(=O)c3c2c1=O,442.27
*c1ccc(C(C)(C)c2ccc(Oc3cccc(*n4c(=O)c5ccc6c(=O)n(*)c(=O)c6c5c4=O)c3)cc2)cc1,423.75
*n1c(=O)c2ccc3c(=O)n(-c4cccc(C)c4C)c(=O)c3c2c1=O,603.82
*n1c(=O)c2ccc3c(=O)n(-c4ccc(Oc5cccc(C)c5)cc4)c(=O)c3c2c1=O,526.36
*c1ccc(C(=O)Nc2ccc(-n3c(=O)c4ccc5c(=O)n(*)c(=O)c5c4c3=O)cc2)cc1,404.22
*c1cccc(C(=O)c2ccc(-n3c(=O)c4ccc5c(=O)n(*)c(=O)c5c4c3=O)cc2)c1,413.19
*c1ccc(S(=O)(=O)c2cccc(-c3ccc(-n4c(=O)c5ccc6c(=O)n(*)c(=O)c6c5c4=O)cc3)c2)cc1,504.71
*c1ccc(OC(=O)c2ccc(-c3ccc(-n4c(=O)c5cc6c(=O)n(*)c(=O)c6cc5c4=O)cc3)cc2)cc1,451.11
*Oc1ccc(C(=O)N(*)C(=O)c2ccc(Oc3ccc4c(c3)C(=O)N(*)C4=O)cc2)cc1,370.84
*c1ccc(Oc2cc3c(cc2-n2c(=O)c4cc5c(=O)n(*)c(=O)c5cc4c2=O)C(=O)N(*)C3=O)cc1,422.01
*c1ccc(OCC(C)COc2ccc(-n3c(=O)c4cc5c(=O)n(*)c(=O)c5cc4c3=O)cc2)cc1,371.56
*C(=O)c1ccc(C(=O)N(*)c2ccc(Oc3ccc4c(c3)C(=O)N(c3ccc(Oc5ccc6c(c5)C(=O)N(*)C6=O)cc3)C4=O)cc2)cc1,371.255
*C(=O)c1ccc(C(=O)N(*)c2ccc(Sc3ccc(Oc4ccc(Oc5ccc6c(c5)C(=O)N(*)C6=O)cc4)cc3)cc2)cc1,342.72
*c1ccc(Oc2cc3c(cc2-c2ccc(Oc4ccc5c(c4)C(=O)N(*)C5=O)cc2)C(=O)N(*)C3=O)cc1,350.43
*c1ccc(C(=O)N(*)c2ccc(Oc3ccc(-c4ccc5c(c4)C(=O)N(*)C5=O)cc3)cc2)cc1,397.39
*N1C(=O)[C@@H]2C[C@@H](CC)[C@H](C2)C1=O,278.85
*N1C(=O)C2[C@@H]3CC[C@H]2[C@H](C3)C1=O,329.05
*N1C(=O)C2CC(CC)(C2)C1=O,403.77
*N1C(=O)[C@@H]2CC[C@@H](C1=O)C(C)(C)C2,293.21
*N1C(=O)C2CC3(CC3)CC2C1=O,420.63
*N1C(=O)C2CCC(C)(C1=O)C(C)(C)C2,378.45
*N1C(=O)C2CC(OC)C[C@H]2C1=O,324.3
*N1C(=O)CC2CC(C2)C1=O,422.71
*N1C(=O)[C@H]2CC[C@H](C1=O)C(F)(F)C2,300.59
*N1C(=O)C2CCC(OCC)(CC2)C1=O,342.49
*N1C(=O)C2CCC(C(C)C)(C2)C1=O,391.75
*N1C(=O)[C@@H]2CC[C@H](C2)C2(CC2)C1=O,313.34
*N1C(=O)C2(CCC3(CCCC3)C2)C(=O)N1*,333.22
*N1C(=O)CC2(CCC(C(F)(F)F)(C(F)(F)F)CC2)C1=O,397.6
*N1C(=O)C2(CCC3CCCCC32)C(=O)N1*,412.48
*N1C(=O)[C@@H]2CC[C@H](C)[C@H](C2)C1=O,236.1
*N1C(=O)C(=O)[C@H]2CC[C@@H](C)[C@@H](C2)C1=O,244.94
*N1C(=O)C2(CCC(C(F)(F)F)CC2)C(=O)N1*,387.05
*N1C(=O)C(=O)[C@H]2CCC[C@H]2C1=O,288.56
*N(C(=O)c1ccc(-c2ccc(C(F)(F)F)cc2)cc1)C(=O)c1ccc(-c2ccc3c(c2)C(=O)N(*)C3=O)cc1,443.27
*c1ccc2c(c1)C(=O)N(c1ccc(-c3ccc4c(c3)C(=O)N(c3ccc(C(F)(F)F)cc3)C4=O)cc1)C2=O,435.81
*N1C(=O)c2ccc(Oc3ccc(OC(F)(F)F)cc3)cc2C1=O,354.245
*c1ccc2c(c1)C(=O)N(c1ccc(C(F)(F)c3ccc(C(F)(F)c4ccc5c(c4)C(=O)N(*)C5=O)cc3)cc1)C2=O,481.58
*n1c(=O)c2cc3c(=O)n(-c4cccc(N)c4)c(=O)c3cc2c1=O,489.69
*n1c(=O)c2cc3c(=O)n(-c4ccc(C(C)(C)c5ccccc5)cc4)c(=O)c3cc2c1=O,599.94
*n1c(=O)c2cc3c(=O)n(-c4cccc(C(=O)c5ccccc5)c4)c(=O)c3cc2c1=O,564.34
*n1c(=O)c2cc3c(=O)n(-c4cccc(-c5ccccc5)c4)c(=O)c3cc2c1=O,590.27
*n1c(=O)c2cc3c(=O)n(-c4cccc(OC(F)(F)C(F)(F)Oc5ccccc5)c4)c(=O)c3cc2c1=O,457.12
*n1c(=O)c2cc3c(=O)n(-c4cc(C(F)(F)F)ccc4F)c(=O)c3cc2c1=O,505.35
*n1c(=O)c2cc3c(=O)n(-c4ccc(Cc5cc(C(F)(F)F)ccc5-n5c(=O)c6cc7c(=O)n(*)c(=O)c7cc6c5=O)cc4)c(=O)c3cc2c1=O,417.27
*N1C(=O)c2ccc(-c3ccc(N4C(=O)c5ccc(-c6ccc(C(F)(F)F)cc6)cc5C4=O)cc3)cc2C1=O,518.55
*n1c(=O)c2cc3c(=O)n(-c4ccc(-c5ccc(OC(F)(F)C(F)(F)F)cc5)cc4)c(=O)c3cc2c1=O,511.86
*n1c(=O)c2cc3c(=O)n(-c4ccc(N(c5ccc(-n6c(=O)c7cc8c(=O)n(*)c(=O)c8cc7c6=O)cc5)C(F)(F)F)cc4)c(=O)c3cc2c1=O,491.0
*N1C(=O)[C@@H]2[C@H]3CC[C@@H]2[C@H](CC3)C1=O,279.22
*C(=O)C1(*)CCC2(C1)C(=O)N(*)N(*)C2=O,371.58
*N1C(=O)C2[C@@H]3CC[C@H]2[C@@H](C3)C1=O,315.23
*N1C(=O)C2(CCC(*)(*)C2)C(=O)N1*,388.84
*[C@@H]1[C@@H]2C[C@H]1C(=O)N(*)N(*)C2=O,294.66
*C1CCC2(C1)C(=O)N(*)N(*)C2=O,386.95
*[C@@H]1[C@@H]2CC[C@H]1C(=O)N(*)N(*)C2=O,260.91
*N1C(=O)c2ccc(C3=CC=C4C5=CC(c6ccccc64)(c4ccccc45)c4ccccc43)cc2C1=O,537.31
*c1ccc2c(c1)C(=O)N(c1ccc(-c3ccc(-c4ccc5c(c4)C(=O)N(*)C5=O)cc3C(F)(F)F)cc1)C2=O,506.46
*c1ccc2c(c1)C(=O)N(c1ccc(-c3ccc(-c4ccc5c(c4)C(=O)N(*)C5=O)c4ccccc34)cc1)C2=O,443.79
*c1ccc2c(c1)C(=O)N(c1ccc(-c3ccc4c(c3)C(=O)N(*)C4=O)c(CC)c1)C2=O,354.78
*c1ccc2c(c1)C(=O)N(c1ccc(-c3ccc4c(c3)C(=O)N(*)C4=O)c(C(C)C)c1)C2=O,476.71
*c1ccc2c(c1)C(=O)N(c1ccc(-c3ccc4c(c3)C(=O)N(*)C4=O)c(-c3cccc4ccccc34)c1)C2=O,526.01
*c1cccc2c1C(=O)N(c1ccc(S(=O)(=O)c3ccc(-c4cccc5c4C(=O)N(c4cccc(-c6cccc7c6C(=O)N(*)C7=O)c4)C5=O)cc3)cc1)C2=O,417.54
*N1C(=O)c2cccc(-c3cccc(N4C(=O)c5cc6c(cc5C4=O)[C@@H](C(=O)O)N(*)C6=O)c3)c2C1=O,362.44
*N1C(=O)c2cccc(-c3cccc(N4C(=O)c5ccc(C(=O)O)cc5C4=O)c3)c2C1=O,517.18
*[C@@H]1c2cc3ccc4c(c3cc2C(=O)N1*)C(=O)N(c1cccc(-c2cccc3c2C(=O)N(*)C3=O)c1)C4=O,353.26
*c1ccc(S(=O)(=O)c2ccc3c(c2)C(=O)N(c2cccc(-c4cccc5c4C(=O)N(*)C5=O)c2)C3=O)cc1,421.04
*N1C(=O)c2cccc(-c3cccc(N4C(=O)c5ccc(-c6cc(F)cc(F)c6)cc5C4=O)c3)c2C1=O,522.4
*N1C(=O)c2cccc(-c3cccc(N4C(=O)c5ccc(-c6cccc(OC)c6)cc5C4=O)c3)c2C1=O,484.94
*N1C(=O)c2cccc(-c3cccc(N4C(=O)c5ccc(-c6cccc(C)c6)cc5C4=O)c3)c2C1=O,546.575
*N1C(=O)c2cccc(-c3cccc(N4C(=O)c5ccc(-c6cccc(Cl)c6)cc5C4=O)c3)c2C1=O,456.885
*N1C(=O)c2cccc(-c3cccc(N4C(=O)c5ccc(-c6cccc(N)c6)cc5C4=O)c3)c2C1=O,472.67
*N1C(=O)c2cccc(-c3cccc(N4C(=O)c5ccc(-c6cccc(S(C)(=O)=O)c6)cc5C4=O)c3)c2C1=O,519.86
*N1C(=O)c2cccc(-c3cccc(N4C(=O)c5ccc(-c6cccc(OCC)c6)cc5C4=O)c3)c2C1=O,445.555
*N1C(=O)c2cccc(-c3cccc(N4C(=O)c5ccc(-c6cccc(CC)c6)cc5C4=O)c3)c2C1=O,463.845
*N1C(=O)c2ccc(C(C)(C)c3ccc(C(=O)N4C(=O)c5ccccc5C4=O)cc3)cc2C1=O,565.41
*c1ccc(-c2ccc3c(c2)C(=O)N(*)C3=O)cc1C(F)(F)F,476.59
*c1ccc(Sc2ccc(C(c3ccc(-c4ccc5c(c4)C(=O)N(*)C5=O)cc3)(C(F)(F)F)C(F)(F)F)cc2)cc1,441.36
*c1ccc(S(=O)(=O)c2ccc(C(c3ccc(-c4ccc5c(c4)C(=O)N(*)C5=O)cc3)(C(F)(F)F)C(F)(F)F)cc2)cc1,449.47
*c1ccc(Cc2ccc(C(c3ccc(-c4ccc5c(c4)C(=O)N(*)C5=O)cc3)(C(F)(F)F)C(F)(F)F)cc2)cc1,377.16
*c1ccc(-c2ccc(C(c3ccc(-c4ccc5c(c4)C(=O)N(*)C5=O)cc3)(C(F)(F)F)C(F)(F)F)cc2)cc1,466.11
*c1ccc(C(c2cc(-c3ccc4c(c3)C(=O)N(*)C4=O)cc(C(F)(F)F)c2)(C(F)(F)F)C(F)(F)F)cc1,454.49
*c1ccc(C(F)(F)F)cc1C(c1ccc(-c2ccc3c(c2)C(=O)N(*)C3=O)cc1)(C(F)(F)F)C(F)(F)F,430.3
*c1cc(C(F)(F)F)ccc1C(c1ccc(-c2ccc3c(c2)C(=O)N(*)C3=O)cc1)(C(F)(F)F)C(F)(F)F,436.64
*N1C(=O)C2CCC(C(C)(C)C)(C2)C(=O)N1*,360.32
*N1C(=O)[C@@H]2C[C@@H](C(=O)N1*)[C@H]1CC[C@H]12,298.4
*N1C(=O)C2CC(C)(C)C[C@H]2C(=O)N1*,288.88
*N1C(=O)C2CC(F)C[C@H]2C(=O)N1*,336.13
*N1C(=O)[C@H]2C[C@@H](C(=O)N1*)[C@@H]2C(C)C,274.43
*N1C(=O)[C@@H]2CCCCC[C@H]2C(=O)N1*,260.3
*N1C(=O)[C@H]2C[C@@H](C(=O)N1*)[C@@H]2C(F)(F)F,270.26
*N1C(=O)[C@H]2CC[C@@H](C(=O)N1*)C2(CC)CC,258.48
*N1C(=O)[C@H]2CC[C@@H](C(=O)N1*)C2(C)CC,244.735
*N1C(=O)[C@H]2CC[C@@H](C(=O)N1*)C2(CF)CF,278.68
*N1C(=O)[C@H]2CC[C@@H](C(=O)N1*)C2Cl,289.59
*N1C(=O)[C@H]2CC[C@@H](C(=O)N1*)C2OC,286.91
*N1C(=O)[C@H]2CC[C@@H](C(=O)N1*)C2N,290.56
*N1C(=O)[C@H]2CC[C@@H](C(=O)N1*)C2(C)F,278.19
*N1C(=O)[C@H]2CC[C@@H](C(=O)N1*)C2(C)Cl,273.59
*N1C(=O)[C@H]2CC[C@@H](C(=O)N1*)C2(C)CCC,249.13
*N1C(=O)[C@H]2CC[C@@H](C(=O)N1*)C2(C)OC,268.23
*N1C(=O)[C@H]2CC[C@@H](C(=O)N1*)C2(CC)OC,273.37
*c1ccc2c(c1)c1cc3c(=O)n(C(=O)c4ccc5c(c4)c4cc6c(=O)n(*)c(=O)c6cc54)c(=O)c3cc21,487.15
*N1C(=O)c2ccc(C34CCCCC5CC(CC(C5)C3)C4)cc2C1=O,399.4
*N1C(=O)c2ccc(-c3ccc4c(c3)-c3ccccc3C4(c3ccccc3)c3ccccc3)cc2C1=O,551.4
*N1C(=O)c2ccc(-c3ccc4c(c3)C3(c5ccccc5)C=C4c4ccccc43)cc2C1=O,567.66
*N1C(=O)c2ccc(C34CCCC5CC(CC(C5)C3)C4)cc2C1=O,411.79
*c1ccc2c(c1)C(=O)N(C(=O)c1ccc(-c3ccc(-c4ccc5c(c4)C(=O)N(*)C5=O)cc3)cc1)C2=O,418.74
*c1ccc2c(c1)C(=O)N(C(=O)c1cccc(Sc3ccc(-c4ccc5c(c4)C(=O)N(*)C5=O)cc3)c1)C2=O,424.25
*N1C(=O)c2ccc(-c3ccc(-c4ccc(C5(c6ccccc6)c6ccccc65)cc4)cc3)cc2C1=O,547.05
*N1C(=O)c2ccc(-c3ccc4c(c3)C3(CC4)c4ccccc4C3(c3ccccc3)c3ccccc3)cc2C1=O,435.94
*N1C(=O)c2ccc(-c3ccc(-c4ccc5c(c4)C(=O)N(*)C5=O)cc3)cc2C1=O,432.4
*c1ccc2c(c1)C(=O)N(C(=O)c1ccc(-c3ccc(-c4ccc(-c5ccc6c(c5)C(=O)N(*)C6=O)cc4)cc3)cc1)C2=O,435.835
*c1ccc2c(c1)C(=O)N(C(=O)c1ccc(N(c3ccccc3)c3ccc(-c4ccc5c(c4)C(=O)N(*)C5=O)cc3)cc1)C2=O,512.83
*c1ccc2c(c1)C(=O)N(C(=O)c1ccc(C(C)(C)c3ccc(-c4ccc(-c5ccc6c(c5)C(=O)N(*)C6=O)cc4)cc3)cc1)C2=O,424.45
*N1C(=O)c2ccc(-c3ccc(-c4ccc5c(c4)C4(c6ccccc6)C=C5c5ccccc54)cc3)cc2C1=O,553.11
*c1ccc2c(c1)C(=O)N(C(=O)c1ccc(-c3ccc(-c4ccc(-c5ccc(-c6ccc7c(c6)C(=O)N(*)C7=O)cc5)cc4)cc3)cc1)C2=O,402.69
*c1ccc2c(c1)C(=O)N(C(=O)c1ccc(Oc3ccc(-c4ccc(-c5ccc(-c6ccc7c(c6)C(=O)N(*)C7=O)cc5)cc4)cc3)cc1)C2=O,396.05
*c1ccc2c(c1)C(=O)N(C(=O)c1ccc(N(c3ccccc3)c3ccc(-c4ccc(-c5ccc(-c6ccc7c(c6)C(=O)N(*)C7=O)cc5)cc4)cc3)cc1)C2=O,436.99
*c1ccc2c(c1)C(=O)N(C(=O)c1ccc(C(C)(C)c3ccc(-c4ccc(-c5ccc(-c6ccc7c(c6)C(=O)N(*)C7=O)cc5)cc4)cc3)cc1)C2=O,406.99
*c1ccc2c(c1)C(=O)N(C(=O)c1ccc(C(c3ccccc3)(c3ccccc3)c3ccc(-c4ccc(-c5ccc(-c6ccc7c(c6)C(=O)N(*)C7=O)cc5)cc4)cc3)cc1)C2=O,407.15
*c1ccc2c(c1)C(=O)N(C(=O)c1ccc(C3(c4ccc(-c5ccc(-c6ccc(-c7ccc8c(c7)C(=O)N(*)C8=O)cc6)cc5)cc4)c4ccccc43)cc1)C2=O,428.8
*N1C(=O)c2ccc(-c3ccc(-c4ccc(-c5ccc(C67CC8CC(CC(C8)C6)C7)cc5)cc4)cc3)cc2C1=O,390.945
*c1ccc2c(c1)C(=O)N(C(=O)c1ccc(C3(c4ccc(-c5ccc(-c6ccc(-c7ccc(-c8ccc9c(c8)C(=O)N(*)C9=O)cc7)cc6)cc5)cc4)c4ccccc43)cc1)C2=O,397.43
*Nc1ccc(C(F)(F)F)cc1-c1ccc2c(c1)C(=O)N(*)C2=O,510.87
*Nc1cc(C(F)(F)F)ccc1-c1ccc2c(c1)C(=O)N(*)C2=O,508.0
C[Si](C)(CCCN1C(=O)c2ccccc2C1=O)O[Si](C)(C)O[Si](C)(C)O[Si](C)(C)O[Si](C)(C)O[Si](C)(C)O[Si](C)(C)O[Si](C)(C)O[Si](C)(C)O[Si](C)(C)CCCN1C(=O)c2ccccc2C1=O,153.78
*n1c(=O)c2cc3c(=O)n(CCC[Si](C)(C)O[Si](C)(C)CCCN4C(=O)c5cc6c(=O)c6cc5C4=O)c(=O)c3cc21,185.85
*CCCC[Si](C)(C)O[Si](C)(C)CCCCn1c(=O)c2cc3c(=O)n(*)c(=O)c3cc21,290.53
C[Si](C)(CCCN1C(=O)c2ccc(-c3ccccc3)cc2C1=O)O[Si](C)(C)CCCN1C(=O)c2ccc(-c3ccc(N4C(=O)c5ccccc5C4=O)cc3)cc2C1=O,225.1
C[Si](C)(O[Si](C)(C)O[Si](C)(C)c1ccc(N2C(=O)c3ccccc3C2=O)cc1)O[Si](C)(C)O[Si](C)(C)c1ccc(N2C(=O)c3ccccc3C2=O)cc1,222.225
C[Si](C)(CCCN1C(=O)c2ccc3ccccc3c2C1=O)O[Si](C)(C)CCCN1C(=O)c2ccc3ccccc3c2C1=O,233.84
C[Si](C)(CCCN1C(=O)c2ccccc2C1=O)CCCN1C(=O)c2ccccc2C1=O,302.52
C[Si](C)(CCCN1C(=O)c2ccc(-c3ccccc3)cc2C1=O)O[Si](C)(C)CCCN1C(=O)c2ccc(-c3ccc(-c4ccccc4)cc3)cc2C1=O,227.62
C[Si](C)(CCCN1C(=O)c2ccc3ccccc3c2C1=O)O[Si](C)(C)O[Si](C)(C)CCCN1C(=O)c2ccc3ccccc3c2C1=O,211.02
C[Si](C)(CCCN1C(=O)c2ccc3ccccc3c2C1=O)O[Si](C)(C)O[Si](C)(C)O[Si](C)(C)CCCN1C(=O)c2ccc3ccccc3c2C1=O,194.16
C[Si](C)(CCCN1C(=O)c2ccc3ccccc3c2C1=O)O[Si](C)(C)O[Si](C)(C)O[Si](C)(C)O[Si](C)(C)CCCN1C(=O)c2ccc3ccccc3c2C1=O,182.52
C[Si](C)(CCCCN1C(=O)c2ccc3ccccc3c2C1=O)O[Si](C)(C)CCCCN1C(=O)c2ccc3ccccc3c2C1=O,222.58
C[Si](C)(CCCCN1C(=O)c2ccc3ccccc3c2C1=O)O[Si](C)(C)O[Si](C)(C)CCCCN1C(=O)c2ccc3ccccc3c2C1=O,201.29
C[Si](C)(CCCCN1C(=O)c2ccc3ccccc3c2C1=O)O[Si](C)(C)O[Si](C)(C)O[Si](C)(C)CCCCN1C(=O)c2ccc3ccccc3c2C1=O,187.97
C[Si](C)(O[Si](C)(C)O[Si](C)(C)O[Si](C)(C)c1ccc(N2C(=O)c3ccccc3C2=O)cc1)O[Si](C)(C)O[Si](C)(C)O[Si](C)(C)c1ccc(N2C(=O)c3ccccc3C2=O)cc1,166.145
C[Si](C)(O[Si](C)(C)O[Si](C)(C)O[Si](C)(C)O[Si](C)(C)c1ccc(N2C(=O)c3ccccc3C2=O)cc1)O[Si](C)(C)O[Si](C)(C)O[Si](C)(C)c1ccc(N2C(=O)c3ccccc3C2=O)cc1,214.185
C[Si](C)(O[Si](C)(C)O[Si](C)(C)O[Si](C)(C)O[Si](C)(C)c1ccc(N2C(=O)c3ccccc3C2=O)cc1)O[Si](C)(C)O[Si](C)(C)O[Si](C)(C)O[Si](C)(C)c1ccc(N2C(=O)c3ccccc3C2=O)cc1,256.99
C[Si](C)(O[Si](C)(C)O[Si](C)(C)O[Si](C)(C)O[Si](C)(C)O[Si](C)(C)c1ccc(N2C(=O)c3ccccc3C2=O)cc1)O[Si](C)(C)O[Si](C)(C)O[Si](C)(C)O[Si](C)(C)c1ccc(N2C(=O)c3ccccc3C2=O)cc1,246.19
*c1ccc2c(c1)C(=O)N(c1ccc(C(F)(F)C(F)(F)F)cc1)C2=O,542.81
*c1ccc2c(c1)C(=O)N(c1ccc(Cc3ccc(C(F)(F)F)cc3)cc1)C2=O,456.63
*c1ccc2c(c1)C(=O)N(c1ccc(Oc3ccc(C(F)(F)F)cc3)cc1Oc1ccc(C(F)(F)F)cc1)C2=O,379.55
C[Si](C)(CCCCC[Si](C)(C)O[Si](C)(C)O[Si](C)(C)CCCCN1C(=O)c2ccccc2C1=O)O[Si](C)(C)O[Si](C)(C)CCCCN1C(=O)c2ccccc2C1=O,140.58
C[Si](C)(Oc1ccc(N2C(=O)c3ccccc3C2=O)cc1)c1ccccc1,488.57
C[Si](C)(CCCCN1C(=O)c2ccccc2C1=O)CCCCN1C(=O)c2ccccc2C1=O,280.9
CCCC[Si](C)(C)O[Si](C)(C)CCCCN1C(=O)c2ccc(-c3ccc(N4C(=O)c5ccc(-c6ccc(N7C(=O)c8ccccc8C7=O)cc6)cc5C4=O)cc3)cc2C1=O,251.65
CC(C)(c1ccc(N2C(=O)c3ccccc3C2=O)cc1)c1ccc([Si](C)(C)O[Si](C)(C)c2ccc(C(C)(C)c3ccc(N4C(=O)c5ccccc5C4=O)cc3)cc2)cc1,378.63
*c1ccc(C2(c3ccc4c(c3)C(=O)N(*)C4=O)CC2)cc1,452.53
*N1C(=O)c2ccc(C34CCC(C(F)(F)F)(CC(C(F)(F)F)C3)C4)cc2C1=O,425.5
*N1C(=O)c2ccc(C34CCC(*)(CC(C(F)(F)F)C3)C4)cc2C1=O,438.26
*C1CC2(*)CCC(c3ccc(-n4c(=O)c5cc6c(=O)n(*)c(=O)c6cc5c4=O)cc3)(C1)C2,496.57
*c1ccc2c(c1)C(=O)N(c1ccc(C3(c4ccc5c(c4)C(=O)N(*)C5=O)c4ccc(C(F)(F)F)cc43)cc1)C2=O,437.96
*N1C(=O)c2ccc(-c3ccc4c(c3)-c3ccccc3-4)cc2C1=O,673.62
*c1ccc2c(c1)C(=O)N(c1ccc(C3(c4ccc5c(c4)C(=O)N(*)C5=O)c4ccc(OC)cc43)cc1)C2=O,417.245
*c1ccc2c(c1)C(=O)N(c1ccc(C3(c4ccc5c(c4)C(=O)N(*)C5=O)c4ccc(N(C)C)cc43)cc1)C2=O,509.72
*c1ccc2c(c1)C(=O)N(c1ccc(C3(c4ccc5c(c4)C(=O)N(*)C5=O)c4ccc(S(=O)(=O)C(F)(F)F)cc43)cc1)C2=O,473.93
*c1ccc2c(c1)C(=O)N(c1ccc(C3(c4ccc5c(c4)C(=O)N(*)C5=O)c4ccc(OC(F)(F)F)cc43)cc1)C2=O,423.02
*c1ccc2c(c1)C(=O)N(c1ccc(C3(c4ccc5c(c4)C(=O)N(*)C5=O)c4ccc(C(=O)CF)cc43)cc1)C2=O,493.38
*c1ccc2c(c1)C(=O)N(c1ccc(C3(c4ccc5c(c4)C(=O)N(*)C5=O)c4ccc(OCC(F)(F)F)cc43)cc1)C2=O,426.67
*c1ccc2c(c1)C(=O)N(c1ccc(C3(c4ccc5c(c4)C(=O)N(*)C5=O)c4ccc(OCCO)cc43)cc1)C2=O,413.09
*c1ccc2c(c1)C(=O)N(c1ccc(C3(c4ccc5c(c4)C(=O)N(*)C5=O)c4ccc(OCC)cc43)cc1)C2=O,443.85
*c1ccc2c(c1)C(=O)N(c1ccc(C3(c4ccc5c(c4)C(=O)N(*)C5=O)c4ccc(OCCCCC)cc43)cc1)C2=O,420.37
*c1ccc2c(c1)C(=O)N(c1ccc(C3(c4ccc5c(c4)C(=O)N(*)C5=O)c4ccc(OC(C)C)cc43)cc1)C2=O,463.15
*c1ccc2c(c1)C(=O)N(c1ccc(C3(c4ccc5c(c4)C(=O)N(*)C5=O)c4ccc(OCC(C)C)cc43)cc1)C2=O,408.4
*c1ccc2c(c1)C(=O)N(c1ccc(C3(c4ccc5c(c4)C(=O)N(*)C5=O)c4ccc(OC(C)(C)C)cc43)cc1)C2=O,457.08
*c1ccc2c(c1)C(=O)N(c1ccc(C3(c4ccc5c(c4)C(=O)N(*)C5=O)c4ccc(Oc5ccc(F)cc5)cc43)cc1)C2=O,420.51
*c1ccc2c(c1)C(=O)N(c1ccc(C3(c4ccc5c(c4)C(=O)N(*)C5=O)c4ccc(Oc5ccc(C(F)(F)F)cc5)cc43)cc1)C2=O,412.37
*c1ccc2c(c1)C(=O)N(c1ccc(C3(c4ccc5c(c4)C(=O)N(*)C5=O)c4ccc(Sc5ccccc5)cc43)cc1)C2=O,524.67
*c1ccc2c(c1)C(=O)N(c1ccc(Oc3ccc4c(c3)C(=O)N(*)C4=O)c(F)c1)C2=O,420.95
*n1c(=O)c2cc3c(=O)n(-c4ccc(-c5cc(F)cc(F)c5)cc4)c(=O)c3cc2c1=O,560.72
*c1ccc(C(c2ccc(-c3ccc(-n4c(=O)c5cc6c(=O)n(*)c(=O)c6cc5c4=O)cc3)cc2)(C(F)(F)F)C(F)(F)F)cc1,405.855
*c1ccc2c(c1)C(=O)N(c1ccc(Oc3cc(F)c(-c4ccc5c(c4)C(=O)N(*)C5=O)cc3F)cc1)C2=O,451.105
*c1ccc(Oc2ccc(Oc3ccc(*)cc3)c(-c3ccc4c(c3)C(=O)N(*)C4=O)c2)cc1,321.62
*N1C(=O)c2ccc(-c3ccc(OCC(F)(F)C(F)(F)F)cc3)cc2C1=O,441.99
*c1ccc2c(c1)C(=O)N(c1ccc(Oc3cc4c(cc3Oc3ccc(-c5ccc6c(c5)C(=O)N(*)C6=O)cc3)C(=O)N(*)C4=O)cc1)C2=O,417.47
*N1C(=O)c2ccc(-c3ccc(OC(F)(F)C(F)(F)OC(F)(F)C(F)(F)F)cc3)cc2C1=O,419.82
*N1C(=O)c2ccc(-c3ccc(N4C(=O)c5ccc(-c6ccc(OC(C)(C)C)cc6)cc5C4=O)cc3)cc2C1=O,486.42
*N1C(=O)c2ccc(-c3cccc(N(*)*)c3)cc2C1=O,483.38
*N1C(=O)c2ccc(C(=O)N(*)c3ccc(Cc4ccc(-n5c(=O)c6ccc7c(=O)n(*)c(=O)c7c6c5=O)cc4)cc3)cc2C1=O,409.97
*N1C(=O)c2ccc(Oc3cccc(N(*)*)c3)cc2C1=O,390.1
*N1C(=O)c2ccc(-c3ccc(Oc4ccc(N(*)*)cc4)cc3)cc2C1=O,413.625
*N1C(=O)c2ccc(-c3ccc(C(C)(C)c4ccc(N(*)*)cc4)cc3)cc2C1=O,462.5
*N1C(=O)c2ccc(Cc3ccc(N(*)*)cc3)cc2C1=O,425.61
*N1C(=O)c2ccc(-c3ccc(S(=O)(=O)c4ccc(N(*)*)cc4)cc3)cc2C1=O,452.91
*N1C(=O)c2ccc(-c3ccc(C(=O)c4ccc(N(*)*)cc4)cc3)cc2C1=O,459.11
*c1ccc(C(F)(F)c2cccc(-n3c(=O)c4cc5c(=O)n(*)c(=O)c5cc4c3=O)c2)cc1,528.5
*N(*)c1cccc(-c2ccc(-n3c(=O)c4ccc5c(=O)n(*)c(=O)c5c4c3=O)cc2)c1,546.89
*N1C(=O)c2ccc(-c3ccc(-c4ccc(N(*)*)cc4)cc3)cc2C1=O,464.75
*N1C(=O)c2ccc(Oc3ccc(C(C)(C)c4ccc(N(*)*)cc4)cc3)cc2C1=O,410.79
*N(*)c1ccc(Sc2ccc(-n3c(=O)c4ccc5c(=O)n(*)c(=O)c5c4c3=O)cc2)cc1,459.09
*N1C(=O)c2ccc(-c3cccc(Oc4ccc(N(*)*)cc4)c3)cc2C1=O,416.79
*N(*)c1ccc(OC(=O)c2ccc(-n3c(=O)c4ccc5c(=O)n(*)c(=O)c5c4c3=O)cc2)cc1,453.99
*N1C(=O)c2ccc(Sc3ccc(C(C)(C)c4ccc(N(*)*)cc4)cc3)cc2C1=O,417.68
*N(*)c1ccc(C(C)(C)c2ccc(-c3ccc(-n4c(=O)c5ccc6c(=O)n(*)c(=O)c6c5c4=O)cc3)cc2)cc1,449.77
*N1C(=O)c2ccc(-c3ccc(Cc4cccc(N(*)*)c4)cc3)cc2C1=O,445.24
*c1ccc(C(=O)c2ccc(Oc3cccc(-n4c(=O)c5cc6c(=O)n(*)c(=O)c6cc5c4=O)c3)cc2)cc1,363.115
*N1C(=O)c2cccc3c2c(=O)n(-c2ccc(C(F)(F)F)cc2)c(=O)c2cccc1c23,596.49
*C(=O)c1ccc(C(=O)N(*)c2ccc(-c3ccc4c(c3)C(=O)N(*)C4=O)cc2)c2ccccc12,545.5
*C(=O)c1ccc(C(=O)N(*)c2ccc(Oc3ccc(-c4ccc5c(c4)C(=O)N(*)C5=O)cc3)cc2)c2ccccc12,479.44
*N(C(=O)c1ccc(C(F)(F)F)cc1)C(=O)c1ccc(C(C)(C)c2ccc3c(c2)C(=O)N(*)C3=O)cc1,422.05
*n1c(=O)c2cc3c(=O)n(*c4ccc(C(c5ccc(-n6c(=O)c7cc8c(=O)n(*c9ccc(C(F)(F)F)cc9)c(=O)c8cc7c6=O)cc5)(C(F)(F)F)C(F)(F)F)cc4)c(=O)c3cc2c1=O,397.79
*c1cccc(OC(=O)c2cccc(-c3cccc4c3C(=O)N(*)C4=O)c2)c1,416.22
*c1cccc(C(=O)Oc2cccc(-c3cccc4c3C(=O)N(*)C4=O)c2)c1,445.21
*c1cccc(C(=O)Nc2cccc(-c3cccc4c3C(=O)N(*)C4=O)c2)c1,555.2
*c1cccc2c1C(=O)N(c1cccc3c1C(=O)N(c1cccc(-c4cccc5c4C(=O)N(*)C5=O)c1)C3=O)C2=O,475.71
*N1C(=O)c2cccc(-c3cccc(-n4c(=O)c5cc6c(=O)c7ccccc7c(=O)c6cc5c4=O)c3)c2C1=O,548.5
*N1C(=O)c2cccc(-c3cccc(N4C(=O)c5ccc(F)cc5C4=O)c3)c2C1=O,416.46
*N1C(=O)c2cccc(-c3cccc(N4C(=O)c5ccc(-c6ccccc6F)cc5C4=O)c3)c2C1=O,541.39
*N1C(=O)c2cccc(-c3cccc(N4C(=O)c5ccc(-c6cccc(F)c6)cc5C4=O)c3)c2C1=O,531.09
*N1C(=O)c2cccc(-c3cccc(N4C(=O)c5ccc(-c6cccc(C(C)(C)C)c6)cc5C4=O)c3)c2C1=O,501.43
*N1C(=O)c2cccc(-c3cccc(N4C(=O)c5ccc(-c6cccc(OCCC)c6)cc5C4=O)c3)c2C1=O,437.01
*N1C(=O)c2cccc(-c3cccc(N4C(=O)c5ccc(-c6cccc(SC)c6)cc5C4=O)c3)c2C1=O,492.19
*N1C(=O)c2cccc(-c3cccc(N4C(=O)c5ccc(-c6cccc(SCC)c6)cc5C4=O)c3)c2C1=O,482.91
*N1C(=O)C2(CC2)C1=O,383.92
*N1C(=O)C(=O)C2CC(C2)C1=O,425.06
*N1C(=O)C2CC2C1=O,417.79
*N1C(=O)C(=O)[C@H]2CCC[C@@H](C2)C1=O,276.14
*N1C(=O)C(=O)[C@@H]2CC[C@@H](C1=O)N(*)C2=O,282.69
*N1C(=O)C2(CCCCC2)C1=O,306.95
*N1C(=O)C(=O)C2(CCCCCC2)C1=O,387.61
*n1c(=O)c2cc3c(=O)n(-c4ccc5c(c4)C4(CCCCC4)c4ccccc4-5)c(=O)c3cc2c1=O,439.04
*n1c(=O)c2ccc3c(=O)n(-c4ccc5c(c4)C4(CC4)c4ccccc4-5)c(=O)c3c2c1=O,575.66
*n1c(=O)c2ccc3c(=O)n(-c4ccc5c(c4)C(C4CC6CCCC(C6)C4)(C4CC6CCCC(C6)C4)c4ccccc4-5)c(=O)c3c2c1=O,441.27
*n1c(=O)c2ccc3c(=O)n(-c4ccc5c(c4)C(C)(c4ccccc4)c4ccccc4-5)c(=O)c3c2c1=O,597.84
*n1c(=O)c2ccc3c(=O)n(-c4ccc5c(c4)C(C)(C4CC6CCCC(C6)C4)c4ccccc4-5)c(=O)c3c2c1=O,509.3
*N1C(=O)c2ccc(-c3ccc4c(c3)C3(CCCC3)c3ccccc3-4)cc2C1=O,512.72
*n1c(=O)c2ccc3c(=O)n(-c4ccc5c(c4)C(C)(C)c4cc(C(F)(F)F)ccc4-5)c(=O)c3c2c1=O,453.39
*N1C(=O)c2ccc(-c3ccc4c(c3)C3(CCCCC3)c3ccccc3-4)cc2C1=O,488.31
*N1C(=O)c2ccc(-c3ccc4c(c3)C(C3CC5CCCC(C5)C3)(C3CC5CCCC(C5)C3)c3ccccc3-4)cc2C1=O,412.07
*n1c(=O)c2ccc3c(=O)n(-c4ccc5c(c4)C(C)(C)c4ccc(F)cc4-5)c(=O)c3c2c1=O,550.74
*N1C(=O)c2ccc(-c3ccc4c(c3)C(c3ccccc3)(c3ccccc3)c3ccc(F)cc3-4)cc2C1=O,546.43
*N1C(=O)c2ccc(-c3ccc4c(c3)C(c3ccccc3)(c3ccccc3)c3cc(C(F)(F)F)ccc3-4)cc2C1=O,536.63
*c1ccc2c(c1)C(=O)N(c1ccc(C(c3ccc(Oc4ccc(-c5ccc6c(c5)C(=O)N(*)C6=O)cc4)cc3)(C(F)(F)F)C(F)(F)F)cc1)C2=O,457.07
*c1c(F)cc(F)cc1-n1c(=O)c2cc3c(=O)n(*)c(=O)c3cc2c1=O,480.63
*c1c(Oc2ccc(-n3c(=O)c4cc5c(=O)n(*)c(=O)c5cc4c3=O)cc2)ccc(F)c1F,494.07
*c1c(Oc2ccc(-n3c(=O)c4cc5c(=O)n(*)c(=O)c5cc4c3=O)cc2)ccc(C(F)(F)F)c1F,488.29
*c1ccc2c(c1)C(=O)N(c1ccc(Oc3ccc(C(F)(F)c4ccc(Oc5ccc6c(c5)C(=O)N(*)C6=O)cc4)cc3)cc1)C2=O,302.155
*c1ccc(C(=O)c2ccc(C(c3ccc(-n4c(=O)c5cc6c(=O)n(*)c(=O)c6cc5c4=O)cc3)(C(F)(F)F)C(F)(F)F)cc2)cc1,453.15
*N1C(=O)c2ccc(Sc3ccc(C(=O)N(*)c4ccc(Sc5ccccc5)cc4)cc3)cc2C1=O,451.75
*N1C(=O)c2ccc(Oc3ccc(Oc4ccc(C(=O)N(*)c5ccc(Oc6ccccc6)cc5)cc4)cc3)cc2C1=O,386.29
*N1C(=O)c2ccc(Oc3ccc(C(C)(C)c4ccc(Oc5ccc(C(=O)N(*)c6ccc(Oc7ccccc7)cc6)cc5)cc4)cc3)cc2C1=O,366.42
*N1C(=O)c2ccc(Oc3ccc(Sc4ccc(C(=O)N(*)c5ccc(Oc6ccccc6)cc5)cc4)cc3)cc2C1=O,406.96
*N1C(=O)c2ccc(Oc3ccc(-c4ccc(Oc5ccc(C(=O)N(*)c6ccc(Oc7ccccc7)cc6)cc5)cc4)cc3)cc2C1=O,379.92
*c1ccc(Sc2ccc(C(=O)c3ccc(Sc4ccc(-c5ccc6c(c5)C(=O)N(*)C6=O)cc4)cc3)cc2)cc1,383.78
*N1C(=O)c2ccc(Oc3ccc(Cc4ccc(Oc5ccc(C(=O)N(*)c6ccc(Oc7ccccc7)cc6)cc5)cc4)cc3)cc2C1=O,345.07
*N(C(=O)c1ccc(F)cc1)C(=O)c1ccc(-c2ccc3c(c2)C(=O)N(*)C3=O)cc1,490.27
*C(=O)c1c(F)cc(F)cc1C(=O)N(*)c1ccc(-c2ccc3c(c2)C(=O)N(*)C3=O)cc1,478.35
*C(=O)c1c(C(=O)N(*)c2ccc(C(=O)c3ccc(-c4ccc5c(c4)C(=O)N(*)C5=O)cc3)cc2)ccc(F)c1F,449.74
*C(=O)c1ccc(C(=O)N(*)c2cc(F)ccc2-c2ccc3c(c2)C(=O)N(*)C3=O)cc1,476.28
*N1C(=O)c2ccc(Sc3ccc(F)cc3)cc2C1=O,440.49
*N1C(=O)c2ccc(-c3ccc(C(=O)N(*)c4ccc(F)c(F)c4)cc3)cc2C1=O,492.92
*C(=O)c1ccc(C(=O)N(*)c2ccc(Oc3ccc(C(F)(F)c4ccc(Oc5ccc6c(c5)C(=O)N(*)C6=O)cc4)cc3)cc2)cc1,300.135
*c1ccc(C(=O)N(*)C(=O)c2ccc(C(F)(F)c3ccc(-c4ccc5c(c4)C(=O)N(*)C5=O)cc3)cc2)cc1,454.93
*c1ccc(C(=O)N(*)C(=O)c2cc(F)c(F)cc2-c2ccc3c(c2)C(=O)N(*)C3=O)cc1,458.58
*N1C(=O)c2ccc(-c3ccc(N(*)C(=O)c4cc(F)c(F)c(F)c4F)cc3)cc2C1=O,477.51
*C(=O)c1ccc(C(F)(F)c2ccc(C(=O)N(*)c3ccc(-c4ccc5c(c4)C(=O)N(*)C5=O)cc3)cc2)cc1,457.9
*c1ccc(C(F)(F)c2ccc(N(*)C(=O)c3ccc(-c4ccc5c(c4)C(=O)N(*)C5=O)cc3)cc2)cc1,471.92
*C(=O)c1cc(F)ccc1C(=O)N(*)c1ccc(-c2ccc3c(c2)C(=O)N(*)C3=O)cc1,466.55
*N1C(=O)c2ccc(-c3ccc(C(=O)N(*)c4ccc(F)cc4)cc3)cc2C1=O,496.86
*N1C(=O)c2ccc(-c3ccc(N(*)C(=O)c4ccc(OC(F)(F)F)cc4)cc3)cc2C1=O,456.1
*N1C(=O)c2ccc(-c3ccc(C(=O)N(*)c4ccc(OC(F)(F)F)cc4)cc3)cc2C1=O,447.43
*N1C(=O)c2cc(cc(C(F)(F)F)c2)C(=O)N1*,441.84
*N1C(=O)c2cc3cc(C(F)(F)F)cc(C(F)(F)F)c3cc2C1=O,484.29
O=C(c1ccc(-c2ccc3c(c2)C(=O)N(c2ccc(C(F)(F)F)cc2)C3=O)cc1)N1C(=O)c2ccc(C(F)(F)F)cc2C1=O,502.07
O=C(c1ccc2c(c1)C(=O)N(c1ccc(C(F)(F)F)cc1)C2=O)N1C(=O)c2ccc(C(F)(F)F)cc2C1=O,519.37
*N1C(=O)c2ccc(C(F)(F)c3ccc(C(=O)N4C(=O)c5ccccc5C4=O)cc3)cc2C1=O,589.43
*N1C(=O)c2ccc(N(c3ccc(C(=O)N4C(=O)c5ccccc5C4=O)cc3)c3ccc(C(F)(F)F)cc3)cc2C1=O,558.58
*N1C(=O)c2cc(Oc3ccc(C(F)(F)F)cc3)c(Oc3ccc(C(F)(F)F)cc3)cc2C1=O,419.46
O=C(c1ccc(Oc2ccc3c(c2)C(=O)N(c2ccc(C(F)(F)F)cc2)C3=O)cc1)N1C(=O)c2ccc(C(F)(F)F)cc2C1=O,454.81
O=C1c2cc3cc(C(F)(F)F)cc(C(F)(F)F)c3cc2C(=O)N1c1ccc(C(F)(F)F)cc1,532.56
O=C1c2ccccc2C(=O)N1c1ccc(C(F)(F)F)cc1C(F)(F)F,592.06
O=C(c1ccc(C(c2ccc3c(c2)C(=O)N(c2ccc(C(F)(F)F)cc2)C3=O)(C(F)(F)F)C(F)(F)F)cc1)N1C(=O)c2ccc(C(F)(F)F)cc2C1=O,456.48
O=C1c2ccc(OC(F)(F)F)cc2C(=O)N1c1ccc(C(F)(F)F)cc1,498.83
*c1ccc2c(c1)C(=O)N(c1ccc(Oc3ccc(-c4ccc(Oc5ccc6c(c5)C(=O)N(*)C6=O)cc4)cc3)cc1)C2=O,314.1
*N1C(=O)C2(C(C)(C)C)CCC(C(C)(C)C)(CC2)C(=O)N1*,338.78
*N1C(=O)[C@H]2C[C@@H](C(=O)N1*)C1CCC[C@@H]12,281.26
*N1C(=O)C2CCC(C(F)(F)F)(CC2)C(=O)N1*,386.14
*N1C(=O)C2(C)CCC(C(C)(C)C)(C2)C(=O)N1*,352.6
*N1C(=O)C2CCC3(C2)CC(CC)(C3)C(=O)N1*,375.77
*N1C(=O)C2(CF)CCC(CF)(CC2)C(=O)N1*,390.18
*N1C(=O)C2(Cl)CCC(Cl)(CC2)C(=O)N1*,335.35
*N1C(=O)[C@@H]2C[C@@H](C(=O)N1*)[C@H]1CCCC21,277.22
*N1C(=O)C2(CC(F)(F)F)CCC(CC(F)(F)F)(CC2)C(=O)N1*,353.09
*N1C(=O)C2(C3CC3)CCC(C3CC3)(C2)C(=O)N1*,416.05
*N1C(=O)C2CC(C)C[C@H]2C1=O,333.4
*N1C(=O)c2ccc(C(c3ccc(N4C(=O)c5ccc(C(F)(F)F)cc5C4=O)cc3)(C(F)(F)F)C(F)(F)F)cc2C1=O,420.675
*N1C(=O)c2ccc(C(F)(F)F)cc2C1=O.*N1C(=O)c2ccc(Oc3ccccc3)cc2C1=O,471.48
*n1c(=O)c2cc3c(=O)n(*c4ccc(C(F)(F)F)cc4C(F)(F)F)c(=O)c3cc2c1=O,420.765
*N1C(=O)c2ccc(-c3ccc(N4C(=O)c5ccc(Cc6ccc(C(F)(F)F)cc6)cc5C4=O)cc3)cc2C1=O,433.66
*N1C(=O)c2ccc(-c3cc(C(F)(F)F)ccc3Oc3ccccc3)cc2C1=O,511.98
*N1C(=O)c2ccc(-c3ccc(N4C(=O)c5ccc(C(F)(F)F)cc5C4=O)c(Oc4ccccc4)c3)cc2C1=O,528.62
*N1C(=O)c2ccc(-c3ccc(C(F)(F)F)cc3N3C(=O)c4ccccc4C3=O)cc2C1=O,593.18
*N1C(=O)c2ccc(-c3ccc(N4C(=O)c5ccc(C(F)(F)F)cc5C4=O)cc3C(F)(F)F)cc2C1=O,502.13
*c1ccccc1Oc1cccc(-n2c(=O)c3cc4c(=O)n(*)c(=O)c4cc3c2=O)c1,356.235
*c1cccc(C(=O)Cc2cccc(-n3c(=O)c4cc5c(=O)n(*)c(=O)c5cc4c3=O)c2)c1,431.85
*c1ccc2c(c1)C(=O)N(c1cccc(S(=O)(=O)c3ccc(-c4ccc5c(c4)C(=O)N(*)C5=O)cc3)c1)C2=O,508.15
*c1ccc2c(c1)C(=O)N(c1ccc(C(CF)(CF)c3ccc(-c4ccc5c(c4)C(=O)N(*)C5=O)cc3)cc1)C2=O,510.59
*n1c(=O)c2cc3c(=O)n(-c4ccc(OC(C)C)cc4)c(=O)c3cc2c1=O,351.49
*C(=O)c1ccc(C(=O)N(*)c2ccc(Oc3ccc(-c4ccc(Sc5ccc(-c6ccc(Oc7ccc8c(c7)C(=O)N(*)C8=O)cc6)cc5)cc4)cc3)cc2)cc1,323.1
*C(=O)c1ccc(C(=O)N(*)c2ccc(Oc3ccc(Sc4ccc(C(C)(C)c5ccc(Oc6ccc7c(c6)C(=O)N(*)C7=O)cc5)cc4)cc3)cc2)cc1,318.1
*N(C(=O)c1ccc(C(F)(F)F)cc1)C(=O)c1ccc(C(F)(F)c2ccc3c(c2)C(=O)N(*)C3=O)cc1,442.3
*c1ccc(Oc2ccc(-n3c(=O)c4ccc5c(=O)n(*)c(=O)c5c4c3=O)cc2)c(F)c1,477.33
*N1C(=O)c2ccc(-c3ccc(C(c4ccc(N(*)C(=O)c5ccc(-c6ccc(F)cc6)cc5)cc4)(C(F)(F)F)C(F)(F)F)cc3)cc2C1=O,426.98
*n1c(=O)c2ccc(F)cc2c(=O)n1*,480.29
*N1C(=O)c2ccc(Oc3ccc(C(c4ccc(Oc5ccc(N(*)C(=O)c6ccc(Oc7ccc(F)cc7)cc6)cc5)cc4)(C(F)(F)F)C(F)(F)F)cc3)cc2C1=O,295.94
*N1C(=O)c2ccc(-c3ccc(Oc4ccc(N(*)C(=O)c5ccc(-c6ccc(C(F)(F)F)cc6)cc5)cc4)cc3)cc2C1=O,416.33
*N1C(=O)c2ccc(-c3ccc(Oc4ccc(C(c5ccc(Oc6ccc(N(*)C(=O)c7ccc(-c8ccc(F)cc8)cc7)cc6)cc5)(C(F)(F)F)C(F)(F)F)cc4)cc3)cc2C1=O,324.7
*c1ccc(Oc2ccc(Oc3ccc(-n4c(=O)c5cc6c(=O)n(*)c(=O)c6cc5c4=O)cc3)c(C(F)(F)F)c2)cc1,367.55
*N1C(=O)c2cccc(-c3cccc(N4C(=O)c5cccc(N)c5C4=O)c3)c2C1=O,487.68
*N1C(=O)C(=O)[C@@H]2[C@@H](CC[C@H]2C(=O)N(*)[C@@H]2CC[C@@H](C(=O)O)C2)C1=O,230.68
*N1C(=O)C(=O)C2(C(C)(C)C)CC[C@H](C2)C1=O,317.07
*N1C(=O)C(=O)[C@H]2C[C@H](C(C)(C)C)C[C@H]2C1=O,264.83
*N1C(=O)C(=O)[C@@H]2C[C@@H](OC)C[C@@H]2C1=O,285.26
*N1C(=O)C(=O)[C@@H]2[C@H]3CC[C@H](C3)C[C@@H]2C1=O,298.43
*N1C(=O)C(=O)C2(CC)CC[C@@H](C2)C1=O,283.6
*N1C(=O)C(=O)[C@H]2C[C@H](F)C[C@@H]2C1=O,298.71
*N1C(=O)C(=O)C2(C(F)(F)F)CC[C@H](C2)C1=O,331.62
*N1C(=O)[C@H]2C[C@H](C)C[C@H]2C1=O,260.31
*N1C(=O)C(=O)[C@@H]2C[C@H](Cl)C[C@H]2C1=O,290.94
*N1C(=O)[C@@H]2CC(OCC)C[C@H]2C1=O,261.25
*N1C(=O)[C@H]2C[C@@H](N(C)C)C[C@H]2C1=O,276.22
*N1C(=O)C(=O)[C@H]2C[C@@H](C(=O)O)C[C@H]2C1=O,288.59
*N1C(=O)C(=O)[C@H]2C[C@H](SC)C[C@@H]2C1=O,271.03
*N1C(=O)[C@H]2CC(CC(C)C)C[C@@H]2C1=O,257.98
*N1C(=O)[C@@H]2CC(c3ccccc3)C[C@H]2C1=O,313.86
*C(=O)c1ccccc1C(=O)N1CCCC[Si](C)(C)N(*)C(=O)c2ccccc2C1=O,306.36
*CCCC[Si](C)(C)O[Si](C)(C)CCCCN(C(=O)c1ccc2c(c1)C(=O)N(*)C2=O)c1ccc2c(c1)C(=O)N(*)C2=O,288.79
*n1c(=O)c2ccccc2c(=O)n1CCCC[Si](C)(C)O[Si](C)(C)CCCCn1c(=O)c2ccccc2c(=O)n1*,219.91
*n1c(=O)c2ccccc2c(=O)n1[Si](C)(C)O[Si](C)(C)n1c(=O)c2ccccc2c(=O)n1*,371.77
*CCCC[Si](C)(C)O[Si](C)(C)CCCCN(C(=O)c1ccc(-c2ccc3c(c2)C(=O)N(*)C3=O)cc1)c1ccc2c(c1)C(=O)N(*)C2=O,293.3
*n1c(=O)c2cc3c(=O)n(CCCC[Si](C)(C)O[Si](C)(C)C)c(=O)c3cc2c1=O,222.12
*n1c(=O)c2ccccc2c(=O)n1CCCC[Si](C)(C)O[Si](C)(C)O[Si](C)(C)CCCCn1c(=O)c2ccccc2c(=O)n1*,197.15
*n1c(=O)c2ccccc2c(=O)n1[Si](C)(C)O[Si](C)(C)O[Si](C)(C)n1c(=O)c2ccccc2c(=O)n1*,333.49
*n1c(=O)c2ccccc2c(=O)n1[Si](C)(C)O[Si](C)(C)O[Si](C)(C)O[Si](C)(C)n1c(=O)c2ccccc2c(=O)n1*,311.66
*n1c(=O)c2ccccc2c(=O)n1CCCC[Si](C)(C)O[Si](C)(C)O[Si](C)(C)O[Si](C)(C)CCCCn1c(=O)c2ccccc2c(=O)n1*,188.16
*n1c(=O)c2ccccc2c(=O)n1[Si](C)(C)CCCC[Si](C)(C)n1c(=O)c2ccccc2c(=O)n1*,274.2
*n1c(=O)c2ccccc2c(=O)n1CCCC[Si](C)(C)CCCCn1c(=O)c2ccccc2c(=O)n1*,265.02
*n1c(=O)c2ccccc2c(=O)n1[Si](C)(C)O[Si](C)(C)O[Si](C)(C)O[Si](C)(C)O[Si](C)(C)n1c(=O)c2ccccc2c(=O)n1*,289.4
*n1c(=O)c2ccccc2c(=O)n1CCCC[Si](C)(C)O[Si](C)(C)O[Si](C)(C)O[Si](C)(C)O[Si](C)(C)CCCCn1c(=O)c2ccccc2c(=O)n1*,178.95
*n1c(=O)c2ccccc2c(=O)n1-c1ccc(-c2ccc(N3C(=O)c4ccccc4C3=O)cc2)cc1,507.255
*n1c(=O)c2ccccc2c(=O)n1[Si](C)(C)O[Si](C)(C)O[Si](C)(C)O[Si](C)(C)O[Si](C)(C)O[Si](C)(C)n1c(=O)c2ccccc2c(=O)n1*,270.83
*n1c(=O)c2ccccc2c(=O)n1CCCC[Si](C)(C)O[Si](C)(C)O[Si](C)(C)O[Si](C)(C)O[Si](C)(C)O[Si](C)(C)CCCCn1c(=O)c2ccccc2c(=O)n1*,174.34
*n1c(=O)c2ccccc2c(=O)n1-c1ccc(Cc2ccc(N3C(=O)c4ccccc4C3=O)cc2)cc1,509.68
*n1c(=O)c2ccccc2c(=O)n1[Si](C)(C)O[Si](C)(C)O[Si](C)(C)O[Si](C)(C)O[Si](C)(C)O[Si](C)(C)O[Si](C)(C)n1c(=O)c2ccccc2c(=O)n1*,259.97
*n1c(=O)c2ccccc2c(=O)n1CCCC[Si](C)(C)O[Si](C)(C)O[Si](C)(C)O[Si](C)(C)O[Si](C)(C)O[Si](C)(C)O[Si](C)(C)CCCCn1c(=O)c2ccccc2c(=O)n1*,168.75
*c1ccc(C2(C(F)(F)F)CCC(c3ccc(-n4c(=O)c5cc6c(=O)n(*)c(=O)c6cc5c4=O)cc3)(C(F)(F)F)C2)cc1,423.78
*n1c(=O)c2ccc3c(=O)n([Si](C)(C)O[Si](C)(C)C)c(=O)c3c2c1=O,388.73
*OCCO[Si](*)(C)C,282.51
*N(C(=O)c1ccc(Oc2ccc(-n3c(=O)c4cc5c(=O)n(*)c(=O)c5cc4c3=O)cc2)cc1)c1ccc(-c2ccccc2)cc1,426.96
*n1c(=O)c2cc3c(=O)n(-c4ccc(F)cc4)c(=O)c3cc2c1=O,390.84
*c1ccc(C(=O)Oc2ccc(N(*)C(=O)c3ccc(C(=O)Oc4ccc5c(c4)C(=O)N(*)C5=O)cc3)cc2)cc1,334.4
*c1ccc(C(=O)c2ccc(N(*)C(=O)c3ccc(C(=O)c4ccc5c(c4)C(=O)N(*)C5=O)cc3)cc2)cc1,380.26
*c1ccc(Cc2ccc(N(*)C(=O)c3ccc(Cc4ccc5c(c4)C(=O)N(*)C5=O)cc3)cc2)cc1,355.43
*c1ccc2cc(-c3ccc4c(c3)C(=O)N(*)C4=O)ccc2c1,472.28
*c1ccc(NC(=O)c2ccc(N(*)C(=O)c3ccc(NC(=O)c4ccc5c(c4)C(=O)N(*)C5=O)cc3)cc2)cc1,427.63
*c1ccc(*n2c(=O)c3ccc4c(=O)n(C(=O)c5ccc(-c6ccc(*n7c(=O)c8ccc9c(=O)n(*)c(=O)c9c8c7=O)cc6)cc5)c(=O)c4c3c2=O)cc1,418.07
*N1C(=O)c2cccc(-c3cccc(N4C(=O)c5cc(N)cc(N)c5C4=O)c3)c2C1=O,383.04
*N1C(=O)c2cccc(-c3cccc(N4C(=O)c5cc(-c6cccc(F)c6)cc(-c6cccc(F)c6)c5C4=O)c3)c2C1=O,482.53
*N1C(=O)c2cccc(-c3cccc(N4C(=O)c5cc(-c6ccc(F)cc6)cc(-c6ccc(F)cc6)c5C4=O)c3)c2C1=O,476.72
*N1C(=O)c2cccc(-c3cccc(N4C(=O)c5cc(-c6ccc(OC)cc6)cc(-c6ccc(OC)cc6)c5C4=O)c3)c2C1=O,456.59
*N1C(=O)c2cccc(-c3cccc(N4C(=O)c5cc(-c6ccc(C)cc6)cc(-c6ccc(C)cc6)c5C4=O)c3)c2C1=O,514.01
*N1C(=O)c2cccc(-c3cccc(N4C(=O)c5cc(-c6ccc(Cl)cc6)cc(-c6ccc(Cl)cc6)c5C4=O)c3)c2C1=O,423.6
*N1C(=O)c2cccc(-c3cccc(N4C(=O)c5cc(-c6cccc(OC)c6)cc(-c6cccc(OC)c6)c5C4=O)c3)c2C1=O,421.29
*N1C(=O)c2cccc(-c3cccc(N4C(=O)c5cc(-c6cccc(C)c6)cc(-c6cccc(C)c6)c5C4=O)c3)c2C1=O,506.04
*N1C(=O)c2cccc(-c3cccc(N4C(=O)c5cc(-c6cccc(Cl)c6)cc(-c6cccc(Cl)c6)c5C4=O)c3)c2C1=O,412.87
*N1C(=O)c2cccc(-c3cccc(N4C(=O)c5cc(-c6cccc(F)c6F)cc(-c6cccc(F)c6F)c5C4=O)c3)c2C1=O,463.95
*N1C(=O)c2cccc(-c3cccc(N4C(=O)c5cc(-c6cccc(C(F)(F)F)c6)cc(-c6cccc(C(F)(F)F)c6)c5C4=O)c3)c2C1=O,455.18
*c1ccc2c(c1)C(=O)N(C(=O)c1ccc(F)c(C(F)(F)c3ccc4c(c3)C(=O)N(*)C4=O)c1)C2=O,444.43
*N1C(=O)c2ccc(-c3ccc4c(c3)C(=O)N(c3ccc(C(F)(F)F)c(C(F)(F)F)c3)C4=O)cc2C1=O,498.41
*N1C(=O)c2ccccc2C1=O.*N1C(=O)c2ccccc2C1=O.*[Si](C)(C)CCCC[Si](*)(C)C,285.7
CCCC[Si](C)(C)O[Si](C)(C)CCCCn1c(=O)c2ccc3c(c(=O)n3C(=O)c3ccccc3)c2c1=O,281.3
*N1C(=O)c2ccc(Oc3ccc(N4C(=O)c5ccccc5C4=O)cc3)cc2C1=O.*N1C(=O)c2ccccc2C1=O.*[Si](C)(C)O[Si](*)(C)C,321.41
C[Si](C)(C)CCCCN1C(=O)c2ccc(Oc3ccc(N4C(=O)c5ccccc5C4=O)cc3)cc2C1=O,250.31
CCCC[Si](C)(C)O[Si](C)(C)O[Si](C)(C)CCCCn1c(=O)c2ccc3c(=O)[nH]c(=O)c3c2c1=O,238.97
*N1C(=O)c2ccc(-c3ccc(N4C(=O)c5ccccc5C4=O)cc3)cc2C1=O.*N1C(=O)c2ccccc2C1=O.*[Si](C)(C)O[Si](*)(C)C,402.07
*N1C(=O)c2ccccc2C1=O.*N1C(=O)c2ccccc2C1=O.*[Si](C)(C)O[Si](C)(C)O[Si](C)(C)O[Si](C)(C)O[Si](*)(C)C,312.74
*N1C(=O)c2ccc(Sc3ccc(N4C(=O)c5ccccc5C4=O)cc3)cc2C1=O,445.215
*n1c(=O)c2cc3c(=O)n(-c4ccc(Cc5ccccc5)cc4)c(=O)c3cc2c1=O,556.4
*n1c(=O)c2cc3c(=O)n(-c4ccc(C(=O)c5ccccc5)cc4)c(=O)c3cc2c1=O,629.14
*N1C(=O)c2ccc(-c3ccc(C(=O)c4ccc(N5C(=O)c6ccccc6C5=O)cc4)cc3)cc2C1=O,572.76
*n1c(=O)c2cc3c(=O)n(-c4ccc(-c5ccccc5)cc4)c(=O)c3cc2c1=O,441.9
*n1c(=O)c2cc3c(=O)n(-c4ccc(C(=O)Oc5ccccc5)cc4)c(=O)c3cc2c1=O,577.36
*n1c(=O)c2cc3c(=O)n(-c4ccc(NC(=O)c5ccccc5)cc4)c(=O)c3cc2c1=O,672.73
*N1C(=O)c2ccc(-c3ccc(C(CF)(CF)CF)cc3)cc2C1=O,509.14
*n1c(=O)c2cc3c(=O)n(-c4ccc(C(=O)NCCCC)cc4)c(=O)c3cc2c1=O,471.74
*C(=O)Cc1ccc2c(c1)C(=O)N(*)C2=O,402.62
*N1C(=O)c2cccc(-c3cccc(N4C(=O)c5ccc(OC6CCCCC6)cc5C4=O)c3)c2C1=O,415.95
*c1cccc(-c2cc(*)c3c(c2)C(=O)N(c2cccc(-c4cccc5c4C(=O)N(*)C5=O)c2)C3=O)c1,477.32
*c1ccc(C(c2ccc(*n3c(=O)c4ccc5c(=O)n(*)c(=O)c5c4c3=O)cc2)(C(F)(F)F)C(F)(F)F)cc1,390.255
*C(=O)c1cc2c3c(cc(C(F)(F)F)cc3c1)C(=O)N2*,506.08
*c1ccc(Oc2ccc(Oc3ccc(*n4c(=O)c5cc6c(=O)n(*)c(=O)c6cc5c4=O)cc3)c(C(F)(F)F)c2)cc1,344.46
*c1ccc(N2C(=O)c3ccccc3C2=O)cc1C(F)(F)F,505.61
*N1C(=O)c2ccc(C(=O)c3ccc(N4C(=O)c5ccc(C(F)(F)F)cc5C4=O)cc3)cc2C1=O,509.44
*N1C(=O)c2ccc(-c3ccc(N4C(=O)c5ccc(Sc6ccc(C(F)(F)F)cc6)cc5C4=O)cc3)cc2C1=O,484.21
*N1C(=O)c2ccc(-c3ccc(N4C(=O)c5ccc(C(C)(C)c6ccc(C(F)(F)F)cc6)cc5C4=O)cc3)cc2C1=O,502.21
*N1C(=O)c2ccc(-c3ccc(N4C(=O)c5ccc(CC(F)(F)F)cc5C4=O)cc3)cc2C1=O,477.51
*N1C(=O)c2ccc(-c3ccc(N4C(=O)c5ccc(C(F)(F)F)c(C(F)(F)F)c5C4=O)cc3)cc2C1=O,534.78
*c1ccc(N(*)C(=O)c2cccc(-c3ccc4c(c3)C(=O)N(*)C4=O)c2)cc1,495.78
*N1C(=O)c2ccc(-c3cccc(-n4c(=O)c5ccc6c(=O)n(*)c(=O)c6c5c4=O)c3)cc2C1=O,455.435
*N1C(=O)c2ccc(-c3cccc(Oc4ccc(N5C(=O)c6ccccc6C5=O)cc4)c3)cc2C1=O,493.67
*N1C(=O)c2ccc(-c3cccc(Oc4ccc(-n5c(=O)c6ccc7c(=O)n(*)c(=O)c7c6c5=O)cc4)c3)cc2C1=O,459.58
*N1C(=O)c2ccc(-c3ccc(Sc4ccc(N5C(=O)c6ccccc6C5=O)cc4)cc3)cc2C1=O,412.58
*N1C(=O)c2ccc(-c3cccc(C(=O)c4ccc(-n5c(=O)c6ccc7c(=O)n(*)c(=O)c7c6c5=O)cc4)c3)cc2C1=O,505.03
*N1C(=O)c2ccc(-c3cccc(S(=O)(=O)c4ccc(N5C(=O)c6ccccc6C5=O)cc4)c3)cc2C1=O,563.27
*N1C(=O)c2ccc(-c3ccc(Oc4cccc(-n5c(=O)c6ccc7c(=O)n(*)c(=O)c7c6c5=O)c4)cc3)cc2C1=O,466.78
*N1C(=O)c2ccc(-c3ccc(N(C)c4ccc(N5C(=O)c6ccccc6C5=O)cc4)cc3)cc2C1=O,595.86
*c1ccc2c(c1)C(=O)N(c1ccc(-c3ccc4c(c3)C(=O)N(c3ccc5c(c3)C(=O)N(*)C5=O)C4=O)cc1)C2=O,500.58
*n1c(=O)c2cc3c(=O)n(-c4ccc(C)cc4)c(=O)c3cc2c1=O,436.255
*n1c(=O)c2cc3c(=O)n(-c4ccc(CC)cc4)c(=O)c3cc2c1=O,495.475
*n1c(=O)c2cc3c(=O)n(-c4ccc(-c5cc(C(F)(F)F)cc(C(F)(F)F)c5)cc4)c(=O)c3cc2c1=O,395.495
*N1C(=O)c2ccc(-c3ccc(-c4ccc(F)cc4)cc3)cc2C1=O,480.94
*n1c(=O)c2cc3c(=O)n(-c4ccc(-c5ccc(F)c(F)c5)cc4)c(=O)c3cc2c1=O,572.59
*N1C(=O)C(=O)[C@H]2C[C@H](C1=O)[C@@H](C)C2,254.48
*N1C(=O)[C@H]2C[C@H](C(=O)N(*)C1=O)[C@H]1C[C@H]2C1,290.74
*NC1CCC2(C1)C(=O)N(*)C2=O,373.17
*N1C(=O)C(=O)C2(CCC(C(F)(F)F)C2)C1=O,425.03
*N1C(=O)[C@H]2C[C@@H](C(=O)N(*)C1=O)[C@H]1C[C@H]2C1,295.86
*N1C(=O)C(=O)C2(CCC(OC)C2)C1=O,383.0
*N1C(=O)[C@@H]2C[C@@H](C(=O)N1*)[C@H]1C[C@@H]2C1,297.685
*N1C(=O)C(=O)C2(CCC(C(C)(C)C)CC2)C1=O,386.15
*N1C(=O)C(=O)C2(CCC(C)(C)C2)C1=O,400.98
*N1C(=O)[C@H]2C[C@@H](C(=O)N1*)[C@H]1C[C@H]2C1,298.59
*N1C(=O)C(=O)C2(CCC(Cl)C2)C1=O,353.03
*N1C(=O)c2cccc(-c3cccc(N4C(=O)c5cccc(-c6ccc(C(C)(C)C)cc6)c5C4=O)c3)c2C1=O,528.66
*N1C(=O)c2cccc(-c3cccc(N4C(=O)c5cccc(-c6ccc(B(O)O)cc6)c5C4=O)c3)c2C1=O,473.71
*c1ccc2c(c1)C(=O)N(C(=O)c1ccc(C3(c4ccc5c(c4)C(=O)N(*)C5=O)c4ccccc43)cc1)C2=O,468.03
*c1ccc2c(c1)C(=O)N(C(=O)c1ccc(-c3cc4c(cc3-c3ccc5c(c3)C(=O)N(*)C5=O)C4(c3ccccc3)c3ccccc3)cc1)C2=O,596.71
*c1ccc2c(c1)C(=O)N(C1CC3CC4(CCC(c5ccc(-c6ccc7c(c6)C(=O)N(*)C7=O)cc5)(C3)C4)C1)C2=O,423.11
*C1CC2CC3(CCC(n4c(=O)c5ccc6c(=O)n(*)c(=O)c6c5c4=O)(C2)C3)C1,439.83
*c1ccc2c(c1)C(=O)N(C(=O)c1ccc(-c3ccc4c(c3)C(=O)N(C3CC5CC6(*)CCC(C5)(C3)C6)C4=O)cc1)C2=O,417.57
*c1ccc2c(c1)C(=O)N(C(=O)c1ccc(C3=Cc4ccc(-c5ccc6c(c5)C(=O)N(*)C6=O)cc43)cc1)C2=O,463.78
*c1ccc(C(=O)N(c2ccc3c(c2)C(=O)N(*)C3=O)c2ccc3c(c2)C2(c4ccccc4-3)c3ccccc32)cc1,547.48
*c1ccc2c(c1)C(=O)N(C(=O)c1ccc(C3CC4CC5(CCC(c6ccc(-c7ccc8c(c7)C(=O)N(*)C8=O)cc6)(C4)C5)C3)cc1)C2=O,388.57
*N1C(=O)c2ccc(-c3ccc4c(ccc5ccccc54)c3)cc2C1=O,565.67
*N1C(=O)c2ccc(-c3ccc(-c4ccc5c(c4)-c4ccccc4C54c5ccccc54)cc3)cc2C1=O,446.635
*N1C(=O)c2ccc(-c3ccc(-c4ccc5ccccc5c4)cc3)cc2C1=O,547.76
*c1ccc2c(c1)C(=O)N(C1CC3CC4(CCC(c5ccc(-c6ccc(-c7ccc8c(c7)C(=O)N(*)C8=O)cc6)cc5)(C3)C4)C1)C2=O,406.41
*N1C(=O)c2ccc(-c3ccc(-c4ccc(-c5ccc6c(c5)-c5ccccc5C65c6ccccc65)cc4)cc3)cc2C1=O,497.36
*N1C(=O)c2ccc(-c3ccc(-c4ccc(-c5ccc6ccccc6c5)cc4)cc3)cc2C1=O,500.81
*N1C(=O)c2ccc(-c3ccc(-c4ccc(-c5ccc6c(c5)C(=O)c5ccccc5C6=O)cc4)cc3)cc2C1=O,533.82
*c1ccc2c(c1)C(=O)N(C(=O)c1ccc(N(*)C(=O)c3ccc4c(c3)C(=O)N(*)C4=O)cc1)C2=O,450.13
CCCC[Si](C)(C)O[Si](C)(C)CCCCN1C(=O)c2ccc(-c3ccc(N4C(=O)c5ccccc5C4=O)cc3)cc2C1=O,264.51
CCCC[Si](C)(C)O[Si](C)(C)CCCCN1C(=O)c2ccc(Oc3ccc(N4C(=O)c5ccccc5C4=O)cc3)cc2C1=O,206.33
CCCC[Si](C)(C)O[Si](C)(C)CCCCN1C(=O)c2ccc(C(F)(F)c3ccc(N4C(=O)c5ccccc5C4=O)cc3)cc2C1=O,258.8
CCCC[Si](C)(C)O[Si](C)(C)CCCCn1c(=O)c2ccc3c(=O)c4ccccc4c(=O)c3c2c1=O,289.37
CCCC[Si](C)(C)O[Si](C)(C)CCCCN1C(=O)c2ccc(Cc3ccc(N4C(=O)c5ccccc5C4=O)cc3)cc2C1=O,213.29
CCCC[Si](C)(C)O[Si](C)(C)CCCCN1C(=O)c2ccc(-c3ccc(N4C(=O)c5ccc(C(F)(F)F)cc5C4=O)cc3)cc2C1=O,235.83
C[Si](C)(CCCCN1C(=O)c2ccccc2C1=O)O[Si](C)(C)O[Si](C)(C)O[Si](C)(C)O[Si](C)(C)O[Si](C)(C)O[Si](C)(C)O[Si](C)(C)O[Si](C)(C)O[Si](C)(C)O[Si](C)(C)O[Si](C)(C)CCCCN1C(=O)c2ccccc2C1=O,145.45
C[Si](C)(CCCCN1C(=O)c2ccccc2C1=O)O[Si](C)(C)O[Si](C)(C)O[Si](C)(C)O[Si](C)(C)O[Si](C)(C)O[Si](C)(C)O[Si](C)(C)O[Si](C)(C)O[Si](C)(C)O[Si](C)(C)O[Si](C)(C)O[Si](C)(C)O[Si](C)(C)O[Si](C)(C)O[Si](C)(C)CCCCN1C(=O)c2ccccc2C1=O,140.53
C[Si](C)(CCCCN1C(=O)c2ccccc2C1=O)O[Si](C)(C)O[Si](C)(C)O[Si](C)(C)O[Si](C)(C)O[Si](C)(C)O[Si](C)(C)O[Si](C)(C)O[Si](C)(C)O[Si](C)(C)O[Si](C)(C)O[Si](C)(C)O[Si](C)(C)O[Si](C)(C)O[Si](C)(C)O[Si](C)(C)O[Si](C)(C)O[Si](C)(C)O[Si](C)(C)O[Si](C)(C)CCCCN1C(=O)c2ccccc2C1=O,125.05
C[Si](C)(CCCCN1C(=O)c2ccccc2C1=O)O[Si](C)(C)O[Si](C)(C)O[Si](C)(C)O[Si](C)(C)O[Si](C)(C)O[Si](C)(C)O[Si](C)(C)O[Si](C)(C)O[Si](C)(C)O[Si](C)(C)O[Si](C)(C)O[Si](C)(C)O[Si](C)(C)O[Si](C)(C)O[Si](C)(C)O[Si](C)(C)O[Si](C)(C)O[Si](C)(C)O[Si](C)(C)O[Si](C)(C)O[Si](C)(C)CCCCN1C(=O)c2ccccc2C1=O,116.84
CCCC[Si](C)(C)O[Si](C)(C)O[Si](C)(C)O[Si](C)(C)O[Si](C)(C)CCCCN1C(=O)c2ccc(-c3ccc(N4C(=O)c5ccccc5C4=O)cc3)cc2C1=O,219.87
CCCC[Si](C)(C)O[Si](C)(C)O[Si](C)(C)O[Si](C)(C)O[Si](C)(C)O[Si](C)(C)O[Si](C)(C)CCCCN1C(=O)c2ccc(-c3ccc(N4C(=O)c5ccccc5C4=O)cc3)cc2C1=O,203.21
CCCC[Si](C)(C)O[Si](C)(C)O[Si](C)(C)O[Si](C)(C)O[Si](C)(C)O[Si](C)(C)O[Si](C)(C)O[Si](C)(C)O[Si](C)(C)CCCCN1C(=O)c2ccc(-c3ccc(N4C(=O)c5ccccc5C4=O)cc3)cc2C1=O,181.01
CCCC[Si](C)(C)O[Si](C)(C)O[Si](C)(C)O[Si](C)(C)O[Si](C)(C)O[Si](C)(C)O[Si](C)(C)O[Si](C)(C)O[Si](C)(C)O[Si](C)(C)O[Si](C)(C)CCCCN1C(=O)c2ccc(-c3ccc(N4C(=O)c5ccccc5C4=O)cc3)cc2C1=O,186.43
CCCC[Si](C)(C)O[Si](C)(C)O[Si](C)(C)O[Si](C)(C)O[Si](C)(C)O[Si](C)(C)O[Si](C)(C)O[Si](C)(C)O[Si](C)(C)O[Si](C)(C)O[Si](C)(C)O[Si](C)(C)O[Si](C)(C)CCCCN1C(=O)c2ccc(-c3ccc(N4C(=O)c5ccccc5C4=O)cc3)cc2C1=O,167.12
C[Si](C)(CCCCN1C(=O)c2ccccc2C1=O)O[Si](C)(C)O[Si](C)(C)O[Si](C)(C)O[Si](C)(C)O[Si](C)(C)O[Si](C)(C)O[Si](C)(C)O[Si](C)(C)O[Si](C)(C)O[Si](C)(C)O[Si](C)(C)O[Si](C)(C)O[Si](C)(C)O[Si](C)(C)O[Si](C)(C)O[Si](C)(C)O[Si](C)(C)O[Si](C)(C)O[Si](C)(C)O[Si](C)(C)O[Si](C)(C)O[Si](C)(C)O[Si](C)(C)O[Si](C)(C)O[Si](C)(C)CCCCN1C(=O)c2ccccc2C1=O,105.4
*c1cccc2c1C(=O)N(c1cc(N)cc(-c3cccc(-c4cccc5c4C(=O)N(*)C5=O)c3)c1)C2=O,419.55
*c1cccc2c1C(=O)N(c1cc(-c3cccc(-c4cccc5c4C(=O)N(*)C5=O)c3)cc(S(N)(=O)=O)c1)C2=O,405.98
*n1c(=O)c2ccc3c(=O)n(-c4ccc(C(C)(C)c5ccc(C(F)(F)F)cc5)cc4)c(=O)c3c2c1=O,519.62
*N(*)C(=O)C1CC2CC(C1)C1C(=O)N(*)C(=O)C1C2,370.59
*N1C(=O)C2(CCC(OC)CC2)C(=O)N1*,330.03
*N1C(=O)C2(CCC(Cc3ccccc3)C2)C(=O)N1*,401.05
*N1C(=O)C2CC(C(=O)O)C[C@H]2C1=O,344.71
*N1C(=O)C2(CCC2(C)C)C(=O)N1*,371.93
*N1C(=O)C2(CCC(N)C2)C(=O)N1*,343.28
*N1C(=O)C2(CCC(S)C2)C(=O)N1*,343.33
*N1C(=O)C2(CCC(CC(C)C)C2)C(=O)N1*,357.45
*N1C(=O)c2ccc(-c3ccc(C(=O)N4C(=O)c5ccc(Oc6ccc7c(c6)C6(c8ccccc8-7)c7ccccc76)cc5C4=O)cc3)cc2C1=O,486.53
*C1CC2CC(C1)CC(C1CC3CC(CC(C(=O)c4ccc5c(c4)C(=O)N(*)C5=O)C3)C1)C2,406.45
*N1C(=O)c2ccc(C34CC5CC(CC(*)(C5)C3)C4)cc2C1=O,451.29
*N1C(=O)c2cc3c(cc2C1=O)C12CC4CC(CC(*)(CC(=O)N1C3=O)C4)C2,466.77
*N1C(=O)c2ccc(-c3ccc(C(=O)N4C(=O)c5ccc(-c6ccc7c(c6)C6(c8ccccc8-7)c7ccccc76)cc5C4=O)cc3)cc2C1=O,536.55
*C1CC(*)(*)CC2(C1)c1ccccc1-c1ccc(-c3ccc4c(c3)C(=O)N(*)C4=O)cc12,527.27
*N1C(=O)c2ccc(C(C)(c3ccc4c(c3)C3(c5ccccc5-4)c4ccccc43)c3ccc4c(c3)C3(c5ccccc5-4)c4ccccc43)cc2C1=O,489.7
*c1ccc2c(c1)C(=O)N(C1(c3ccc4c(c3)C(=O)N(*)C4=O)C3CC4CC(C3)CC1C4)C2=O,466.73
*c1ccc2c(c1)C(=O)N(C1CC3CC4(C1)CC(c1ccc(-c5ccc6c(c5)C(=O)N(*)C6=O)cc1)(C3)C4)C2=O,452.21
*N1C(=O)c2ccc(S(=O)(=O)c3ccc4c(c3)C3(c5ccccc5-4)c4ccccc43)cc2C1=O,562.69
*N1C(=O)c2ccc(-c3cc4c(cc3-c3ccc5c(c3)C3(c6ccccc6-5)c5ccccc53)C3(c5ccccc5-4)c4ccccc43)cc2C1=O,532.73
*c1ccc2c(c1)C(=O)N(c1ccc(-c3ccc4c(c3)C(=O)N(*)C4=O)cc1-c1ccc3c(c1)C1(c4ccccc4-3)c3ccccc31)C2=O,458.995
*n1c(=O)c2cc3c(=O)n(-c4ccc(C5CC6CC7(C5)CC(c5ccc(-n8c(=O)c9cc%10c(=O)n(*)c(=O)c%10cc9c8=O)cc5)(C6)C7)cc4)c(=O)c3cc2c1=O,438.17
*c1ccc2c(c1)C(=O)N(c1ccc(C3CC4CC5(C3)CC(c3ccc(-c6ccc7c(c6)C(=O)N(*)C7=O)cc3)(C4)C5)cc1)C2=O,432.35
*c1ccc2c(c1)C(=O)N(c1ccc(OC3CC4CC5(C3)CC(c3ccc(Oc6ccc7c(c6)C(=O)N(*)C7=O)cc3)(C4)C5)cc1)C2=O,334.34
*n1c(=O)c2ccc3c(=O)n(-c4ccc(C5CC6CC7(C5)CC(c5ccc(-n8c(=O)c9ccc%10c(=O)n(*)c(=O)c%10c9c8=O)cc5)(C6)C7)cc4)c(=O)c3c2c1=O,437.61
*c1ccc2c(c1)C(=O)N(c1ccc(-c3cc4c(cc3-c3ccc5c(c3)C(=O)N(*)C5=O)-c3ccccc3C43c4ccccc43)cc1)C2=O,592.47
*c1ccc2c(c1)C(=O)N(C1CC3CC4(C1)CC(c1ccc(-c5ccc(-c6ccc7c(c6)C(=O)N(*)C7=O)cc5)cc1)(C3)C4)C2=O,437.14
*c1ccc2c(c1)C(=O)N(c1ccc(-c3cc4c(cc3-c3ccc(-c5ccc6c(c5)C(=O)N(*)C6=O)cc3)-c3ccccc3C43c4ccccc43)cc1)C2=O,559.81
*N1C(=O)c2ccc(-c3ccc(-c4ccc(S(=O)(=O)c5ccc6c(c5)C5(c7ccccc7-6)c6ccccc65)cc4)cc3)cc2C1=O,532.02
*N1C(=O)c2ccc(-c3ccc(-c4ccc(Oc5ccc6c(c5)C5(c7ccccc7-6)c6ccccc65)cc4)cc3)cc2C1=O,453.52
*c1ccc2c(c1)C(=O)N(C1CC3CC4(C1)CC(c1ccc(-c5ccc(-c6ccc(-c7ccc8c(c7)C(=O)N(*)C8=O)cc6)cc5)cc1)(C3)C4)C2=O,415.51
*C(=O)c1ccccc1C(=O)N(*)c1ccc(C(c2ccc3c(c2)C(=O)N(*)C3=O)(C(F)(F)F)C(F)(F)F)cc1,485.2
*Nc1ccc(-c2ccc3c(c2)C(=O)N(*)C3=O)c(C(F)(F)F)c1,499.54
*c1ccc(N(c2ccc(*n3c(=O)c4cc5c(=O)n(*)c(=O)c5cc4c3=O)cc2)c2ccc(C(F)(F)F)cc2)cc1,379.035
*N1C(=O)c2cccc(-c3cccc(-c4cccc(C(F)(F)F)c4)c3)c2C1=O,520.79
*N1C(=O)c2ccc(Oc3ccc(Oc4ccc5c(c4)C4(c6ccccc6-5)c5ccccc54)cc3)cc2C1=O,370.605
*N1C(=O)c2ccc(-c3ccc(OC(F)(F)c4ccc5c(c4)C4(c6ccccc6-5)c5ccccc54)cc3)cc2C1=O,534.36
*N1C(=O)c2ccc(-c3ccc(SC4(c5ccccc5)c5ccccc54)cc3)cc2C1=O,543.08
*N1C(=O)c2ccc(-c3ccc(N(C)c4ccc5c(c4)C4(c6ccccc6-5)c5ccccc54)cc3)cc2C1=O,569.35
*N1C(=O)c2ccc(-c3ccc(-c4ccc(C(=O)N(*)c5ccc6c(c5)C(=O)N(*)C6=O)cc4)cc3)cc2C1=O,449.29
*N1C(=O)c2ccc(-c3ccc(-c4ccc5c(c4)C4(c6ccccc6-5)c5ccc(C(F)(F)F)cc54)cc3)cc2C1=O,542.12
*N1C(=O)c2ccc(-c3ccc(-c4ccc5c(c4)C4(c6ccccc6-5)c5ccc(F)cc54)cc3)cc2C1=O,535.45
*N1C(=O)c2ccc(-c3ccc(-c4ccc5c(c4)C4(c6ccccc6-5)c5ccc(OC)cc54)cc3)cc2C1=O,484.89
*N1C(=O)c2ccc(-c3ccc(-c4ccc5c(c4)C4(c6ccccc6-5)c5ccc(N(C)C)cc54)cc3)cc2C1=O,547.53
*N1C(=O)c2ccc(-c3ccc(-c4ccc5c(c4)C4(c6ccccc6-5)c5ccc(C(C)(C)C)cc54)cc3)cc2C1=O,514.85
*c1ccc2c(c1)C21c2ccccc2-c2ccc(-c3ccc(-c4ccc5c(c4)C(=O)N(*)C5=O)cc3)cc21,523.98
*N1C(=O)c2ccc(-c3ccc(-c4ccc5c(c4)C4(c6ccccc6-5)c5ccc(Oc6ccccc6)cc54)cc3)cc2C1=O,461.75
*c1ccc(C(=O)N(*)C(=O)c2ccc3c(c2)C(=O)N(*)C3=O)cc1,422.11
*c1ccc(*n2c(=O)c3ccc4c(=O)n(-c5ccc(Cc6ccc(*n7c(=O)c8ccc9c(=O)n(*)c(=O)c9c8c7=O)cc6)cc5)c(=O)c4c3c2=O)cc1,405.74
*n1c(=O)c2ccc3c(=O)n(*c4ccc(C(C)(F)CF)cc4)c(=O)c3c2c1=O,531.43
O=C1c2ccccc2C(=O)N1c1ccc2c(c1)C1(c3ccccc3-2)c2ccccc2C1(c1ccccc1)c1ccccc1,522.92
O=C1c2ccccc2C(=O)N1c1ccc2c(c1)C1(c3ccccc3-2)c2ccccc21,452.98
*N1C(=O)c2ccc3c(c2C1=O)C1(c2ccccc2)CC2CC(C3)CC(C2)C1,475.41
*n1c(=O)c2cc3c4ccc5c(=O)n(*)c(=O)c5c4c3cc2c1=O,537.53
*N1C(=O)c2ccc3c(c2C1=O)C1(c2ccccc2-3)c2ccccc21.*c1ccc(Oc2ccc3c(c2)C(=O)N(*)C3=O)cc1,487.055
*N1C(=O)c2ccc3c(c2C1=O)C1(c2ccccc2-3)c2ccccc21.*c1ccc(-c2ccc3c(c2)C(=O)N(*)C3=O)cc1,557.51
*N1C(=O)c2cc(C(F)(F)F)cc(C(F)(F)F)c2C1=O.*N1C(=O)c2ccc3c(c2C1=O)C1(c2ccccc2-3)c2ccccc21,566.69
*N1C(=O)c2ccc3c(c2C1=O)C1(c2ccccc2-3)c2ccccc21.*c1ccc(C(C)(C)c2ccc3c(c2)C(=O)N(*)C3=O)cc1,525.59
*N1C(=O)c2ccc(-c3ccc(N4C(=O)c5ccc6c(c5C4=O)C4(c5ccccc5-6)c5ccccc54)cc3)cc2C1=O.*N1C(=O)c2ccc3c(c2C1=O)C1(c2ccccc2-3)c2ccccc21,438.8
*N1C(=O)c2ccc3c(c2C1=O)C1(c2ccccc2-3)c2ccccc21.*c1ccc(S(=O)(=O)c2ccc3c(c2)C(=O)N(*)C3=O)cc1,531.03
*N1C(=O)c2ccc3c(c2C1=O)C1(c2ccccc2-3)c2ccccc21.*c1ccc(C(C)(C)c2ccc(-c3ccc4c(c3)C(=O)N(*)C4=O)cc2)cc1,481.22
*N1C(=O)c2ccc3c(c2C1=O)C1(c2ccccc2-3)c2ccccc21.*c1ccc(Oc2ccc(-c3ccc4c(c3)C(=O)N(*)C4=O)cc2)cc1,493.33
*N1C(=O)c2ccc3c(c2C1=O)C1(c2ccccc2-3)c2ccccc21.*c1ccc(-c2ccc(-c3ccc4c(c3)C(=O)N(*)C4=O)cc2)cc1,497.08
*N1C(=O)c2ccc(C(F)(F)F)cc2C1=O.*N1C(=O)c2ccc3c(c2C1=O)C1(c2ccccc2-3)c2ccccc21,589.66
*N1C(=O)c2ccc3c(c2C1=O)C1(c2ccccc2-3)c2ccccc21.*c1ccc(S(=O)(=O)c2ccc(-c3ccc4c(c3)C(=O)N(*)C4=O)cc2)cc1,490.17
*N1C(=O)c2ccc3c(c2C1=O)C1(c2ccccc2-3)c2ccccc21.*c1ccc(C(=O)c2ccc(-c3ccc4c(c3)C(=O)N(*)C4=O)cc2)cc1,487.53
*N1C(=O)c2ccc(-c3ccc(-c4ccc(N5C(=O)c6ccc7c(c6C5=O)C5(c6ccccc6-7)c6ccccc65)cc4)cc3)cc2C1=O.*N1C(=O)c2ccc3c(c2C1=O)C1(c2ccccc2-3)c2ccccc21,415.96
*N1C(=O)c2ccc3c(c2C1=O)C1(c2ccccc2-3)c2ccccc21.*c1ccc(C(c2ccccc2)(c2ccccc2)c2ccc(-c3ccc4c(c3)C(=O)N(*)C4=O)cc2)cc1,448.81
*N1C(=O)c2ccc(-c3ccc(N(*)C(=O)c4ccccc4)cc3)cc2C1=O.*N1C(=O)c2ccc3c(c2C1=O)C1(c2ccccc2-3)c2ccccc21,494.11
*N1C(=O)c2ccc3c(c2C1=O)C1(c2ccccc2-3)c2ccccc21.*c1ccc(C(C)(C)c2ccc(-c3ccc(-c4ccc5c(c4)C(=O)N(*)C5=O)cc3)cc2)cc1,433.95
*N1C(=O)c2ccc3c(c2C1=O)C1(c2ccccc2-3)c2ccccc21.*c1ccc(Oc2ccc(-c3ccc(-c4ccc5c(c4)C(=O)N(*)C5=O)cc3)cc2)cc1,427.69
*N1C(=O)c2ccc3c(c2C1=O)C1(c2ccccc2-3)c2ccccc21.*c1ccc(S(=O)(=O)c2ccc(-c3ccc(-c4ccc5c(c4)C(=O)N(*)C5=O)cc3)cc2)cc1,437.9
*N1C(=O)c2ccc3c(c2C1=O)C1(c2ccccc2-3)c2ccccc21.*c1ccc(C(=O)c2ccc(-c3ccc(-c4ccc5c(c4)C(=O)N(*)C5=O)cc3)cc2)cc1,429.68
*N1C(=O)c2ccc(-c3ccc(-c4ccc(C(F)(F)F)cc4)cc3)cc2C1=O.*N1C(=O)c2ccc3c(c2C1=O)C1(c2ccccc2-3)c2ccccc21,533.67
*N1C(=O)c2ccc(-c3ccc(-c4ccc(C(C)(C)C)cc4)cc3)cc2C1=O.*N1C(=O)c2ccc3c(c2C1=O)C1(c2ccccc2-3)c2ccccc21,492.97
*N1C(=O)c2ccc(-c3ccc(-c4ccc(OC)cc4)cc3)cc2C1=O.*N1C(=O)c2ccc3c(c2C1=O)C1(c2ccccc2-3)c2ccccc21,468.26
*N1C(=O)c2ccc(-c3ccc(-c4ccc(F)cc4)cc3)cc2C1=O.*N1C(=O)c2ccc3c(c2C1=O)C1(c2ccccc2-3)c2ccccc21,501.87
*N1C(=O)c2ccc(-c3ccc(-c4ccc(Cl)cc4)cc3)cc2C1=O.*N1C(=O)c2ccc3c(c2C1=O)C1(c2ccccc2-3)c2ccccc21,449.98
*N1C(=O)c2ccc(-c3ccc(-c4ccc(Br)cc4)cc3)cc2C1=O.*N1C(=O)c2ccc3c(c2C1=O)C1(c2ccccc2-3)c2ccccc21,505.75
*N1C(=O)c2ccc(-c3ccc(-c4ccc(N)cc4)cc3)cc2C1=O.*N1C(=O)c2ccc3c(c2C1=O)C1(c2ccccc2-3)c2ccccc21,486.44
*N1C(=O)c2ccc(-c3ccc(-c4ccc(NO)cc4)cc3)cc2C1=O.*N1C(=O)c2ccc3c(c2C1=O)C1(c2ccccc2-3)c2ccccc21,488.26
*N1C(=O)c2ccc(-c3ccc(-c4ccc(NC)cc4)cc3)cc2C1=O.*N1C(=O)c2ccc3c(c2C1=O)C1(c2ccccc2-3)c2ccccc21,468.5
*N1C(=O)c2ccc(-c3ccc(-c4ccc(NCC)cc4)cc3)cc2C1=O.*N1C(=O)c2ccc3c(c2C1=O)C1(c2ccccc2-3)c2ccccc21,514.81
*N1C(=O)c2ccc(-c3ccc(-c4ccc(NCCC)cc4)cc3)cc2C1=O.*N1C(=O)c2ccc3c(c2C1=O)C1(c2ccccc2-3)c2ccccc21,500.03
*N1C(=O)c2ccc(-c3ccc(-c4ccc(NCCCC)cc4)cc3)cc2C1=O.*N1C(=O)c2ccc3c(c2C1=O)C1(c2ccccc2-3)c2ccccc21,494.69
*N1C(=O)c2ccc(-c3ccc(-c4ccc(NCCCCC)cc4)cc3)cc2C1=O.*N1C(=O)c2ccc3c(c2C1=O)C1(c2ccccc2-3)c2ccccc21,484.7
*N1C(=O)c2ccc(-c3ccc(-c4ccc(NCCCCCC)cc4)cc3)cc2C1=O.*N1C(=O)c2ccc3c(c2C1=O)C1(c2ccccc2-3)c2ccccc21,478.75
*N1C(=O)c2ccc(-c3ccc(-c4ccc(NCCCCCCC)cc4)cc3)cc2C1=O.*N1C(=O)c2ccc3c(c2C1=O)C1(c2ccccc2-3)c2ccccc21,472.7
*N1C(=O)[C@H]2CC[C@@H](CC2)C1=O.*N1C(=O)[C@H]2CC[C@@H](CC2)C1=O,272.0
*N1C(=O)c2ccc(C(F)(F)F)c(-c3ccc(N4C(=O)c5ccc6c(c5C4=O)C4(c5ccccc5)c5ccccc5CC64)cc3)c2C1=O,598.41
*N1C(=O)c2ccc3c(c2C1=O)C3(c1ccccc1)c1ccccc1.*N1C(=O)c2ccccc2C1=O,567.4
*N1C(=O)c2ccc(Oc3ccc(N4C(=O)c5ccc6c(c5C4=O)C4(c5ccccc5)c5ccccc5CC64)cc3)cc2C1=O,387.08
*N1C(=O)c2cc3cc4c(C(c5ccccc5)(c5ccccc5)c5ccccc5)cc3c(c2C1=O)C(=O)N(*)C4=O,541.25
*N1C(=O)c2ccc(S(=O)(=O)c3ccc(N4C(=O)c5ccc6c(c5C4=O)C4(c5ccccc5)c5ccccc5CC64)cc3)cc2C1=O,545.25
*n1c(=O)c2ccc3c(=O)n(-c4cc5c(cc4-c4ccc6c(c4)C4(c7ccccc7)c7ccccc7CC64)C4(c6ccccc6)c6ccccc6CC54)c(=O)c3c2c1=O,489.37
*n1c(=O)c2ccc3c(=O)n(C4(c5ccccc5)C5CC6CC(C5)CC4C6)c(=O)c3c2c1=O,498.05
*N1C(=O)c2ccc(C(C)(C)c3ccc(-n4c(=O)c5cc6c(=O)n(*)c(=O)c6cc5c4=O)cc3)cc2C1=O,379.93
*N1C(=O)c2ccc(Oc3ccc(-n4c(=O)c5cc6c(=O)n(*)c(=O)c6cc5c4=O)cc3)cc2C1=O,361.715
*n1c(=O)c2ccc3c(=O)n(-c4cc5c(cc4F)C4(c6ccccc6)c6ccccc6CC54)c(=O)c3c2c1=O,532.95
*c1ccc2nc(-c3ccc4c(c3)C(=O)N(*)C4=O)oc2c1,488.33
*c1ccc2c(c1)C(=O)N(c1cccc(C(C)(C)c3ccc4c(c3)C(=O)N(*)C4=O)c1)C2=O,394.215
*N1C(=O)c2ccc(C(C3=CC(=O)N(*c4ccc(C(F)(F)F)cc4)C3=O)(C(F)(F)F)C(F)(F)F)cc2C1=O,464.88
*N1C(=O)C=C(Sc2ccc3c(c2)C(=O)N(*)C3=O)C1=O,444.23
*N1C(=O)c2ccc(Oc3ccc(Cc4ccc(Oc5ccc6c(c5)C(=O)N(*)C6=O)cc4)cc3)cc2C1=O,356.42
*N1C(=O)c2ccc(OCC(F)(F)C(F)(F)F)cc2C1=O,379.37
*n1c(=O)c2ccc3c(=O)n(*c4ccc(OCC(F)(F)C(F)(F)F)cc4)c(=O)c3c2c1=O,447.56
*n1c(=O)c2cc3c(=O)n(*c4ccc(OCC(F)(F)C(F)(F)F)cc4)c(=O)c3cc2c1=O,418.52
*N1C(=O)c2ccc(-c3ccc(C(=O)N(*)c4ccc(C)cc4)cc3)cc2C1=O,476.48
*N1C(=O)c2ccc(-c3cccc(C(=O)N(*)c4ccccc4C)c3)cc2C1=O,513.84
*N1C(=O)c2ccc(Oc3cccc(C(=O)N(*)c4ccc(C)cc4)c3)cc2C1=O,450.67
*C(=O)c1ccc(C(=O)N(*)C(=O)c2ccc(C(c3ccc4c(c3)C(=O)N(*)C4=O)(C(F)(F)F)C(F)(F)F)cc2)cc1,413.86
*N1C(=O)c2ccc(SC3=CC(=O)N(*c4ccc(C(F)(F)F)cc4)C3=O)cc2C1=O,476.62
*N1C(=O)c2ccc(C(=O)N(*)c3ccc(-c4ccc5c(c4)C(=O)N(*)C5=O)cc3C(F)(F)F)cc2C1=O,448.55
*C(=O)c1ccccc1C(=O)N(*)c1ccc(-c2ccc3c(c2)C(=O)N(c2ccc(C(c4ccc(-c5ccc6c(c5)C(=O)N(*)C6=O)cc4)(C(F)(F)F)C(F)(F)F)cc2)C3=O)cc1,440.92
*n1c(=O)c2ccc3c(=O)n(*c4ccc(N5C(=O)c6ccc(C(F)(F)F)cc6C5=O)cc4)c(=O)c3c2c1=O,507.59
*n1c(=O)c2cc3c(=O)n(-c4ccc(C(C)(C)c5cc(C(F)(F)F)ccc5-n5c(=O)c6cc7c(=O)n(*)c(=O)c7cc6c5=O)cc4)c(=O)c3cc2c1=O,456.93
O=C1c2ccccc2C(=O)N1c1ccc2c(c1)C1(CCCC1)c1ccccc1-2,525.46
*n1c(=O)c2ccc3c(=O)n(-c4ccc5c(c4)C(c4ccccc4)(c4ccccc4)c4ccc(OC(F)(F)F)cc4-5)c(=O)c3c2c1=O,562.39
*n1c(=O)c2ccc3c(=O)n(-c4ccc5c(c4)C4(c6ccccc6)c6ccccc6C4(c4ccccc4)c4ccccc4-5)c(=O)c3c2c1=O,547.05
*C1CC2CCC(C1)C2n1c(=O)c2ccc3c(=O)n(*)c(=O)c3c2c1=O,499.37
*N1C(=O)c2ccc(C3(C)CC(C(C)(C)C)CC(*)(C)C3)cc2C1=O,448.75
*c1ccc2c(c1)C(=O)N(c1ccc(-c3ccc4c(c3)C(=O)N(*)C4=O)cc1OC(F)(F)F)C2=O,392.075
*N1C(=O)c2ccc(-c3ccc(-n4c(=O)c5cc6c(=O)n(*)c(=O)c6cc5c4=O)c(C(F)(F)F)c3)cc2C1=O,501.97
*c1ccc2c(c1)C(=O)N(c1ccc(Oc3ccc(-c4ccc5c(c4)C(=O)N(*)C5=O)cc3)c(C(F)(F)F)c1)C2=O,474.61
*N1C(=O)c2ccc(-c3cc(OC(F)(F)F)cc(C(F)(F)F)c3)cc2C1=O,425.96
*c1ccc2c(c1)C(=O)N(c1ccc(-c3ccc4c(c3)C(=O)N(*)C4=O)c(C(F)(F)F)c1F)C2=O,523.07
*c1ccc2c(c1)C(=O)N(c1ccc(-c3ccc4c(c3)C(=O)N(*)C4=O)c(C(F)(F)C(F)(F)F)c1)C2=O,454.4
*c1cc(Oc2ccc(F)cc2)ccc1-n1c(=O)c2cc3c(=O)n(*)c(=O)c3cc2c1=O,412.96
*n1c(=O)c2cc3c(=O)n(-c4ccc(OCc5ccccc5)cc4)c(=O)c3cc2c1=O,492.81
*n1c(=O)c2cc3c(=O)n(-c4ccc(Oc5ccc(N(C)C)cc5)cc4)c(=O)c3cc2c1=O,491.92
*c1ccc2c(c1)C(=O)N(c1ccc(Oc3ccc4c(c3)C(=O)N(*)C4=O)cc1F)C2=O,390.62
*c1ccc2c(c1)C(=O)N(c1ccc(Sc3ccc(Sc4ccc(-c5ccc6c(c5)C(=O)N(*)C6=O)cc4)cc3)cc1)C2=O,314.23
*n1c(=O)c2cc3c(=O)n(-c4ccc(C(CF)(CF)C(F)(F)F)cc4)c(=O)c3cc2c1=O,507.14
*n1c(=O)c2cc3c(=O)n(CCCC(F)(F)F)c(=O)c3cc2c1=O,385.96
*n1c(=O)c2cc3c(=O)n(CC(F)(F)F)c(=O)c3cc2c1=O,444.8
*n1c(=O)c2cc3c(=O)n(-c4ccc(C(C)(CF)CF)cc4-n4c(=O)c5cc6c(=O)n(*)c(=O)c6cc5c4=O)c(=O)c3cc2c1=O,450.02
*n1c(=O)c2cc3c(=O)n(-c4ccc(C(F)(F)F)c(F)c4F)c(=O)c3cc2c1=O,517.59
*n1c(=O)c2cc3c(=O)n(-c4ccc(C(c5ccccc5)(C(F)(F)F)C(F)(F)F)cc4)c(=O)c3cc2c1=O,492.58
*c1ccc2c(c1)C(=O)N(c1cc(F)c(F)cc1Oc1ccc3c(c1)C(=O)N(*)C3=O)C2=O,392.31
*n1c(=O)c2cc3c(=O)n(-c4ccc(C(c5cc(C(F)(F)F)cc(C(F)(F)F)c5)(C(F)(F)F)C(F)(F)F)cc4)c(=O)c3cc2c1=O,470.21
*c1ccc(Oc2ccc(C(c3ccc(-n4c(=O)c5cc6c(=O)n(*)c(=O)c6cc5c4=O)cc3)(C(F)(F)F)C(F)(F)F)cc2)cc1,384.48
*n1c(=O)c2cc3c(=O)n(-c4ccc(Oc5ccc(C(F)(F)F)cc5-n5c(=O)c6cc7c(=O)n(*)c(=O)c7cc6c5=O)cc4)c(=O)c3cc2c1=O,445.53
*n1c(=O)c2cc3c(=O)n(-c4ccc(-n5c(=O)c6cc7c(=O)n(-c8ccc(C(F)(F)F)cc8)c(=O)c7cc6c5=O)cc4)c(=O)c3cc2c1=O,473.27
*c1ccc2c(c1)C(=O)N(c1cc(-c3ccc4c(c3)C(=O)N(*)C4=O)cc(C(F)(F)F)c1)C2=O,492.66
*n1c(=O)c2ccc3c(=O)n(-c4ccc(OC)cc4)c(=O)c3c2c1=O,372.845
*c1ccc(S(=O)(=O)c2cccc(Oc3ccc(-n4c(=O)c5cc6c(=O)n(*)c(=O)c6cc5c4=O)cc3)c2)cc1,412.96
*c1ccc(C(=O)c2ccc(-c3ccc(-n4c(=O)c5ccc6c(=O)n(*)c(=O)c6c5c4=O)cc3)cc2)cc1,388.485
*N1C(=O)c2ccc(OC3CC4CC(C)C(C4)C3)cc2C1=O,418.06
*N1C(=O)c2ccc(C(C)(c3ccccc3)c3ccccc3)cc2C1=O,547.06
*N1C(=O)c2ccc(SC3CC4CC(C)C(C4)C3)cc2C1=O,448.72
*c1ccc2c(c1)C(=O)N(c1ccc(Sc3ccc(-c4ccc5c(c4)C(=O)N(*)C5=O)cc3)cc1)C2=O,355.805
*c1ccc2c(c1)C(=O)N(c1ccc(-c3ccc4c(c3)C(=O)N(*)C4=O)c(NO)c1)C2=O,494.63
*c1ccc2c(c1)C(=O)N(c1ccc(-c3ccc4c(c3)C(=O)N(*)C4=O)c(OCCOCCO)c1)C2=O,346.1
*c1ccc2c(c1)C(=O)N(c1ccc(-c3ccc4c(c3)C(=O)N(*)C4=O)c(C(=O)OCC)c1)C2=O,331.295
*N1C(=O)[C@@H]2CCCC[C@H]2C1=O,224.085
*N1C(=O)[C@H]2[C@H]3CC[C@@H](C3)C[C@H]2C1=O,292.66
*N1C(=O)C(=O)C2CC[C@H](C2)C1=O,334.39
*N1C(=O)[C@H]2CC(=O)C[C@H]2C1=O,303.33
*N1C(=O)CCC2(CC2)C1=O,372.52
*N1C(=O)[C@H]2CCC2(C(F)(F)F)C(=O)N1*,320.63
*N1C(=O)N(*)C(=O)[C@H]2C[C@H](C2)C1=O,313.87
*N1C(=O)CCC2(CCC2)C1=O,373.44
*N1C(=O)[C@@H]2CC[C@H](C(=O)N1*)C(C)C2,264.4
*c1ccc(Sc2ccc(Oc3ccc(-n4c(=O)c5ccc6c(=O)n(*)c(=O)c6c5c4=O)cc3)cc2)cc1,362.455
*c1ccc(Oc2ccc(C(C)(C)c3ccc(Oc4ccc(-n5c(=O)c6cc7c(=O)n(*)c(=O)c7cc6c5=O)cc4)cc3)cc2)cc1,328.305
*n1c(=O)c2ccc3c(=O)n(-c4ccc(Oc5ccc(-n6c(=O)c7ccc8c(=O)n(*)c(=O)c8c7c6=O)cc5)cc4)c(=O)c3c2c1=O,395.69
*c1ccc(Sc2ccc(Sc3ccc(-n4c(=O)c5ccc6c(=O)n(*)c(=O)c6c5c4=O)cc3)cc2)cc1,365.895
*n1c(=O)c2cc3c(=O)n(-c4ccc(Oc5ccc(-n6c(=O)c7ccc8c(=O)n(*)c(=O)c8c7c6=O)cc5)cc4)c(=O)c3cc2c1=O,470.82
*c1ccc(N2C(=O)c3cc(F)c(F)cc3C2=O)cc1,513.8
*c1ccc(Oc2cc(F)c(F)cc2Oc2ccc(-n3c(=O)c4cc5c(=O)n(*)c(=O)c5cc4c3=O)cc2)cc1,412.01
*N1C(=O)c2ccc(Oc3ccc(Oc4ccc(F)cc4)cc3)cc2C1=O,363.05
*N1C(=O)c2ccc(-c3ccc(F)c(F)c3F)cc2C1=O,542.87
*N1C(=O)c2ccc(-c3ccc(Oc4ccc(F)cc4F)cc3)cc2C1=O,481.62
*c1ccc2c(c1)C(=O)N(c1ccc(Oc3cc(F)c(F)cc3Oc3ccc(Oc4ccc5c(c4)C(=O)N(*)C5=O)cc3)cc1)C2=O,302.41
*c1ccc2c(c1)C(=O)N(c1ccc(Oc3ccc(-c4ccc5c(c4)C(=O)N(*)C5=O)cc3F)cc1)C2=O,343.38
*N1C(=O)c2ccc(-c3ccc(Oc4ccc(F)c(F)c4)cc3)cc2C1=O,427.23
*c1ccc(Oc2ccc(Oc3ccc(-n4c(=O)c5cc6c(=O)n(*)c(=O)c6cc5c4=O)cc3)c(F)c2)cc1,379.87
*c1ccc2cc(*n3c(=O)c4cc5c(=O)n(*)c(=O)c5cc4c3=O)ccc2c1,487.2
*N1C(=O)c2cc3ccccc3cc2C1=O.*N1C(=O)c2ccccc2C1=O,563.17
*N1C(=O)c2ccc(S(=O)(=O)c3ccc(C4(c5ccccc5)c5ccccc54)cc3)cc2C1=O,577.17
*N1C(=O)c2ccc(-c3ccc(OC4(c5ccccc5)c5ccccc54)cc3)cc2C1=O,535.75
*N1C(=O)c2ccc(-c3cc(C45CC6CC(CC(C6)C4)C5)cc(C45CC6CC(CC(C6)C4)C5)c3)cc2C1=O,393.045
*N1C(=O)c2ccc(-c3ccc(-c4ccc(C56CC7CC(CC(C7)C5)C6)cc4)cc3)cc2C1=O,405.495
*N1C(=O)c2ccc(C(C)(C)c3ccc(C45CC6CC(CC(C6)C4)C5)cc3)cc2C1=O,430.05
*N1C(=O)c2ccc(Oc3ccc(Oc4ccc(C56CC7CC(CC(C7)C5)C6)cc4)cc3)cc2C1=O,345.45
*c1ccc2c(c1)C(=O)N(c1ccc(Oc3ccc(C4(c5ccc(-c6ccc7c(c6)C(=O)N(*)C7=O)cc5)c5ccccc54)cc3)cc1)C2=O,524.42
*N1C(=O)c2ccc(-c3ccc(C(c4ccccc4)(c4ccccc4)c4ccc5c(c4)C4(c6ccccc6-5)c5ccccc54)cc3)cc2C1=O,503.61
*N1C(=O)c2ccc(-c3ccc(C4(c5ccc(-c6ccc7c(c6)C6(c8ccccc8-7)c7ccccc76)cc5)c5ccccc54)cc3)cc2C1=O,496.89
*N1C(=O)c2ccc(-c3ccc(C4(c5ccc(C67CC8CC(CC(C8)C6)C7)cc5)c5ccccc54)cc3)cc2C1=O,454.29
*N1C(=O)C2(C(C)(C)C)CCC(C(C)(C)C)(C2)C1=O,368.72
*N1C(=O)[C@@H]2CC(OC)C[C@H]2C(=O)N1*,267.71
*N1C(=O)[C@@H]2CC(C)(CC2=O)C(=O)N1*,270.26
*N1C(=O)C2CC(OC(C)(C)C)CC2C1=O,367.97
*CCCCCN1C(=O)[C@@H]2CC[C@H](C2)C(=O)N1*,327.72
*N1C(=O)C2(CC(C)C)CCC(CC(C)C)(C2)C1=O,340.81
*CCN1C(=O)[C@@H]2CC[C@H](C2)C(=O)N1*,324.22
*N1C(=O)[C@H]2CC(C(C)C)C[C@@H]2C(=O)N1*,246.46
*N1C(=O)C2(C(C)C)CCC(C(C)C)(C2)C1=O,380.51
*c1ccc2c(c1)C(=O)N(c1ccc(OCC(C)(C)Oc3ccc4c(c3)C(=O)N(*)C4=O)cc1)C2=O,400.47
*N1C(=O)c2ccc(Oc3ccc(OCCO)cc3)cc2C1=O,323.52
*c1ccc2c(c1)C(=O)N(c1ccc(C(=O)Oc3ccc(Oc4ccc5c(c4)C(=O)N(*)C5=O)cc3)cc1)C2=O,388.85
*N1C(=O)c2ccc(OC(F)(F)C(F)(F)Oc3ccc4c(c3)C(=O)N(*)C4=O)cc2C1=O,384.02
*N1C(=O)c2ccc(Oc3ccc(C(F)(F)F)cc3Oc3ccc4c(c3)C(=O)N(*)C4=O)cc2C1=O,339.54
*c1ccc(Oc2ccc(C(F)(F)F)cc2Oc2ccc(-n3c(=O)c4cc5c(=O)n(*)c(=O)c5cc4c3=O)cc2)cc1,402.89
*N1C(=O)c2ccc(Oc3ccc(Oc4ccc5c(c4)C(=O)N(*)C5=O)c(C(F)(F)F)c3)cc2C1=O,343.25
*N1C(=O)c2ccc(Oc3cc(C(F)(F)F)ccc3-c3ccc4c(c3)C(=O)N(*)C4=O)cc2C1=O,395.23
*n1c(=O)c2ccc3c(=O)n(-c4ccc(OC(C)C)cc4)c(=O)c3c2c1=O,532.44
*N1C(=O)c2ccc(-c3ccc(Sc4ccc(N5C(=O)c6ccc(C(F)(F)F)cc6C5=O)cc4)cc3)cc2C1=O,483.56
*N1C(=O)c2ccc(-c3ccc(C(F)(F)F)cc3C(=O)c3ccc(N4C(=O)c5ccccc5C4=O)cc3)cc2C1=O,565.73
*N1C(=O)c2ccc(-c3cc(C(F)(F)F)ccc3Oc3ccc(N4C(=O)c5ccccc5C4=O)cc3)cc2C1=O,520.72
*N1C(=O)c2ccc(-c3ccc(C(C(F)(F)F)(C(F)(F)F)C(F)(F)F)cc3)cc2C1=O,509.04
*N1C(=O)c2ccc(-c3ccc(N(*)*)cc3C(F)(F)F)cc2C1=O,453.86
*N1C(=O)c2ccc(-c3ccc(Nc4ccc(C(F)(F)F)cc4)cc3)cc2C1=O,551.31
*n1c(=O)c2cc3c(=O)n(*c4ccc(C(C)(c5ccc(-n6c(=O)c7cc8c(=O)n(*)c(=O)c8cc7c6=O)cc5)C(F)(F)F)cc4)c(=O)c3cc2c1=O,470.05
*N1C(=O)[C@H]2C[C@H](CC)[C@H](C2)C1=O,279.53
*N1C(=O)C2CCC(CC2)C1=O,273.37
*N1C(=O)[C@H]2C[C@@H](C2)C(=O)N1*,309.12
*c1ccc2c(c1)C(=O)N(c1ccc(Oc3cc(-c4ccc5c(c4)C(=O)N(*)C5=O)cc(C(F)(F)F)c3)cc1)C2=O,457.57
*c1ccc2c(c1)C(=O)N(c1ccc(S(=O)(=O)c3cc(C(F)(F)F)ccc3-c3ccc4c(c3)C(=O)N(*)C4=O)cc1)C2=O,461.23
*c1ccc2c(c1)C(=O)N(c1ccc(Cc3cc(C(F)(F)F)ccc3-c3ccc4c(c3)C(=O)N(*)C4=O)cc1)C2=O,437.69
*c1ccc2c(c1)C(=O)N(c1ccc(C(=O)c3cc(C(F)(F)F)ccc3-c3ccc4c(c3)C(=O)N(*)C4=O)cc1)C2=O,491.62
*c1ccc2c(c1)C(=O)N(c1ccc(C(F)(F)F)cc1Oc1cc(C(F)(F)F)ccc1-c1ccc3c(c1)C(=O)N(*)C3=O)C2=O,453.23
*c1ccc2c(c1)C(=O)N(c1ccc(C3(c4ccc5c(c4)C(=O)N(*)C5=O)c4ccc(N5C(=O)c6ccc(*)cc6C5=O)cc4C3(c3ccccc3)c3ccccc3)cc1)C2=O,455.7
*n1c(=O)c2cc3c(=O)n(*c4ccc(-c5nc6ccc(C(F)(F)F)cc6s5)cc4)c(=O)c3cc2c1=O,404.59
*c1ccc(Oc2cccc(-c3cccc4c3C(=O)N(*)C4=O)c2)cc1,459.01
*c1cccc2c1C(=O)N(c1c(C)cccc1-c1cccc3c1C(=O)N(*)C3=O)C2=O,543.75
*N1C(=O)c2ccccc2C1=O.*c1ccc2ccccc2c1,574.43
*N1C(=O)c2ccccc2C1=O.*c1ccc(-c2ccc(N3C(=O)c4ccccc4C3=O)cc2)cc1,600.89
*N1C(=O)c2ccccc2C1=O.*c1ccc(-c2cccc(N3C(=O)c4ccccc4C3=O)c2)cc1,563.34
*N1C(=O)c2ccccc2C1=O.*c1ccc2cc(N3C(=O)c4ccccc4C3=O)ccc2c1,576.96
C=CC(=O)Oc1ccc(C(c2ccc(OC(=O)C=C)c(N3C(=O)c4ccc(C(=O)c5ccc6c(c5)C(=O)NC6=O)cc4C3=O)c2)(C(F)(F)F)C(F)(F)F)cc1,250.3
CC(C)(C)c1ccc2c(c1)C1C(=O)N(c3ccc(Oc4ccc(C(c5ccc(Oc6ccccc6)cc5)(C(F)(F)F)C(F)(F)F)cc4)cc3)C(=O)C1CC2C1CC(=O)NC1=O,240.0
CC(C)(C)c1ccc2c(c1)C1C(=O)N(c3ccc(Oc4ccc(C(C)(C)c5ccc(Oc6ccccc6)cc5)cc4)cc3)C(=O)C1CC2C1CC(=O)NC1=O,210.0
CC(C)(C)c1ccc2c(c1)C1C(=O)N(c3ccc(Oc4ccc(Oc5ccccc5)cc4)cc3)C(=O)C1CC2C1CC(=O)NC1=O,260.0
CC(C)(C)c1ccc2c(c1)C1C(=O)N(C3=CC=C(Oc4ccccc4)CC3)C(=O)C1CC2C1CC(=O)NC1=O,278.0
CC(C)(C)c1cc(C(C)(C)C)c(Oc2ccc(N(c3ccccc3)c3ccc(N4C(=O)c5ccc(Oc6ccc(C(C)(C)c7ccc(Oc8ccc9c(c8)C(=O)NC9=O)cc7)cc6)cc5C4=O)cc3)cc2)c(C(C)(C)C)c1,230.0
CC(C)(C)c1cc(Oc2ccccc2)ccc1N1C(=O)C2=CC=C(Oc3ccc(C(C)(C)c4ccc(Oc5ccc6c(c5)C(=O)NC6=O)cc4)cc3)CC2C1=O,217.0
CC(C)(C)c1cccc(-c2ccc(N3C(=O)C4=CC=C(Oc5ccc(C(C)(C)c6ccc(Oc7ccc8c(c7)C(=O)NC8=O)cc6)cc5)CC4C3=O)c(C(C)(C)C)c2)c1,287.2
Cc1cccc(C(c2ccc(Br)cc2)c2ccc(N3C(=O)c4ccc(Oc5ccc(C(C)(C)c6ccc(Oc7ccc8c(c7)C(=O)NC8=O)cc6)cc5)cc4C3=O)c(C)c2)c1,226.0
Cc1cccc(C(c2ccc(F)cc2)c2ccc(N3C(=O)c4ccc(Oc5ccc(C(C)(C)c6ccc(Oc7ccc8c(c7)C(=O)NC8=O)cc6)cc5)cc4C3=O)c(C)c2)c1,234.0
Cc1cccc(C(c2ccccc2)c2ccc(N3C(=O)c4ccc(Oc5ccc(C(C)(C)c6ccc(Oc7ccc8c(c7)C(=O)NC8=O)cc6)cc5)cc4C3=O)c(C)c2)c1,222.0
CC(=O)Oc1ccc2c(c1)C(c1cc(C)cc(C)c1)(c1cc(C)c(N3C(=O)c4ccc(Oc5ccc(C(C)(C)c6ccc(Oc7ccc8c(c7)C(=O)NC8=O)cc6)cc5)cc4C3=O)c(C)c1)c1cc(OC(C)=O)ccc1-2,316.5
CCC(=O)Oc1ccc2c(c1)C(c1cc(C)cc(C)c1)(c1cc(C)c(N3C(=O)c4ccc(Oc5ccc(C(C)(C)c6ccc(Oc7ccc8c(c7)C(=O)NC8=O)cc6)cc5)cc4C3=O)c(C)c1)c1cc(OC(=O)CC)ccc1-2,301.1
CC(C)(c1ccc(Oc2ccc3c(c2)C(=O)NC3=O)cc1)c1ccc(Oc2ccc3c(c2)C(=O)N(c2ccc4nc(-c5cccc(Oc6ccccc6)c5)[nH]c4c2)C3=O)cc1,276.0
CC(C)(c1ccc(Oc2ccc3c(c2)C(=O)NC3=O)cc1)c1ccc(Oc2ccc3c(c2)C(=O)N(c2ccc4nc(-c5ccc(Oc6ccccc6)cc5)[nH]c4c2)C3=O)cc1,282.0
CC(C)(c1ccc(Oc2ccc3c(c2)C(=O)NC3=O)cc1)c1ccc(Oc2ccc3c(c2)C(=O)N(c2ccc(-c4ccc(Oc5ccc(-c6c7c(c(-c8ccc(Oc9ccc(-c%10ccccc%10)cc9C(F)(F)F)cc8)c8ccccc68)C(=O)N(c6ccccc6)C7=O)cc5)c(C(F)(F)F)c4)cc2)C3=O)cc1,274.0
CC(C)(c1ccc(Oc2ccc3c(c2)C(=O)NC3=O)cc1)c1ccc(Oc2ccc3c(c2)C(=O)N(c2ccc(Oc4cc(Oc5ccccc5)cc(-c5cc(C(F)(F)F)cc(C(F)(F)F)c5)c4)cc2)C3=O)cc1,197.0
CC(C)(c1ccc(OC2=CC=C3C(=O)N(c4ccc(Oc5ccc(C(=O)c6ccc(Oc7ccccn7)cc6)cc5)nc4)C(=O)C3C2)cc1)c1ccc(Oc2ccc3c(c2)C(=O)NC3=O)cc1,201.0
CC(C)(c1ccc(OC2=CC=C3C(=O)N(c4ccc(Oc5ccc6ccc(Oc7ccccc7)cc6c5)cc4)C(=O)C3C2)cc1)c1ccc(Oc2ccc3c(c2)C(=O)NC3=O)cc1,208.0
CC(C)(c1ccc(Oc2ccc3c(c2)C(=O)NC3=O)cc1)c1ccc(Oc2ccc3c(c2)C(=O)N(c2ccc(Oc4ccccc4-c4cc(-c5ccccc5)cc(-c5ccccc5Oc5ccccc5C(F)(F)F)n4)c(C(F)(F)F)c2)C3=O)cc1,195.2
CC(C)(c1ccc(OC2=CC=C3C(=O)N(c4ccc(Oc5cc(Oc6ccccc6)nc(-c6ccccc6)n5)cc4)C(=O)C3C2)cc1)c1ccc(Oc2ccc3c(c2)C(=O)NC3=O)cc1,212.0
CC(C)(c1ccc(Oc2ccc3c(c2)C(=O)NC3=O)cc1)c1ccc(Oc2ccc3c(c2)C(=O)N(c2ccc(S(=O)(=O)c4ccc(C(c5ccc(S(=O)(=O)c6ccccc6)cc5)(C(F)(F)F)C(F)(F)F)cc4)cc2)C3=O)cc1,246.0
CC(C)(c1ccc(Oc2ccc3c(c2)C(=O)NC3=O)cc1)c1ccc(Oc2ccc3c(c2)C(=O)N(c2ccc(Sc4ccc(-c5ccc(-c6ccc(Sc7ccccc7)c(C(F)(F)F)c6)s5)cc4C(F)(F)F)cc2)C3=O)cc1,205.0
CC(C)(c1ccc(Oc2ccc3c(c2)C(=O)NC3=O)cc1)c1ccc(Oc2ccc3c(c2)C(=O)N(c2cccc(NC(=O)c4ccc(C(=O)Nc5ccccc5)o4)c2)C3=O)cc1,250.0
CC(C)(c1ccc(OC2=CC=C3C(=O)N(c4cccc(P(C)(=O)c5ccccc5)c4)C(=O)C3C2)cc1)c1ccc(Oc2ccc3c(c2)C(=O)NC3=O)cc1,216.0
CC(C)(C)C1=CC(Oc2cccc(C(C)(C)C)c2)CC=C1N1C(=O)C2=CC=C(Oc3ccc(C(C)(C)c4ccc(Oc5ccc6c(c5)C(=O)NC6=O)cc4)cc3)CC2C1=O,262.0
Cc1cccnc1Oc1ccc2c(c1)C1(CC2(C)C)CC(C)(C)c2ccc(Oc3ncc(N4C(=O)c5ccc(Oc6ccc(C(C)(C)c7ccc(Oc8ccc9c(c8)C(=O)NC9=O)cc7)cc6)cc5C4=O)cc3C)cc21,233.0
CC1(C)CC2(CC(C)(C)c3ccc(Oc4ccc(N5C(=O)c6ccc(Oc7ccc(C(C)(C)c8ccc(Oc9ccc%10c(c9)C(=O)NC%10=O)cc8)cc7)cc6C5=O)cn4)cc32)c2cc(Oc3ccccn3)ccc21,236.0
CC(C)CCC(=O)Nc1ccc(Oc2ccc(NC(=O)NCC3(C)CC(NC(=O)Nc4ccc(Oc5ccc(NC(=O)C(CC(C)C)n6c(=O)c7cc8c(=O)[nH]c(=O)c8cc7c6=O)cc5)cc4)CC(C)(C)C3)cc2)cc1,147.5
CC(C)CCC(=O)Nc1ccc(Oc2ccc(NC(=O)Nc3ccc(Cc4ccc(NC(=O)Nc5ccc(Oc6ccc(NC(=O)C(CC(C)C)n7c(=O)c8cc9c(=O)[nH]c(=O)c9cc8c7=O)cc6)cc5)cc4)cc3)cc2)cc1,181.4
CC(COc1ccc(N2C(=O)c3ccc(C(c4ccc5c(c4)C(=O)NC5=O)(C(F)(F)F)C(F)(F)F)cc3C2=O)cc1)Oc1ccccc1,234.0
CC(=O)Oc1cccc(-c2ccc(N3C(=O)c4ccc(C(c5ccc6c(c5)C(=O)NC6=O)(C(F)(F)F)C(F)(F)F)cc4C3=O)c(OC(C)=O)c2)c1,279.0
CC(C)(C)c1cc(Oc2ccccc2)ccc1Oc1ccc(N2C(=O)c3ccc(Oc4ccc(C5(c6ccc(Oc7ccc8c(c7)C(=O)NC8=O)cc6)CCC(c6ccccc6)CC5)cc4)cc3C2=O)cc1,236.0
CC1=CC(C2CC(=O)N(c3ccccc3)C2=O)CC2C(=O)NC(=O)C12,327.0
CC1CCCC(CC2CCC(N3C(=O)C4C5C=CC(C6C(=O)NC(=O)C56)C4C3=O)C(C)C2)C1,241.0
CC1CCCC(CC2CCC(N3C(=O)c4ccc(Oc5ccc6c(c5)C(=O)NC6=O)cc4C3=O)C(C)C2)C1,250.0
CC1CCCC(CC2CCC(N3C(=O)c4ccc(-c5ccc6c(c5)C(=O)NC6=O)cc4C3=O)C(C)C2)C1,260.0
CCC(C)(C)c1ccc(OCC(O)CSc2ccc(Sc3ccc(SCC(O)COc4ccc(C(C)(C)CC)cc4N4C(=O)c5ccc6c7c(ccc(c57)C4=O)C(=O)NC6=O)cc3)cc2)cc1,152.0
CCC1(CC)C(=O)N(C(=O)c2ccc3c(c2)C(=O)NC3=O)C(=O)N1C(=O)c1ccc2c(c1)C(=O)N(c1ccc(Oc3ccccc3)cc1)C2=O,160.0
CCCC(COc1ccc(N2C(=O)c3ccc(C(c4ccc5c(c4)C(=O)NC5=O)(C(F)(F)F)C(F)(F)F)cc3C2=O)cc1)Oc1ccccc1,204.0
CCCC(C)(c1ccc(C)o1)c1ccc(Cn2c(=O)c3cc4c(=O)[nH]c(=O)c4cc3c2=O)o1,134.0
CCCCCCC(COc1ccc(N2C(=O)c3ccc(C(c4ccc5c(c4)C(=O)NC5=O)(C(F)(F)F)C(F)(F)F)cc3C2=O)cc1)Oc1ccccc1,182.0
CCCCCCCCCCCCCCCCCCOC(=O)c1cccc(Br)c1-c1c(Br)cc(N2C(=O)c3ccc(-c4ccc5c(c4)C(=O)NC5=O)cc3C2=O)cc1C(=O)OCCCCCCCCCCCCCCCCCC,86.0
CCCCCCCCCCCCCCCCN1C(=O)c2cc(Sc3ccccc3)c(Sc3ccc(N4C(=O)c5ccc(Oc6ccc7c(c6)C(=O)NC7=O)cc5C4=O)cc3)cc2C1=O,156.0
CCCCCCCCCCCCCCCCOC(=O)c1cccc(Br)c1-c1c(Br)cc(N2C(=O)c3ccc(-c4ccc5c(c4)C(=O)NC5=O)cc3C2=O)cc1C(=O)OCCCCCCCCCCCCCCCC,98.0
CCCCCCCCCCCCCCCCOc1cccc(N2C(=O)c3ccc(C(c4ccc5c(c4)C(=O)NC5=O)(C(F)(F)F)C(F)(F)F)cc3C2=O)c1,161.0
CCCCCCCCCCCCCCCCOc1cccc(N2C(=O)c3ccc(C(=O)c4ccc5c(c4)C(=O)NC5=O)cc3C2=O)c1,179.0
CCCCCCCCCCCCCCCCOc1cccc(N2C(=O)c3ccc(Oc4ccc5c(c4)C(=O)NC5=O)cc3C2=O)c1,159.0
CCCCCCCCCCCCCCCCOc1ccccc1N1C(=O)CC(C2C=C(C)C3C(=O)NC(=O)C3C2)C1=O,186.0
CCCCCCCCCCCCCCNC(=O)c1cccc(N2C(=O)c3ccc(-c4ccc5c(c4)C(=O)NC5=O)cc3C2=O)c1,247.6
CCCCCCCCCCCCCCOC(=O)c1cccc(Br)c1-c1c(Br)cc(N2C(=O)c3ccc(-c4ccc5c(c4)C(=O)NC5=O)cc3C2=O)cc1C(=O)OCCCCCCCCCCCCCC,100.0
CCCCCCCCCCCCNC(=O)c1cccc(N2C(=O)c3ccc(-c4ccc5c(c4)C(=O)NC5=O)cc3C2=O)c1,243.1
CCCCCCCCCCCCOC(=O)c1cccc(Br)c1-c1c(Br)cc(N2C(=O)c3ccc(-c4ccc5c(c4)C(=O)NC5=O)cc3C2=O)cc1C(=O)OCCCCCCCCCCCC,111.0
CCCCCCCCCCCCOc1c2c(=O)[nH]c(=O)c2c(OCCCCCCCCCCCC)c2c(=O)n(-c3ccc(Cc4ccccc4)cc3)c(=O)c12,170.0
CCCCCCCCCCCCOc1c2c(=O)[nH]c(=O)c2c(OCCCCCCCCCCCC)c2c(=O)n(-c3ccc(Oc4ccc(C(c5ccc(Oc6ccccc6)cc5)(C(F)(F)F)C(F)(F)F)cc4)cc3)c(=O)c12,117.0
CCCCCCCCCCCCOc1cccc(N2C(=O)c3ccc(C(c4ccc5c(c4)C(=O)NC5=O)(C(F)(F)F)C(F)(F)F)cc3C2=O)c1,165.0
CCCCCCCCCCCCOc1cccc(N2C(=O)c3ccc(C(=O)c4ccc5c(c4)C(=O)NC5=O)cc3C2=O)c1,182.0
CCCCCCCCCCCCOc1cccc(N2C(=O)c3ccc(Oc4ccc5c(c4)C(=O)NC5=O)cc3C2=O)c1,162.0
CCCCCCCCCCCCOc1cc(C(=O)Oc2ccc(NC(=O)c3cc(-c4ccccc4)cc(-c4cccc(N5C(=O)CC(C6C=C(C)C7C(=O)NC(=O)C7C6)C5=O)c4)c3)cc2)cc(OCCCCCCCCCCCC)c1OCCCCCCCCCCCC,270.0
CCCCCCCCCCCCOc1cc(C(=O)Oc2ccc(NC(=O)c3cc(-c4ccccc4)cc(-c4cccc(N5C(=O)c6ccc(S(=O)(=O)c7ccc8c(c7)C(=O)NC8=O)cc6C5=O)c4)c3)cc2)cc(OCCCCCCCCCCCC)c1OCCCCCCCCCCCC,268.0
CCCCCCCCCCCCOc1ccc(Oc2c3c(=O)[nH]c(=O)c3c(Oc3ccc(OCCCCCCCCCCCC)cc3)c3c(=O)n(-c4ccc(Oc5ccccc5)cc4)c(=O)c23)cc1,219.0
CCCCCCCCCCN1C(=O)c2ccc(-c3ccc4c(c3)C(=O)NC4=O)cc2C1=O,377.0
CCCCCCCCCCNC(=O)c1cccc(N2C(=O)c3ccc(-c4ccc5c(c4)C(=O)NC5=O)cc3C2=O)c1,245.1
CCCCCCCCCCOC(=O)c1cccc(Br)c1-c1c(Br)cc(N2C(=O)c3ccc(-c4ccc5c(c4)C(=O)NC5=O)cc3C2=O)cc1C(=O)OCCCCCCCCCC,116.0
CCCCCCCCNC(=O)c1cccc(N2C(=O)c3ccc(-c4ccc5c(c4)C(=O)NC5=O)cc3C2=O)c1,245.5
CCCCCCCCOC(=O)c1cccc(Br)c1-c1c(Br)cc(N2C(=O)c3ccc(-c4ccc5c(c4)C(=O)NC5=O)cc3C2=O)cc1C(=O)OCCCCCCCC,135.0
CCCCCCCCOc1c2c(=O)[nH]c(=O)c2c(OCCCCCCCC)c2c(=O)n(-c3ccc(Oc4ccc(C(c5ccc(Oc6ccccc6)cc5)(C(F)(F)F)C(F)(F)F)cc4)cc3)c(=O)c12,148.0
CCCCCCCCOc1c2c(=O)[nH]c(=O)c2c(OCCCCCCCC)c2c(=O)n(-c3ccc(Oc4ccccc4)cc3)c(=O)c12,220.0
CCCCCCCCOc1c2c(=O)[nH]c(=O)c2c(OCCCCCCCC)c2c(=O)n(-c3ccc(-c4cccc(C)c4)cc3C)c(=O)c12,294.0
CCCCCCCCOc1cccc(N2C(=O)c3ccc(C(=O)c4ccc5c(c4)C(=O)NC5=O)cc3C2=O)c1,195.0
CCCCCCCCOc1cccc(N2C(=O)c3ccc(C(c4ccc5c(c4)C(=O)NC5=O)(C(F)(F)F)C(F)(F)F)cc3C2=O)c1,195.0
CCCCCCCCOc1cccc(N2C(=O)c3ccc(Oc4ccc5c(c4)C(=O)NC5=O)cc3C2=O)c1,185.0
CCCCCCCCOc1ccc(Oc2c3c(=O)[nH]c(=O)c3c(Oc3ccc(OCCCCCCCC)cc3)c3c(=O)n(-c4ccc(Oc5ccccc5)cc4)c(=O)c23)cc1,231.0
CCCCCCCCn1c2ccc(-c3[nH]c(-c4ccccc4)nc3-c3ccccc3)cc2c2cc(-c3[nH]c(-c4ccc(N5C(=O)c6ccc(C(c7ccc8c(c7)C(=O)NC8=O)(C(F)(F)F)C(F)(F)F)cc6C5=O)cc4)nc3-c3ccccc3)ccc21,330.0
CCCCCCCCn1c2ccc(-c3[nH]c(-c4ccccc4)nc3-c3ccccc3)cc2c2cc(-c3[nH]c(-c4ccc(N5C(=O)c6ccc(C(=O)c7ccc8c(c7)C(=O)NC8=O)cc6C5=O)cc4)nc3-c3ccccc3)ccc21,314.0
CCCCCCCCn1c2ccc(-c3[nH]c(-c4ccccc4)nc3-c3ccccc3)cc2c2cc(-c3[nH]c(-c4ccc(N5C(=O)c6ccc(Oc7ccc8c(c7)C(=O)NC8=O)cc6C5=O)cc4)nc3-c3ccccc3)ccc21,312.0
CCCCCCCCn1c2ccc(-c3[nH]c(-c4ccccc4)nc3-c3ccccc3)cc2c2cc(-c3[nH]c(-c4ccc(-n5c(=O)c6cc7c(=O)[nH]c(=O)c7cc6c5=O)cc4)nc3-c3ccccc3)ccc21,350.0
CCCCCCN1C(=O)c2ccc(Sc3ccc4c(c3)C(=O)NC4=O)cc2C1=O,409.0
CCCCCCNC(=O)c1cccc(N2C(=O)c3ccc(-c4ccc5c(c4)C(=O)NC5=O)cc3C2=O)c1,256.9
CCCCCCOC(=O)c1cccc(Br)c1-c1c(Br)cc(N2C(=O)c3ccc(-c4ccc5c(c4)C(=O)NC5=O)cc3C2=O)cc1C(=O)OCCCCCC,151.0
CCCCNC(=O)c1cccc(N2C(=O)c3ccc(-c4ccc5c(c4)C(=O)NC5=O)cc3C2=O)c1,291.0
CCCCOC(=O)c1cccc(Br)c1-c1c(Br)cc(N2C(=O)c3ccc(-c4ccc5c(c4)C(=O)NC5=O)cc3C2=O)cc1C(=O)OCCCC,194.0
CCCCOc1cccc(N2C(=O)c3ccc(C(c4ccc5c(c4)C(=O)NC5=O)(C(F)(F)F)C(F)(F)F)cc3C2=O)c1,246.0
CCCCOc1cccc(N2C(=O)c3ccc(C(=O)c4ccc5c(c4)C(=O)NC5=O)cc3C2=O)c1,244.0
CCCCOc1cccc(N2C(=O)c3ccc(Oc4ccc5c(c4)C(=O)NC5=O)cc3C2=O)c1,237.0
CCCCOc1ccc(Oc2c3c(=O)[nH]c(=O)c3c(Oc3ccc(OCCCC)cc3)c3c(=O)n(-c4ccc(Oc5ccccc5)cc4)c(=O)c23)cc1,260.0
CCN(CCOc1ccccc1N1C(=O)c2ccc(C(c3ccc4c(c3)C(=O)NC4=O)(C(F)(F)F)C(F)(F)F)cc2C1=O)c1ccc(N=Nc2ccc(N=Nc3ccc([N+](=O)[O-])cc3)cc2)cc1,218.0
CCN(CCOc1ccccc1Oc1ccc(N2C(=O)c3ccc(C(c4ccc5c(c4)C(=O)NC5=O)(C(F)(F)F)C(F)(F)F)cc3C2=O)cc1)c1ccc(N=Nc2ccc([N+](=O)[O-])cc2)cc1,202.0
CCN(CCOc1ccc(C(c2ccc(OCCN(CC)c3ccc(N=Nc4ccc([N+](=O)[O-])cc4)cc3)c(N3C(=O)c4ccc(C(c5ccc6c(c5)C(=O)NC6=O)(C(F)(F)F)C(F)(F)F)cc4C3=O)c2)(C(F)(F)F)C(F)(F)F)cc1)c1ccc(N=Nc2ccc([N+](=O)[O-])cc2)cc1,199.0
CCN(CCOc1cccc(-c2ccc(N3C(=O)c4ccc(C(c5ccc6c(c5)C(=O)NC6=O)(C(F)(F)F)C(F)(F)F)cc4C3=O)c(OCCN(CC)c3ccc(C(C#N)=C(C#N)C#N)cc3)c2)c1)c1ccc(C(C#N)=C(C#N)C#N)cc1,222.0
CCN(CCOc1cccc(N2C(=O)c3ccc(C(c4ccc5c(c4)C(=O)NC5=O)(C(F)(F)F)C(F)(F)F)cc3C2=O)c1)c1ccc(N=Nc2ccc([N+](=O)[O-])cc2)cc1,210.0
CCN(CCOc1ccc(-c2cc(-c3ccccc3)nc(-c3ccc(N4C(=O)c5ccc(C(c6ccc7c(c6)C(=O)NC7=O)(C(F)(F)F)C(F)(F)F)cc5C4=O)cc3)c2)cc1)c1ccc(N=Nc2ccc([N+](=O)[O-])cc2)cc1,215.0
CCOP(=O)(Cc1ccc(N2C(=O)c3ccc(C(=O)c4ccc5c(c4)C(=O)NC5=O)cc3C2=O)cc1)OCC,218.0
CCc1cc(CC)cc(Cc2cc(CC)c(N3C(=O)c4ccc(C(c5ccc6c(c5)C(=O)NC6=O)(C(F)(F)F)C(F)(F)F)cc4C3=O)c(CC)c2)c1,266.0
CCc1cc(CC)cc(Cc2cc(CC)c(N3C(=O)c4ccc(C(=O)c5ccc6c(c5)C(=O)NC6=O)cc4C3=O)c(CC)c2)c1,296.0
CCc1cc(Cc2cc(CC)c(NC(=O)c3ccc4c(c3)C(=O)N(c3ccc(N=Nc5ccc(C)cc5)cc3)C4=O)c(CC)c2)cc(CC)c1NC(=O)c1ccc2c(c1)C(=O)NC2=O,269.0
CCc1ccc(N2C(=O)c3cc(Sc4ccccc4)c(Sc4ccc(N5C(=O)C6C7C=CC(C8C(=O)NC(=O)C78)C6C5=O)cc4)cc3C2=O)cc1,320.0
CCc1ccc(N2C(=O)c3cc(Sc4ccccc4)c(Sc4ccc(N5C(=O)c6ccc(Oc7ccc8c(c7)C(=O)NC8=O)cc6C5=O)cc4)cc3C2=O)cc1,271.0
CN(C)CCN1C(=O)c2cc(Sc3ccccc3)c(Sc3ccc(N4C(=O)C5C6C=CC(C7C(=O)NC(=O)C67)C5C4=O)cc3)cc2C1=O,310.0
COC(=O)c1cccc(N2C(=O)c3cc(Cl)c(C(=O)c4cc5c(cc4Cl)C(=O)NC5=O)cc3C2=O)c1,321.0
COc1cccc(-c2ccc(N3C(=O)c4ccc(C(=O)Nc5ccc(C6(c7ccc(NC(=O)c8ccc9c(c8)C(=O)NC9=O)cc7)c7ccccc7-c7ccccc76)cc5)cc4C3=O)c(OC)c2)c1,181.0
COc1cccc(-c2ccc(N3C(=O)c4ccc(C(c5ccc6c(c5)C(=O)NC6=O)(C(F)(F)F)C(F)(F)F)cc4C3=O)c(OC)c2)c1,348.0
COc1cccc(Oc2ccccc2-c2ccccc2Oc2ccc(N3C(=O)c4ccc(C(=O)c5ccc6c(c5)C(=O)NC6=O)cc4C3=O)c(OC)c2)c1,225.0
COc1cc(-c2ccc(NC(=O)c3ccc4c(c3)C(=O)N(c3ccc(Oc5cccc6ccccc56)cc3)C4=O)c(OC)c2)ccc1NC(=O)c1ccc2c(c1)C(=O)NC2=O,304.0
COc1cc(C=Nc2cc(C)ccc2C)ccc1OCc1ccc(COc2ccc(C=Nc3cc(C)c(N4C(=O)c5ccc6c7ccc8c9c(ccc(c%10ccc(c5c6%10)C4=O)c97)C(=O)NC8=O)cc3C)cc2OC)cc1,145.0
COc1ccc(-c2cc(-c3ccccc3)nc(-c3ccc(N4C(=O)c5ccc(C(=O)c6ccc7c(c6)C(=O)NC7=O)cc5C4=O)cc3)c2)cc1,331.0
COc1ccc(Oc2c3c(=O)[nH]c(=O)c3c(Oc3ccc(OC)cc3)c3c(=O)n(-c4ccc(Oc5ccccc5)cc4)c(=O)c23)cc1,305.0
Cc1cc(C)c(N2C(=O)c3cc(Cl)c(C(=O)c4cc5c(cc4Cl)C(=O)NC5=O)cc3C2=O)c(C)c1,371.0
Cc1cc(C)cc(Cc2cc(C)c(N3C(=O)c4ccc(Oc5c(C)cc(Cc6cc(C)c(Oc7ccc8c(c7)C(=O)NC8=O)c(C)c6)cc5C)cc4C3=O)c(C)c2)c1,264.0
Cc1cc(C)c(N2C(=O)c3cccc(Oc4c(C)cc(Cc5cc(C)c(Oc6cccc7c6C(=O)NC7=O)c(C)c5)cc4C)c3C2=O)c(C)c1,287.0
Cc1cc(C)cc(-c2cc(C)c(N3C(=O)c4cccc(Oc5c(C)cc(Cc6cc(C)c(Oc7cccc8c7C(=O)NC8=O)c(C)c6)cc5C)c4C3=O)c(C)c2)c1,276.0
Cc1cccc(Oc2ccc(Oc3ccc(N4C(=O)c5cccc(Oc6c(C)cc(Cc7cc(C)c(Oc8cccc9c8C(=O)NC9=O)c(C)c7)cc6C)c5C4=O)c(C)c3)cc2)c1,238.0
Cc1cc(C)cc(Cc2cc(C)c(N3C(=O)c4ccc(Oc5ccc(C(C)(c6ccccc6)c6ccc(Oc7ccc8c(c7)C(=O)NC8=O)cc6)cc5)cc4C3=O)c(C)c2)c1,245.0
Cc1ccc(Oc2ccccc2)c(S(=O)c2cc(C)ccc2Oc2ccc(N3C(=O)c4ccc(C(c5ccc6c(c5)C(=O)NC6=O)(C(F)(F)F)C(F)(F)F)cc4C3=O)cc2)c1,303.0
Cc1ccc(Oc2ccccc2)c(S(=O)c2cc(C)ccc2Oc2ccc(N3C(=O)c4ccc(C(=O)c5ccc6c(c5)C(=O)NC6=O)cc4C3=O)cc2)c1,286.0
Cc1ccc(C)c(N=Cc2ccc(OCc3ccc(COc4ccc(C=Nc5cc(C)c(N6C(=O)c7ccc8c9ccc%10c%11c(ccc(c%12ccc(c7c8%12)C6=O)c%119)C(=O)NC%10=O)cc5C)cc4)cc3)cc2)c1,130.0
Cc1ccc(C)c(N=Cc2ccc(OCc3ccccc3COc3ccc(C=Nc4cc(C)c(N5C(=O)c6ccc7c8ccc9c%10c(ccc(c%11ccc(c6c7%11)C5=O)c%108)C(=O)NC9=O)cc4C)cc3)cc2)c1,128.0
Cc1cc(C)cc(Cc2cc(C)c(N3C(=O)c4ccc(Oc5c(C)cc(C(C)(C)c6cc(C)c(Oc7ccc8c(c7)C(=O)NC8=O)c(C)c6)cc5C)cc4C3=O)c(C)c2)c1,274.0
Cc1cc(C)cc(Cc2cc(C)c(N3C(=O)c4ccc(Oc5c(C)cc(-c6cc(C)c(Oc7ccc8c(c7)C(=O)NC8=O)c(C)c6)cc5C)cc4C3=O)c(C)c2)c1,420.0
Cc1cc(C)c(N2C(=O)c3cccc(Oc4c(C)cc(-c5cc(C)c(Oc6cccc7c6C(=O)NC7=O)c(C)c5)cc4C)c3C2=O)c(C)c1,325.0
Cc1cc(C)cc(-c2cc(C)c(N3C(=O)c4cccc(Oc5c(C)cc(-c6cc(C)c(Oc7cccc8c7C(=O)NC8=O)c(C)c6)cc5C)c4C3=O)c(C)c2)c1,327.0
Cc1cccc(Oc2ccc(Oc3ccc(N4C(=O)c5cccc(Oc6ccc(C(C)(C)c7ccc(Oc8cccc9c8C(=O)NC9=O)cc7)cc6)c5C4=O)c(C)c3)cc2)c1,222.0
Cc1ccc(-c2ccc(N3C(=O)c4ccc(-c5ccc6c(c5)C(=O)NC6=O)cc4C3=O)cc2C(F)(F)F)c(C(F)(F)F)c1,560.0
Cc1ccc(Cc2ccc(-n3c(=O)c4cc5c(=O)n(C)c(=O)c5cc4c3=O)c(C)c2)cc1C,547.0
Cc1ccc(N=Nc2ccc(N3C(=O)c4ccc(C(=O)Nc5ccc(Cc6ccc(NC(=O)c7ccc8c(c7)C(=O)NC8=O)c(C)c6)cc5C)cc4C3=O)cc2)cc1,257.0
Cc1ccc(N=Nc2ccc(N3C(=O)c4ccc(C(c5ccc6c(c5)C(=O)NC6=O)(C(F)(F)F)C(F)(F)F)cc4C3=O)cc2)cc1,228.0
Cc1ccc(N=Nc2ccc(N3C(=O)c4ccc(C(=O)c5ccc6c(c5)C(=O)NC6=O)cc4C3=O)cc2)cc1,224.0
Cc1ccc(Oc2ccc(Oc3ccc(-n4c(=O)c5cc6c(=O)n(C)c(=O)c6cc5c4=O)cc3)cc2)cc1,545.0
Cc1ccc(S(=O)(=O)c2ccc(Oc3ccccc3N3C(=O)c4ccc(-c5ccc6c(c5)C(=O)NC6=O)cc4C3=O)cc2)cc1,281.0
Cc1cccc(Cc2ccc(-n3c(=O)c4ccc5c(=O)[nH]c(=O)c5c4c3=O)c(C)c2)c1,627.0
Cc1cccc(Cc2ccc(N3C(=O)c4ccc(Sc5ccc6c(c5)C(=O)NC6=O)cc4C3=O)c(C)c2)c1,523.0
Cc1cccc(Cc2ccc(N3C(=O)c4cccc(Sc5ccc6c(c5)C(=O)NC6=O)c4C3=O)c(C)c2)c1,538.0
Cc1cccc(Cc2ccc(N3C(=O)c4cccc(Sc5cccc6c5C(=O)NC6=O)c4C3=O)c(C)c2)c1,547.0
Cc1cccc(Oc2cc3c(cc2-c2ccc4c(c2)C(=O)NC4=O)C(=O)N(c2ccccc2)C3=O)c1,282.0
Cc1ccccc1Oc1ccc(-n2c(=O)c3cc4c(=O)[nH]c(=O)c4cc3c2=O)cc1,659.0
O=C(c1ccc2c(c1)C(=O)NC2=O)c1ccc2c(c1)C(=O)N(c1ccc(CP(=O)(OCCCl)OCCCl)cc1)C2=O,261.0
O=C(c1cc2c(cc1Cl)C(=O)NC2=O)c1cc2c(cc1Cl)C(=O)N(c1cc(Cl)ccc1Cl)C2=O,367.0
O=C(c1cc2c(cc1Cl)C(=O)NC2=O)c1cc2c(cc1Cl)C(=O)N(c1cccc(Cl)c1)C2=O,311.0
O=C1NC(=O)c2cc(C(c3ccc4c(c3)C(=O)N(c3ccc(N=Nc5ccc(Cl)cc5)cc3)C4=O)(C(F)(F)F)C(F)(F)F)ccc21,185.0
O=C(c1ccc2c(c1)C(=O)NC2=O)c1ccc2c(c1)C(=O)N(c1ccc(N=Nc3ccc(Cl)cc3)cc1)C2=O,195.0
Cn1c(=O)c2ccc3c(=O)n(-c4ccc(Oc5ccc(Oc6ccc(N)cc6)cc5)cc4)c(=O)c3c2c1=O,565.0
O=C1NC(=O)c2cc(-c3ccc4c(c3)C(=O)N(c3ccc(Oc5ccc(C(c6ccc(Oc7ccccc7)cc6)(C(F)(F)F)C(F)(F)F)cc5)cc3)C4=O)ccc21,265.2
O=C1NC(=O)c2cc(Cc3cccc(C(c4cccc(Cc5ccc6c(c5)C(=O)N(c5ccc(OCCOCCOCCOCCOCCOCCOc7ccccc7)cc5)C6=O)c4)(C(F)(F)F)C(F)(F)F)c3)ccc21,92.0
O=C1NC(=O)c2cc(Cc3cccc(C(c4cccc(Cc5ccc6c(c5)C(=O)N(c5ccc(OCCOCCOCCOc7ccccc7)cc5)C6=O)c4)(C(F)(F)F)C(F)(F)F)c3)ccc21,142.0
O=C1NC(=O)c2cc(Cc3cccc(C(c4cccc(Cc5ccc6c(c5)C(=O)N(c5ccc(OCCOc7ccccc7)cc5)C6=O)c4)(C(F)(F)F)C(F)(F)F)c3)ccc21,194.0
O=C1NC(=O)c2cc(Cc3cccc(C(c4cccc(Cc5ccc6c(c5)C(=O)N(c5ccc(Oc7ccccc7)cc5)C6=O)c4)(C(F)(F)F)C(F)(F)F)c3)ccc21,224.0
CC(C)c1cc(C(C)C)cc(C(c2ccccc2)(c2cc(C(C)C)c(N3C(=O)c4ccc(C(c5ccc6c(c5)C(=O)NC6=O)(C(F)(F)F)C(F)(F)F)cc4C3=O)c(C(C)C)c2)C(F)(F)F)c1,274.0
O=C1NC(=O)c2cc(C(c3ccc4c(c3)C(=O)N(c3ccc(Oc5ccc(Oc6ccccc6)cc5)c(C(F)(F)F)c3)C4=O)(C(F)(F)F)C(F)(F)F)ccc21,260.8
O=C1NC(=O)c2cc(C(c3ccc4c(c3)C(=O)N(c3cccc(P(=O)(c5ccccc5)c5ccccc5)c3)C4=O)(C(F)(F)F)C(F)(F)F)ccc21,271.0
O=C1NC(=O)c2cc(C(c3ccc4c(c3)C(=O)N(c3ccc(C5(c6ccccc6)OC(=O)c6ccccc65)cc3)C4=O)(C(F)(F)F)C(F)(F)F)ccc21,330.0
O=C1NC(=O)c2cc(C(c3ccc4c(c3)C(=O)N(c3ccc(OCCOCCOCCOc5ccccc5)cc3)C4=O)(C(F)(F)F)C(F)(F)F)ccc21,175.0
CC(C)(c1ccc(Oc2ccccc2)cc1)c1ccc(Oc2ccc(N3C(=O)c4ccc(C(c5ccc6c(c5)C(=O)NC6=O)(C(F)(F)F)C(F)(F)F)cc4C3=O)cc2)cc1,235.8
O=C1NC(=O)c2cc(C(c3ccc4c(c3)C(=O)N(c3ccc(Oc5ccc(S(=O)(=O)c6ccc(Oc7ccccc7)cc6)cc5)cc3)C4=O)(C(F)(F)F)C(F)(F)F)ccc21,269.3
O=C1NC(=O)c2cc(C(c3ccc4c(c3)C(=O)N(c3ccc(Oc5ccc(-c6ccc(Oc7ccccc7)cc6)cc5)cc3)C4=O)(C(F)(F)F)C(F)(F)F)ccc21,280.0
CC(C)(C)c1cc(C(=O)c2ccc3c(c2)C(=O)NC3=O)cc(C(=O)c2ccc3c(c2)C(=O)N(c2ccc(C(c4ccccc4)(C(F)(F)F)C(F)(F)F)cc2)C3=O)c1,270.0
O=C(c1cccc(C(=O)c2ccc3c(c2)C(=O)N(c2ccc(C(c4ccccc4)(C(F)(F)F)C(F)(F)F)cc2)C3=O)c1)c1ccc2c(c1)C(=O)NC2=O,266.0
O=C1NC(=O)c2cc(C(c3ccc4c(c3)C(=O)N(c3cccc(C(c5ccccc5)(c5ccccc5)C(F)(F)F)c3)C4=O)(C(F)(F)F)C(F)(F)F)ccc21,305.0
O=C(c1ccc2c(c1)C(=O)NC2=O)c1ccc2c(c1)C(=O)N(c1cccc(C(c3ccccc3)(c3ccccc3)C(F)(F)F)c1)C2=O,311.0
O=C1NC(=O)c2cc(C(c3ccc4c(c3)C(=O)N(c3ccc(Oc5ccccc5Oc5ccccc5C(F)(F)F)c(C(F)(F)F)c3)C4=O)(C(F)(F)F)C(F)(F)F)ccc21,247.0
O=C(c1ccccc1)c1ccc(Oc2ccc(N3C(=O)c4ccc(C(c5ccc6c(c5)C(=O)NC6=O)(C(F)(F)F)C(F)(F)F)cc4C3=O)cc2C(F)(F)F)cc1,222.0
O=C1NC(=O)c2cc(C(c3ccc4c(c3)C(=O)N(c3ccc(-c5cccc(OCCCCCCOc6ccc(/C=C/c7ccc(F)cc7)cc6)c5)cc3OCCCCCCOc3ccc(/C=C/c5ccc(F)cc5)cc3)C4=O)(C(F)(F)F)C(F)(F)F)ccc21,140.0
O=C(c1ccc2c(c1)C(=O)NC2=O)c1ccc2c(c1)C(=O)N(c1ccc(-c3cccc(OCCCCCCOc4ccc(/C=C/c5ccc(F)cc5)cc4)c3)cc1OCCCCCCOc1ccc(/C=C/c3ccc(F)cc3)cc1)C2=O,128.0
Cc1cc(Cc2cc(C)c(NC(=O)c3ccc4c(c3)C(=O)N(c3ccc(N=Nc5ccc(F)cc5)cc3)C4=O)c(C)c2)cc(C)c1NC(=O)c1ccc2c(c1)C(=O)NC2=O,279.0
O=C1NC(=O)c2cc(Oc3ccc4c(c3)C(=O)N(c3ccc(-c5cccc(OCCCCCCOc6ccc(/C=C/c7ccc(F)cc7)cc6)c5)cc3OCCCCCCOc3ccc(/C=C/c5ccc(F)cc5)cc3)C4=O)ccc21,124.0
N#CC(C#N)=C(C#N)c1ccc(N(CCOc2ccccc2)CCOc2ccc(N3C(=O)c4ccc(C(c5ccc6c(c5)C(=O)NC6=O)(C(F)(F)F)C(F)(F)F)cc4C3=O)cc2)cc1,218.0
N#CC(C#N)=C(C#N)c1ccc(N=Nc2ccc(N3C(=O)c4ccc(C(=O)OCCN(CCOC(=O)c5ccc6c(c5)C(=O)NC6=O)c5ccc(C(C#N)=C(C#N)C#N)cc5)cc4C3=O)cc2)cc1,187.0
N#CC(C#N)=C(C#N)c1ccc(N=Nc2ccc(N(CCOC(=O)c3ccc4c(c3)C(=O)NC4=O)CCOC(=O)c3ccc4c(c3)C(=O)N(c3ccc(N=Nc5ccc(C(C#N)=C(C#N)C#N)cc5)cc3)C4=O)cc2)cc1,121.0
N#Cc1c(Oc2ccccc2)cccc1Oc1cccc(N2C(=O)c3ccc(S(=O)(=O)c4ccc5c(c4)C(=O)NC5=O)cc3C2=O)c1,254.0
N#CCCCOc1ccc(-c2cc(-c3ccccc3)nc(-c3ccc(N4C(=O)c5ccc(C(c6ccc7c(c6)C(=O)NC7=O)(C(F)(F)F)C(F)(F)F)cc5C4=O)cc3)c2)cc1,339.0
N#CCCCOc1ccc(-c2cc(-c3ccccc3)nc(-c3ccc(N4C(=O)c5ccc(C(=O)c6ccc7c(c6)C(=O)NC7=O)cc5C4=O)cc3)c2)cc1,342.0
N#CCCCOc1ccc(-c2cc(-c3ccccc3)nc(-c3ccc(N4C(=O)c5ccc(Oc6ccc7c(c6)C(=O)NC7=O)cc5C4=O)cc3)c2)cc1,315.0
N#CCCCOc1ccc(-c2cc(-c3ccccc3)nc(-c3ccc(N4C(=O)c5ccc(-c6ccc7c(c6)C(=O)NC7=O)cc5C4=O)cc3)c2)cc1,360.0
N#CCCCOc1ccc(-c2cc(-c3ccccc3)nc(-c3ccc(-n4c(=O)c5cc6c(=O)[nH]c(=O)c6cc5c4=O)cc3)c2)cc1,345.0
Cc1cc(C)cc(Cc2cc(C)c(N3C(=O)c4ccc(C(=O)OCCN(CCOC(=O)c5ccc6c(c5)C(=O)NC6=O)c5ccc(N=Nc6ccc([N+](=O)[O-])cc6C#N)cc5)cc4C3=O)c(C)c2)c1,216.0
N#Cc1c(Oc2cccc(NC(=O)c3ccc4c(c3)C(=O)NC4=O)c2)cccc1Oc1cccc(Oc2cccc(Oc3cccc(NC(=O)c4ccc5c(c4)C(=O)N(c4cccc(Oc6cccc(Oc7ccccc7)c6C#N)c4)C5=O)c3)c2C#N)c1,193.0
N#Cc1c(Oc2ccccc2)cccc1Oc1ccc(N2C(=O)c3ccc(C(=O)Nc4cccc(Oc5cccc(Oc6cccc(Oc7cccc(Oc8cccc(NC(=O)c9ccc%10c(c9)C(=O)NC%10=O)c8)c7C#N)c6)c5C#N)c4)cc3C2=O)cc1,199.0
N#Cc1c(Oc2ccccc2)cccc1Oc1cccc(N2C(=O)c3ccc(C(=O)Nc4ccc(Oc5cccc(Oc6ccc(NC(=O)c7ccc8c(c7)C(=O)NC8=O)cc6)c5)cc4)cc3C2=O)c1,207.0
N#Cc1c(Oc2cccc(NC(=O)c3ccc4c(c3)C(=O)NC4=O)c2)cccc1Oc1cccc(NC(=O)c2ccc3c(c2)C(=O)N(c2cccc(Oc4cccc(Oc5ccccc5)c4C#N)c2)C3=O)c1,214.0
N#Cc1c(Oc2ccccc2)cccc1Oc1ccc(N2C(=O)c3ccc(C(=O)Nc4ccc(Oc5cccc(Oc6ccc(NC(=O)c7ccc8c(c7)C(=O)NC8=O)cc6)c5)cc4)cc3C2=O)cc1,217.0
N#Cc1c(Oc2ccccc2)cccc1Oc1cccc(Oc2cccc(Oc3cccc(N4C(=O)c5ccc(Oc6ccc7c(c6)C(=O)NC7=O)cc5C4=O)c3)c2C#N)c1,176.0
N#Cc1c(Oc2ccccc2)cccc1Oc1cccc(N2C(=O)c3ccc(Oc4ccc(C(c5ccc(Oc6ccc7c(c6)C(=O)NC7=O)cc5)(C(F)(F)F)C(F)(F)F)cc4)cc3C2=O)c1,200.0
CC(C)(c1ccc(Oc2ccc3c(c2)C(=O)NC3=O)cc1)c1ccc(Oc2ccc3c(c2)C(=O)N(c2cccc(Oc4cccc(Oc5ccccc5)c4C#N)c2)C3=O)cc1,187.0
N#Cc1c(Oc2ccccc2)cccc1Oc1cccc(N2C(=O)c3ccc(Oc4ccc(C5(c6ccc(Oc7ccc8c(c7)C(=O)NC8=O)cc6)CCCCC5)cc4)cc3C2=O)c1,191.0
N#Cc1c(Oc2ccccc2)cccc1Oc1cccc(N2C(=O)c3ccc(Oc4ccc(C5(c6ccc(Oc7ccc8c(c7)C(=O)NC8=O)cc6)OC(=O)c6ccccc65)cc4)cc3C2=O)c1,232.0
N#Cc1ccc(N(c2ccccc2)c2ccc(N3C(=O)c4ccc(C(c5ccc6c(c5)C(=O)NC6=O)(C(F)(F)F)C(F)(F)F)cc4C3=O)cc2)cc1,321.0
N#Cc1ccc(N(c2ccccc2)c2ccc(N3C(=O)c4ccc(C(=O)c5ccc6c(c5)C(=O)NC6=O)cc4C3=O)cc2)cc1,315.0
N#Cc1ccc(N(c2ccccc2)c2ccc(N3C(=O)c4ccc(Oc5ccc6c(c5)C(=O)NC6=O)cc4C3=O)cc2)cc1,304.0
N#Cc1ccc(N(c2ccccc2)c2ccc(N3C(=O)c4ccc(-c5ccc6c(c5)C(=O)NC6=O)cc4C3=O)cc2)cc1,358.0
N#Cc1ccc(N(c2ccccc2)c2ccc(N3C(=O)c4ccc(Oc5ccc(C(c6ccc(Oc7ccc8c(c7)C(=O)NC8=O)cc6)(C(F)(F)F)C(F)(F)F)cc5)cc4C3=O)cc2)cc1,234.0
CC(C)(c1ccc(Oc2ccc3c(c2)C(=O)NC3=O)cc1)c1ccc(C(C)(C)c2ccc(Oc3ccc4c(c3)C(=O)N(c3ccc(N(c5ccccc5)c5ccc(C#N)cc5)cc3)C4=O)cc2)cc1,224.0
CC(C)(c1ccc(Oc2ccc3c(c2)C(=O)NC3=O)cc1)c1ccc(Oc2ccc3c(c2)C(=O)N(c2ccc(N(c4ccccc4)c4ccc(C#N)cc4)cc2)C3=O)cc1,230.0
N#Cc1ccc(N(c2ccccc2)c2ccc(N3C(=O)c4ccc(Oc5ccc(C6(c7ccc(Oc8ccc9c(c8)C(=O)NC9=O)cc7)CCCCC6)cc5)cc4C3=O)cc2)cc1,243.0
N#Cc1ccc(N(c2ccccc2)c2ccc(-n3c(=O)c4cc5c(=O)[nH]c(=O)c5cc4c3=O)cc2)cc1,353.0
N#Cc1ccc(Oc2ccccc2)cc1Oc1cccc(N2C(=O)c3ccc(Oc4ccc5c(c4)C(=O)NC5=O)cc3C2=O)c1,196.0
O=C1NC(=O)c2cc(-c3c(-c4ccccc4)c(-c4ccccc4)c(-c4ccc(Oc5ccc(-c6c(-c7ccccc7)c(-c7ccccc7)c(-c7ccc8c(c7)C(=O)N(c7ccc(Oc9ccccc9)cc7)C8=O)c(-c7ccccc7)c6-c6ccccc6)cc5)cc4)c(-c4ccccc4)c3-c3ccccc3)ccc21,319.0
O=c1[nH]c(=O)c2cc3c(=O)n(-c4ccc(-c5ccccc5Sc5ccc(Cl)cc5)c(Sc5ccc(Cl)cc5)c4)c(=O)c3cc12,282.0
CC(C)c1cccc(C(c2ccc(F)c(F)c2)c2ccc(-n3c(=O)c4cc5c(=O)[nH]c(=O)c5cc4c3=O)c(C(C)C)c2)c1,306.0
Cc1cccc(Sc2ccc(Sc3ccc(Sc4ccc(N5C(=O)c6ccc(Sc7ccc(Sc8ccc(Sc9ccc%10c(c9)C(=O)NC%10=O)cc8)cc7)cc6C5=O)c(C)n4)cc3)cc2)n1,202.0
O=C1NC(=O)c2cc(Sc3ccc(Sc4ccc(Sc5ccc6c(c5)C(=O)N(c5ccc(Sc7ccc(P(=O)(c8ccccc8)c8ccc(Sc9ccccc9)cc8)cc7)cc5)C6=O)cc4)cc3)ccc21,212.2
Cc1ccnc(Sc2ccc(Sc3ccc(Sc4cc(C)c(N5C(=O)c6ccc(Sc7ccc(Sc8ccc(Sc9ccc%10c(c9)C(=O)NC%10=O)cc8)cc7)cc6C5=O)cn4)cc3)cc2)c1,198.0
O=C1NC(=O)c2cc(Sc3ccc(Sc4ccc(Sc5ccc6c(c5)C(=O)N(c5ccc(Sc7ccc(Sc8ccc(SC9=CC=CNC9)cc8)cc7)cn5)C6=O)cc4)cc3)ccc21,172.0
Cc1ccc(C(c2cccc(C(C)C)c2)c2ccc(N3C(=O)c4ccc(C(=O)c5ccc6c(c5)C(=O)NC6=O)cc4C3=O)c(C(C)C)c2)cc1,274.7
O=C(c1ccc2c(c1)C(=O)NC2=O)c1ccc2c(c1)C(=O)N(c1ccc(Oc3ccc(Oc4cccc(C(F)(F)F)c4)cc3P(=O)(c3ccccc3)c3ccccc3)cc1C(F)(F)F)C2=O,260.0
CC(C)(C)c1cccc(C(c2ccc(N3C(=O)c4ccc(C(=O)c5ccc6c(c5)C(=O)NC6=O)cc4C3=O)c(C(C)(C)C)c2)c2cccc3ccccc23)c1,341.0
CC(C)(C)c1cccc(C(c2ccc(N3C(=O)c4ccc(C(=O)c5ccc6c(c5)C(=O)NC6=O)cc4C3=O)c(C(C)(C)C)c2)C2CCCCC2)c1,325.0
Cc1cc(C)c(Oc2ccc(N3C(=O)c4ccc(C(=O)c5ccc6c(c5)C(=O)NC6=O)cc4C3=O)cc2)c(C)c1,301.0
O=C(c1ccc2c(c1)C(=O)NC2=O)c1ccc2c(c1)C(=O)N(c1ccc(Oc3ccc(-c4ccc(Oc5ccccn5)cc4)cc3)nc1)C2=O,283.0
Cc1cc(C)cc(C(c2ccc(-c3ccccc3)cc2)c2cc(C)c(N3C(=O)c4ccc(C(=O)c5ccc6c(c5)C(=O)NC6=O)cc4C3=O)c(C)c2)c1,341.0
Cc1cccc(C(c2ccc(C(F)(F)F)cc2)c2ccc(N3C(=O)c4ccc(C(=O)c5ccc6c(c5)C(=O)NC6=O)cc4C3=O)c(C)c2)c1,324.0
O=C(c1ccc2c(c1)C(=O)NC2=O)c1ccc2c(c1)C(=O)N(c1ccc(Oc3ccc(C4(c5ccc(Oc6ccccc6C(F)(F)F)cc5)c5ccccc5C(=O)c5ccccc54)cc3)c(C(F)(F)F)c1)C2=O,300.0
O=C(c1ccc2c(c1)C(=O)NC2=O)c1ccc2c(c1)C(=O)N(c1cc(C(F)(F)F)c(Oc3ccccc3)c(C(F)(F)F)c1)C2=O,310.0
O=C(c1ccc2c(c1)C(=O)NC2=O)c1ccc2c(c1)C(=O)N(c1ccc(Sc3ccccc3)c(C(F)(F)F)c1)C2=O,252.0
O=C(c1ccc2c(c1)C(=O)NC2=O)c1ccc2c(c1)C(=O)N(c1ccc(Oc3ccccc3)c(-c3ccccc3)c1)C2=O,264.0
O=C(c1ccc2c(c1)C(=O)NC2=O)c1ccc2c(c1)C(=O)N(c1ccc3nc(-c4ccc(Oc5ccccc5)cc4)[nH]c3c1)C2=O,373.0
N#Cc1c(Oc2ccccc2)cccc1Oc1cccc(N2C(=O)c3ccc(C(=O)c4ccc5c(c4)C(=O)NC5=O)cc3C2=O)c1,245.0
O=C(c1ccc2c(c1)C(=O)NC2=O)c1ccc2c(c1)C(=O)N(c1ccc(-c3ccccc3Sc3ccccc3)c(Sc3ccccc3)c1)C2=O,207.0
O=C(c1ccc2c(c1)C(=O)NC2=O)c1ccc2c(c1)C(=O)N(c1ccc(-c3cc(-c4ccccc4)cc(-c4ccccc4)c3)cc1)C2=O,303.0
O=C(c1ccc2c(c1)C(=O)NC2=O)c1ccc2c(c1)C(=O)N(c1ccc(Oc3ccc(-c4nc(-c5ccccc5)c(-c5ccccc5)n4-c4ccc(Oc5ccccc5C(F)(F)F)cc4)cc3)c(C(F)(F)F)c1)C2=O,257.0
CC(C)c1cccc(C(c2ccc(-c3ccccc3)cc2)c2ccc(N3C(=O)c4ccc(C(=O)c5ccc6c(c5)C(=O)NC6=O)cc4C3=O)c(C(C)C)c2)c1,278.0
CC(C)(C)c1cccc(C(c2ccc(N3CCOCC3)cc2)c2ccc(N3C(=O)c4ccc(C(=O)c5ccc6c(c5)C(=O)NC6=O)cc4C3=O)c(C(C)(C)C)c2)c1,315.0
Cc1cc(C(c2cccnc2)c2cc(C)c(OC(=O)c3ccc(N4C(=O)c5ccc(C(=O)c6ccc7c(c6)C(=O)NC7=O)cc5C4=O)cc3)c(C)c2)cc(C)c1OC(=O)c1ccccc1,211.0
CC(C)(C)c1cccc(C2(c3ccc(N4C(=O)c5ccc(C(=O)c6ccc7c(c6)C(=O)NC7=O)cc5C4=O)c(C(C)(C)C)c3)c3ccccc3-c3ccccc32)c1,356.0
O=C(c1ccc2c(c1)C(=O)NC2=O)c1ccc2c(c1)C(=O)N(c1ccc(C3(c4ccccc4)c4cc(-c5ccc(F)cc5)ccc4-c4ccc(-c5ccc(F)cc5)cc43)cc1)C2=O,414.0
O=C(c1ccc2c(c1)C(=O)NC2=O)c1ccc2c(c1)C(=O)N(c1ccc(-c3ccc(Oc4ccc(-c5c6c(c(-c7ccc(Oc8ccc(-c9ccccc9)cc8C(F)(F)F)cc7)c7ccccc57)C(=O)N(c5ccccc5)C6=O)cc4)c(C(F)(F)F)c3)cc1)C2=O,310.0
O=C(c1ccc2c(c1)C(=O)NC2=O)c1ccc2c(c1)C(=O)N(c1ccc(-c3cc(C(F)(F)F)cc(C(F)(F)F)c3)cc1)C2=O,287.0
O=C(c1ccc2c(c1)C(=O)NC2=O)c1ccc2c(c1)C(=O)N(c1ccc(-c3cc(-c4ccc(F)c(F)c4)cc(-c4ccccc4)n3)cc1)C2=O,346.0
O=C(c1ccc2c(c1)C(=O)NC2=O)c1ccc2c(c1)C(=O)N(c1ccc(-c3cc(-c4ccc(SC(F)(F)F)cc4)cc(-c4ccccc4)n3)cc1)C2=O,352.0
O=C(c1ccc2c(c1)C(=O)NC2=O)c1ccc2c(c1)C(=O)N(c1ccc(-c3ccc(C(=C(c4ccccc4)c4ccccc4)c4ccc(-c5ccccc5)cc4)cc3)cc1)C2=O,377.0
O=C(c1ccc2c(c1)C(=O)NC2=O)c1ccc2c(c1)C(=O)N(c1ccc(-c3ccc(/C(=C\c4ccccc4)c4ccc(-c5ccccc5)cc4)cc3)cc1)C2=O,352.0
N#Cc1cccc(N(c2ccccc2)c2ccc(N3C(=O)c4ccc(C(=O)c5ccc6c(c5)C(=O)NC6=O)cc4C3=O)cc2)c1,296.0
Cc1cc(Oc2ccccc2C(F)(F)F)c(C)c(C)c1Oc1ccc(N2C(=O)c3ccc(C(=O)c4ccc5c(c4)C(=O)NC5=O)cc3C2=O)cc1C(F)(F)F,295.0
O=C(c1ccc2c(c1)C(=O)NC2=O)c1ccc2c(c1)C(=O)N(c1ccc(Oc3cccc(-c4cc(-c5ccc(O)cc5)cc(-c5cccc(Oc6ccccc6)c5)n4)c3)cc1)C2=O,254.2
O=C(c1ccc2c(c1)C(=O)NC2=O)c1ccc2c(c1)C(=O)N(c1ccc(Oc3ccc4c(c3)C(=O)c3ccc(Oc5ccccc5)cc3C4=O)cc1)C2=O,288.0
N#Cc1ccc(Oc2ccc(N3C(=O)c4ccc(C(=O)c5ccc6c(c5)C(=O)NC6=O)cc4C3=O)cc2)cc1C#N,277.0
O=C(c1ccc2c(c1)C(=O)NC2=O)c1ccc2c(c1)C(=O)N(c1ccc(Oc3ccc(C4(c5ccc(Oc6ccccc6)cc5)c5ccccc5C(=O)c5ccccc54)cc3)cc1)C2=O,311.0
O=C(c1ccc(Oc2ccccn2)cc1)c1ccc(Oc2ccc(N3C(=O)c4ccc(C(=O)c5ccc6c(c5)C(=O)NC6=O)cc4C3=O)cn2)cc1,242.0
O=C(c1ccc2c(c1)C(=O)NC2=O)c1ccc2c(c1)C(=O)N(c1ccc(Oc3ccc4ccc(Oc5ccccc5)cc4c3)cc1)C2=O,252.0
O=C(c1ccc2c(c1)C(=O)NC2=O)c1ccc2c(c1)C(=O)N(c1ccc(Oc3ccccc3-c3cc(-c4ccccc4)cc(-c4ccccc4Oc4ccccc4C(F)(F)F)n3)c(C(F)(F)F)c1)C2=O,224.6
O=C(c1ccc2c(c1)C(=O)NC2=O)c1ccc2c(c1)C(=O)N(c1ccc(Oc3cc(Oc4ccccc4)nc(-c4ccccc4)n3)cc1)C2=O,255.0
O=C(c1ccc2c(c1)C(=O)NC2=O)c1ccc2c(c1)C(=O)N(c1ccc(Oc3nccc(Oc4ccccc4)n3)cc1)C2=O,262.0
O=C(c1ccc2c(c1)C(=O)NC2=O)c1ccc2c(c1)C(=O)N(c1ccc(OCc3cn(-c4ccc(-n5cc(COc6ccccc6)nn5)cc4)nn3)cc1)C2=O,240.0
O=C(c1ccc2c(c1)C(=O)NC2=O)c1ccc2c(c1)C(=O)N(c1ccc(OCc3cn(-c4ccc(Oc5ccc(-n6cc(COc7ccccc7)nn6)cc5)cc4)nn3)cc1)C2=O,234.0
O=C(c1ccc2c(c1)C(=O)NC2=O)c1ccc2c(c1)C(=O)N(c1ccc(OP(=O)(Oc3ccccc3)Oc3ccccc3)cc1)C2=O,216.0
CP(=O)(c1ccccc1)c1cccc(N2C(=O)c3ccc(C(=O)c4ccc5c(c4)C(=O)NC5=O)cc3C2=O)c1,270.0
Cc1cccnc1Oc1ccc(C(C)(C)c2ccc(Oc3ncc(N4C(=O)c5ccc(C(=O)c6ccc7c(c6)C(=O)NC7=O)cc5C4=O)cc3C)cc2)cc1,257.0
O=C(c1ccc2c(c1)C(=O)NC2=O)c1ccc2c(c1)C(=O)N(c1ccc(Oc3ccc(Oc4ccccn4)cc3)nc1)C2=O,232.0
Nc1ncccc1Oc1cccc(Oc2cccnc2N2C(=O)c3ccc(C(=O)c4ccc5c(c4)C(=O)NC5=O)cc3C2=O)n1,281.0
O=C(c1ccc2c(c1)C(=O)NC2=O)c1ccc2c(c1)C(=O)N(c1ccc(Sc3ccccc3C(F)(F)F)c(C(F)(F)F)c1)C2=O,245.0
O=C(c1ccc2c(c1)C(=O)NC2=O)c1ccc2c(c1)C(=O)N(c1ccc(-c3ccccc3Sc3ccc(Cl)cc3)c(Sc3ccc(Cl)cc3)c1)C2=O,221.0
CC(C)(c1ccc(Oc2ccccc2)cc1)c1ccc(N2C(=O)c3ccc(C(=O)c4ccc5c(c4)C(=O)NC5=O)cc3C2=O)cc1,242.0
COC(=O)C1C(c2ccccc2)C(C(=O)OC)C1c1ccc(N2C(=O)c3ccc(C(=O)c4ccc5c(c4)C(=O)NC5=O)cc3C2=O)cc1,260.0
O=C(C=Cc1ccccc1)Oc1cccc(-c2ccc(N3C(=O)c4ccc(C(c5ccc6c(c5)C(=O)NC6=O)(C(F)(F)F)C(F)(F)F)cc4C3=O)c(OC(=O)C=Cc3ccccc3)c2)c1,181.0
CCCCCOC(=O)CCCCC(=O)OCCCCCN1C(=O)c2ccc(-c3nnc(-c4ccc5c(c4)C(=O)NC5=O)o3)cc2C1=O,84.0
CC(=O)Nc1ccc(Oc2ccc3nc(-c4ccccc4)c(-c4ccc(N5C(=O)c6ccc7c8c(ccc(c68)C5=O)C(=O)N(c5ccc(-c6nc8cc(Oc9ccc(NC(=O)CN%10C(=O)c%11ccc(C(c%12ccc%13c(c%12)C(=O)NC%13=O)(C(F)(F)F)C(F)(F)F)cc%11C%10=O)cc9)ccc8nc6-c6ccccc6)cc5)C7=O)cc4)nc3c2)cc1,306.0
CC(=O)Nc1ccc(Oc2ccc3nc(-c4ccccc4)c(-c4ccc(-c5nc6cc(Oc7ccc(NC(=O)CN8C(=O)c9ccc(C(c%10ccc%11c(c%10)C(=O)NC%11=O)(C(F)(F)F)C(F)(F)F)cc9C8=O)cc7)ccc6nc5-c5ccccc5)cc4)nc3c2)cc1,280.0
O=C1NC(=O)c2cc(Oc3ccc(C(c4ccc(OC5=CC=C6C(=O)N(c7ccc(Oc8ccc9ccc(Oc%10ccccc%10)cc9c8)cc7)C(=O)C6C5)cc4)(C(F)(F)F)C(F)(F)F)cc3)ccc21,211.0
Cc1ccc(C(c2cccc(C(C)C)c2)c2ccc(-n3c(=O)c4cc5c(=O)[nH]c(=O)c5cc4c3=O)c(C(C)C)c2)cc1,308.1
CC(C)(C)c1cccc(C(c2ccc(-n3c(=O)c4cc5c(=O)[nH]c(=O)c5cc4c3=O)c(C(C)(C)C)c2)c2cccc3ccccc23)c1,350.0
CC(C)(C)c1cccc(C(c2ccc(-n3c(=O)c4cc5c(=O)[nH]c(=O)c5cc4c3=O)c(C(C)(C)C)c2)C2CCCCC2)c1,374.0
O=c1[nH]c(=O)c2cc3c(=O)n(-c4ccc(-c5ccc6c(c5)[nH]c5cc(-c7ccccc7)ccc56)cc4)c(=O)c3cc12,413.0
O=c1[nH]c(=O)c2cc3c(=O)n(-c4ccc(Oc5ccc(-c6ccc(Oc7ccccn7)cc6)cc5)nc4)c(=O)c3cc12,309.0
O=c1[nH]c(=O)c2cc3c(=O)n(-c4ccc(Oc5ccccc5Oc5ccccn5)nc4)c(=O)c3cc12,321.0
Cc1cc(C)cc(C(c2ccc(-c3ccccc3)cc2)c2cc(C)c(-n3c(=O)c4cc5c(=O)[nH]c(=O)c5cc4c3=O)c(C)c2)c1,426.0
Cc1cc(Oc2ccccc2)cc(C)c1-n1c(=O)c2cc3c(=O)[nH]c(=O)c3cc2c1=O,414.0
Cc1cc(C)cc(Oc2c(F)c(F)c(-c3c(F)c(F)c(Oc4cc(C)c(-n5c(=O)c6cc7c(=O)[nH]c(=O)c7cc6c5=O)c(C)c4)c(F)c3F)c(F)c2F)c1,345.0
O=C1c2ccccc2C(c2ccc(Oc3ccccc3C(F)(F)F)cc2)(c2ccc(Oc3ccc(-n4c(=O)c5cc6c(=O)[nH]c(=O)c6cc5c4=O)cc3C(F)(F)F)cc2)c2ccccc21,329.0
O=C1NC(=O)c2cc(Oc3ccc(Oc4ccc5c(c4)C(=O)N(c4ccc(Oc6ccc(S(=O)(=O)c7ccc(Oc8ccccc8C(F)(F)F)cc7)cc6)c(C(F)(F)F)c4)C5=O)cc3)ccc21,222.0
O=c1[nH]c(=O)c2cc3c(=O)n(-c4ccc(Sc5ccccc5)c(C(F)(F)F)c4)c(=O)c3cc12,325.0
O=c1[nH]c(=O)c2cc3c(=O)n(-c4ccc(Sc5ccccc5C(F)(F)F)c(C(F)(F)F)c4)c(=O)c3cc12,298.0
O=c1[nH]c(=O)c2cc3c(=O)n(-c4ccc(Oc5ccccc5)c(-c5ccccc5)c4)c(=O)c3cc12,309.0
O=c1[nH]c(=O)c2cc3c(=O)n(-c4ccc(-c5ccccc5Sc5ccccc5)c(Sc5ccccc5)c4)c(=O)c3cc12,279.0
O=c1[nH]c(=O)c2cc3c(=O)n(-c4ccc(Oc5ccc(-c6nc(-c7ccccc7)c(-c7ccccc7)n6-c6ccc(Oc7ccccc7C(F)(F)F)cc6)cc5)c(C(F)(F)F)c4)c(=O)c3cc12,295.0
CC(C)c1cccc(C(c2ccc(-c3ccccc3)cc2)c2ccc(-n3c(=O)c4cc5c(=O)[nH]c(=O)c5cc4c3=O)c(C(C)C)c2)c1,318.0
CC(C)(C)c1cccc(C(c2ccc(N3CCOCC3)cc2)c2ccc(-n3c(=O)c4cc5c(=O)[nH]c(=O)c5cc4c3=O)c(C(C)(C)C)c2)c1,355.0
O=C(Nc1ccc(S(=O)(=O)c2ccc(NC(=O)c3ccc(-n4c(=O)c5cc6c(=O)[nH]c(=O)c6cc5c4=O)cc3)cc2)cc1)c1ccccc1,245.0
Cc1cc(C(c2cccnc2)c2cc(C)c(OC(=O)c3ccc(-n4c(=O)c5cc6c(=O)[nH]c(=O)c6cc5c4=O)cc3)c(C)c2)cc(C)c1OC(=O)c1ccccc1,226.0
O=c1[nH]c(=O)c2cc3c(=O)n(-c4ccc(C5(c6ccccc6)c6cc(-c7ccc(C(F)(F)F)cc7)ccc6-c6ccc(-c7ccc(C(F)(F)F)cc7)cc65)cc4)c(=O)c3cc12,447.0
O=c1[nH]c(=O)c2cc3c(=O)n(-c4ccc(C5(c6ccccc6)c6cc(-c7ccc(F)cc7)ccc6-c6ccc(-c7ccc(F)cc7)cc65)cc4)c(=O)c3cc12,448.0
O=c1[nH]c(=O)c2cc3c(=O)n(-c4ccc(-c5cc(-c6ccc(F)c(F)c6)cc(-c6ccccc6)n5)cc4)c(=O)c3cc12,434.0
O=c1[nH]c(=O)c2cc3c(=O)n(-c4ccc(-c5ccc(/C(=C\c6ccccc6)c6ccc(-c7ccccc7)cc6)cc5)cc4)c(=O)c3cc12,385.0
O=C1NC(=O)C2C1C1C(=O)N(c3ccc(N(c4ccccc4)c4c(-c5cc(C(F)(F)F)cc(C(F)(F)F)c5)cc(-c5cc(C(F)(F)F)cc(C(F)(F)F)c5)cc4-c4cc(C(F)(F)F)cc(C(F)(F)F)c4)cc3)C(=O)C21,336.0
CC(C)c1cc(C2(c3ccc(Oc4ccc(-n5c(=O)c6cc7c(=O)[nH]c(=O)c7cc6c5=O)cc4C(F)(F)F)c(C(C)C)c3)c3ccccc3-c3ccccc32)ccc1Oc1ccccc1C(F)(F)F,287.0
O=c1[nH]c(=O)c2cc3c(=O)n(-c4ccc(Oc5c(F)c(F)c(-c6c(F)c(F)c(Oc7ccccc7)c(F)c6F)c(F)c5F)cc4)c(=O)c3cc12,338.0
CC(C)(C)c1cccc(Oc2ccc(-n3c(=O)c4cc5c(=O)[nH]c(=O)c5cc4c3=O)c(C(C)(C)C)c2)c1,353.0
O=c1[nH]c(=O)c2cc3c(=O)n(-c4ccc(Oc5cccc(-c6cc(-c7ccc(O)cc7)cc(-c7cccc(Oc8ccccc8)c7)n6)c5)cc4)c(=O)c3cc12,310.5
O=C1c2ccc(Oc3ccc(-n4c(=O)c5cc6c(=O)[nH]c(=O)c6cc5c4=O)cc3)cc2C(=O)c2ccc(Oc3ccccc3)cc21,287.0
O=C1c2ccccc2C(c2ccc(Oc3ccccc3)cc2)(c2ccc(Oc3ccc(-n4c(=O)c5cc6c(=O)[nH]c(=O)c6cc5c4=O)cc3)cc2)c2ccccc21,353.0
O=C(c1ccc(Oc2ccccn2)cc1)c1ccc(Oc2ccc(-n3c(=O)c4cc5c(=O)[nH]c(=O)c5cc4c3=O)cn2)cc1,310.0
O=c1[nH]c(=O)c2cc3c(=O)n(-c4ccc(Oc5ccc(C6(c7ccc(Oc8ccccc8)cc7)CCCC6)cc5)cc4)c(=O)c3cc12,313.0
O=C1NC(=O)c2cc(-c3c(-c4ccccc4)c(-c4ccccc4)c(-c4ccc(Sc5ccc(-c6c(-c7ccccc7)c(-c7ccccc7)c(-c7ccc8c(c7)C(=O)N(c7ccc(Oc9ccccc9)cc7)C8=O)c(-c7ccccc7)c6-c6ccccc6)cc5)cc4)c(-c4ccccc4)c3-c3ccccc3)ccc21,311.0
CC(C)(C)c1cccc(Oc2ccc(Oc3ccc(Oc4ccc(-n5c(=O)c6cc7c(=O)[nH]c(=O)c7cc6c5=O)c(C(C)(C)C)c4)cc3)cc2)c1,300.0
O=c1[nH]c(=O)c2cc3c(=O)n(-c4ccc(Oc5ccccc5-c5cc(-c6ccccc6)cc(-c6ccccc6Oc6ccccc6C(F)(F)F)n5)c(C(F)(F)F)c4)c(=O)c3cc12,232.7
O=c1[nH]c(=O)c2cc3c(=O)n(-c4ccc(OCc5cn(-c6ccc(-n7cc(COc8ccccc8)nn7)cc6)nn5)cc4)c(=O)c3cc12,254.0
O=c1[nH]c(=O)c2cc3c(=O)n(-c4ccc(OCc5cn(-c6ccc(Oc7ccc(-n8cc(COc9ccccc9)nn8)cc7)cc6)nn5)cc4)c(=O)c3cc12,246.0
O=c1[nH]c(=O)c2cc3c(=O)n(-c4ccc(OP(=O)(Oc5ccccc5)Oc5ccccc5)cc4)c(=O)c3cc12,270.0
O=C1NC(=O)c2cc(Oc3ccc(Oc4ccc5c(c4)C(=O)N(c4cccc(Oc6ccc(S(=O)(=O)c7ccc(Oc8ccccc8)cc7)cc6)c4)C5=O)cc3)ccc21,211.0
O=c1[nH]c(=O)c2c(-c3ccc(P(=O)(c4ccccc4)c4ccccc4)cc3)c3c(=O)n(-c4cccc(P(=O)(c5ccccc5)c5ccccc5)c4)c(=O)c3cc12,342.0
O=c1[nH]c(=O)c2cc3c(=O)n(-c4ccc(Oc5ccc(C(c6ccc(Oc7ccccn7)cc6)(C(F)(F)F)C(F)(F)F)cc5)nc4)c(=O)c3cc12,306.0
Cc1cccnc1Oc1ccc(C(C)(C)c2ccc(Oc3ncc(-n4c(=O)c5cc6c(=O)[nH]c(=O)c6cc5c4=O)cc3C)cc2)cc1,300.0
O=c1[nH]c(=O)c2cc3c(=O)n(-c4ccc(Oc5ccc(Oc6ccccn6)cc5)nc4)c(=O)c3cc12,317.0
O=C1NC(=O)C2CC3C(=O)N(c4ccc(Sc5ccc(Sc6ccc(Sc7ccccn7)cc6)cc5)nc4)C(=O)C3CC12,237.0
O=C1NC(=O)C2C1C1C(=O)N(c3ccc(Sc4ccc(Sc5ccc(Sc6ccccn6)cc5)cc4)nc3)C(=O)C21,248.0
CC1(C)CC(N2C(=O)c3ccc(C(c4ccc5c(c4)C(=O)NC5=O)(C(F)(F)F)C(F)(F)F)cc3C2=O)CC(C)(C)C1,278.0
CC1(C)CC(N2C(=O)c3ccc(C(=O)c4ccc5c(c4)C(=O)NC5=O)cc3C2=O)CC(C)(C)C1,275.0
O=C1CC(N2CCN(C3CC(=O)N(C4CCC(CC5CCCCC5)CC4)C3=O)CC2)C(=O)N1,224.0
CC1CCCC(CC2CCC(N3C(=O)CC(N4CCN(C5CC(=O)NC5=O)CC4)C3=O)C(C)C2)C1,237.0
CCCCCCCCCCCCN1C(=O)CC(N2CCN(C3CC(=O)NC3=O)CC2)C1=O,170.0
CCCCCCN1C(=O)CC(N2CCN(C3CC(=O)NC3=O)CC2)C1=O,212.0
CCCCCOC(=O)c1cccc(C(=O)OCCCCCN2C(=O)c3ccc(-c4nnc(-c5ccc6c(c5)C(=O)NC6=O)o4)cc3C2=O)c1,98.0
CCCCCOC(=O)c1ccc(C(=O)OCCCCCN2C(=O)c3ccc(-c4nnc(-c5ccc6c(c5)C(=O)NC6=O)o4)cc3C2=O)cc1,89.0
O=C(Oc1ccc(OC(=O)c2ccc3c(c2)C(=O)N(c2ccc(Oc4ccc(S(=O)(=O)c5ccc(Oc6ccccc6C(F)(F)F)cc5)cc4)c(C(F)(F)F)c2)C3=O)cc1)c1ccc2c(c1)C(=O)NC2=O,250.0
O=C(Oc1ccc(OC(=O)c2ccc3c(c2)C(=O)N(c2cccc(Oc4ccc(S(=O)(=O)c5ccc(Oc6ccccc6)cc5)cc4)c2)C3=O)cc1)c1ccc2c(c1)C(=O)NC2=O,220.0
O=C(Oc1ccc2c(c1)C(=O)NC2=O)c1ccc(C(=O)Oc2ccc3c(c2)C(=O)N(c2ccc(Oc4ccc(S(=O)(=O)c5ccc(Oc6ccccc6C(F)(F)F)cc5)cc4)c(C(F)(F)F)c2)C3=O)cc1,236.0
O=C(Oc1ccc2c(c1)C(=O)NC2=O)c1ccc(C(=O)Oc2ccc3c(c2)C(=O)N(c2cccc(Oc4ccc(S(=O)(=O)c5ccc(Oc6ccccc6)cc5)cc4)c2)C3=O)cc1,217.0
O=C1NC(=O)c2cc(Oc3ccc(C4(c5ccc(Oc6ccc7c(c6)C(=O)N(c6ccc(Oc8ccc9ccc(Oc%10ccccc%10)cc9c8)cc6)C7=O)cc5)c5ccccc5-c5ccccc54)cc3)ccc21,256.0
Cc1ccc2c(c1)C1C(=O)N(c3ccc(Oc4ccc(C(c5ccc(Oc6ccccc6)cc5)(C(F)(F)F)C(F)(F)F)cc4)cc3)C(=O)C1CC2C1CC(=O)NC1=O,227.0
Cc1ccc2c(c1)C1C(=O)N(c3ccc(Oc4ccc(C(C)(C)c5ccc(Oc6ccccc6)cc5)cc4)cc3)C(=O)C1CC2C1CC(=O)NC1=O,217.0
Cc1ccc2c(c1)C1C(=O)N(c3ccc(Oc4ccc(Oc5ccccc5)cc4)cc3)C(=O)C1CC2C1CC(=O)NC1=O,235.0
Cc1ccc2c(c1)C1C(=O)N(c3ccc(Oc4ccccc4)cc3)C(=O)C1CC2C1CC(=O)NC1=O,255.0
O=C1CC(C2CC3C(=O)N(c4ccc(Oc5ccc(C(c6ccc(Oc7ccccc7)cc6)(C(F)(F)F)C(F)(F)F)cc5)cc4)C(=O)C3c3ccccc32)C(=O)N1,207.0
CC(C)(c1ccc(Oc2ccccc2)cc1)c1ccc(Oc2ccc(N3C(=O)C4CC(C5CC(=O)NC5=O)c5ccccc5C4C3=O)cc2)cc1,204.0
O=C1CC(C2CC3C(=O)N(c4ccc(Oc5ccc(Oc6ccccc6)cc5)cc4)C(=O)C3c3ccccc32)C(=O)N1,232.0
O=C1CC(C2CC3C(=O)N(c4ccc(Oc5ccccc5)cc4)C(=O)C3c3ccccc32)C(=O)N1,271.0
O=C1NC(=O)c2cc(Sc3ccc(Sc4ccc5c(c4)C(=O)N(c4ccc(Cc6ccccc6)cc4)C5=O)cc3)ccc21,226.5
O=C1NC(=O)c2cc(Sc3ccc(Sc4ccc5c(c4)C(=O)N(c4ccc(Oc6ccccc6)cc4)C5=O)cc3)ccc21,230.3
O=C1NC(=O)c2cc(Sc3ccc(Sc4ccc5c(c4)C(=O)N(c4ccc(S(=O)(=O)c6ccccc6)cc4)C5=O)cc3)ccc21,265.8
O=C1NC(=O)c2cc(Sc3ccc(Sc4ccc5c(c4)C(=O)N(c4ccc(Sc6ccccc6)cc4)C5=O)cc3)ccc21,230.6
O=C1NC(=O)c2cc(Sc3ccc(Sc4ccc5c(c4)C(=O)N(c4ccc(SSc6ccccc6)cc4)C5=O)cc3)ccc21,204.5
O=C1NC(=O)C2Cc3cc4c(cc3CC12)CC1C(=O)N(c2ccc(-c3ccccc3C(F)(F)F)c(C(F)(F)F)c2)C(=O)C1C4,339.0
O=C1NC(=O)C2Cc3cc4c(cc3CC12)CC1C(=O)N(c2ccc(C3(c5ccccc5)c5ccccc5-c5ccccc53)cc2)C(=O)C1C4,385.0
Cc1cc(=O)oc2cc(OCCOc3cccc(-c4ccc(N5C(=O)c6ccc(C(c7ccc8c(c7)C(=O)NC8=O)(C(F)(F)F)C(F)(F)F)cc6C5=O)c(OCCOc5ccc6c(C)cc(=O)oc6c5)c4)c3)ccc12,132.0
O=C1NC(=O)c2cc(C(c3ccc4c(c3)C(=O)N(c3cccc(P(=O)(c5ccccc5)c5ccc(Oc6ccc(C78CC9CC(CC(C9)C7)C8)cc6)cc5)c3)C4=O)(C(F)(F)F)C(F)(F)F)ccc21,298.0
O=C1NC(=O)c2cc(C(c3ccc4c(c3)C(=O)N(c3ccc(N(c5ccccc5)c5ccc(C=Cc6ccc([N+](=O)[O-])cc6)cc5)cc3)C4=O)(C(F)(F)F)C(F)(F)F)ccc21,290.0
CC1CCCC(CC2CCC(N3C(=O)c4ccc(C(c5ccc6c(c5)C(=O)NC6=O)(C(F)(F)F)C(F)(F)F)cc4C3=O)C(C)C2)C1,225.0
O=C1NC(=O)c2cc(C(c3ccc4c(c3)C(=O)N(C3CCC(CC5CCCCC5)CC3)C4=O)(C(F)(F)F)C(F)(F)F)ccc21,265.0
O=C1NC(=O)c2cc(C(c3ccc4c(c3)C(=O)N(C3CCCCC3)C4=O)(C(F)(F)F)C(F)(F)F)ccc21,360.0
CC(C)(C)c1cccc(Cc2ccc(N3C(=O)c4ccc(C(c5ccc6c(c5)C(=O)NC6=O)(C(F)(F)F)C(F)(F)F)cc4C3=O)c(C(C)(C)C)c2)c1,274.0
CC(C)(C)c1cccc(-c2ccc(N3C(=O)c4ccc(C(c5ccc6c(c5)C(=O)NC6=O)(C(F)(F)F)C(F)(F)F)cc4C3=O)c(C(C)(C)C)c2)c1,336.8
Cc1cc(C(C)C)cc(C(c2ccccc2)(c2cc(C)c(N3C(=O)c4ccc(C(c5ccc6c(c5)C(=O)NC6=O)(C(F)(F)F)C(F)(F)F)cc4C3=O)c(C(C)C)c2)C(F)(F)F)c1,289.0
Cc1cc(C(C)C)cc(C2(c3cc(C)c(N4C(=O)c5ccc(C(c6ccc7c(c6)C(=O)NC7=O)(C(F)(F)F)C(F)(F)F)cc5C4=O)c(C(C)C)c3)c3ccccc3-c3ccccc32)c1,335.0
CC(C)c1cccc(C2(c3ccc(N4C(=O)c5ccc(C(c6ccc7c(c6)C(=O)NC7=O)(C(F)(F)F)C(F)(F)F)cc5C4=O)c(C(C)C)c3)c3ccccc3-c3ccccc32)c1,299.0
Cc1cc(Cc2cc(C)c(N3C(=O)c4ccc(C(c5ccc6c(c5)C(=O)NC6=O)(C(F)(F)F)C(F)(F)F)cc4C3=O)c(C(C)C)c2)cc(C(C)C)c1,276.0
Cc1cc(C)c(C)c(N2C(=O)c3ccc(C(c4ccc5c(c4)C(=O)NC5=O)(C(F)(F)F)C(F)(F)F)cc3C2=O)c1C,420.0
Cc1cc(C)c(N2C(=O)c3ccc(C(c4ccc5c(c4)C(=O)NC5=O)(C(F)(F)F)C(F)(F)F)cc3C2=O)c(C)c1,377.0
Cc1ccccc1N1C(=O)c2ccc(C(c3ccc4c(c3)C(=O)NC4=O)(C(F)(F)F)C(F)(F)F)cc2C1=O,335.0
Cc1cc(C)cc(C(c2cc(C)c(N3C(=O)c4ccc(C(c5ccc6c(c5)C(=O)NC6=O)(C(F)(F)F)C(F)(F)F)cc4C3=O)c(C)c2)c2cccc3ccccc23)c1,310.0
Cc1cc(C)cc(C(c2cc(C(F)(F)F)cc(C(F)(F)F)c2)c2cc(C)c(N3C(=O)c4ccc(C(c5ccc6c(c5)C(=O)NC6=O)(C(F)(F)F)C(F)(F)F)cc4C3=O)c(C)c2)c1,288.0
Cc1cc(C)cc(C(c2cccc(C(F)(F)F)c2)c2cc(C)c(N3C(=O)c4ccc(C(c5ccc6c(c5)C(=O)NC6=O)(C(F)(F)F)C(F)(F)F)cc4C3=O)c(C)c2)c1,286.1
Cc1cc(C)cc(C2(c3cc(C)c(N4C(=O)c5ccc(C(c6ccc7c(c6)C(=O)NC7=O)(C(F)(F)F)C(F)(F)F)cc5C4=O)c(C)c3)c3ccccc3-c3ccccc32)c1,361.0
Cc1cccc(-c2ccc(N3C(=O)c4ccc(C(c5ccc6c(c5)C(=O)NC6=O)(C(F)(F)F)C(F)(F)F)cc4C3=O)c(C)c2)c1,352.0
O=C1NC(=O)c2cc(C(c3ccc4c(c3)C(=O)N(c3ccc(C5(c6cccc(F)c6)c6ccccc6-c6ccccc65)cc3F)C4=O)(C(F)(F)F)C(F)(F)F)ccc21,352.0
O=C1NC(=O)c2cc(C(c3ccc4c(c3)C(=O)N(c3cc(C(F)(F)F)ccc3Oc3ccc5ccccc5c3-c3c(Oc5ccc(C(F)(F)F)cc5)ccc5ccccc35)C4=O)(C(F)(F)F)C(F)(F)F)ccc21,286.0
O=C1NC(=O)c2cc(C(c3ccc4c(c3)C(=O)N(c3cc(C(c5ccc(O)cc5)(C(F)(F)F)C(F)(F)F)ccc3O)C4=O)(C(F)(F)F)C(F)(F)F)ccc21,330.0
O=C(c1ccc(Oc2ccccc2C(F)(F)F)cc1)c1cccc(C(=O)c2ccc(Oc3ccc(N4C(=O)c5ccc(C(c6ccc7c(c6)C(=O)NC7=O)(C(F)(F)F)C(F)(F)F)cc5C4=O)cc3C(F)(F)F)cc2)n1,206.4
O=C1NC(=O)c2cc(C(c3ccc4c(c3)C(=O)N(c3ccc(Oc5ccc(-c6nc(-c7ccc(C(F)(F)F)cc7)[nH]c6-c6ccc(Oc7ccccc7C(F)(F)F)cc6)cc5)c(C(F)(F)F)c3)C4=O)(C(F)(F)F)C(F)(F)F)ccc21,230.0
Cc1cc(-c2cc(C)c(Oc3cc(N4C(=O)c5ccc(C(c6ccc7c(c6)C(=O)NC7=O)(C(F)(F)F)C(F)(F)F)cc5C4=O)cc(C(F)(F)F)c3)c(C)c2)cc(C)c1Oc1cccc(C(F)(F)F)c1,264.8
O=C(Nc1ccc(NC(=O)c2ccc(NC(=O)c3cccc(N4C(=O)c5ccc(C(c6ccc7c(c6)C(=O)NC7=O)(C(F)(F)F)C(F)(F)F)cc5C4=O)c3)cc2)cc1)c1ccccc1,328.0
O=C(Nc1ccc(NC(=O)c2cccc(N3C(=O)c4ccc(C(c5ccc6c(c5)C(=O)NC6=O)(C(F)(F)F)C(F)(F)F)cc4C3=O)c2)cc1)c1ccccc1,311.0
O=C(Nc1ccc(Oc2ccccc2Oc2ccc(NC(=O)c3cccc(N4C(=O)c5ccc(C(c6ccc7c(c6)C(=O)NC7=O)(C(F)(F)F)C(F)(F)F)cc5C4=O)c3)cc2)cc1)c1ccccc1,265.0
O=C(Nc1ccc(Oc2cccc(Oc3ccc(NC(=O)c4cccc(N5C(=O)c6ccc(C(c7ccc8c(c7)C(=O)NC8=O)(C(F)(F)F)C(F)(F)F)cc6C5=O)c4)cc3)c2)cc1)c1ccccc1,264.0
O=C(Nc1ccc(Oc2ccc(C(c3ccc(Oc4ccc(NC(=O)c5cccc(N6C(=O)c7ccc(C(c8ccc9c(c8)C(=O)NC9=O)(C(F)(F)F)C(F)(F)F)cc7C6=O)c5)cc4)cc3)(C(F)(F)F)C(F)(F)F)cc2)cc1)c1ccccc1,266.0
CC(C)(c1ccc(Oc2ccc(NC(=O)c3ccccc3)cc2)cc1)c1ccc(Oc2ccc(NC(=O)c3cccc(N4C(=O)c5ccc(C(c6ccc7c(c6)C(=O)NC7=O)(C(F)(F)F)C(F)(F)F)cc5C4=O)c3)cc2)cc1,259.0
O=C(Nc1ccc(Oc2ccc(Oc3ccc(NC(=O)c4cccc(N5C(=O)c6ccc(C(c7ccc8c(c7)C(=O)NC8=O)(C(F)(F)F)C(F)(F)F)cc6C5=O)c4)cc3)cc2)cc1)c1ccccc1,283.0
O=C(Nc1ccc(Oc2ccc(-c3ccc(Oc4ccc(NC(=O)c5cccc(N6C(=O)c7ccc(C(c8ccc9c(c8)C(=O)NC9=O)(C(F)(F)F)C(F)(F)F)cc7C6=O)c5)cc4)cc3)cc2)cc1)c1ccccc1,280.0
O=C1NC(=O)c2cc(C(c3ccc4c(c3)C(=O)N(c3cccc(C(O)c5ccccc5)c3)C4=O)(C(F)(F)F)C(F)(F)F)ccc21,262.0
C[Si](C)(C)O[Si](C)(C)O[Si](C)(C)OC(c1ccccc1)c1cccc(N2C(=O)c3ccc(C(c4ccc5c(c4)C(=O)NC5=O)(C(F)(F)F)C(F)(F)F)cc3C2=O)c1,211.0
Cc1ccc(C)c(N2C(=O)c3ccc(C(c4ccc5c(c4)C(=O)NC5=O)(C(F)(F)F)C(F)(F)F)cc3C2=O)c1,355.0
O=C1NC(=O)c2cc(C(c3ccc4c(c3)C(=O)N(c3cccc(Oc5ccc(C(c6ccc(Oc7ccccc7)cc6)(C(F)(F)F)C(F)(F)F)cc5)c3)C4=O)(C(F)(F)F)C(F)(F)F)ccc21,360.5
O=C1NC(=O)c2cc(C(c3ccc4c(c3)C(=O)N(c3cccc(Oc5ccc(P(=O)(c6ccccc6)c6ccc(Oc7ccccc7)cc6)cc5)c3)C4=O)(C(F)(F)F)C(F)(F)F)ccc21,243.0
O=C1NC(=O)c2cc(C(c3ccc4c(c3)C(=O)N(c3cccc(Oc5ccc(P(=O)(c6ccccc6)c6ccccc6)c(Oc6ccccc6)c5)c3)C4=O)(C(F)(F)F)C(F)(F)F)ccc21,230.0
O=C1NC(=O)c2cc(C(c3ccc4c(c3)C(=O)N(c3cccc(Oc5ccc(S(=O)(=O)c6ccc(Oc7ccccc7)cc6)cc5)c3)C4=O)(C(F)(F)F)C(F)(F)F)ccc21,184.0
O=C1NC(=O)c2cc(C(c3ccc4c(c3)C(=O)N(c3cccc(P(=O)(c5ccccc5)c5cc(C(F)(F)F)cc(C(F)(F)F)c5)c3)C4=O)(C(F)(F)F)C(F)(F)F)ccc21,247.0
O=C1NC(=O)c2cc(C(c3ccc4c(c3)C(=O)N(c3cccc(P(=O)(c5ccccc5)c5ccc(C(F)(F)F)cc5)c3)C4=O)(C(F)(F)F)C(F)(F)F)ccc21,260.0
O=C1NC(=O)c2cc(C(c3ccc4c(c3)C(=O)N(c3ccc(C(c5ccccc5)(C(F)(F)F)C(F)(F)F)cc3)C4=O)(C(F)(F)F)C(F)(F)F)ccc21,318.5
O=C1NC(=O)c2cc(C(c3ccc4c(c3)C(=O)N(c3ccc(C(c5ccccc5)(c5ccccc5)C(F)(F)F)cc3)C4=O)(C(F)(F)F)C(F)(F)F)ccc21,305.0
CC(C)(c1ccccc1)c1ccc(C(C)(C)c2ccc(N3C(=O)c4ccc(C(c5ccc6c(c5)C(=O)NC6=O)(C(F)(F)F)C(F)(F)F)cc4C3=O)cc2)cc1,235.4
CC(C)(c1ccccc1)c1ccc(N2C(=O)c3ccc(C(c4ccc5c(c4)C(=O)NC5=O)(C(F)(F)F)C(F)(F)F)cc3C2=O)cc1,310.0
O=C(Nc1ccc(Oc2ccccc2Oc2ccc(NC(=O)c3ccc(N4C(=O)c5ccc(C(c6ccc7c(c6)C(=O)NC7=O)(C(F)(F)F)C(F)(F)F)cc5C4=O)cc3)cc2)cc1)c1ccccc1,281.0
O=C(Nc1ccc(Oc2cccc(Oc3ccc(NC(=O)c4ccc(N5C(=O)c6ccc(C(c7ccc8c(c7)C(=O)NC8=O)(C(F)(F)F)C(F)(F)F)cc6C5=O)cc4)cc3)c2)cc1)c1ccccc1,286.0
O=C(Nc1ccc(Oc2ccc(C(c3ccc(Oc4ccc(NC(=O)c5ccc(N6C(=O)c7ccc(C(c8ccc9c(c8)C(=O)NC9=O)(C(F)(F)F)C(F)(F)F)cc7C6=O)cc5)cc4)cc3)(C(F)(F)F)C(F)(F)F)cc2)cc1)c1ccccc1,293.0
O=C(Nc1ccc(Oc2ccc(NC(=O)c3ccc(N4C(=O)c5ccc(C(c6ccc7c(c6)C(=O)NC7=O)(C(F)(F)F)C(F)(F)F)cc5C4=O)cc3)cc2)cc1)c1ccccc1,322.0
O=C(Nc1ccc(Oc2ccc(Oc3ccc(NC(=O)c4ccc(N5C(=O)c6ccc(C(c7ccc8c(c7)C(=O)NC8=O)(C(F)(F)F)C(F)(F)F)cc6C5=O)cc4)cc3)cc2)cc1)c1ccccc1,303.0
O=C(Nc1ccc(Oc2ccc(-c3ccc(Oc4ccc(NC(=O)c5ccc(N6C(=O)c7ccc(C(c8ccc9c(c8)C(=O)NC9=O)(C(F)(F)F)C(F)(F)F)cc7C6=O)cc5)cc4)cc3)cc2)cc1)c1ccccc1,275.0
O=C1NC(=O)c2cc(C(c3ccc4c(c3)C(=O)N(c3ccc(Cc5ccccc5)cc3)C4=O)(C(F)(F)F)C(F)(F)F)ccc21,304.0
CN(CCN(C)c1ccc(N2C(=O)c3ccc(C(c4ccc5c(c4)C(=O)NC5=O)(C(F)(F)F)C(F)(F)F)cc3C2=O)cc1)c1ccccc1,227.0
Cc1ccccc1N=Nc1ccc(N2C(=O)c3ccc(C(c4ccc5c(c4)C(=O)NC5=O)(C(F)(F)F)C(F)(F)F)cc3C2=O)cc1,191.0
O=C1NC(=O)c2cc(C(c3ccc4c(c3)C(=O)N(c3ccc(OCCCCCCOc5ccccc5)cc3)C4=O)(C(F)(F)F)C(F)(F)F)ccc21,167.0
O=C1NC(=O)c2cc(C(c3ccc4c(c3)C(=O)N(c3ccc(OCCCCOc5ccccc5)cc3)C4=O)(C(F)(F)F)C(F)(F)F)ccc21,169.0
O=C1NC(=O)c2cc(C(c3ccc4c(c3)C(=O)N(c3ccc(OCCN(CCOc5ccccc5)c5ccccc5)cc3)C4=O)(C(F)(F)F)C(F)(F)F)ccc21,170.0
O=C1NC(=O)c2cc(C(c3ccc4c(c3)C(=O)N(c3ccc(OCCOCCOCCOCCOc5ccccc5)cc3)C4=O)(C(F)(F)F)C(F)(F)F)ccc21,140.0
O=C1NC(=O)c2cc(C(c3ccc4c(c3)C(=O)N(c3ccc(OCCOCCOc5ccccc5)cc3)C4=O)(C(F)(F)F)C(F)(F)F)ccc21,180.0
O=C1NC(=O)c2cc(C(c3ccc4c(c3)C(=O)N(c3ccc(OCCOc5ccccc5)cc3)C4=O)(C(F)(F)F)C(F)(F)F)ccc21,260.0
Cc1cc(C(c2cc(C)c(Oc3ccc(N4C(=O)c5ccc(C(c6ccc7c(c6)C(=O)NC7=O)(C(F)(F)F)C(F)(F)F)cc5C4=O)cc3)c(C)c2)c2cccc3ccccc23)cc(C)c1Oc1ccccc1,268.0
Cc1cc(Cc2cc(C)c(Oc3ccc(N4C(=O)c5ccc(C(c6ccc7c(c6)C(=O)NC7=O)(C(F)(F)F)C(F)(F)F)cc5C4=O)cc3)c(C)c2)cc(C)c1Oc1ccccc1,274.0
O=C1NC(=O)c2cc(C(c3ccc4c(c3)C(=O)N(c3ccc(Oc5ccccc5O)cc3)C4=O)(C(F)(F)F)C(F)(F)F)ccc21,292.0
CC(C)(C)c1cc(Oc2ccc(N3C(=O)c4ccc(C(c5ccc6c(c5)C(=O)NC6=O)(C(F)(F)F)C(F)(F)F)cc4C3=O)cc2)c(C(C)(C)C)cc1Oc1ccccc1,277.0
O=C1NC(=O)c2cc(C(c3ccc4c(c3)C(=O)N(c3ccc(Oc5cccc(-c6cc(-c7ccccc7)cc(-c7cccc(Oc8ccccc8)c7)n6)c5)cc3)C4=O)(C(F)(F)F)C(F)(F)F)ccc21,180.0
O=C(c1ccc(Oc2ccccc2)cc1)c1cccc(C(=O)c2ccc(Oc3ccc(N4C(=O)c5ccc(C(c6ccc7c(c6)C(=O)NC7=O)(C(F)(F)F)C(F)(F)F)cc5C4=O)cc3)cc2)c1,236.0
O=C(c1ccc(Oc2ccccc2)cc1)c1ccc(Oc2ccc(N3C(=O)c4ccc(C(c5ccc6c(c5)C(=O)NC6=O)(C(F)(F)F)C(F)(F)F)cc4C3=O)cc2)cc1,268.0
O=C(c1ccc(Oc2ccccc2)cc1)c1cccc(C(=O)c2ccc(Oc3ccc(N4C(=O)c5ccc(C(c6ccc7c(c6)C(=O)NC7=O)(C(F)(F)F)C(F)(F)F)cc5C4=O)cc3)cc2)n1,226.9
O=C1NC(=O)c2cc(C(c3ccc4c(c3)C(=O)N(c3ccc(Oc5ccc(Oc6cccc(Oc7ccc(Oc8ccccc8)cc7)n6)cc5)cc3)C4=O)(C(F)(F)F)C(F)(F)F)ccc21,215.0
O=C1NC(=O)c2cc(C(c3ccc4c(c3)C(=O)N(c3ccc(Oc5ccc6ccc(Oc7ccccc7)cc6c5)cc3)C4=O)(C(F)(F)F)C(F)(F)F)ccc21,283.15
O=C1NC(=O)c2cc(C(c3ccc4c(c3)C(=O)N(c3ccccc3)C4=O)(C(F)(F)F)C(F)(F)F)ccc21,341.5
O=C1NC(=O)c2cc(C(c3ccc4c(c3)C(=O)N(c3ccc5c(c3)Cc3ccccc3-5)C4=O)(C(F)(F)F)C(F)(F)F)ccc21,394.0
CC(C)(C)c1cc(-c2ccc(N3C(=O)c4ccc(C(c5ccc6c(c5)C(=O)NC6=O)(C(F)(F)F)C(F)(F)F)cc4C3=O)cc2)cc(C(C)(C)C)c1Oc1ccccc1C(F)(F)F,356.0
O=C1NC(=O)c2cc(C(c3ccccc3)(c3ccc4c(c3)C(=O)N(c3ccc(-c5ccccc5C(F)(F)F)c(C(F)(F)F)c3)C4=O)C(F)(F)F)ccc21,280.0
CC(C)(CCCCC(C)(C)c1ccc2c(c1)C(=O)N(c1ccc(Cc3ccccc3)cc1)C2=O)c1ccc2c(c1)C(=O)NC2=O,170.8
CC(C)(CCCCC(C)(C)c1ccc2c(c1)C(=O)N(c1ccc(Oc3ccccc3)cc1)C2=O)c1ccc2c(c1)C(=O)NC2=O,167.2
CC(C)(CCCCCCCCC(C)(C)c1ccc2c(c1)C(=O)N(c1ccc(Oc3ccccc3)cc1)C2=O)c1ccc2c(c1)C(=O)NC2=O,125.0
O=C1NC(=O)c2cc(C(F)(F)C(F)(F)C(F)(F)C(F)(F)C(F)(F)C(F)(F)C(F)(F)c3ccc4c(c3)C(=O)N(c3ccc(Oc5ccccc5)cc3)C4=O)ccc21,178.0
O=C1NC(=O)c2cc(C(F)(F)C(F)(F)C(F)(F)c3ccc4c(c3)C(=O)N(c3cccc(C(F)(F)C(F)(F)C(F)(F)c5ccccc5)c3)C4=O)ccc21,157.0
O=C1NC(=O)c2cc(C(F)(F)C(F)(F)C(F)(F)c3ccc4c(c3)C(=O)N(c3ccc(S(=O)(=O)c5ccccc5)cc3)C4=O)ccc21,259.0
CC1(C)C(=O)N(C(=O)c2ccc3c(c2)C(=O)NC3=O)C(=O)N1C(=O)c1ccc2c(c1)C(=O)N(c1ccc(Oc3ccccc3)cc1)C2=O,156.0
Cc1cc(C)c(N2C(=O)c3ccc(C(=O)Nc4c(C)cc(C)c(NC(=O)c5ccc6c(c5)C(=O)NC6=O)c4C)cc3C2=O)c(C)c1,288.0
Cc1cc(Cc2cc(C)c(NC(=O)c3ccc4c(c3)C(=O)N(c3ccc(N=Nc5ccc(OC(F)(F)F)cc5)cc3)C4=O)c(C)c2)cc(C)c1NC(=O)c1ccc2c(c1)C(=O)NC2=O,278.0
Cc1cc(Cc2cc(C)c(NC(=O)c3ccc4c(c3)C(=O)N(c3ccc(N=Nc5ccc([N+](=O)[O-])cc5)cc3)C4=O)c(C)c2)cc(C)c1NC(=O)c1ccc2c(c1)C(=O)NC2=O,280.0
O=C(Nc1cccc2c(NC(=O)c3ccc4c(c3)C(=O)N(c3ccc(Oc5cccc6ccccc56)cc3)C4=O)cccc12)c1ccc2c(c1)C(=O)NC2=O,299.0
O=C(Nc1ccc(Oc2ccccc2-c2ccccc2Oc2ccc(NC(=O)c3ccc4c(c3)C(=O)N(c3ccc(Oc5ccccc5)cc3)C4=O)cc2)cc1)c1ccc2c(c1)C(=O)NC2=O,241.5
O=C(Nc1ccc(Oc2ccc(-c3ccc(Oc4ccc(NC(=O)c5ccc6c(c5)C(=O)N(c5ccc(Oc7ccccc7)cc5)C6=O)cc4)cc3)cc2)cc1)c1ccc2c(c1)C(=O)NC2=O,274.0
O=C1NC(=O)c2cc(C(O)c3ccc4c(c3)C(=O)N(c3ccc(Oc5ccccc5)cc3)C4=O)ccc21,250.0
C[Si](C)(C)OC(c1ccc2c(c1)C(=O)NC2=O)c1ccc2c(c1)C(=O)N(c1ccc(Oc3ccccc3)cc1)C2=O,210.0
C[Si](C)(C)O[Si](C)(C)O[Si](C)(C)OC(c1ccc2c(c1)C(=O)NC2=O)c1ccc2c(c1)C(=O)N(c1ccc(Oc3ccccc3)cc1)C2=O,167.0
CC(C)(C)c1cc(C(=O)c2ccc3c(c2)C(=O)NC3=O)cc(C(=O)c2ccc3c(c2)C(=O)N(c2ccc(Oc4ccc(S(=O)(=O)c5ccc(Oc6ccccc6)cc5)cc4)cc2)C3=O)c1,256.0
CC(C)(C)c1cc(C(=O)c2ccc3c(c2)C(=O)NC3=O)cc(C(=O)c2ccc3c(c2)C(=O)N(c2ccc(Oc4ccccc4)cc2)C3=O)c1,254.0
O=C(c1ccc2c(c1)C(=O)NC2=O)c1ccc2c(c1)C(=O)N(c1cccc(P(=O)(c3ccccc3)c3ccc(Oc4ccc(C56CC7CC(CC(C7)C5)C6)cc4)cc3)c1)C2=O,305.0
O=C(c1ccc2c(c1)C(=O)NC2=O)c1ccc2c(c1)C(=O)N(c1ccc(Oc3ccc(C(c4ccc(Oc5ccccc5-c5nc(-c6ccccc6)c(-c6ccccc6)[nH]5)cc4)(C(F)(F)F)C(F)(F)F)cc3)c(-c3nc(-c4ccccc4)c(-c4ccccc4)[nH]3)c1)C2=O,251.0
O=C(c1ccc(Oc2ccccc2-c2nc(-c3ccccc3)c(-c3ccccc3)[nH]2)cc1)c1ccc(Oc2ccc(N3C(=O)c4ccc(C(=O)c5ccc6c(c5)C(=O)NC6=O)cc4C3=O)cc2-c2nc(-c3ccccc3)c(-c3ccccc3)[nH]2)cc1,274.0
O=C(c1cccc(C(=O)c2ccc3c(c2)C(=O)N(c2ccccc2)C3=O)c1)c1ccc2c(c1)C(=O)NC2=O,264.0
O=C(c1cccc(C(=O)c2ccc3c(c2)C(=O)N(c2ccc(Oc4ccc(S(=O)(=O)c5ccc(Oc6ccccc6)cc5)cc4)cc2)C3=O)c1)c1ccc2c(c1)C(=O)NC2=O,251.0
O=C(c1cccc(C(=O)c2ccc3c(c2)C(=O)N(c2ccc(Oc4ccccc4)cc2)C3=O)c1)c1ccc2c(c1)C(=O)NC2=O,249.0
O=C(c1cc(C(=O)c2ccc3c(c2)C(=O)N(c2ccccc2)C3=O)cc(-c2ccccc2)c1)c1ccc2c(c1)C(=O)NC2=O,272.0
O=C(c1cc(C(=O)c2ccc3c(c2)C(=O)N(c2ccc(C(c4ccccc4)(C(F)(F)F)C(F)(F)F)cc2)C3=O)cc(-c2ccccc2)c1)c1ccc2c(c1)C(=O)NC2=O,261.0
O=C(c1cc(C(=O)c2ccc3c(c2)C(=O)N(c2ccc(Oc4ccc(S(=O)(=O)c5ccc(Oc6ccccc6)cc5)cc4)cc2)C3=O)cc(-c2ccccc2)c1)c1ccc2c(c1)C(=O)NC2=O,257.0
O=C(c1cc(C(=O)c2ccc3c(c2)C(=O)N(c2ccc(Oc4ccccc4)cc2)C3=O)cc(-c2ccccc2)c1)c1ccc2c(c1)C(=O)NC2=O,262.0
CC1CCCC(CC2CCC(N3C(=O)c4ccc(C(=O)c5ccc6c(c5)C(=O)NC6=O)cc4C3=O)C(C)C2)C1,240.0
O=C(c1ccc2c(c1)C(=O)NC2=O)c1ccc2c(c1)C(=O)N(C1CCC(CC3CCCCC3)CC1)C2=O,254.0
CC(C)(C)c1cccc(Cc2ccc(N3C(=O)c4ccc(C(=O)c5ccc6c(c5)C(=O)NC6=O)cc4C3=O)c(C(C)(C)C)c2)c1,213.0
CC(C)c1cc(Cc2cc(C(C)C)c(N3C(=O)c4ccc(C(=O)c5ccc6c(c5)C(=O)NC6=O)cc4C3=O)c(C(C)C)c2)cc(C(C)C)c1,263.0
O=C(c1ccc2c(c1)C(=O)NC2=O)c1ccc2c(c1)C(=O)N(c1ccc(Oc3ccccc3-c3ccccc3Oc3cccc(C(F)(F)F)c3)cc1C(F)(F)F)C2=O,226.0
Cc1cc(C)c(N2C(=O)c3ccc(C(=O)c4ccc5c(c4)C(=O)NC5=O)cc3C2=O)c(C)c1,397.0
Cc1cc(C)cc(C(c2cc(C)c(N3C(=O)c4ccc(C(=O)c5ccc6c(c5)C(=O)NC6=O)cc4C3=O)c(C)c2)c2cccc3ccccc23)c1,287.0
Cc1cc(C)cc(C(c2cc(C(F)(F)F)cc(C(F)(F)F)c2)c2cc(C)c(N3C(=O)c4ccc(C(=O)c5ccc6c(c5)C(=O)NC6=O)cc4C3=O)c(C)c2)c1,301.1
Cc1cc(C)cc(C(c2cccc(C(F)(F)F)c2)c2cc(C)c(N3C(=O)c4ccc(C(=O)c5ccc6c(c5)C(=O)NC6=O)cc4C3=O)c(C)c2)c1,285.0
Cc1cc(C)cc(Cc2cc(C)c(N3C(=O)c4ccc(C(=O)c5ccc6c(c5)C(=O)NC6=O)cc4C3=O)c(C)c2)c1,331.0
Cc1cccc(Cc2ccc(N3C(=O)c4ccc(C(=O)c5ccc6c(c5)C(=O)NC6=O)cc4C3=O)c(C)c2)c1,289.0
O=C(c1ccc2c(c1)C(=O)NC2=O)c1ccc2c(c1)C(=O)N(c1ccc(O)cc1O)C2=O,324.0
O=C(c1ccc2c(c1)C(=O)NC2=O)c1ccc2c(c1)C(=O)N(c1cc(C(F)(F)F)ccc1Oc1ccc3ccccc3c1-c1c(Oc3ccc(C(F)(F)F)cc3)ccc3ccccc13)C2=O,282.0
O=C(c1ccc2c(c1)C(=O)NC2=O)c1ccc2c(c1)C(=O)N(c1cccc(C(c3ccccc3)(C(F)(F)F)C(F)(F)F)c1)C2=O,239.0
O=C(c1ccc2c(c1)C(=O)NC2=O)c1ccc2c(c1)C(=O)N(c1ccc(Oc3ccccc3Oc3ccccc3C(F)(F)F)c(C(F)(F)F)c1)C2=O,236.0
O=C(c1ccc2c(c1)C(=O)NC2=O)c1ccc2c(c1)C(=O)N(c1ccc(Oc3ccc(C(=O)c4cccc(C(=O)c5ccc(Oc6ccccc6C(F)(F)F)cc5)n4)cc3)c(C(F)(F)F)c1)C2=O,225.2
O=C(c1ccc2c(c1)C(=O)NC2=O)c1ccc2c(c1)C(=O)N(c1ccc(Oc3ccc(-c4nc(-c5ccc(C(F)(F)F)cc5)[nH]c4-c4ccc(Oc5ccccc5C(F)(F)F)cc4)cc3)c(C(F)(F)F)c1)C2=O,235.0
Cc1cc(-c2cc(C)c(Oc3cc(N4C(=O)c5ccc(C(=O)c6ccc7c(c6)C(=O)NC7=O)cc5C4=O)cc(C(F)(F)F)c3)c(C)c2)cc(C)c1Oc1cccc(C(F)(F)F)c1,265.4
C[Si](C)(C)O[Si](C)(C)O[Si](C)(C)OC(c1ccccc1)c1cccc(N2C(=O)c3ccc(C(=O)c4ccc5c(c4)C(=O)NC5=O)cc3C2=O)c1,235.0
O=C(Nc1ccccc1)c1cccc(C(=O)Nc2cccc(N3C(=O)c4ccc(C(=O)c5ccc6c(c5)C(=O)NC6=O)cc4C3=O)c2)c1,204.0
O=C(Nc1cccc(N2C(=O)c3ccc(C(=O)c4ccc5c(c4)C(=O)NC5=O)cc3C2=O)c1)c1ccccc1,298.0
O=C(c1ccc2c(c1)C(=O)NC2=O)c1ccc2c(c1)C(=O)N(c1cccc(OCCOc3ccccc3)c1)C2=O,191.0
O=C(c1ccc2c(c1)C(=O)NC2=O)c1ccc2c(c1)C(=O)N(c1cccc(P(=O)(c3ccccc3)c3cc(C(F)(F)F)cc(C(F)(F)F)c3)c1)C2=O,243.0
O=C(c1ccc2c(c1)C(=O)NC2=O)c1ccc2c(c1)C(=O)N(c1cccc(P(=O)(c3ccccc3)c3ccc(C(F)(F)F)cc3)c1)C2=O,264.0
O=C(c1ccc2c(c1)C(=O)NC2=O)c1ccc2c(c1)C(=O)N(c1cccc(P(=O)(c3ccccc3)c3ccccc3)c1)C2=O,273.0
O=C(c1ccc2c(c1)C(=O)NC2=O)c1ccc2c(c1)C(=O)N(c1cccc(-c3nnc(-c4ccccn4)o3)c1)C2=O,255.0
O=C(c1ccc2c(c1)C(=O)NC2=O)c1ccc2c(c1)C(=O)N(c1ccc(Oc3ccccc3-c3cc(F)c(F)c(F)c3)c(-c3cc(F)c(F)c(F)c3)c1)C2=O,342.0
O=C(c1ccc2c(c1)C(=O)NC2=O)c1ccc2c(c1)C(=O)N(c1ccc(C(c3ccccc3)(c3ccccc3)C(F)(F)F)cc1)C2=O,311.0
O=C(c1ccc2c(c1)C(=O)NC2=O)c1ccc2c(c1)C(=O)N(c1ccc(N(c3ccccc3)c3ccccc3)cc1)C2=O,270.0
Cc1ccccc1N=Nc1ccc(N2C(=O)c3ccc(C(=O)c4ccc5c(c4)C(=O)NC5=O)cc3C2=O)cc1,223.0
O=C(Nc1ccccc1)c1cccc(C(=O)Nc2ccc(N3C(=O)c4ccc(C(=O)c5ccc6c(c5)C(=O)NC6=O)cc4C3=O)cc2)c1,247.0
O=C(Nc1ccc(N2C(=O)c3ccc(C(=O)c4ccc5c(c4)C(=O)NC5=O)cc3C2=O)cc1)c1ccccc1,306.0
O=C(c1ccc2c(c1)C(=O)NC2=O)c1ccc2c(c1)C(=O)N(c1ccc(OCCOc3ccccc3)cc1)C2=O,246.0
Cc1cc(C(c2cc(C)c(Oc3ccc(N4C(=O)c5ccc(C(=O)c6ccc7c(c6)C(=O)NC7=O)cc5C4=O)cc3)c(C)c2)c2cccc3ccccc23)cc(C)c1Oc1ccccc1,272.0
Cc1cc(Cc2cc(C)c(Oc3ccc(N4C(=O)c5ccc(C(=O)c6ccc7c(c6)C(=O)NC7=O)cc5C4=O)cc3)c(C)c2)cc(C)c1Oc1ccccc1,278.0
O=C(c1ccc2c(c1)C(=O)NC2=O)c1ccc2c(c1)C(=O)N(c1ccc(Oc3cc4ccccc4cc3Oc3ccccc3)cc1)C2=O,245.0
O=C(c1ccc2c(c1)C(=O)NC2=O)c1ccc2c(c1)C(=O)N(c1ccc(Oc3ccc(S(=O)(=O)c4ccc(Oc5ccccc5)c(-c5cc(C(F)(F)F)cc(C(F)(F)F)c5)c4)cc3-c3cc(C(F)(F)F)cc(C(F)(F)F)c3)cc1)C2=O,218.0
CC(C)(C)c1cc(Oc2ccc(N3C(=O)c4ccc(C(=O)c5ccc6c(c5)C(=O)NC6=O)cc4C3=O)cc2)c(C(C)(C)C)cc1Oc1ccccc1,288.0
O=C(c1ccc2c(c1)C(=O)NC2=O)c1ccc2c(c1)C(=O)N(c1ccc(Oc3cccc(-c4cc(-c5ccccc5)cc(-c5cccc(Oc6ccccc6)c5)n4)c3)cc1)C2=O,260.0
O=C(c1ccc2c(c1)C(=O)NC2=O)c1ccc2c(c1)C(=O)N(c1ccc(Oc3ccc(C(c4ccc(Oc5ccccc5)cc4)(C(F)(F)F)C(F)(F)F)cc3)cc1)C2=O,253.0
CC(C)(c1ccccc1)c1ccc(Oc2ccc(N3C(=O)c4ccc(C(=O)c5ccc6c(c5)C(=O)NC6=O)cc4C3=O)cc2)cc1,267.0
O=C(c1ccc2c(c1)C(=O)NC2=O)c1ccc2c(c1)C(=O)N(c1ccc(Oc3ccc(C(=O)c4ccc5cc(C(=O)c6ccc(Oc7ccccc7)cc6)ccc5c4)cc3)cc1)C2=O,246.0
O=C(c1ccc(Oc2ccccc2)cc1)c1ccc(C(=O)c2ccc(C(=O)c3ccc(Oc4ccc(N5C(=O)c6ccc(C(=O)c7ccc8c(c7)C(=O)NC8=O)cc6C5=O)cc4)cc3)cc2)cc1,233.0
O=C(c1ccc(Oc2ccccc2)cc1)c1ccc(C(=O)c2ccc(Oc3ccc(N4C(=O)c5ccc(C(=O)c6ccc7c(c6)C(=O)NC7=O)cc5C4=O)cc3)cc2)cc1,233.0
O=C(c1ccc(Oc2ccccc2)cc1)c1ccc(Oc2ccc(C(=O)c3ccc(Oc4ccc(N5C(=O)c6ccc(C(=O)c7ccc8c(c7)C(=O)NC8=O)cc6C5=O)cc4)cc3)cc2)cc1,215.0
O=C(c1ccc(Oc2ccccc2)cc1)c1ccc(Oc2ccc(N3C(=O)c4ccc(C(=O)c5ccc6c(c5)C(=O)NC6=O)cc4C3=O)cc2)cc1,252.0
O=C(c1ccc2c(c1)C(=O)NC2=O)c1ccc2c(c1)C(=O)N(c1ccc(Oc3ccc(C(=O)c4cccc(C(=O)c5ccc(Oc6ccccc6)cc5)n4)cc3)cc1)C2=O,314.5
O=C(Nc1ccc(Oc2ccccc2)cc1)c1cccc(C(=O)Nc2ccc(Oc3ccc(N4C(=O)c5ccc(C(=O)c6ccc7c(c6)C(=O)NC7=O)cc5C4=O)cc3)cc2)c1,232.0
O=C(c1ccc2c(c1)C(=O)NC2=O)c1ccc2c(c1)C(=O)N(c1ccc(Oc3ccc(Oc4cccc(Oc5ccc(Oc6ccccc6)cc5)n4)cc3)cc1)C2=O,219.0
O=C(c1ccc2c(c1)C(=O)NC2=O)c1ccc2c(c1)C(=O)N(c1ccc(Oc3ccc(-c4cc(-c5ccccc5)nc(-c5ccccc5)c4)cc3)cc1)C2=O,278.0
O=C(Nc1ccc(S(=O)(=O)c2ccccc2)cc1)c1cccc(C(=O)Nc2ccc(S(=O)(=O)c3ccc(N4C(=O)c5ccc(C(=O)c6ccc7c(c6)C(=O)NC7=O)cc5C4=O)cc3)cc2)c1,226.0
O=C(c1ccc2c(c1)C(=O)NC2=O)c1ccc2c(c1)C(=O)N(c1ccc(-c3c(-c4ccc(-c5ccccc5)cc4)cc(-c4ccc(OCCCCCCCCCCOc5ccc(-c6cc(-c7ccc(-c8ccccc8)cc7)c(-c7ccccc7)c(-c7ccc(-c8ccccc8)cc7)c6)cc5)cc4)cc3-c3ccc(-c4ccccc4)cc3)cc1)C2=O,109.0
O=C(c1ccc2c(c1)C(=O)NC2=O)c1ccc2c(c1)C(=O)N(c1ccc(-c3c(-c4ccc(-c5ccccc5)cc4)cc(-c4ccc(OCCCCCCOc5ccc(-c6cc(-c7ccc(-c8ccccc8)cc7)c(-c7ccccc7)c(-c7ccc(-c8ccccc8)cc7)c6)cc5)cc4)cc3-c3ccc(-c4ccccc4)cc3)cc1)C2=O,116.0
CC(C)(C)c1cc(-c2ccc(N3C(=O)c4ccc(C(=O)c5ccc6c(c5)C(=O)NC6=O)cc4C3=O)cc2)cc(C(C)(C)C)c1Oc1ccccc1C(F)(F)F,358.0
CC(C)(C)c1cc(-c2ccc(N3C(=O)c4ccc(C(=O)c5ccc6c(c5)C(=O)NC6=O)cc4C3=O)cc2)cc(C(C)(C)C)c1Oc1ccccc1,337.0
O=C(Nc1ccc(-c2ccccc2)cc1)c1cccc(C(=O)Nc2ccc(-c3ccc(N4C(=O)c5ccc(C(=O)c6ccc7c(c6)C(=O)NC7=O)cc5C4=O)cc3)cc2)c1,235.0
CC(C)(c1ccc(Oc2ccc(C(=O)c3ccc4c(c3)C(=O)NC4=O)cc2)cc1)c1ccc(Oc2ccc(C(=O)c3ccc4c(c3)C(=O)N(c3ccc(Oc5ccccc5)cc3)C4=O)cc2)cc1,217.0
O=C(c1ccc(Oc2ccc(C3(c4ccc(Oc5ccc(C(=O)c6ccc7c(c6)C(=O)N(c6ccc(Cc8ccccc8)cc6)C7=O)cc5)cc4)OC(=O)c4ccccc43)cc2)cc1)c1ccc2c(c1)C(=O)NC2=O,268.0
O=C(c1ccc(Oc2ccc(C3(c4ccc(Oc5ccc(C(=O)c6ccc7c(c6)C(=O)N(c6ccc(Oc8ccccc8)cc6)C7=O)cc5)cc4)OC(=O)c4ccccc43)cc2)cc1)c1ccc2c(c1)C(=O)NC2=O,260.0
O=C(c1ccc(Oc2ccc(Oc3ccc(C(=O)c4ccc5c(c4)C(=O)N(c4ccc(Cc6ccccc6)cc4)C5=O)cc3)cc2)cc1)c1ccc2c(c1)C(=O)NC2=O,225.0
O=C(c1ccc(Oc2ccc(Oc3ccc(C(=O)c4ccc5c(c4)C(=O)N(c4ccc(Oc6ccccc6)cc4)C5=O)cc3)cc2)cc1)c1ccc2c(c1)C(=O)NC2=O,220.0
O=C(c1ccc(Oc2ccc(Oc3ccc(C(=O)c4ccc5c(c4)C(=O)N(c4ccccc4)C5=O)cc3)cc2)cc1)c1ccc2c(c1)C(=O)NC2=O,236.0
O=C(c1ccc(Oc2ccc(S(=O)(=O)c3ccc(Oc4ccc(C(=O)c5ccc6c(c5)C(=O)N(c5ccc(Cc7ccccc7)cc5)C6=O)cc4)cc3)cc2)cc1)c1ccc2c(c1)C(=O)NC2=O,245.0
O=C(c1ccc(Oc2ccc(S(=O)(=O)c3ccc(Oc4ccc(C(=O)c5ccc6c(c5)C(=O)N(c5ccc(Oc7ccccc7)cc5)C6=O)cc4)cc3)cc2)cc1)c1ccc2c(c1)C(=O)NC2=O,241.0
O=C(c1ccc(Oc2ccc(-c3ccc(Oc4ccc(C(=O)c5ccc6c(c5)C(=O)N(c5ccc(Cc7ccccc7)cc5)C6=O)cc4)cc3)cc2)cc1)c1ccc2c(c1)C(=O)NC2=O,241.0
O=C(c1ccc(Oc2ccc(-c3ccc(Oc4ccc(C(=O)c5ccc6c(c5)C(=O)N(c5ccc(Oc7ccccc7)cc5)C6=O)cc4)cc3)cc2)cc1)c1ccc2c(c1)C(=O)NC2=O,233.0
O=C(c1ccc(Oc2ccc(-c3ccc(Oc4ccc(C(=O)c5ccc6c(c5)C(=O)N(c5ccccc5)C6=O)cc4)cc3)cc2)cc1)c1ccc2c(c1)C(=O)NC2=O,229.0
CC(C)(c1ccc(-c2ccc(C(=O)c3ccc4c(c3)C(=O)NC4=O)cc2)cc1)c1ccc(-c2ccc(C(=O)c3ccc4c(c3)C(=O)N(c3ccc(Cc5ccccc5)cc3)C4=O)cc2)cc1,216.0
CC(C)(c1ccc(Oc2ccc3c(c2)C(=O)NC3=O)cc1)c1ccc(Oc2ccc3c(c2)C(=O)NC3=O)cc1,216.7
O=C1NC(=O)c2cc(C(F)(F)C(F)(F)C(F)(F)C(F)(F)c3ccc4c(c3)C(=O)N(c3cccc(C(F)(F)C(F)(F)C(F)(F)C(F)(F)C(F)(F)c5ccccc5)c3)C4=O)ccc21,144.0
Cc1cc(C)c(N2C(=O)c3ccc(C(c4ccc5c(c4)C(=O)NC5=O)(C(F)(F)F)C(F)(F)F)cc3C2=O)c(C)c1C(=O)c1ccccc1,280.0
Cc1cc(C)c(N2C(=O)c3ccc(C(=O)c4ccc5c(c4)C(=O)NC5=O)cc3C2=O)c(C)c1C(=O)c1ccccc1,300.0
O=C(Oc1cccc2c(OC(=O)c3ccc4c(c3)C(=O)N(c3cccc5c(Oc6ccccc6)cccc35)C4=O)cccc12)c1ccc2c(c1)C(=O)NC2=O,231.0
O=C(Oc1ccc2ccccc2c1-c1c(OC(=O)c2ccc3c(c2)C(=O)N(c2cccc4c(Oc5ccccc5)cccc24)C3=O)ccc2ccccc12)c1ccc2c(c1)C(=O)NC2=O,245.0
O=C(c1ccc2c(c1)C(=O)NC2=O)c1ccc2c(c1)C(=O)N(c1cccc3c(Oc4ccccc4)cccc13)C2=O,280.0
O=C1NC(=O)c2cc(C(F)(F)C(F)(F)C(F)(F)C(F)(F)c3ccc4c(c3)C(=O)N(c3cccc(C(F)(F)C(F)(F)C(F)(F)c5ccccc5)c3)C4=O)ccc21,159.0
O=C1NC(=O)c2cc(C(F)(F)C(F)(F)C(F)(F)C(F)(F)C(F)(F)C(F)(F)C(F)(F)c3ccc4c(c3)C(=O)N(c3cccc(C(F)(F)C(F)(F)C(F)(F)C(F)(F)C(F)(F)c5ccccc5)c3)C4=O)ccc21,108.0
O=C1NC(=O)c2cc(C(F)(F)C(F)(F)C(F)(F)c3ccc4c(c3)C(=O)N(c3cccc(C(F)(F)C(F)(F)C(F)(F)C(F)(F)C(F)(F)c5ccccc5)c3)C4=O)ccc21,111.0
CC1(COc2ccc(N3C(=O)c4ccc(C(=O)c5ccc6c(c5)C(=O)NC6=O)cc4C3=O)cc2C(F)(F)F)CCC(COc2ccccc2C(F)(F)F)C1(C)C,230.0
O=C(c1ccccc1)c1ccc(Oc2ccc(N3C(=O)c4ccc(C(=O)c5ccc6c(c5)C(=O)NC6=O)cc4C3=O)cc2C(F)(F)F)cc1,242.0
O=C(c1ccc2c(c1)C(=O)NC2=O)c1ccc2c(c1)C(=O)N(c1ccc(Oc3ccc(Oc4ccccc4)cc3)c(C(F)(F)F)c1)C2=O,237.1
O=C(c1ccc2c(c1)C(=O)NC2=O)c1ccc2c(c1)C(=O)N(c1ccc(OCCOCCOc3ccccc3)cc1)C2=O,235.0
O=C(c1ccc2c(c1)C(=O)NC2=O)c1ccc2c(c1)C(=O)N(c1ccc(Oc3cccc4c(Oc5ccccc5)cccc34)cc1)C2=O,228.0
CC(C)(c1ccc(Oc2ccccc2)cc1)c1ccc(Oc2ccc(N3C(=O)c4ccc(-c5ccc(-c6ccc(-c7ccc(-c8ccc(-c9ccc%10c(c9)C(=O)NC%10=O)cc8)cc7)cc6)cc5)cc4C3=O)cc2)cc1,236.0
O=C(c1ccccc1)c1ccc(Oc2ccc(N3C(=O)c4ccc(C(c5ccc6c(c5)C(=O)NC6=O)(C(F)(F)F)C(F)(F)F)cc4C3=O)cc2)cc1,242.0
O=C(c1ccccc1)c1ccc(Oc2ccc(N3C(=O)c4ccc(C(=O)c5ccc6c(c5)C(=O)NC6=O)cc4C3=O)cc2)cc1,251.0
O=C1NC(=O)c2cc(C(F)(F)C(F)(F)C(F)(F)C(F)(F)C(F)(F)C(F)(F)C(F)(F)C(F)(F)c3ccc4c(c3)C(=O)N(c3ccc(Oc5ccccc5)cc3)C4=O)ccc21,186.0
O=C1NC(=O)c2cc(-c3ccc(-c4ccc(-c5ccc(-c6ccc(-c7ccc8c(c7)C(=O)N(c7ccc(Oc9ccccc9)cc7)C8=O)cc6)cc5)cc4)cc3)ccc21,244.0
O=C1NC(=O)c2cc(-c3ccc(-c4ccc(-c5ccc(-c6ccc(-c7ccc8c(c7)C(=O)N(c7ccc(Oc9ccc(-c%10ccc(Oc%11ccccc%11)cc%10)cc9)cc7)C8=O)cc6)cc5)cc4)cc3)ccc21,232.0
CC1(C)CC(C)(c2ccc(Oc3ccc(-c4ccccc4)cc3C(F)(F)F)cc2)c2cc(Oc3ccc(-c4ccc(N5C(=O)c6ccc(C(c7ccc8c(c7)C(=O)NC8=O)(C(F)(F)F)C(F)(F)F)cc6C5=O)cc4)cc3C(F)(F)F)ccc21,262.0
CC1(C)CC(C)(c2ccc(Oc3ccc(-c4ccccc4)cc3C(F)(F)F)cc2)c2cc(Oc3ccc(-c4ccc(N5C(=O)c6ccc(C(=O)c7ccc8c(c7)C(=O)NC8=O)cc6C5=O)cc4)cc3C(F)(F)F)ccc21,252.0
O=C(NCCCCCCNC(=O)OCc1cccc(N2C(=O)c3ccc(C(=O)c4ccc5c(c4)C(=O)NC5=O)cc3C2=O)c1)OCc1ccccc1,130.0
O=C(Nc1ccc(Cc2ccccc2)cc1)c1cccc(-c2nc3cc(-c4ccc5[nH]c(-c6cccc(C(=O)Nc7ccc(Cc8ccc(N9C(=O)c%10ccc(S(=O)(=O)c%11ccc%12c(c%11)C(=O)NC%12=O)cc%10C9=O)cc8)cc7)c6)nc5c4)ccc3[nH]2)c1,270.0
O=C(Nc1ccccc1)Nc1ccc(N2C(=O)c3ccc(C(=O)Nc4ccc5c(c4)Cc4cc(NC(=O)c6ccc7c(c6)C(=O)NC7=O)ccc4-5)cc3C2=O)cc1,224.0
O=C(Nc1ccccc1)Nc1ccc(N2C(=O)c3ccc(C(=O)Nc4ccc(C(=O)c5ccc(NC(=O)c6ccc7c(c6)C(=O)NC7=O)cc5)cc4)cc3C2=O)cc1,212.0
O=C(Nc1ccccc1)Nc1ccc(N2C(=O)c3ccc(C(=O)Nc4ccc(Cc5ccc(NC(=O)c6ccc7c(c6)C(=O)NC7=O)cc5)cc4)cc3C2=O)cc1,211.0
O=C(Nc1ccc(NC(=O)c2ccc3c(c2)C(=O)NC3=O)cc1)Nc1ccc(NC(=O)c2ccc3c(c2)C(=O)N(c2ccc(NC(=O)Nc4ccccc4)cc2)C3=O)cc1,208.0
O=C(Nc1ccccc1)Nc1ccc(N2C(=O)c3ccc(C(=O)Nc4ccc(NC(=O)c5ccc6c(c5)C(=O)NC6=O)cc4)cc3C2=O)cc1,216.0
O=C(Nc1ccccc1)Nc1ccc(N2C(=O)c3ccc(C(=O)Nc4ccc(Oc5ccc(NC(=O)c6ccc7c(c6)C(=O)NC7=O)cc5)cc4)cc3C2=O)cc1,205.0
O=C(Nc1ccccc1)Nc1ccc(N2C(=O)c3ccc(C(=O)Nc4ccc(S(=O)(=O)c5ccc(NC(=O)c6ccc7c(c6)C(=O)NC7=O)cc5)cc4)cc3C2=O)cc1,205.0
O=C(Nc1ccccc1)Nc1ccc(N2C(=O)c3ccc(C(=O)Nc4ccc(-c5ccc(NC(=O)c6ccc7c(c6)C(=O)NC7=O)cc5)cc4)cc3C2=O)cc1,233.0
O=C(Nc1ccccc1)Nc1ccc(N2C(=O)c3ccc(C(=O)Nc4ccc(-c5cc(-c6ccccc6)cc(-c6ccc(NC(=O)c7ccc8c(c7)C(=O)NC8=O)cc6)n5)cc4)cc3C2=O)cc1,215.0
CC(=O)Nc1ccc(Oc2ccc(-c3nnc(-c4ccc(Oc5ccc(NC(=O)CN6C(=O)c7ccc(C(c8ccc9c(c8)C(=O)NC9=O)(C(F)(F)F)C(F)(F)F)cc7C6=O)cc5)cc4)o3)cc2)cc1,263.0
O=C(Nc1ccc(Oc2cccc(NC(=O)c3ccc4c(c3)C(=O)N(c3ccc(Oc5ccc(C6(c7ccc(Oc8ccccc8)cc7)NC(=O)c7ccccc76)cc5)cc3)C4=O)c2)cc1)c1ccc2c(c1)C(=O)NC2=O,302.0
CC(=O)Nc1ccc(-c2nnc(-c3ccc(NC(=O)CN4C(=O)c5ccc(C(c6ccc7c(c6)C(=O)NC7=O)(C(F)(F)F)C(F)(F)F)cc5C4=O)cc3)o2)cc1,280.0
O=C(Nc1ccc(Oc2ccc(NC(=O)Nc3ccc4c(c3)C(=O)N(c3ccc(Oc5ccc6ccccc6c5-c5c(Oc6ccccc6)ccc6ccccc56)cc3)C4=O)cc2)cc1)Nc1ccc2c(c1)C(=O)NC2=O,274.0
O=C(Nc1ccc(Oc2ccccc2-c2ccccc2Oc2ccc(NC(=O)Nc3ccc4c(c3)C(=O)N(c3ccc(Oc5ccc6ccccc6c5-c5c(Oc6ccccc6)ccc6ccccc56)cc3)C4=O)cc2)cc1)Nc1ccc2c(c1)C(=O)NC2=O,285.0
O=C(Nc1ccc(-c2cc(-c3ccc(-c4ccccc4)cc3)cc(-c3ccc(NC(=O)Nc4ccc5c(c4)C(=O)N(c4ccc(Oc6ccc7ccccc7c6-c6c(Oc7ccccc7)ccc7ccccc67)cc4)C5=O)cc3)n2)cc1)Nc1ccc2c(c1)C(=O)NC2=O,302.0
O=C(Nc1ccc(NC(=O)Nc2ccc3c(c2)C(=O)N(c2ccc(-c4cc(-c5ccc(-c6ccccc6)cc5)cc(-c5ccccc5)n4)cc2)C3=O)cc1)Nc1ccc2c(c1)C(=O)NC2=O,243.0
O=C(Nc1ccc(Oc2ccc(NC(=O)Nc3ccc4c(c3)C(=O)N(c3ccc(-c5cc(-c6ccc(-c7ccccc7)cc6)cc(-c6ccccc6)n5)cc3)C4=O)cc2)cc1)Nc1ccc2c(c1)C(=O)NC2=O,241.0
O=C(Nc1ccc(Oc2ccccc2-c2ccccc2Oc2ccc(NC(=O)Nc3ccc4c(c3)C(=O)N(c3ccc(-c5cc(-c6ccc(-c7ccccc7)cc6)cc(-c6ccccc6)n5)cc3)C4=O)cc2)cc1)Nc1ccc2c(c1)C(=O)NC2=O,249.0
O=C(Nc1ccc(-c2cc(-c3ccc(-c4ccccc4)cc3)cc(-c3ccc(NC(=O)Nc4ccc5c(c4)C(=O)N(c4ccc(-c6cc(-c7ccc(-c8ccccc8)cc7)cc(-c7ccccc7)n6)cc4)C5=O)cc3)n2)cc1)Nc1ccc2c(c1)C(=O)NC2=O,272.0
CC(C)(c1cc(Br)c(OCCOC(=O)Nc2ccc3c(c2)C(=O)NC3=O)c(Br)c1)c1cc(Br)c(OCCOC(=O)Nc2ccc3c(c2)C(=O)N(c2cccc(P(C)(=O)c4ccccc4)c2)C3=O)c(Br)c1,191.0
CP(=O)(c1ccccc1)c1cccc(N2C(=O)c3ccc(NC(=O)OCCOc4ccc(C(c5ccc(OCCOC(=O)Nc6ccc7c(c6)C(=O)NC7=O)cc5)(C(F)(F)F)C(F)(F)F)cc4)cc3C2=O)c1,204.0
CC(C)(c1ccc(OCCOC(=O)Nc2ccc3c(c2)C(=O)NC3=O)cc1)c1ccc(OCCOC(=O)Nc2ccc3c(c2)C(=O)N(c2cccc(P(C)(=O)c4ccccc4)c2)C3=O)cc1,211.0
CP(=O)(c1ccccc1)c1cccc(N2C(=O)c3ccc(NC(=O)OCCOc4ccc(P(=O)(c5ccccc5)c5ccc(OCCOC(=O)Nc6ccc7c(c6)C(=O)NC7=O)cc5)cc4)cc3C2=O)c1,201.0
CC(C)(c1cc(Br)c(OCCOC(=O)Nc2ccc3c(c2)C(=O)NC3=O)c(Br)c1)c1cc(Br)c(OCCOC(=O)Nc2ccc3c(c2)C(=O)N(c2cccc(P(=O)(c4ccccc4)c4ccccc4)c2)C3=O)c(Br)c1,201.0
O=C(Nc1ccc2c(c1)C(=O)NC2=O)OCCOc1ccc(C(c2ccc(OCCOC(=O)Nc3ccc4c(c3)C(=O)N(c3cccc(P(=O)(c5ccccc5)c5ccccc5)c3)C4=O)cc2)(C(F)(F)F)C(F)(F)F)cc1,214.0
CC(C)(c1ccc(OCCOC(=O)Nc2ccc3c(c2)C(=O)NC3=O)cc1)c1ccc(OCCOC(=O)Nc2ccc3c(c2)C(=O)N(c2cccc(P(=O)(c4ccccc4)c4ccccc4)c2)C3=O)cc1,220.0
O=C(Nc1ccc2c(c1)C(=O)NC2=O)OCCOc1ccc(P(=O)(c2ccccc2)c2ccc(OCCOC(=O)Nc3ccc4c(c3)C(=O)N(c3cccc(P(=O)(c5ccccc5)c5ccccc5)c3)C4=O)cc2)cc1,218.0
O=C(Nc1ccc2c(c1)C(=O)NC2=O)Nc1cccc(NC(=O)Nc2ccc3c(c2)C(=O)N(c2ccc(Oc4ccc5ccccc5c4-c4c(Oc5ccccc5)ccc5ccccc45)cc2)C3=O)n1,283.0
O=C(Nc1ccc2c(c1)C(=O)NC2=O)Nc1cccc2c(NC(=O)Nc3ccc4c(c3)C(=O)N(c3ccc(Oc5ccc6ccccc6c5-c5c(Oc6ccccc6)ccc6ccccc56)cc3)C4=O)cccc12,297.0
Cc1ccc(NC(=O)OCCN(CCOC(=O)Nc2cc(N3C(=O)c4ccc(C(c5ccc6c(c5)C(=O)NC6=O)(C(F)(F)F)C(F)(F)F)cc4C3=O)ccc2C)c2ccc(N=Nc3ccc([N+](=O)[O-])cc3)cc2)cc1,196.0
O=C(NCCCCCCNC(=O)OCCc1ccc(N2C(=O)c3ccc(C(=O)c4ccc5c(c4)C(=O)NC5=O)cc3C2=O)cc1)OCCc1ccccc1,134.0
Cc1ccc(NC(=O)OCCc2ccc(N3C(=O)c4ccc(C(=O)c5ccc6c(c5)C(=O)NC6=O)cc4C3=O)cc2)cc1NC(=O)OCCc1ccccc1,136.0
O=C(Nc1ccc(NC(=O)OCCc2ccc(N3C(=O)c4ccc(C(=O)c5ccc6c(c5)C(=O)NC6=O)cc4C3=O)cc2)cc1)OCCc1ccccc1,138.0
Cc1cc(NC(=O)OCc2cccc(N3C(=O)c4ccc(C(=O)c5ccc6c(c5)C(=O)NC6=O)cc4C3=O)c2)ccc1NC(=O)OCc1ccccc1,169.0
O=C(Nc1ccc(Oc2ccc(NC(=O)c3cccc(N4C(=O)c5ccc(C(c6ccc7c(c6)C(=O)NC7=O)(C(F)(F)F)C(F)(F)F)cc5C4=O)c3)cc2)cc1)c1ccccc1,298.0
O=C1NC(=O)c2cc(C(F)(F)C(F)(F)C(F)(F)C(F)(F)C(F)(F)C(F)(F)C(F)(F)c3ccc4c(c3)C(=O)N(c3cccc(C(F)(F)C(F)(F)C(F)(F)c5ccccc5)c3)C4=O)ccc21,133.0
O=C1NC(=O)c2cc(C(F)(F)C(F)(F)C(F)(F)C(F)(F)c3ccc4c(c3)C(=O)N(c3ccc(Oc5ccccc5)cc3)C4=O)ccc21,212.0
O=C1NC(=O)c2cc(C(F)(F)C(F)(F)C(F)(F)c3ccc4c(c3)C(=O)N(c3ccc(Oc5ccccc5)cc3)C4=O)ccc21,222.0
CN(C(=O)c1ccccc1)c1ccc(N2C(=O)c3ccc(C(=O)c4ccc5c(c4)C(=O)NC5=O)cc3C2=O)cc1,255.0
O=C1NC(=O)c2ccc3c4c(ccc1c24)C(=O)N(c1cccc(Oc2ccc(-c4nnc(-c5ccc(Oc6ccccc6)cc5)o4)cc2)c1)C3=O,318.0
O=C(c1cccc(C(=O)c2ccc3c4c(cccc24)C(=O)N(c2cccc(Oc4ccc(-c5nnc(-c6ccc(Oc7ccccc7)cc6)o5)cc4)c2)C3=O)c1)c1ccc2c3c(cccc13)C(=O)NC2=O,190.0
O=C(c1cccc(C(=O)c2ccc3c4c(cccc24)C(=O)N(c2ccc(Oc4ccc(-c5nnc(-c6ccc(Oc7ccccc7)cc6)o5)cc4)cc2)C3=O)c1)c1ccc2c3c(cccc13)C(=O)NC2=O,195.0
Cc1nc2ccc(Cc3ccc4nc(CN5C(=O)c6ccc(C(c7ccc8c(c7)C(=O)NC8=O)(C(F)(F)F)C(F)(F)F)cc6C5=O)oc(=O)c4c3)cc2c(=O)o1,218.0
Cc1nc2cc(C(c3ccc4oc(CN5C(=O)c6ccc(C(c7ccc8c(c7)C(=O)NC8=O)(C(F)(F)F)C(F)(F)F)cc6C5=O)nc4c3)(C(F)(F)F)C(F)(F)F)ccc2o1,225.0
Cc1nc2cc(-c3ccc4oc(CN5C(=O)c6ccc(C(c7ccc8c(c7)C(=O)NC8=O)(C(F)(F)F)C(F)(F)F)cc6C5=O)nc4c3)ccc2o1,231.0
Cc1nnc(-c2ccc(-c3nnc(CN4C(=O)c5ccc(C(c6ccc7c(c6)C(=O)NC7=O)(C(F)(F)F)C(F)(F)F)cc5C4=O)o3)cc2Oc2ccccc2)o1,208.0
Cc1nnc(-c2ccc(Oc3ccc(-c4nnc(CN5C(=O)c6ccc(C(c7ccc8c(c7)C(=O)NC8=O)(C(F)(F)F)C(F)(F)F)cc6C5=O)o4)cc3)cc2)o1,210.0
Cc1nnc(-c2ccc(-c3nnc(CN4C(=O)c5ccc(C(c6ccc7c(c6)C(=O)NC7=O)(C(F)(F)F)C(F)(F)F)cc5C4=O)o3)cc2)o1,214.0
O=C1NC(=O)c2cc(C(c3ccc4c(c3)C(=O)N(c3ccc(Oc5ccc6nc(-c7ccc(Oc8ccc(-c9nc%10ccc(Oc%11ccccc%11)cc%10nc9-c9ccccc9)cc8)cc7)c(-c7ccccc7)nc6c5)cc3)C4=O)(C(F)(F)F)C(F)(F)F)ccc21,267.0
O=C(Nc1cc(C(F)(F)F)cc(NC(=O)c2ccc3c(c2)C(=O)N(c2cc(C(F)(F)F)ccc2Oc2ccc(C(F)(F)F)cc2)C3=O)c1Oc1ccc(C(F)(F)F)cc1)c1ccc2c(c1)C(=O)NC2=O,315.0
O=C(Nc1ccc(Oc2ccc(C3(c4ccc(Oc5ccc(NC(=O)c6ccc7c(c6)C(=O)N(c6ccc(Cc8ccccc8)cc6)C7=O)cc5)cc4)NC(=O)c4ccccc43)cc2)cc1)c1ccc2c(c1)C(=O)NC2=O,302.0
O=C(Nc1ccc(Oc2ccc(C3(c4ccc(Oc5ccc(NC(=O)c6ccc7c(c6)C(=O)N(c6ccc(Sc8ccccc8)cc6)C7=O)cc5)cc4)NC(=O)c4ccccc43)cc2)cc1)c1ccc2c(c1)C(=O)NC2=O,298.0
O=C(OCCN(CCOC(=O)c1ccc2c(c1)C(=O)N(c1ccc(N=Nc3ccccc3)cc1)C2=O)c1ccc(N=Nc2ccccc2)cc1)c1ccc2c(c1)C(=O)NC2=O,119.0
CC(C)(c1ccc(OC(=O)c2ccc3c(c2)C(=O)NC3=O)cc1)c1ccc(OC(=O)c2ccc3c(c2)C(=O)N(c2ccccc2)C3=O)cc1,225.0
O=C(Nc1ccc(Oc2ccc3nc(-c4ccccc4)c(-c4ccc(-c5nc6cc(Oc7ccc(NC(=O)c8ccc9c(c8)C(=O)N(c8ccc(C(c%10ccccc%10)(C(F)(F)F)C(F)(F)F)cc8)C9=O)cc7)ccc6nc5-c5ccccc5)cc4)nc3c2)cc1)c1ccc2c(c1)C(=O)NC2=O,293.0
O=C(Nc1ccc(Oc2ccc3nc(-c4ccccc4)c(-c4ccc(-c5ccc(-c6nc7cc(Oc8ccc(NC(=O)c9ccc%10c(c9)C(=O)N(c9ccc(C(c%11ccccc%11)(C(F)(F)F)C(F)(F)F)cc9)C%10=O)cc8)ccc7nc6-c6ccccc6)cc5)cc4)nc3c2)cc1)c1ccc2c(c1)C(=O)NC2=O,290.0
O=C(c1ccc2c(c1)C(=O)NC2=O)c1ccc2c(c1)C(=O)N(c1ncc(-c3ccc(Oc4ccccc4)cc3)s1)C2=O,320.2
O=C1NC(=O)c2cc(Oc3ccc4c(c3)C(=O)N(c3ncc(-c5ccc(Oc6ccccc6)cc5)s3)C4=O)ccc21,300.0
C[Si](C)(O[Si](C)(C)c1ccc2c(c1)C(=O)N(c1cccc(Oc3ccc(-c4nnc(-c5ccc(Oc6ccccc6)cc5)o4)cc3)c1)C2=O)c1ccc2c(c1)C(=O)NC2=O,165.0
C[Si](C)(O[Si](C)(C)c1ccc2c(c1)C(=O)N(c1ccc(Oc3ccc(-c4nnc(-c5ccc(Oc6ccccc6)cc5)o4)cc3)cc1)C2=O)c1ccc2c(c1)C(=O)NC2=O,183.0
O=C(NCCN(CCNC(=O)c1ccc2c(c1)C(=O)N(c1ccc(Oc3ccccc3)cc1)C2=O)c1ccc(C=Cc2ccc([N+](=O)[O-])cc2)cc1)c1ccc2c(c1)C(=O)NC2=O,224.0
O=C(Nc1cc(C(F)(F)F)ccc1Oc1cccc2c(Oc3ccc(C(F)(F)F)cc3NC(=O)c3ccc4c(c3)C(=O)N(c3ccc(Oc5ccccc5-c5ccccc5)c(-c5ccccc5)c3)C4=O)cccc12)c1ccc2c(c1)C(=O)NC2=O,376.0
Cc1cc(C)c(N2C(=O)c3ccc(C(=O)Nc4ccc(-c5ccc(NC(=O)c6ccc7c(c6)C(=O)NC7=O)cc5C(F)(F)F)c(C(F)(F)F)c4)cc3C2=O)c(C)c1,267.0
O=C(Nc1cccc(C(=O)c2cccc(NC(=O)c3ccc4c(c3)C(=O)N(c3ccc(-c5sc(-c6ccccc6)c(-c6ccccc6)c5-c5ccccc5)cc3)C4=O)c2)c1)c1ccc2c(c1)C(=O)NC2=O,308.0
Cc1cc(C)c(N2C(=O)c3ccc(C(=O)Nc4ccc(-c5ccc(NC(=O)c6ccc7c(c6)C(=O)NC7=O)cc5C)c(C)c4)cc3C2=O)c(C)c1,259.0
Cc1cc(C)cc(Cc2cc(C)c(N3C(=O)c4ccc(C(=O)Nc5cc(NC(=O)c6ccc7c(c6)C(=O)NC7=O)ccc5N=Nc5ccc([N+](=O)[O-])cc5)cc4C3=O)c(C)c2)c1,264.0
Cc1cc(C)cc(-c2cc(C)c(N3C(=O)c4ccc(C(=O)Nc5cc(NC(=O)c6ccc7c(c6)C(=O)NC7=O)ccc5N=Nc5ccc([N+](=O)[O-])cc5)cc4C3=O)c(C)c2)c1,278.0
O=C(Nc1cccc(NC(=O)c2ccc3c(c2)C(=O)N(c2ccc(Oc4cccc5c(Oc6ccccc6)cccc45)cc2)C3=O)c1)c1ccc2c(c1)C(=O)NC2=O,263.0
O=C(Nc1cccc(NC(=O)c2ccc3c(c2)C(=O)N(c2ccc(Oc4ccc5ccc(Oc6ccccc6)cc5c4)cc2)C3=O)c1)c1ccc2c(c1)C(=O)NC2=O,286.0
O=C(Nc1cccc(NC(=O)c2ccc3c(c2)C(=O)N(c2ccc(Oc4ccc(C5(c6ccc(Oc7ccccc7)cc6)NC(=O)c6ccccc65)cc4)cc2)C3=O)c1)c1ccc2c(c1)C(=O)NC2=O,328.0
O=C(Nc1cccc(NC(=O)c2ccc3c(c2)C(=O)N(c2ccc(-c4sc(-c5ccccc5)c(-c5ccccc5)c4-c4ccccc4)cc2)C3=O)c1)c1ccc2c(c1)C(=O)NC2=O,334.0
CN(C)c1ccc(C=Cc2ccc(S(=O)(=O)CCCCCCOc3cc(NC(=O)c4ccc5c(c4)C(=O)NC5=O)ccc3NC(=O)c3ccc4c(c3)C(=O)N(c3ccc(Oc5ccccc5)cc3)C4=O)cc2)cc1,192.0
O=C(Nc1cccc(S(=O)(=O)c2cccc(NC(=O)c3ccc4c(c3)C(=O)N(c3ccc(-c5sc(-c6ccccc6)c(-c6ccccc6)c5-c5ccccc5)cc3)C4=O)c2)c1)c1ccc2c(c1)C(=O)NC2=O,320.0
O=C(Nc1ccc2c(c1)-c1cc(NC(=O)c3ccc4c(c3)C(=O)N(c3cccc(P(=O)(c5ccccc5)c5ccccc5)c3)C4=O)ccc1C2)c1ccc2c(c1)C(=O)NC2=O,248.0
O=C(Nc1ccc(Oc2ccc(NC(=O)c3ccc4c(c3)C(=O)N(c3cc(C(F)(F)F)ccc3Oc3ccc(C(F)(F)F)cc3)C4=O)cc2-c2ccccc2)c(-c2ccccc2)c1)c1ccc2c(c1)C(=O)NC2=O,312.0
O=C(Nc1ccc(Oc2ccc(NC(=O)c3ccc4c(c3)C(=O)N(c3ccc(Oc5ccccc5-c5ccccc5)c(-c5ccccc5)c3)C4=O)cc2-c2ccccc2)c(-c2ccccc2)c1)c1ccc2c(c1)C(=O)NC2=O,369.0
O=C(Nc1cc(NC(=O)c2ccc3c(c2)C(=O)N(c2cccc(-c4nc5ccccc5o4)c2)C3=O)cc(-c2nc3ccccc3[nH]2)c1)c1ccc2c(c1)C(=O)NC2=O,371.0
O=C(Nc1cc(NC(=O)c2ccc3c(c2)C(=O)N(c2cccc(-c4nc5ccccc5s4)c2)C3=O)cc(-c2nc3ccccc3[nH]2)c1)c1ccc2c(c1)C(=O)NC2=O,368.0
O=C(Nc1cc(NC(=O)c2ccc3c(c2)C(=O)N(c2ccccc2)C3=O)cc(-c2nc3ccccc3[nH]2)c1)c1ccc2c(c1)C(=O)NC2=O,361.0
O=C(Nc1ccc(C(c2ccc(NC(=O)c3ccc4c(c3)C(=O)N(c3ccc(Oc5cccc6c(Oc7ccccc7)cccc56)cc3)C4=O)cc2)(C(F)(F)F)C(F)(F)F)cc1)c1ccc2c(c1)C(=O)NC2=O,283.0
O=C(Nc1ccc(C(c2ccc(NC(=O)c3ccc4c(c3)C(=O)N(c3ccc(Oc5ccc6ccc(Oc7ccccc7)cc6c5)cc3)C4=O)cc2)(C(F)(F)F)C(F)(F)F)cc1)c1ccc2c(c1)C(=O)NC2=O,292.0
O=C(Nc1ccc(C(=O)c2ccc(NC(=O)c3ccc4c(c3)C(=O)N(c3cccc(P(=O)(c5ccccc5)c5ccccc5)c3)C4=O)cc2)cc1)c1ccc2c(c1)C(=O)NC2=O,238.0
O=C(Nc1ccc(C2(c3ccc(NC(=O)c4ccc5c(c4)C(=O)N(c4ccccc4)C5=O)cc3)c3ccccc3-c3ccccc32)cc1)c1ccc2c(c1)C(=O)NC2=O,209.0
O=C(Nc1ccc(C2(c3ccc(NC(=O)c4ccc5c(c4)C(=O)N(c4ccc(Oc6cccc(Oc7ccccc7)c6)cc4)C5=O)cc3)c3ccccc3-c3ccccc32)cc1)c1ccc2c(c1)C(=O)NC2=O,278.0
O=C(Nc1ccc(C2(c3ccc(NC(=O)c4ccc5c(c4)C(=O)N(c4ccc(Oc6ccccc6)cc4)C5=O)cc3)c3ccccc3-c3ccccc32)cc1)c1ccc2c(c1)C(=O)NC2=O,240.0
O=C(Nc1ccc(Cc2ccc(NC(=O)c3ccc4c(c3)C(=O)N(c3cccc(P(=O)(c5ccccc5)c5ccccc5)c3)C4=O)cc2)cc1)c1ccc2c(c1)C(=O)NC2=O,233.0
Cc1ccc(N=Nc2ccc(N3C(=O)c4ccc(C(=O)Nc5ccc(Cc6ccc(NC(=O)c7ccc8c(c7)C(=O)NC8=O)cc6)cc5)cc4C3=O)cc2)cc1,268.0
O=C(Nc1ccc(Cc2ccc(NC(=O)c3ccc4c(c3)C(=O)N(c3ccc(Oc5ccc6ccc(Oc7ccccc7)cc6c5)cc3)C4=O)cc2)cc1)c1ccc2c(c1)C(=O)NC2=O,273.0
O=C(Nc1ccc(Cc2ccc(NC(=O)c3ccc4c(c3)C(=O)N(c3ccc(-c5sc(-c6ccccc6)c(-c6ccccc6)c5-c5ccccc5)cc3)C4=O)cc2)cc1)c1ccc2c(c1)C(=O)NC2=O,235.0
Cc1cc(C)c(N2C(=O)c3ccc(C(=O)Nc4ccc(NC(=O)c5ccc6c(c5)C(=O)NC6=O)cc4)cc3C2=O)c(C)c1,327.0
O=C(Nc1ccc(NC(=O)c2ccc3c(c2)C(=O)N(c2cccc(P(=O)(c4ccccc4)c4ccccc4)c2)C3=O)cc1)c1ccc2c(c1)C(=O)NC2=O,263.0
O=C(Nc1ccc(NC(=O)c2ccc3c(c2)C(=O)N(c2cccc(-c4nc5ccccc5s4)c2)C3=O)cc1)c1ccc2c(c1)C(=O)NC2=O,356.0
O=C(Nc1ccc(NC(=O)c2ccc3c(c2)C(=O)N(c2ccccc2)C3=O)cc1)c1ccc2c(c1)C(=O)NC2=O,341.0
O=C(Nc1ccc(NC(=O)c2ccc3c(c2)C(=O)N(c2ccc(Oc4cccc5ccccc45)cc2)C3=O)cc1)c1ccc2c(c1)C(=O)NC2=O,307.0
O=C(Nc1ccc(NC(=O)c2ccc3c(c2)C(=O)N(c2ccc(-c4sc(-c5ccccc5)c(-c5ccccc5)c4-c4ccccc4)cc2)C3=O)cc1)c1ccc2c(c1)C(=O)NC2=O,333.0
CC(C)(C)c1cc(Oc2ccc(NC(=O)c3ccc4c(c3)C(=O)N(c3ccc(Oc5ccc(C6(c7ccc(Oc8ccccc8)cc7)CC7CC6C6CCCC76)cc5)cc3)C4=O)cc2)c(C(C)(C)C)cc1Oc1ccc(NC(=O)c2ccc3c(c2)C(=O)NC3=O)cc1,290.0
Cc1cc(C(C)(C)c2cc(C)c(Oc3ccc(NC(=O)c4ccc5c(c4)C(=O)N(c4ccc(Oc6ccc(C7(c8ccc(Oc9ccccc9)cc8)CC8CC7C7CCCC87)cc6)cc4)C5=O)cc3)c(C)c2)cc(C)c1Oc1ccc(NC(=O)c2ccc3c(c2)C(=O)NC3=O)cc1,276.0
O=C(Nc1ccc(Oc2ccccc2-c2ccccc2Oc2ccc(NC(=O)c3ccc4c(c3)C(=O)N(c3ccccc3)C4=O)cc2)cc1)c1ccc2c(c1)C(=O)NC2=O,252.5
O=C(Nc1ccc(Oc2ccccc2-c2ccccc2Oc2ccc(NC(=O)c3ccc4c(c3)C(=O)N(c3ccc(Cc5ccccc5)cc3)C4=O)cc2)cc1)c1ccc2c(c1)C(=O)NC2=O,240.0
O=C(Nc1ccc(Oc2ccccc2-c2ccccc2Oc2ccc(NC(=O)c3ccc4c(c3)C(=O)N(c3ccc(Oc5ccccc5-c5ccccc5Oc5ccccc5)cc3)C4=O)cc2)cc1)c1ccc2c(c1)C(=O)NC2=O,227.0
O=C(Nc1ccc(Oc2ccccc2-c2ccccc2Oc2ccc(NC(=O)c3ccc4c(c3)C(=O)N(c3ccc(Oc5cccc(Oc6ccccc6)c5)cc3)C4=O)cc2)cc1)c1ccc2c(c1)C(=O)NC2=O,229.0
CC(C)(c1ccc(Oc2ccccc2)cc1)c1ccc(Oc2ccc(N3C(=O)c4ccc(C(=O)Nc5ccc(Oc6ccccc6-c6ccccc6Oc6ccc(NC(=O)c7ccc8c(c7)C(=O)NC8=O)cc6)cc5)cc4C3=O)cc2)cc1,229.0
O=C(Nc1ccc(Oc2ccccc2-c2ccccc2Oc2ccc(NC(=O)c3ccc4c(c3)C(=O)N(c3ccc(Oc5ccc(Oc6ccccc6)cc5)cc3)C4=O)cc2)cc1)c1ccc2c(c1)C(=O)NC2=O,238.0
O=C(Nc1ccc(Oc2ccccc2-c2ccccc2Oc2ccc(NC(=O)c3ccc4c(c3)C(=O)N(c3ccc(Oc5ccc(S(=O)(=O)c6ccc(Oc7ccccc7)cc6)cc5)cc3)C4=O)cc2)cc1)c1ccc2c(c1)C(=O)NC2=O,236.0
O=C(Nc1ccc(Oc2ccccc2-c2ccccc2Oc2ccc(NC(=O)c3ccc4c(c3)C(=O)N(c3ccc(Oc5ccc(-c6ccc(Oc7ccccc7)cc6)cc5)cc3)C4=O)cc2)cc1)c1ccc2c(c1)C(=O)NC2=O,239.0
O=C(Nc1ccc(Oc2ccc3ccccc3c2-c2c(Oc3ccc(NC(=O)c4ccc5c(c4)C(=O)N(c4cc(C(F)(F)F)ccc4Oc4ccc(C(F)(F)F)cc4)C5=O)cc3)ccc3ccccc23)cc1)c1ccc2c(c1)C(=O)NC2=O,324.0
O=C(Nc1ccc(Oc2cccc3c(NC(=O)c4ccc5c(c4)C(=O)N(c4ccc(Oc6cccc7ccccc67)cc4)C5=O)cccc23)cc1)c1ccc2c(c1)C(=O)NC2=O,276.0
CC(C)(C)c1cc(Oc2ccc(NC(=O)c3ccc4c(c3)C(=O)NC4=O)cc2)ccc1Oc1ccc(NC(=O)c2ccc3c(c2)C(=O)N(c2ccc(Oc4ccc(C5(c6ccc(Oc7ccccc7)cc6)CC6CC5C5CCCC65)cc4)cc2)C3=O)cc1,275.0
Cc1cc(Oc2ccc(NC(=O)c3ccc4c(c3)C(=O)NC4=O)cc2)ccc1-c1ccc(Oc2ccc(NC(=O)c3ccc4c(c3)C(=O)N(c3ccc(Oc5ccc(C6(c7ccc(Oc8ccccc8)cc7)CC7CC6C6CCCC76)cc5)cc3)C4=O)cc2)cc1C,265.0
O=C(Nc1ccc(Oc2cccc(NC(=O)c3ccc4c(c3)C(=O)N(c3ccc(Oc5ccccc5)cc3)C4=O)c2)cc1)c1ccc2c(c1)C(=O)NC2=O,223.5
O=C(Nc1ccc(Oc2cccc(NC(=O)c3ccc4c(c3)C(=O)N(c3ccc(-c5sc(-c6ccccc6)c(-c6ccccc6)c5-c5ccccc5)cc3)C4=O)c2)cc1)c1ccc2c(c1)C(=O)NC2=O,315.0
O=C(Nc1ccc(Oc2cccc(Oc3ccc(NC(=O)c4ccc5c(c4)C(=O)N(c4ccc(Oc6ccc(C7(c8ccc(Oc9ccccc9)cc8)NC(=O)c8ccccc87)cc6)cc4)C5=O)cc3)c2)cc1)c1ccc2c(c1)C(=O)NC2=O,288.0
O=C(Nc1ccc(Oc2cccc(Oc3ccc(NC(=O)c4ccc5c(c4)C(=O)N(c4ccc(Sc6ccc(Oc7ccc(Sc8ccccc8)cc7)cc6)cc4)C5=O)cc3)c2)cc1)c1ccc2c(c1)C(=O)NC2=O,179.0
O=C(Nc1ccc(Oc2ccc(C(c3ccc(Oc4ccc(NC(=O)c5ccc6c(c5)C(=O)N(c5ccc(Oc7cccc8c(Oc9ccccc9)cccc78)cc5)C6=O)cc4)cc3)(C(F)(F)F)C(F)(F)F)cc2)cc1)c1ccc2c(c1)C(=O)NC2=O,231.0
O=C(Nc1ccc(Oc2ccc(C(c3ccc(Oc4ccc(NC(=O)c5ccc6c(c5)C(=O)N(c5ccc(Oc7ccc8ccc(Oc9ccccc9)cc8c7)cc5)C6=O)cc4)cc3)(C(F)(F)F)C(F)(F)F)cc2)cc1)c1ccc2c(c1)C(=O)NC2=O,250.0
O=C(Nc1ccc(Oc2ccc(C(c3ccc(Oc4ccc(NC(=O)c5ccc6c(c5)C(=O)N(c5ccc(Oc7ccc(C8(c9ccc(Oc%10ccccc%10)cc9)CC9CC8C8CCCC98)cc7)cc5)C6=O)cc4)cc3)(C(F)(F)F)C(F)(F)F)cc2)cc1)c1ccc2c(c1)C(=O)NC2=O,254.0
CC(C)(c1ccc(Oc2ccc(NC(=O)c3ccc4c(c3)C(=O)NC4=O)cc2)cc1)c1ccc(Oc2ccc(NC(=O)c3ccc4c(c3)C(=O)N(c3ccc(Oc5cccc6c(Oc7ccccc7)cccc56)cc3)C4=O)cc2)cc1,235.0
CC(C)(c1ccc(Oc2ccc(NC(=O)c3ccc4c(c3)C(=O)NC4=O)cc2)cc1)c1ccc(Oc2ccc(NC(=O)c3ccc4c(c3)C(=O)N(c3ccc(Oc5ccc6ccc(Oc7ccccc7)cc6c5)cc3)C4=O)cc2)cc1,250.0
CC(C)(c1ccc(Oc2ccc(NC(=O)c3ccc4c(c3)C(=O)NC4=O)cc2)cc1)c1ccc(Oc2ccc(NC(=O)c3ccc4c(c3)C(=O)N(c3ccc(Oc5ccccc5)cc3)C4=O)cc2)cc1,207.0
CC(C)(c1ccc(Oc2ccc(NC(=O)c3ccc4c(c3)C(=O)NC4=O)cc2)cc1)c1ccc(Oc2ccc(NC(=O)c3ccc4c(c3)C(=O)N(c3ccc(-c5sc(-c6ccccc6)c(-c6ccccc6)c5-c5ccccc5)cc3)C4=O)cc2)cc1,287.0
Cc1ccc(N2C(=O)c3ccc(C(=O)Nc4ccc(Oc5ccc(C6(c7ccc(Oc8ccc(NC(=O)c9ccc%10c(c9)C(=O)NC%10=O)cc8)cc7)NC(=O)c7ccccc76)cc5)cc4)cc3C2=O)cc1,315.0
O=C(Nc1ccc(Oc2ccc(C3(c4ccc(Oc5ccc(NC(=O)c6ccc7c(c6)C(=O)N(c6ccccc6)C7=O)cc5)cc4)NC(=O)c4ccccc43)cc2)cc1)c1ccc2c(c1)C(=O)NC2=O,320.0
O=C(Nc1ccc(Oc2ccc(C3(c4ccc(Oc5ccc(NC(=O)c6ccc7c(c6)C(=O)N(c6ccc(Oc8cccc(Oc9ccccc9)c8)cc6)C7=O)cc5)cc4)NC(=O)c4ccccc43)cc2)cc1)c1ccc2c(c1)C(=O)NC2=O,267.0
O=C(Nc1ccc(Oc2ccc(C3(c4ccc(Oc5ccc(NC(=O)c6ccc7c(c6)C(=O)N(c6ccc(Oc8ccccc8)cc6)C7=O)cc5)cc4)NC(=O)c4ccccc43)cc2)cc1)c1ccc2c(c1)C(=O)NC2=O,296.0
O=C(Nc1ccc(Oc2ccc(C3(c4ccc(Oc5ccc(NC(=O)c6ccc7c(c6)C(=O)N(c6ccc(Oc8ccc(C9(c%10ccc(Oc%11ccccc%11)cc%10)NC(=O)c%10ccccc%109)cc8)cc6)C7=O)cc5)cc4)NC(=O)c4ccccc43)cc2)cc1)c1ccc2c(c1)C(=O)NC2=O,330.0
O=C(Nc1ccc(Oc2ccc(C3(c4ccc(Oc5ccc(NC(=O)c6ccc7c(c6)C(=O)N(c6ccc(Oc8ccc(Oc9ccccc9)cc8)cc6)C7=O)cc5)cc4)NC(=O)c4ccccc43)cc2)cc1)c1ccc2c(c1)C(=O)NC2=O,284.0
O=C(Nc1ccc(Oc2ccc(C3(c4ccc(Oc5ccc(NC(=O)c6ccc7c(c6)C(=O)N(c6ccc(Oc8ccc(S(=O)(=O)c9ccc(Oc%10ccccc%10)cc9)cc8)cc6)C7=O)cc5)cc4)NC(=O)c4ccccc43)cc2)cc1)c1ccc2c(c1)C(=O)NC2=O,283.0
O=C(Nc1ccc(Oc2ccc(NC(=O)c3ccc4c(c3)C(=O)N(C3CCC(CC5CCCCC5)CC3)C4=O)cc2)cc1)c1ccc2c(c1)C(=O)NC2=O,250.0
O=C(Nc1ccc(Oc2ccc(NC(=O)c3ccc4c(c3)C(=O)N(c3cc(C(F)(F)F)ccc3Oc3ccc(C(F)(F)F)cc3)C4=O)cc2)cc1)c1ccc2c(c1)C(=O)NC2=O,295.0
O=C(Nc1ccc(Oc2ccc(NC(=O)c3ccc4c(c3)C(=O)N(c3cccc(P(=O)(c5ccccc5)c5ccccc5)c3)C4=O)cc2)cc1)c1ccc2c(c1)C(=O)NC2=O,235.0
O=C(Nc1ccc(Oc2ccc(NC(=O)c3ccc4c(c3)C(=O)N(c3ccc(Oc5ccccc5-c5ccccc5)c(-c5ccccc5)c3)C4=O)cc2)cc1)c1ccc2c(c1)C(=O)NC2=O,345.0
O=C(Nc1ccc(Oc2ccc(NC(=O)c3ccc4c(c3)C(=O)N(c3ccc(Cc5ccccc5)cc3)C4=O)cc2)cc1)c1ccc2c(c1)C(=O)NC2=O,251.0
O=C(Nc1ccc(Oc2ccc(NC(=O)c3ccc4c(c3)C(=O)N(c3ccc(Oc5cccc6ccccc56)cc3)C4=O)cc2)cc1)c1ccc2c(c1)C(=O)NC2=O,278.0
O=C(Nc1ccc(Oc2ccc(NC(=O)c3ccc4c(c3)C(=O)N(c3ccc(Oc5ccc(C6(c7ccc(Oc8ccccc8)cc7)CC7CC6C6CCCC76)cc5)cc3)C4=O)cc2)cc1)c1ccc2c(c1)C(=O)NC2=O,250.0
O=C(Nc1ccc(Oc2ccc(NC(=O)c3ccc4c(c3)C(=O)N(c3ccc(Oc5ccc(C6(c7ccc(Oc8ccccc8)cc7)NC(=O)c7ccccc76)cc5)cc3)C4=O)cc2)cc1)c1ccc2c(c1)C(=O)NC2=O,325.0
O=C(Nc1ccc(Oc2ccc(NC(=O)c3ccc4c(c3)C(=O)N(c3ccc(-c5sc(-c6ccccc6)c(-c6ccccc6)c5-c5ccccc5)cc3)C4=O)cc2)cc1)c1ccc2c(c1)C(=O)NC2=O,320.0
O=C(Nc1ccc(Oc2ccc(Oc3ccc(NC(=O)c4ccc5c(c4)C(=O)N(c4ccc(Oc6cccc7c(Oc8ccccc8)cccc67)cc4)C5=O)cc3)cc2)cc1)c1ccc2c(c1)C(=O)NC2=O,285.0
O=C(Nc1ccc(Oc2ccc(Oc3ccc(NC(=O)c4ccc5c(c4)C(=O)N(c4ccc(Oc6ccc(C7(c8ccc(Oc9ccccc9)cc8)CC8CC7C7CCCC87)cc6)cc4)C5=O)cc3)cc2)cc1)c1ccc2c(c1)C(=O)NC2=O,257.0
O=C(Nc1ccc(Oc2ccc(Oc3ccc(NC(=O)c4ccc5c(c4)C(=O)N(c4ccc(Oc6ccc(C7(c8ccc(Oc9ccccc9)cc8)NC(=O)c8ccccc87)cc6)cc4)C5=O)cc3)cc2)cc1)c1ccc2c(c1)C(=O)NC2=O,300.0
O=C(Nc1ccc(Oc2ccc(Oc3ccc(NC(=O)c4ccc5c(c4)C(=O)N(c4ccc(Oc6ccccc6)cc4)C5=O)cc3)cc2)cc1)c1ccc2c(c1)C(=O)NC2=O,260.0
O=C(Nc1ccc(Oc2ccc(Oc3ccc(NC(=O)c4ccc5c(c4)C(=O)N(c4ccc(S(=O)(=O)c6ccccc6)cc4)C5=O)cc3)cc2)cc1)c1ccc2c(c1)C(=O)NC2=O,243.0
O=C(Nc1ccc(Oc2ccc(Oc3ccc(NC(=O)c4ccc5c(c4)C(=O)N(c4ccc(-c6sc(-c7ccccc7)c(-c7ccccc7)c6-c6ccccc6)cc4)C5=O)cc3)cc2)cc1)c1ccc2c(c1)C(=O)NC2=O,303.0
O=C(Nc1ccc(Oc2ccc(S(=O)(=O)c3ccc(Oc4ccc(NC(=O)c5ccc6c(c5)C(=O)N(c5ccc(Oc7cccc8c(Oc9ccccc9)cccc78)cc5)C6=O)cc4)cc3)cc2)cc1)c1ccc2c(c1)C(=O)NC2=O,260.0
O=C(Nc1ccc(Oc2ccc(S(=O)(=O)c3ccc(Oc4ccc(NC(=O)c5ccc6c(c5)C(=O)N(c5ccc(Oc7ccc8ccc(Oc9ccccc9)cc8c7)cc5)C6=O)cc4)cc3)cc2)cc1)c1ccc2c(c1)C(=O)NC2=O,274.0
O=C(Nc1ccc(Oc2ccc(S(=O)(=O)c3ccc(Oc4ccc(NC(=O)c5ccc6c(c5)C(=O)N(c5ccc(Oc7ccc(C8(c9ccc(Oc%10ccccc%10)cc9)NC(=O)c9ccccc98)cc7)cc5)C6=O)cc4)cc3)cc2)cc1)c1ccc2c(c1)C(=O)NC2=O,302.0
O=C(Nc1ccc(Oc2ccc(-c3ccc(Oc4ccc(NC(=O)c5ccc6c(c5)C(=O)N(c5ccccc5)C6=O)cc4)cc3)cc2)cc1)c1ccc2c(c1)C(=O)NC2=O,292.0
O=C(Nc1ccc(Oc2ccc(-c3ccc(Oc4ccc(NC(=O)c5ccc6c(c5)C(=O)N(c5ccc(Oc7cccc8c(Oc9ccccc9)cccc78)cc5)C6=O)cc4)cc3)cc2)cc1)c1ccc2c(c1)C(=O)NC2=O,310.0
O=C(Nc1ccc(Oc2ccc(-c3ccc(Oc4ccc(NC(=O)c5ccc6c(c5)C(=O)N(c5ccc(Oc7ccccc7-c7ccccc7Oc7ccccc7)cc5)C6=O)cc4)cc3)cc2)cc1)c1ccc2c(c1)C(=O)NC2=O,254.0
CC(C)(c1ccc(Oc2ccccc2)cc1)c1ccc(Oc2ccc(N3C(=O)c4ccc(C(=O)Nc5ccc(Oc6ccc(-c7ccc(Oc8ccc(NC(=O)c9ccc%10c(c9)C(=O)NC%10=O)cc8)cc7)cc6)cc5)cc4C3=O)cc2)cc1,283.0
O=C(Nc1ccc(Oc2ccc(-c3ccc(Oc4ccc(NC(=O)c5ccc6c(c5)C(=O)N(c5ccc(Oc7ccc(S(=O)(=O)c8ccc(Oc9ccccc9)cc8)cc7)cc5)C6=O)cc4)cc3)cc2)cc1)c1ccc2c(c1)C(=O)NC2=O,267.0
O=C(Nc1ccc(S(=O)(=O)c2ccc(NC(=O)c3ccc4c(c3)C(=O)N(c3cccc(P(=O)(c5ccccc5)c5ccccc5)c3)C4=O)cc2)cc1)c1ccc2c(c1)C(=O)NC2=O,241.0
O=C(Nc1ccc(S(=O)(=O)c2ccc(NC(=O)c3ccc4c(c3)C(=O)N(c3cccc(-c5nc6ccccc6o5)c3)C4=O)cc2)cc1)c1ccc2c(c1)C(=O)NC2=O,367.0
O=C(Nc1ccc(S(=O)(=O)c2ccc(NC(=O)c3ccc4c(c3)C(=O)N(c3cccc(-c5nc6ccccc6s5)c3)C4=O)cc2)cc1)c1ccc2c(c1)C(=O)NC2=O,357.0
O=C(Nc1ccc(S(=O)(=O)c2ccc(NC(=O)c3ccc4c(c3)C(=O)N(c3ccccc3)C4=O)cc2)cc1)c1ccc2c(c1)C(=O)NC2=O,342.0
O=C(Nc1ccc(S(=O)(=O)c2ccc(NC(=O)c3ccc4c(c3)C(=O)N(c3ccc(-c5sc(-c6ccccc6)c(-c6ccccc6)c5-c5ccccc5)cc3)C4=O)cc2)cc1)c1ccc2c(c1)C(=O)NC2=O,340.0
O=C(Nc1ccc(Sc2ccc(NC(=O)c3ccc4c(c3)C(=O)N(c3ccc(Oc5cccc6c(Oc7ccccc7)cccc56)cc3)C4=O)cc2)cc1)c1ccc2c(c1)C(=O)NC2=O,265.0
O=C(Nc1ccc(Sc2ccc(NC(=O)c3ccc4c(c3)C(=O)N(c3ccc(Oc5ccc(C6(c7ccc(Oc8ccccc8)cc7)NC(=O)c7ccccc76)cc5)cc3)C4=O)cc2)cc1)c1ccc2c(c1)C(=O)NC2=O,312.0
O=C(Nc1ccc(Sc2ccc(NC(=O)c3ccc4c(c3)C(=O)N(c3ccc(Oc5ccccc5)cc3)C4=O)cc2)cc1)c1ccc2c(c1)C(=O)NC2=O,284.0
O=C(Nc1ccc(-c2sc(-c3ccc(NC(=O)c4ccc5c(c4)C(=O)N(c4ccc(Oc6cccc7c(Oc8ccccc8)cccc67)cc4)C5=O)cc3)c(-c3ccccc3)c2-c2ccccc2)cc1)c1ccc2c(c1)C(=O)NC2=O,340.0
O=C(Nc1ccc(-c2sc(-c3ccc(NC(=O)c4ccc5c(c4)C(=O)N(c4ccc(Oc6ccc7ccc(Oc8ccccc8)cc7c6)cc4)C5=O)cc3)c(-c3ccccc3)c2-c2ccccc2)cc1)c1ccc2c(c1)C(=O)NC2=O,311.0
O=C(Nc1ccc(-c2sc(-c3ccc(NC(=O)c4ccc5c(c4)C(=O)N(c4ccc(-c6sc(-c7ccccc7)c(-c7ccccc7)c6-c6ccccc6)cc4)C5=O)cc3)c(-c3ccccc3)c2-c2ccccc2)cc1)c1ccc2c(c1)C(=O)NC2=O,338.0
O=C(Nc1ccc(-c2cc(-c3ccccc3)cc(-c3ccc(NC(=O)c4ccc5c(c4)C(=O)N(c4cccc(P(=O)(c6ccccc6)c6ccccc6)c4)C5=O)cc3)n2)cc1)c1ccc2c(c1)C(=O)NC2=O,258.0
O=C(Nc1ccc(-c2cc(-c3ccccc3)cc(-c3ccc(NC(=O)c4ccc5c(c4)C(=O)N(c4ccc(Oc6cccc7ccccc67)cc4)C5=O)cc3)n2)cc1)c1ccc2c(c1)C(=O)NC2=O,295.0
O=C(Nc1ccc(-c2ccc(NC(=O)c3ccc4c(c3)C(=O)N(c3cccc(P(=O)(c5ccccc5)c5ccccc5)c3)C4=O)cc2)cc1)c1ccc2c(c1)C(=O)NC2=O,253.0
O=C(Nc1ccc(-c2ccc(NC(=O)c3ccc4c(c3)C(=O)N(c3ccc(Oc5ccccc5-c5ccccc5)c(-c5ccccc5)c3)C4=O)cc2)cc1)c1ccc2c(c1)C(=O)NC2=O,358.0
O=C(Nc1ccc(-c2ccc(NC(=O)c3ccc4c(c3)C(=O)N(c3ccc(Oc5cccc6ccccc56)cc3)C4=O)cc2)cc1)c1ccc2c(c1)C(=O)NC2=O,301.0
O=C(Nc1cccc(NC(=O)c2ccc3c(c2)C(=O)N(c2cccc(P(=O)(c4ccccc4)c4ccccc4)c2)C3=O)n1)c1ccc2c(c1)C(=O)NC2=O,156.0
O=C(Nc1cccc(NC(=O)c2ccc3c(c2)C(=O)N(c2cccc(-c4nc5ccccc5o4)c2)C3=O)n1)c1ccc2c(c1)C(=O)NC2=O,365.0
O=C(Nc1cccc(NC(=O)c2ccc3c(c2)C(=O)N(c2cccc(-c4nc5ccccc5s4)c2)C3=O)n1)c1ccc2c(c1)C(=O)NC2=O,358.0
O=C(Nc1cccc(NC(=O)c2ccc3c(c2)C(=O)N(c2ccccc2)C3=O)n1)c1ccc2c(c1)C(=O)NC2=O,339.0
O=C(Nc1cccc(NC(=O)c2ccc3c(c2)C(=O)N(c2ccc(Oc4cccc5ccccc45)cc2)C3=O)n1)c1ccc2c(c1)C(=O)NC2=O,293.0
O=C(Nc1nc(NC(=O)c2ccc3c(c2)C(=O)N(c2ccc(Oc4cccc5ccccc45)cc2)C3=O)nc(-c2ccccc2)n1)c1ccc2c(c1)C(=O)NC2=O,291.0
CC1(COC(=O)c2ccc3c(c2)C(=O)NC3=O)CCC(COC(=O)c2ccc3c(c2)C(=O)N(c2ccc(OCC4CCC(C)(COc5ccccc5C(F)(F)F)C4(C)C)c(C(F)(F)F)c2)C3=O)C1(C)C,195.0
CC1(COC(=O)c2ccc3c(c2)C(=O)N(c2ccc(Oc4ccc(Oc5ccccc5)cc4)cc2)C3=O)CCC(COC(=O)c2ccc3c(c2)C(=O)NC3=O)C1(C)C,201.0
O=C(OCCCCCCCCCCCCOC(=O)c1ccc2c(c1)C(=O)N(c1ccc(Oc3ccccc3)cc1)C2=O)c1ccc2c(c1)C(=O)NC2=O,105.0
Cc1cc(C)cc(Cc2cc(C)c(N3C(=O)c4ccc(C(=O)OCCN(CCOC(=O)c5ccc6c(c5)C(=O)NC6=O)c5ccc(N=Nc6ccc([N+](=O)[O-])cc6[N+](=O)[O-])cc5)cc4C3=O)c(C)c2)c1,176.0
Cc1cc(C)cc(Cc2cc(C)c(N3C(=O)c4ccc(C(=O)OCCN(CCOC(=O)c5ccc6c(c5)C(=O)NC6=O)c5ccc(N=Nc6ccc([N+](=O)[O-])cc6)cc5)cc4C3=O)c(C)c2)c1,179.0
Cc1cc(C)cc(Cc2cc(C)c(N3C(=O)c4ccc(C(=O)OCCN(CCOC(=O)c5ccc6c(c5)C(=O)NC6=O)c5ccccc5)cc4C3=O)c(C)c2)c1,177.0
O=C(OCCN(CCOC(=O)c1ccc2c(c1)C(=O)N(c1ccc(N=Nc3ccccc3)cc1)C2=O)c1ccccc1)c1ccc2c(c1)C(=O)NC2=O,156.0
Cc1ccc(N=Nc2ccc(N(CCOC(=O)c3ccc4c(c3)C(=O)NC4=O)CCOC(=O)c3ccc4c(c3)C(=O)N(c3ccccc3)C4=O)cc2)cc1,171.0
O=C(OCCN(CCOC(=O)c1ccc2c(c1)C(=O)N(c1ccccc1)C2=O)c1ccc(N=Nc2ccc(F)cc2)cc1)c1ccc2c(c1)C(=O)NC2=O,168.0
Cc1ccccc1-c1ccc(N2C(=O)c3ccc(C(=O)Oc4c(C)cc(C(C)(C)c5cc(C)c(OC(=O)c6ccc7c(c6)C(=O)NC7=O)c(C)c5)cc4C)cc3C2=O)cc1C,182.0
CC(C)(C)c1cc(OC(=O)c2ccc3c(c2)C(=O)NC3=O)ccc1OC(=O)c1ccc2c(c1)C(=O)N(c1ccc(Oc3ccccc3)cc1)C2=O,189.0
Cc1ccccc1-c1ccc(N2C(=O)c3ccc(C(=O)Oc4ccc(-c5ccc(OC(=O)c6ccc7c(c6)C(=O)NC7=O)cc5C)c(C)c4)cc3C2=O)cc1C,177.0
Cc1ccccc1-c1ccc(N2C(=O)c3ccc(C(=O)Oc4cc(OC(=O)c5ccc6c(c5)C(=O)NC6=O)ccc4C45CC6CC(CC(C6)C4)C5)cc3C2=O)cc1C,225.0
O=C(Oc1ccc2ccc(OC(=O)c3ccc4c(c3)C(=O)N(c3ccc(Oc5ccccc5)cc3)C4=O)cc2c1)c1ccc2c(c1)C(=O)NC2=O,246.0
Cc1ccccc1-c1ccc(N2C(=O)c3ccc(C(=O)Oc4ccc(C(C)(C)c5ccc(OC(=O)c6ccc7c(c6)C(=O)NC7=O)cc5)cc4)cc3C2=O)cc1C,166.0
CC(C)(c1ccc(OC(=O)c2ccc3c(c2)C(=O)NC3=O)cc1)c1ccc(OC(=O)c2ccc3c(c2)C(=O)N(c2ccc(O)cc2)C3=O)cc1,225.0
CC(C)(c1ccc(OC(=O)c2ccc3c(c2)C(=O)NC3=O)cc1)c1ccc(OC(=O)c2ccc3c(c2)C(=O)N(c2ccc(Oc4ccccc4)cc2)C3=O)cc1,200.0
Cc1ccccc1-c1ccc(N2C(=O)c3ccc(C(=O)Oc4ccc(C5(c6ccc(OC(=O)c7ccc8c(c7)C(=O)NC8=O)cc6)C6CC7CC(C6)CC5C7)cc4)cc3C2=O)cc1C,222.0
Cc1ccccc1-c1ccc(N2C(=O)c3ccc(C(=O)Oc4ccc(C5(c6ccc(OC(=O)c7ccc8c(c7)C(=O)NC8=O)cc6)CC6CC5C5CCCC65)cc4)cc3C2=O)cc1C,226.0
Cc1ccccc1-c1ccc(N2C(=O)c3ccc(C(=O)Oc4ccc(C5(c6ccc(OC(=O)c7ccc8c(c7)C(=O)NC8=O)cc6)CCC(C(C)(C)C)CC5)cc4)cc3C2=O)cc1C,217.0
Cc1ccccc1-c1ccc(N2C(=O)c3ccc(C(=O)Oc4ccc(C5(c6ccc(OC(=O)c7ccc8c(c7)C(=O)NC8=O)cc6)CCCCCCCCCCC5)cc4)cc3C2=O)cc1C,204.0
O=C(Oc1ccc(OCCCCCCCCCCCCOc2ccc(OC(=O)c3ccc4c(c3)C(=O)N(c3ccc(Cc5ccccc5)cc3)C4=O)cc2)cc1)c1ccc2c(c1)C(=O)NC2=O,125.0
O=C(Oc1ccc(OCCCCCCCCCCCCOc2ccc(OC(=O)c3ccc4c(c3)C(=O)N(c3ccc(S(=O)(=O)c5ccccc5)cc3)C4=O)cc2)cc1)c1ccc2c(c1)C(=O)NC2=O,140.0
O=C(Oc1ccc(-c2ccc(OC(=O)c3ccc4c(c3)C(=O)N(c3ccc(Oc5ccccc5)cc3)C4=O)cc2)cc1)c1ccc2c(c1)C(=O)NC2=O,232.0
O=C(Oc1ccccc1OC(=O)c1ccc2c(c1)C(=O)N(c1cccc3c(Oc4ccccc4)cccc13)C2=O)c1ccc2c(c1)C(=O)NC2=O,227.0
O=C(Oc1cccc(OC(=O)c2ccc3c(c2)C(=O)N(c2cccc4c(Oc5ccccc5)cccc24)C3=O)c1)c1ccc2c(c1)C(=O)NC2=O,232.0
CC(C)(c1ccc(OC(=O)c2ccc3c(c2)C(=O)NC3=O)cc1)c1ccc(OC(=O)c2ccc3c(c2)C(=O)N(c2cccc4c(Oc5ccccc5)cccc24)C3=O)cc1,221.0
CC(C)(C)c1cc(OC(=O)c2ccc3c(c2)C(=O)N(c2ccc(Cc4ccccc4)cc2)C3=O)ccc1OC(=O)c1ccc2c(c1)C(=O)NC2=O,160.0
O=C(Oc1ccc(OC(=O)c2ccc3c(c2)C(=O)NC3=O)c(-c2ccccc2)c1)c1ccc2c(c1)C(=O)N(c1ccc(Oc3ccccc3)cc1)C2=O,212.0
CC(C)(C)c1cc(OC(=O)c2ccc3c(c2)C(=O)N(c2ccc(S(=O)(=O)c4ccccc4)cc2)C3=O)ccc1OC(=O)c1ccc2c(c1)C(=O)NC2=O,179.0
O=C(c1ccc2c(c1)C(=O)NC2=O)c1ccc2c(c1)C(=O)N(c1ccc(Oc3ccc(Oc4ccccc4)cc3)cc1)C2=O,528.0
O=C(c1ccc2c(c1)C(=O)NC2=O)c1ccc2c(c1)C(=O)N(c1ccc(Oc3ccccc3)cc1)C2=O,579.0
O=C(c1ccc2c(c1)C(=O)NC2=O)c1ccc2c(c1)C(=O)N(c1ccc(S(=O)(=O)c3ccccc3)cc1)C2=O,580.0
O=C(c1ccc2c(c1)C(=O)NC2=O)c1ccc2c(c1)C(=O)N(c1cccc(S(=O)(=O)c3ccccc3)c1)C2=O,546.0
O=C(c1ccc2c(c1)C(=O)NC2=O)c1ccc2c(c1)C(=O)N(c1ccccc1)C2=O,589.5
O=C(c1ccccc1)c1ccc(-n2c(=O)c3cc4c(=O)[nH]c(=O)c4cc3c2=O)cc1,697.0
O=C(c1ccccc1)c1cccc(N2C(=O)c3ccc(Oc4ccc5c(c4)C(=O)NC5=O)cc3C2=O)c1,512.0
O=C(c1ccccc1)c1cccc(N2C(=O)c3cccc(Oc4ccc5c(c4)C(=O)NC5=O)c3C2=O)c1,516.0
O=C(c1ccccc1)c1cccc(N2C(=O)c3cccc(Oc4cccc5c4C(=O)NC5=O)c3C2=O)c1,507.0
Cc1cc(C)cc(C(c2cc(C(F)(F)F)cc(C(F)(F)F)c2)c2cc(C)c(N3C(=O)c4ccc(Oc5ccc6c(c5)C(=O)NC6=O)cc4C3=O)c(C)c2)c1,281.9
Cc1cc(C)cc(Cc2cc(C)c(N3C(=O)c4ccc(Oc5ccc6c(c5)C(=O)NC6=O)cc4C3=O)c(C)c2)c1,420.0
Cc1cc(C)cc(C(c2cc(C(F)(F)F)cc(C(F)(F)F)c2)c2cc(C)c(N3C(=O)c4ccc(-c5ccc6c(c5)C(=O)NC6=O)cc4C3=O)c(C)c2)c1,317.4
Cc1cc(C)cc(C(c2cccc(C(F)(F)F)c2)c2cc(C)c(N3C(=O)c4ccc(-c5ccc6c(c5)C(=O)NC6=O)cc4C3=O)c(C)c2)c1,312.9
Cc1cc(C)cc(C(c2cc(C)c(N3C(=O)c4ccc(-c5ccc6c(c5)C(=O)NC6=O)cc4C3=O)c(C)c2)c2cccc3ccccc23)c1,340.5
Cc1ccc(C(c2cccc(C(C)C)c2)c2ccc(N3C(=O)c4ccc(C(c5ccc6c(c5)C(=O)NC6=O)(C(F)(F)F)C(F)(F)F)cc4C3=O)c(C(C)C)c2)cc1,272.7
Cc1ccc(C(c2cccc(C(C)C)c2)c2ccc(N3C(=O)c4ccc(-c5ccc6c(c5)C(=O)NC6=O)cc4C3=O)c(C(C)C)c2)cc1,294.9
Cc1ccc(C(c2cccc(C(C)C)c2)c2ccc(N3C(=O)c4ccc(Oc5ccc6c(c5)C(=O)NC6=O)cc4C3=O)c(C(C)C)c2)cc1,261.9
Cc1cccc(Oc2ccc(-c3ccc(Oc4ccc(N5C(=O)c6ccc(C(c7ccc8c(c7)C(=O)NC8=O)(C(F)(F)F)C(F)(F)F)cc6C5=O)c(C)n4)cc3)cc2)n1,309.0
O=C1NC(=O)c2cc(C(c3ccc4c(c3)C(=O)N(c3ccc(-c5ccccc5Sc5ccc(Cl)cc5)c(Sc5ccc(Cl)cc5)c3)C4=O)(C(F)(F)F)C(F)(F)F)ccc21,236.0
O=C1NC(=O)c2cc(C(c3ccc4c(c3)C(=O)N(c3ccc(Oc5cccc(Oc6ccccc6)c5)cc3)C4=O)(C(F)(F)F)C(F)(F)F)ccc21,245.0
O=C1NC(=O)c2c1cccc2-c1ccc2c(c1)C(=O)N(c1ccc(Sc3ccc(Sc4ccc(Sc5ccccn5)cc4)cc3)nc1)C2=O,243.0
O=C1NC(=O)c2cc(-c3ccc4c(c3)C(=O)N(c3ccc(-c5ccccc5Sc5ccc(Cl)cc5)c(Sc5ccc(Cl)cc5)c3)C4=O)ccc21,234.0
O=C1NC(=O)c2cc(S(=O)(=O)c3ccc4c(c3)C(=O)N(c3ccc(Oc5ccc6c(c5)C(=O)c5ccc(Oc7ccccc7)cc5C6=O)cc3)C4=O)ccc21,289.0
O=C1NC(=O)c2cc(Oc3ccc(Oc4ccc5c(c4)C(=O)N(c4ccc(Oc6ccc(C7(c8ccc(Oc9ccccc9C(F)(F)F)cc8)c8ccccc8C(=O)c8ccccc87)cc6)c(C(F)(F)F)c4)C5=O)cc3)ccc21,259.0
O=C1NC(=O)c2cc(Oc3ccc4c(c3)C(=O)N(c3ccc(Sc5ccccc5)c(C(F)(F)F)c3)C4=O)ccc21,246.0
O=C1NC(=O)c2cc(Oc3ccc4c(c3)C(=O)N(c3ccc(Oc5ccccc5-c5cc(-c6ccccc6)cc(-c6ccccc6Oc6ccccc6C(F)(F)F)n5)c(C(F)(F)F)c3)C4=O)ccc21,199.2
O=C1NC(=O)c2cc(Oc3ccc4c(c3)C(=O)N(c3ccc(Oc5cccc(-c6cc(-c7ccc(O)cc7)cc(-c7cccc(Oc8ccccc8)c7)n6)c5)cc3)C4=O)ccc21,223.3
O=C1NC(=O)c2cc(Sc3ccc4c(c3)C(=O)N(c3ccc(Oc5ccc(S(=O)(=O)c6ccc(Oc7ccccn7)cc6)cc5)nc3)C4=O)ccc21,295.0
O=C1NC(=O)c2cc(Sc3ccc4c(c3)C(=O)N(c3ccc(Oc5ccc(Sc6ccc(Oc7ccccn7)cc6)cc5)nc3)C4=O)ccc21,227.0
O=C1NC(=O)c2cc(Sc3ccc4c(c3)C(=O)N(c3ccc(Sc5ccc(Sc6ccc(Sc7ccccn7)cc6)cc5)nc3)C4=O)ccc21,215.0
O=C1NC(=O)c2cc(-c3cccc4c3C(=O)N(c3cccc(Oc5ccc6c(c5)Sc5ccc(Oc7ccccc7)cc5S6)c3)C4=O)ccc21,236.0
O=C1NC(=O)C2CC3C(=O)N(c4cccc(Oc5cccc(Oc6ccccc6)c5)c4)C(=O)C3CC12,182.0
O=C1NC(=O)c2cc(C(c3ccc4c(c3)C(=O)N(c3ccc(Oc5ccc(Oc6cccc(C(F)(F)F)c6)cc5P(=O)(c5ccccc5)c5ccccc5)cc3C(F)(F)F)C4=O)(C(F)(F)F)C(F)(F)F)ccc21,271.0
O=C1NC(=O)c2cc(Oc3ccc4c(c3)C(=O)N(c3ccc(Oc5ccc(Oc6cccc(C(F)(F)F)c6)cc5P(=O)(c5ccccc5)c5ccccc5)cc3C(F)(F)F)C4=O)ccc21,246.0
O=C1NC(=O)c2cc(-c3ccc4c(c3)C(=O)N(c3ccc(Oc5ccc(Oc6cccc(C(F)(F)F)c6)cc5P(=O)(c5ccccc5)c5ccccc5)cc3C(F)(F)F)C4=O)ccc21,267.0
Cc1cccc(C(c2cc(C(C)(C)C)cc(C(C)(C)C)c2)c2ccc(N3C(=O)c4ccc(C(c5ccc6c(c5)C(=O)NC6=O)(C(F)(F)F)C(F)(F)F)cc4C3=O)c(C)c2)c1,282.0
Cc1cccc(C(c2cc(C(C)(C)C)cc(C(C)(C)C)c2)c2ccc(N3C(=O)c4ccc(Oc5ccc6c(c5)C(=O)NC6=O)cc4C3=O)c(C)c2)c1,264.0
Cc1cccc(C(c2cc(C(C)(C)C)cc(C(C)(C)C)c2)c2ccc(N3C(=O)c4ccc(-c5ccc6c(c5)C(=O)NC6=O)cc4C3=O)c(C)c2)c1,302.0
CC(C)(C)c1cccc(C(c2ccc(N3C(=O)c4ccc(C(c5ccc6c(c5)C(=O)NC6=O)(C(F)(F)F)C(F)(F)F)cc4C3=O)c(C(C)(C)C)c2)c2cccc3ccccc23)c1,300.0
CC(C)(C)c1cccc(C(c2ccc(N3C(=O)c4ccc(Oc5ccc6c(c5)C(=O)NC6=O)cc4C3=O)c(C(C)(C)C)c2)c2cccc3ccccc23)c1,299.0
CC(C)(C)c1cccc(C(c2ccc(N3C(=O)c4ccc(-c5ccc6c(c5)C(=O)NC6=O)cc4C3=O)c(C(C)(C)C)c2)c2cccc3ccccc23)c1,325.0
CC(C)(C)c1cccc(C(c2ccc(N3C(=O)c4ccc(C(c5ccc6c(c5)C(=O)NC6=O)(C(F)(F)F)C(F)(F)F)cc4C3=O)c(C(C)(C)C)c2)C2CCCCC2)c1,317.0
CC(C)(C)c1cccc(C(c2ccc(N3C(=O)c4ccc(Oc5ccc6c(c5)C(=O)NC6=O)cc4C3=O)c(C(C)(C)C)c2)C2CCCCC2)c1,310.0
CC(C)(C)c1cccc(C(c2ccc(N3C(=O)c4ccc(-c5ccc6c(c5)C(=O)NC6=O)cc4C3=O)c(C(C)(C)C)c2)C2CCCCC2)c1,352.0
COC(=O)C1C(c2ccccc2)C(C(=O)OC)C1c1ccc(N2C(=O)c3ccc(Oc4ccc5c(c4)C(=O)NC5=O)cc3C2=O)cc1,250.0
COC(=O)C1C(c2ccccc2)C(C(=O)OC)C1c1ccc(N2C(=O)c3ccc(-c4ccc5c(c4)C(=O)NC5=O)cc3C2=O)cc1,240.0
COC(=O)C1C(c2ccccc2)C(C(=O)OC)C1c1ccc(N2C(=O)c3ccc(S(=O)(=O)c4ccc5c(c4)C(=O)NC5=O)cc3C2=O)cc1,275.0
CC(C)(c1ccc(Oc2ccccc2)cc1)c1ccc(N2C(=O)c3ccc(Oc4ccc5c(c4)C(=O)NC5=O)cc3C2=O)cc1,275.0
CC(C)(C)c1cc(C(C)(C)C)c(Oc2ccc(N(c3ccccc3)c3ccc(N4C(=O)c5ccc(C(c6ccc7c(c6)C(=O)NC7=O)(C(F)(F)F)C(F)(F)F)cc5C4=O)cc3)cc2)c(C(C)(C)C)c1,270.0
CC(C)(C)c1cc(C(C)(C)C)c(Oc2ccc(N(c3ccccc3)c3ccc(N4C(=O)c5ccc(Oc6ccc7c(c6)C(=O)NC7=O)cc5C4=O)cc3)cc2)c(C(C)(C)C)c1,260.0
N#Cc1c(Oc2ccccc2)cccc1Oc1ccc(N2C(=O)c3ccc(C(c4ccc5c(c4)C(=O)NC5=O)(C(F)(F)F)C(F)(F)F)cc3C2=O)cc1,284.0
Cc1cc(C)c(Oc2ccc(N3C(=O)c4ccc(Oc5ccc6c(c5)C(=O)NC6=O)cc4C3=O)cc2)c(C)c1,285.0
Cc1cc(C)c(Oc2ccc(N3C(=O)c4ccc(-c5ccc6c(c5)C(=O)NC6=O)cc4C3=O)cc2)c(C)c1,345.0
Cc1cccc(Oc2ccc(C(c3ccc(Oc4ccc(N5C(=O)c6ccc(C(c7ccc8c(c7)C(=O)NC8=O)(C(F)(F)F)C(F)(F)F)cc6C5=O)c(C)n4)cc3)(C(F)(F)F)C(F)(F)F)cc2)n1,262.0
CC(C)(C)c1cc(Oc2ccccc2)ccc1N1C(=O)c2ccc(C(c3ccc4c(c3)C(=O)NC4=O)(C(F)(F)F)C(F)(F)F)cc2C1=O,293.0
CC(C)(C)c1cc(Oc2ccccc2)ccc1N1C(=O)c2ccc(Oc3ccc4c(c3)C(=O)NC4=O)cc2C1=O,279.0
CC(C)(C)c1cc(Oc2ccccc2)ccc1N1C(=O)c2ccc(-c3ccc4c(c3)C(=O)NC4=O)cc2C1=O,337.0
Cc1ccnc(Oc2ccc(-c3ccc(Oc4cc(C)c(N5C(=O)c6ccc(C(c7ccc8c(c7)C(=O)NC8=O)(C(F)(F)F)C(F)(F)F)cc6C5=O)cn4)cc3)cc2)c1,313.0
Cc1cccnc1Oc1ccc(C2(c3ccc(Oc4ncc(N5C(=O)c6ccc(Oc7ccc8c(c7)C(=O)NC8=O)cc6C5=O)cc4C)cc3)c3ccccc3-c3ccccc32)cc1,289.0
Cc1cccnc1Oc1ccc(-c2ccc(Oc3ncc(N4C(=O)c5ccc(C(c6ccc7c(c6)C(=O)NC7=O)(C(F)(F)F)C(F)(F)F)cc5C4=O)cc3C)cc2)cc1,299.0
O=C1NC(=O)c2cc(C(c3ccc4c(c3)C(=O)N(c3ccc(Oc5ccc(C6(c7ccc(Oc8ccccn8)cc7)c7ccccc7-c7ccccc76)cc5)nc3)C4=O)(C(F)(F)F)C(F)(F)F)ccc21,285.0
O=C1NC(=O)c2cc(Oc3ccc4c(c3)C(=O)N(c3ccc(Oc5ccc(C6(c7ccc(Oc8ccccn8)cc7)c7ccccc7-c7ccccc76)cc5)nc3)C4=O)ccc21,282.0
O=C1NC(=O)c2cc(C(c3ccc4c(c3)C(=O)N(c3ccc(Oc5ccc(-c6ccc(Oc7ccccn7)cc6)cc5)nc3)C4=O)(C(F)(F)F)C(F)(F)F)ccc21,303.0
O=C1NC(=O)c2cc(Oc3ccc4c(c3)C(=O)N(c3ccc(Oc5ccc(-c6ccc(Oc7ccccn7)cc6)cc5)nc3)C4=O)ccc21,276.0
O=C1NC(=O)c2cc(-c3ccc4c(c3)C(=O)N(c3ccc(Oc5ccc(-c6ccc(Oc7ccccn7)cc6)cc5)nc3)C4=O)ccc21,266.0
O=C1NC(=O)c2cc(C(c3ccc4c(c3)C(=O)N(c3ccc(Oc5ccccc5-c5ccccc5Oc5ccccn5)nc3)C4=O)(C(F)(F)F)C(F)(F)F)ccc21,249.0
O=C1NC(=O)c2cc(C(c3ccc4c(c3)C(=O)N(c3ccc(Oc5ccccc5Oc5ccccn5)nc3)C4=O)(C(F)(F)F)C(F)(F)F)ccc21,230.0
O=C1NC(=O)c2cc(Oc3ccc4c(c3)C(=O)N(c3ccc(Oc5ccccc5Oc5ccccn5)nc3)C4=O)ccc21,235.0
CC(C)(C)c1cccc(-c2ccc(N3C(=O)c4ccc(Oc5ccc6c(c5)C(=O)NC6=O)cc4C3=O)c(C(C)(C)C)c2)c1,350.0
CC(C)(C)c1cccc(-c2ccc(N3C(=O)c4ccc(-c5ccc6c(c5)C(=O)NC6=O)cc4C3=O)c(C(C)(C)C)c2)c1,375.4
CC(C)c1cc(C(C)C)cc(C(c2cc(C(C)C)c(N3C(=O)c4ccc(C(c5ccc6c(c5)C(=O)NC6=O)(C(F)(F)F)C(F)(F)F)cc4C3=O)c(C(C)C)c2)c2cccc3ccccc23)c1,294.0
CC(C)c1cc(C(C)C)cc(C(c2cc(C(C)C)c(N3C(=O)c4ccc(Oc5ccc6c(c5)C(=O)NC6=O)cc4C3=O)c(C(C)C)c2)c2cccc3ccccc23)c1,296.0
CC(C)c1cc(C(C)C)cc(C(c2cc(C(C)C)c(N3C(=O)c4ccc(-c5ccc6c(c5)C(=O)NC6=O)cc4C3=O)c(C(C)C)c2)c2cccc3ccccc23)c1,339.0
Cc1cc(C)cc(C(c2ccc(-c3ccccc3)cc2)c2cc(C)c(N3C(=O)c4ccc(C(c5ccc6c(c5)C(=O)NC6=O)(C(F)(F)F)C(F)(F)F)cc4C3=O)c(C)c2)c1,333.0
Cc1cc(C)cc(C(c2ccc(-c3ccccc3)cc2)c2cc(C)c(N3C(=O)c4ccc(Oc5ccc6c(c5)C(=O)NC6=O)cc4C3=O)c(C)c2)c1,335.0
Cc1cc(C)cc(C(c2ccc(-c3ccccc3)cc2)c2cc(C)c(N3C(=O)c4ccc(-c5ccc6c(c5)C(=O)NC6=O)cc4C3=O)c(C)c2)c1,373.0
Cc1cc(C)cc(C(c2cc(C)c(N3C(=O)c4ccc(Oc5ccc6c(c5)C(=O)NC6=O)cc4C3=O)c(C)c2)c2cccc3ccccc23)c1,343.0
Cc1cc(C)cc(C(c2ccncc2)c2cc(C)c(N3C(=O)c4ccc(C(c5ccc6c(c5)C(=O)NC6=O)(C(F)(F)F)C(F)(F)F)cc4C3=O)c(C)c2)c1,340.0
Cc1cc(C)cc(C(c2ccncc2)c2cc(C)c(N3C(=O)c4ccc(Oc5ccc6c(c5)C(=O)NC6=O)cc4C3=O)c(C)c2)c1,337.0
Cc1cc(C)cc(C(c2ccncc2)c2cc(C)c(N3C(=O)c4ccc(-c5ccc6c(c5)C(=O)NC6=O)cc4C3=O)c(C)c2)c1,379.0
Cc1cccc(C(c2ccc(C(F)(F)F)cc2)c2ccc(N3C(=O)c4ccc(-c5ccc6c(c5)C(=O)NC6=O)cc4C3=O)c(C)c2)c1,348.0
Cc1cccc(C(c2ccc(C(F)(F)F)cc2)c2ccc(N3C(=O)c4ccc(Oc5ccc6c(c5)C(=O)NC6=O)cc4C3=O)c(C)c2)c1,309.0
Cc1cc(C)cc(OC(=O)c2ccc(C(=O)Oc3cc(C)c(N4C(=O)c5ccc(C(c6ccc7c(c6)C(=O)NC7=O)(C(F)(F)F)C(F)(F)F)cc5C4=O)c(C)c3)cc2)c1,293.1
Cc1cc(C)cc(OC(=O)c2ccc(C(=O)Oc3cc(C)c(N4C(=O)c5ccc(Oc6ccc7c(c6)C(=O)NC7=O)cc5C4=O)c(C)c3)cc2)c1,289.6
Cc1cc(Oc2ccccc2)cc(C)c1N1C(=O)c2ccc(C(c3ccc4c(c3)C(=O)NC4=O)(C(F)(F)F)C(F)(F)F)cc2C1=O,315.0
Cc1cc(Oc2ccccc2)cc(C)c1N1C(=O)c2ccc(Oc3ccc4c(c3)C(=O)NC4=O)cc2C1=O,295.0
Cc1cc(Oc2ccccc2)cc(C)c1N1C(=O)c2ccc(-c3ccc4c(c3)C(=O)NC4=O)cc2C1=O,352.0
CC(=O)Oc1ccc2c(c1)C(c1cc(C)cc(C)c1)(c1cc(C)c(N3C(=O)c4ccc(C(c5ccc6c(c5)C(=O)NC6=O)(C(F)(F)F)C(F)(F)F)cc4C3=O)c(C)c1)c1cc(OC(C)=O)ccc1-2,390.0
CC(=O)Oc1ccc2c(c1)C(c1cc(C)cc(C)c1)(c1cc(C)c(N3C(=O)c4ccc(Oc5ccc6c(c5)C(=O)NC6=O)cc4C3=O)c(C)c1)c1cc(OC(C)=O)ccc1-2,390.9
CCC(=O)Oc1ccc2c(c1)C(c1cc(C)cc(C)c1)(c1cc(C)c(N3C(=O)c4ccc(C(c5ccc6c(c5)C(=O)NC6=O)(C(F)(F)F)C(F)(F)F)cc4C3=O)c(C)c1)c1cc(OC(=O)CC)ccc1-2,372.4
CCC(=O)Oc1ccc2c(c1)C(c1cc(C)cc(C)c1)(c1cc(C)c(N3C(=O)c4ccc(Oc5ccc6c(c5)C(=O)NC6=O)cc4C3=O)c(C)c1)c1cc(OC(=O)CC)ccc1-2,364.7
Cc1cc(C)cc(Oc2c(F)c(F)c(-c3c(F)c(F)c(Oc4cc(C)c(N5C(=O)c6ccc(C(c7ccc8c(c7)C(=O)NC8=O)(C(F)(F)F)C(F)(F)F)cc6C5=O)c(C)c4)c(F)c3F)c(F)c2F)c1,286.0
Cc1cc(C)cc(Oc2c(F)c(F)c(-c3c(F)c(F)c(Oc4cc(C)c(N5C(=O)c6ccc(Oc7ccc8c(c7)C(=O)NC8=O)cc6C5=O)c(C)c4)c(F)c3F)c(F)c2F)c1,280.0
Cc1cc(Oc2cccc(C(F)(F)F)c2)cc(C)c1N1C(=O)c2ccc(C(c3ccc4c(c3)C(=O)NC4=O)(C(F)(F)F)C(F)(F)F)cc2C1=O,314.0
Cc1cc(Oc2ccccc2C(F)(F)F)cc(C)c1N1C(=O)c2ccc(C(c3ccc4c(c3)C(=O)NC4=O)(C(F)(F)F)C(F)(F)F)cc2C1=O,313.0
O=C1NC(=O)c2cc(C(c3ccc4c(c3)C(=O)N(c3ccc(-c5ccccc5C(F)(F)F)c(C(F)(F)F)c3)C4=O)(C(F)(F)F)C(F)(F)F)ccc21,331.0
O=C1NC(=O)c2cc(C(c3ccc4c(c3)C(=O)N(c3ccc(Oc5ccc(C6(c7ccc(Oc8ccccc8C(F)(F)F)cc7)c7ccccc7C(=O)c7ccccc76)cc5)c(C(F)(F)F)c3)C4=O)(C(F)(F)F)C(F)(F)F)ccc21,289.0
O=C1NC(=O)c2cc(Oc3ccc4c(c3)C(=O)N(c3ccc(Oc5ccc(C6(c7ccc(Oc8ccccc8C(F)(F)F)cc7)c7ccccc7C(=O)c7ccccc76)cc5)c(C(F)(F)F)c3)C4=O)ccc21,274.0
O=C1NC(=O)c2cc(-c3ccc4c(c3)C(=O)N(c3ccc(Oc5ccc(C6(c7ccc(Oc8ccccc8C(F)(F)F)cc7)c7ccccc7C(=O)c7ccccc76)cc5)c(C(F)(F)F)c3)C4=O)ccc21,306.0
O=C1NC(=O)c2cc(C(c3ccc4c(c3)C(=O)N(c3cc(C(F)(F)F)c(Oc5ccccc5)c(C(F)(F)F)c3)C4=O)(C(F)(F)F)C(F)(F)F)ccc21,317.0
O=C1NC(=O)c2cc(Oc3ccc4c(c3)C(=O)N(c3cc(C(F)(F)F)c(Oc5ccccc5)c(C(F)(F)F)c3)C4=O)ccc21,302.0
O=C1NC(=O)c2cc(-c3ccc4c(c3)C(=O)N(c3cc(C(F)(F)F)c(Oc5ccccc5)c(C(F)(F)F)c3)C4=O)ccc21,348.0
O=C1NC(=O)c2cc(Oc3ccc4c(c3)C(=O)N(c3ccc(OC5CCC(Oc6ccccc6C(F)(F)F)CC5)c(C(F)(F)F)c3)C4=O)ccc21,227.0
O=C1NC(=O)c2cc(-c3ccc4c(c3)C(=O)N(c3ccc(Sc5ccccc5)c(C(F)(F)F)c3)C4=O)ccc21,263.0
O=C1NC(=O)c2cc(Oc3ccc4c(c3)C(=O)N(c3ccc(Sc5ccccc5C(F)(F)F)c(C(F)(F)F)c3)C4=O)ccc21,234.0
O=C1NC(=O)c2cc(-c3ccc4c(c3)C(=O)N(c3ccc(Sc5ccccc5C(F)(F)F)c(C(F)(F)F)c3)C4=O)ccc21,258.0
O=C1NC(=O)C2CC3C(=O)N(c4cc(Oc5ccc(S(=O)(=O)c6ccc(Oc7cccc(C(F)(F)F)c7)cc6)cc5)cc(C(F)(F)F)c4)C(=O)C3CC12,275.0
Cc1ccccc1-c1ccc(N2C(=O)c3ccc(C(c4ccc5c(c4)C(=O)NC5=O)(C(F)(F)F)C(F)(F)F)cc3C2=O)cc1C,363.5
O=C1NC(=O)c2cc(C(c3ccc4c(c3)C(=O)N(c3ccc(Oc5ccccc5)c(-c5ccccc5)c3)C4=O)(C(F)(F)F)C(F)(F)F)ccc21,262.0
O=C1NC(=O)c2cc(Oc3ccc4c(c3)C(=O)N(c3ccc(Oc5ccccc5)c(-c5ccccc5)c3)C4=O)ccc21,243.0
O=C1NC(=O)c2cc(C(c3ccc4c(c3)C(=O)N(c3cc(F)c(-c5c(F)cccc5F)c(F)c3)C4=O)(C(F)(F)F)C(F)(F)F)ccc21,368.4
O=C1NC(=O)c2cc(C(c3ccc4c(c3)C(=O)N(c3ccc(-c5ccccc5F)c(F)c3)C4=O)(C(F)(F)F)C(F)(F)F)ccc21,362.6
O=C1NC(=O)c2cc(C(c3ccc4c(c3)C(=O)N(c3ccc5nc(-c6cccc(Oc7ccccc7)c6)[nH]c5c3)C4=O)(C(F)(F)F)C(F)(F)F)ccc21,347.0
O=C1NC(=O)c2cc(Oc3ccc4c(c3)C(=O)N(c3ccc5nc(-c6cccc(Oc7ccccc7)c6)[nH]c5c3)C4=O)ccc21,331.0
O=C1NC(=O)c2cc(C(c3ccc4c(c3)C(=O)N(c3ccc5nc(-c6ccc(Oc7ccccc7)cc6)[nH]c5c3)C4=O)(C(F)(F)F)C(F)(F)F)ccc21,358.0
O=C1NC(=O)c2cc(Oc3ccc4c(c3)C(=O)N(c3ccc5nc(-c6ccc(Oc7ccccc7)cc6)[nH]c5c3)C4=O)ccc21,346.0
O=C1NC(=O)c2cc(-c3ccc4c(c3)C(=O)N(c3ccc5nc(-c6ccc(Oc7ccccc7)cc6)[nH]c5c3)C4=O)ccc21,383.0
O=C1NC(=O)c2cc(C(c3ccc4c(c3)C(=O)N(c3cccc(Oc5cc(Oc6ccccc6)cc(P(=O)(c6ccccc6)c6ccccc6)c5)c3)C4=O)(C(F)(F)F)C(F)(F)F)ccc21,210.0
O=C1NC(=O)c2cc(-c3ccc4c(c3)C(=O)N(c3cccc(Oc5cc(Oc6ccccc6)cc(P(=O)(c6ccccc6)c6ccccc6)c5)c3)C4=O)ccc21,209.0
O=C1NC(=O)c2cc(Oc3ccc4c(c3)C(=O)N(c3cccc(Oc5cc(Oc6ccccc6)cc(P(=O)(c6ccccc6)c6ccccc6)c5)c3)C4=O)ccc21,192.0
O=C1NC(=O)c2cc(-c3cccc4c3C(=O)N(c3cccc(Oc5cc(Oc6ccccc6)cc(P(=O)(c6ccccc6)c6ccccc6)c5)c3)C4=O)ccc21,208.0
O=C1NC(=O)C2CC3C(=O)N(c4cccc(Oc5ccc(S(=O)(=O)c6ccc(Oc7ccccc7)cc6)cc5)c4)C(=O)C3CC12,190.0
N#Cc1c(Oc2ccccc2)cccc1Oc1cccc(N2C(=O)c3ccc(C(c4ccc5c(c4)C(=O)NC5=O)(C(F)(F)F)C(F)(F)F)cc3C2=O)c1,245.0
N#Cc1c(Oc2ccccc2)cccc1Oc1cccc(N2C(=O)c3ccc(Oc4ccc5c(c4)C(=O)NC5=O)cc3C2=O)c1,235.0
O=C1NC(=O)c2cc(C(c3ccc4c(c3)C(=O)N(c3ccc(-c5ccccc5Sc5ccccc5)c(Sc5ccccc5)c3)C4=O)(C(F)(F)F)C(F)(F)F)ccc21,214.0
O=C1NC(=O)c2cc(-c3ccc4c(c3)C(=O)N(c3ccc(-c5ccccc5Sc5ccccc5)c(Sc5ccccc5)c3)C4=O)ccc21,209.0
O=C1NC(=O)c2cc(Oc3ccc4c(c3)C(=O)N(c3ccc(-c5cc(-c6ccccc6)cc(-c6ccccc6)c5)cc3)C4=O)ccc21,287.0
O=C1NC(=O)c2cc(-c3ccc4c(c3)C(=O)N(c3ccc(-c5cc(-c6ccccc6)cc(-c6ccccc6)c5)cc3)C4=O)ccc21,337.0
O=C1NC(=O)c2cc(C(c3ccc4c(c3)C(=O)N(c3cccc(C(F)(F)F)c3)C4=O)(C(F)(F)F)C(F)(F)F)ccc21,296.0
O=C1NC(=O)c2cc(C(c3ccc4c(c3)C(=O)N(c3ccc(Oc5ccc(-c6nc(-c7ccccc7)c(-c7ccccc7)n6-c6ccc(Oc7ccccc7C(F)(F)F)cc6)cc5)c(C(F)(F)F)c3)C4=O)(C(F)(F)F)C(F)(F)F)ccc21,268.0
O=C1NC(=O)c2cc(Oc3ccc4c(c3)C(=O)N(c3ccc(Oc5ccc(-c6nc(-c7ccccc7)c(-c7ccccc7)n6-c6ccc(Oc7ccccc7C(F)(F)F)cc6)cc5)c(C(F)(F)F)c3)C4=O)ccc21,245.0
O=C1NC(=O)c2cc(-c3ccc4c(c3)C(=O)N(c3ccc(Oc5ccc(-c6nc(-c7ccccc7)c(-c7ccccc7)n6-c6ccc(Oc7ccccc7C(F)(F)F)cc6)cc5)c(C(F)(F)F)c3)C4=O)ccc21,271.0
CC(C)c1cccc(C(c2ccc(-c3ccccc3)cc2)c2ccc(N3C(=O)c4ccc(C(c5ccc6c(c5)C(=O)NC6=O)(C(F)(F)F)C(F)(F)F)cc4C3=O)c(C(C)C)c2)c1,277.0
CC(C)c1cccc(C(c2ccc(-c3ccccc3)cc2)c2ccc(N3C(=O)c4ccc(Oc5ccc6c(c5)C(=O)NC6=O)cc4C3=O)c(C(C)C)c2)c1,262.0
CC(C)c1cccc(C(c2ccc(F)c(F)c2)c2ccc(N3C(=O)c4ccc(Oc5ccc6c(c5)C(=O)NC6=O)cc4C3=O)c(C(C)C)c2)c1,260.0
CC(C)c1cccc(C(c2ccc(F)c(F)c2)c2ccc(N3C(=O)c4ccc(-c5ccc6c(c5)C(=O)NC6=O)cc4C3=O)c(C(C)C)c2)c1,293.0
CC(C)(C)c1cccc(C(c2ccc(N3CCOCC3)cc2)c2ccc(N3C(=O)c4ccc(C(c5ccc6c(c5)C(=O)NC6=O)(C(F)(F)F)C(F)(F)F)cc4C3=O)c(C(C)(C)C)c2)c1,312.0
CC(C)(C)c1cccc(C(c2ccc(N3CCOCC3)cc2)c2ccc(N3C(=O)c4ccc(Oc5ccc6c(c5)C(=O)NC6=O)cc4C3=O)c(C(C)(C)C)c2)c1,311.0
CC(C)(C)c1cccc(C(c2ccc(N3CCOCC3)cc2)c2ccc(N3C(=O)c4ccc(-c5ccc6c(c5)C(=O)NC6=O)cc4C3=O)c(C(C)(C)C)c2)c1,330.0
O=C1NC(=O)c2cc(C(c3ccc4c(c3)C(=O)N(c3ccc(C(c5ccccc5)c5cccc6ccccc56)cc3)C4=O)(C(F)(F)F)C(F)(F)F)ccc21,322.0
O=C1NC(=O)c2cc(Oc3ccc4c(c3)C(=O)N(c3ccc(C(c5ccccc5)c5cccc6ccccc56)cc3)C4=O)ccc21,301.0
O=C1NC(=O)c2cc(-c3ccc4c(c3)C(=O)N(c3ccc(C(c5ccccc5)c5cccc6ccccc56)cc3)C4=O)ccc21,341.0
O=C(Nc1ccc(S(=O)(=O)c2ccc(NC(=O)c3ccc(N4C(=O)c5ccc(C(c6ccc7c(c6)C(=O)NC7=O)(C(F)(F)F)C(F)(F)F)cc5C4=O)cc3)cc2)cc1)c1ccccc1,220.0
O=C(Nc1ccc(S(=O)(=O)c2ccc(NC(=O)c3ccc(N4C(=O)c5ccc(Oc6ccc7c(c6)C(=O)NC7=O)cc5C4=O)cc3)cc2)cc1)c1ccccc1,232.0
O=C(Nc1ccc(S(=O)(=O)c2ccc(NC(=O)c3ccc(N4C(=O)c5ccc(-c6ccc7c(c6)C(=O)NC7=O)cc5C4=O)cc3)cc2)cc1)c1ccccc1,261.0
Cc1ccccc1NC(=O)c1ccc(N2C(=O)C3CCC(C4CCC5C(=O)NC(=O)C5C4)CC3C2=O)cc1,265.3
Cc1ccccc1NC(=O)c1ccc(N2C(=O)C3CCC(C4CCC5C(=O)NC(=O)C5C4)CC3C2=O)c(C)c1,294.9
Cc1cc(C(c2cccnc2)c2cc(C)c(OC(=O)c3ccc(N4C(=O)c5ccc(C(c6ccc7c(c6)C(=O)NC7=O)(C(F)(F)F)C(F)(F)F)cc5C4=O)cc3)c(C)c2)cc(C)c1OC(=O)c1ccccc1,208.0
Cc1cc(C(c2cccnc2)c2cc(C)c(OC(=O)c3ccc(N4C(=O)c5ccc(Oc6ccc7c(c6)C(=O)NC7=O)cc5C4=O)cc3)c(C)c2)cc(C)c1OC(=O)c1ccccc1,199.0
CC(C)(C)c1cccc(C2(c3ccc(N4C(=O)c5ccc(C(c6ccc7c(c6)C(=O)NC7=O)(C(F)(F)F)C(F)(F)F)cc5C4=O)c(C(C)(C)C)c3)c3ccccc3-c3ccccc32)c1,343.0
CC(C)(C)c1cccc(C2(c3ccc(N4C(=O)c5ccc(Oc6ccc7c(c6)C(=O)NC7=O)cc5C4=O)c(C(C)(C)C)c3)c3ccccc3-c3ccccc32)c1,343.0
CC(C)(C)c1cccc(C2(c3ccc(N4C(=O)c5ccc(-c6ccc7c(c6)C(=O)NC7=O)cc5C4=O)c(C(C)(C)C)c3)c3ccccc3-c3ccccc32)c1,381.0
O=C1NC(=O)c2cc(C(c3ccc4c(c3)C(=O)N(c3ccc(C5(c6ccccc6)c6cc(-c7ccc(C(F)(F)F)cc7)ccc6-c6ccc(-c7ccc(C(F)(F)F)cc7)cc65)cc3)C4=O)(C(F)(F)F)C(F)(F)F)ccc21,378.0
O=C1NC(=O)c2cc(-c3ccc4c(c3)C(=O)N(c3ccc(C5(c6ccccc6)c6cc(-c7ccc(C(F)(F)F)cc7)ccc6-c6ccc(-c7ccc(C(F)(F)F)cc7)cc65)cc3)C4=O)ccc21,413.0
O=C1NC(=O)c2cc(C(c3ccc4c(c3)C(=O)N(c3ccc(C5(c6ccccc6)c6cc(-c7ccc(F)cc7)ccc6-c6ccc(-c7ccc(F)cc7)cc65)cc3)C4=O)(C(F)(F)F)C(F)(F)F)ccc21,408.0
O=C1NC(=O)c2cc(-c3ccc4c(c3)C(=O)N(c3ccc(C5(c6ccccc6)c6cc(-c7ccc(F)cc7)ccc6-c6ccc(-c7ccc(F)cc7)cc65)cc3)C4=O)ccc21,433.0
O=C1NC(=O)c2cc(C(c3ccc4c(c3)C(=O)N(c3ccc(-c5cc(C(F)(F)F)c(-c6ccccc6)cc5C(F)(F)F)cc3)C4=O)(C(F)(F)F)C(F)(F)F)ccc21,352.0
O=C1NC(=O)C2CC3C(=O)N(c4ccc(-c5cc(C(F)(F)F)c(-c6ccccc6)cc5C(F)(F)F)cc4)C(=O)C3CC12,381.0
O=C1NC(=O)C2CC3C(=O)N(c4ccc(-c5ccccc5C(F)(F)F)c(C(F)(F)F)c4)C(=O)C3CC12,370.0
O=C1NC(=O)c2cc(C(c3ccc4c(c3)C(=O)N(c3ccc(-c5ccc(Oc6ccc(-c7c8c(c(-c9ccc(Oc%10ccc(-c%11ccccc%11)cc%10C(F)(F)F)cc9)c9ccccc79)C(=O)N(c7ccccc7)C8=O)cc6)c(C(F)(F)F)c5)cc3)C4=O)(C(F)(F)F)C(F)(F)F)ccc21,315.0
O=C1NC(=O)c2cc(Oc3ccc4c(c3)C(=O)N(c3ccc(-c5ccc(Oc6ccc(-c7c8c(c(-c9ccc(Oc%10ccc(-c%11ccccc%11)cc%10C(F)(F)F)cc9)c9ccccc79)C(=O)N(c7ccccc7)C8=O)cc6)c(C(F)(F)F)c5)cc3)C4=O)ccc21,301.0
O=C1NC(=O)c2cc(C(c3ccc4c(c3)C(=O)N(c3ccc(-c5cc(C(F)(F)F)cc(C(F)(F)F)c5)cc3)C4=O)(C(F)(F)F)C(F)(F)F)ccc21,281.0
O=C1NC(=O)c2cc(Oc3ccc4c(c3)C(=O)N(c3ccc(-c5cc(C(F)(F)F)cc(C(F)(F)F)c5)cc3)C4=O)ccc21,266.0
O=C1NC(=O)c2cc(-c3ccc4c(c3)C(=O)N(c3ccc(-c5cc(C(F)(F)F)cc(C(F)(F)F)c5)cc3)C4=O)ccc21,307.0
O=C1NC(=O)c2cc(C(c3ccc4c(c3)C(=O)N(c3ccc(-c5cc(-c6ccc(F)c(F)c6)cc(-c6ccccc6)n5)cc3)C4=O)(C(F)(F)F)C(F)(F)F)ccc21,352.0
O=C1NC(=O)c2cc(Oc3ccc4c(c3)C(=O)N(c3ccc(-c5cc(-c6ccc(F)c(F)c6)cc(-c6ccccc6)n5)cc3)C4=O)ccc21,336.0
O=C1NC(=O)c2cc(-c3ccc4c(c3)C(=O)N(c3ccc(-c5cc(-c6ccc(F)c(F)c6)cc(-c6ccccc6)n5)cc3)C4=O)ccc21,372.0
O=C1NC(=O)c2cc(C(c3ccc4c(c3)C(=O)N(c3ccc(-c5cc(-c6ccc(SC(F)(F)F)cc6)cc(-c6ccccc6)n5)cc3)C4=O)(C(F)(F)F)C(F)(F)F)ccc21,305.0
O=C1NC(=O)c2cc(Oc3ccc4c(c3)C(=O)N(c3ccc(-c5cc(-c6ccc(SC(F)(F)F)cc6)cc(-c6ccccc6)n5)cc3)C4=O)ccc21,347.0
O=C1NC(=O)c2cc(-c3ccc4c(c3)C(=O)N(c3ccc(-c5cc(-c6ccc(SC(F)(F)F)cc6)cc(-c6ccccc6)n5)cc3)C4=O)ccc21,370.0
O=C1NC(=O)c2cc(C(c3ccc4c(c3)C(=O)N(c3ccc(-c5ccc(C(=C(c6ccccc6)c6ccccc6)c6ccc(-c7ccccc7)cc6)cc5)cc3)C4=O)(C(F)(F)F)C(F)(F)F)ccc21,371.0
O=C1NC(=O)c2cc(C(c3ccc4c(c3)C(=O)N(c3ccc(-c5ccc(/C(=C\c6ccccc6)c6ccc(-c7ccccc7)cc6)cc5)cc3)C4=O)(C(F)(F)F)C(F)(F)F)ccc21,361.0
O=C1NC(=O)c2cc(-c3ccc4c(c3)C(=O)N(c3ccc(-c5ccc(/C(=C\c6ccccc6)c6ccc(-c7ccccc7)cc6)cc5)cc3)C4=O)ccc21,368.0
O=C1NC(=O)c2cc(C(c3ccc4c(c3)C(=O)N(c3ccc(-c5ccc(-c6ccccc6C(F)(F)F)cc5)c(C(F)(F)F)c3)C4=O)(C(F)(F)F)C(F)(F)F)ccc21,319.0
O=C1NC(=O)C2CC3C(=O)N(c4ccc(-c5ccc(-c6ccccc6C(F)(F)F)cc5)c(C(F)(F)F)c4)C(=O)C3CC12,327.0
O=C1NC(=O)c2cc(C(c3ccc4c(c3)C(=O)N(c3ccc(-c5ccc(-c6ccccc6)c(C(F)(F)F)c5)cc3)C4=O)(C(F)(F)F)C(F)(F)F)ccc21,361.0
O=C1NC(=O)c2cc(C(c3ccc4c(c3)C(=O)N(c3ccc(-c5ccccc5)cc3)C4=O)(C(F)(F)F)C(F)(F)F)ccc21,385.3
O=C1NC(=O)c2cc(C(c3ccc4c(c3)C(=O)N(c3ccc(N(c5ccccc5)c5c(-c6cc(C(F)(F)F)cc(C(F)(F)F)c6)cc(-c6cc(C(F)(F)F)cc(C(F)(F)F)c6)cc5-c5cc(C(F)(F)F)cc(C(F)(F)F)c5)cc3)C4=O)(C(F)(F)F)C(F)(F)F)ccc21,338.0
N#Cc1cccc(N(c2ccccc2)c2ccc(N3C(=O)c4ccc(C(c5ccc6c(c5)C(=O)NC6=O)(C(F)(F)F)C(F)(F)F)cc4C3=O)cc2)c1,299.0
N#Cc1cccc(N(c2ccccc2)c2ccc(N3C(=O)c4ccc(Oc5ccc6c(c5)C(=O)NC6=O)cc4C3=O)cc2)c1,295.0
N#Cc1cccc(N(c2ccccc2)c2ccc(N3C(=O)c4ccc(S(=O)(=O)c5ccc6c(c5)C(=O)NC6=O)cc4C3=O)cc2)c1,291.0
Cc1cc(Oc2ccccc2C(F)(F)F)c(C)c(C)c1Oc1ccc(N2C(=O)c3ccc(-c4ccc5c(c4)C(=O)NC5=O)cc3C2=O)cc1C(F)(F)F,312.0
Cc1cc(Oc2ccccc2C(F)(F)F)c(C)c(C)c1Oc1ccc(N2C(=O)c3ccc(Oc4ccc5c(c4)C(=O)NC5=O)cc3C2=O)cc1C(F)(F)F,281.0
O=C1NC(=O)c2cc(Oc3ccc4c(c3)C(=O)N(c3ccc(Oc5c(-c6ccc(C(F)(F)F)cc6)cc(S(=O)(=O)c6cc(-c7ccc(C(F)(F)F)cc7)c(Oc7ccccc7)c(-c7ccc(C(F)(F)F)cc7)c6)cc5-c5ccc(C(F)(F)F)cc5)cc3)C4=O)ccc21,259.0
CC(C)c1cc(C2(c3ccc(Oc4ccc(N5C(=O)c6ccc(C(c7ccc8c(c7)C(=O)NC8=O)(C(F)(F)F)C(F)(F)F)cc6C5=O)cc4C(F)(F)F)c(C(C)C)c3)c3ccccc3-c3ccccc32)ccc1Oc1ccccc1C(F)(F)F,239.0
CC(C)c1cc(C2(c3ccc(Oc4ccc(N5C(=O)c6ccc(Oc7ccc8c(c7)C(=O)NC8=O)cc6C5=O)cc4C(F)(F)F)c(C(C)C)c3)c3ccccc3-c3ccccc32)ccc1Oc1ccccc1C(F)(F)F,256.0
CC(C)c1cc(C2(c3ccc(Oc4ccc(N5C(=O)c6ccc(-c7ccc8c(c7)C(=O)NC8=O)cc6C5=O)cc4C(F)(F)F)c(C(C)C)c3)c3ccccc3-c3ccccc32)ccc1Oc1ccccc1C(F)(F)F,272.0
CC(C)(C)c1cccc(Oc2ccc(N3C(=O)c4ccc(-c5ccc6c(c5)C(=O)NC6=O)cc4C3=O)c(C(C)(C)C)c2)c1,341.0
O=C1NC(=O)c2cc(C(c3ccc4c(c3)C(=O)N(c3ccc(Oc5cc(Oc6ccccc6)cc(-c6cc(C(F)(F)F)cc(C(F)(F)F)c6)c5)cc3)C4=O)(C(F)(F)F)C(F)(F)F)ccc21,240.0
O=C1NC(=O)c2cc(Oc3ccc4c(c3)C(=O)N(c3ccc(Oc5cc(Oc6ccccc6)cc(-c6cc(C(F)(F)F)cc(C(F)(F)F)c6)c5)cc3)C4=O)ccc21,219.0
O=C1NC(=O)c2cc(-c3ccc4c(c3)C(=O)N(c3ccc(Oc5cc(Oc6ccccc6)cc(-c6cc(C(F)(F)F)cc(C(F)(F)F)c6)c5)cc3)C4=O)ccc21,237.0
O=C1NC(=O)c2cc(C(c3ccc4c(c3)C(=O)N(c3ccc(Oc5cc(Oc6ccccc6)ncn5)cc3)C4=O)(C(F)(F)F)C(F)(F)F)ccc21,267.0
O=C1NC(=O)c2cc(C(c3ccc4c(c3)C(=O)N(c3ccc(Oc5ccc6c(c5)C(=O)c5ccc(Oc7ccccc7)cc5C6=O)cc3)C4=O)(C(F)(F)F)C(F)(F)F)ccc21,285.0
O=C1NC(=O)c2cc(Oc3ccc4c(c3)C(=O)N(c3ccc(Oc5ccc6c(c5)C(=O)c5ccc(Oc7ccccc7)cc5C6=O)cc3)C4=O)ccc21,270.0
O=C1NC(=O)c2cc(-c3ccc4c(c3)C(=O)N(c3ccc(Oc5ccc6c(c5)C(=O)c5ccc(Oc7ccccc7)cc5C6=O)cc3)C4=O)ccc21,295.0
N#Cc1ccc(Oc2ccc(N3C(=O)c4ccc(Oc5ccc6c(c5)C(=O)NC6=O)cc4C3=O)cc2)cc1C#N,266.0
O=C1NC(=O)c2cc(C(c3ccc4c(c3)C(=O)N(c3ccc(Oc5ccc(C(c6ccc(Oc7ccccc7)cc6)(C(F)(F)F)C(F)(F)F)cc5)cc3)C4=O)(C(F)(F)F)C(F)(F)F)ccc21,396.5
O=C1NC(=O)C2CC3C(=O)N(c4ccc(Oc5ccc(C(c6ccc(Oc7ccccc7)cc6)(C(F)(F)F)C(F)(F)F)cc5)cc4)C(=O)C3CC12,223.0
O=C1NC(=O)c2cc(C(c3ccc4c(c3)C(=O)N(c3ccc(Oc5ccc(C6(c7ccc(Oc8ccccc8)cc7)c7ccccc7C(=O)c7ccccc76)cc5)cc3)C4=O)(C(F)(F)F)C(F)(F)F)ccc21,317.0
O=C1NC(=O)c2cc(Oc3ccc4c(c3)C(=O)N(c3ccc(Oc5ccc(C6(c7ccc(Oc8ccccc8)cc7)c7ccccc7C(=O)c7ccccc76)cc5)cc3)C4=O)ccc21,291.0
O=C1NC(=O)c2cc(-c3ccc4c(c3)C(=O)N(c3ccc(Oc5ccc(C6(c7ccc(Oc8ccccc8)cc7)c7ccccc7C(=O)c7ccccc76)cc5)cc3)C4=O)ccc21,321.0
O=C1NC(=O)c2cc(S(=O)(=O)c3ccc4c(c3)C(=O)N(c3ccc(Oc5ccc(C6(c7ccc(Oc8ccccc8)cc7)c7ccccc7C(=O)c7ccccc76)cc5)cc3)C4=O)ccc21,322.0
O=C(c1ccc(Oc2ccccn2)cc1)c1ccc(Oc2ccc(N3C(=O)c4ccc(C(c5ccc6c(c5)C(=O)NC6=O)(C(F)(F)F)C(F)(F)F)cc4C3=O)cn2)cc1,263.0
O=C(c1ccc(Oc2ccccn2)cc1)c1ccc(Oc2ccc(N3C(=O)c4ccc(Oc5ccc6c(c5)C(=O)NC6=O)cc4C3=O)cn2)cc1,225.0
O=C1NC(=O)c2cc(C(c3ccc4c(c3)C(=O)N(c3ccc(Oc5ccc(C6(c7ccc(Oc8ccccc8)cc7)CCCC6)cc5)cc3)C4=O)(C(F)(F)F)C(F)(F)F)ccc21,245.0
O=C1NC(=O)c2cc(-c3ccc4c(c3)C(=O)N(c3ccc(Oc5ccc(C6(c7ccc(Oc8ccccc8)cc7)CCCC6)cc5)cc3)C4=O)ccc21,262.0
O=C1NC(=O)C2CC3C(=O)N(c4ccc(Oc5ccc(Oc6ccccc6C(F)(F)F)cc5)c(C(F)(F)F)c4)C(=O)C3CC12,268.0
CC(C)(C)c1cccc(Oc2ccc(Oc3ccc(Oc4ccc(N5C(=O)c6ccc(Oc7ccc8c(c7)C(=O)NC8=O)cc6C5=O)c(C(C)(C)C)c4)cc3)cc2)c1,264.0
CC(C)(C)c1cccc(Oc2ccc(Oc3ccc(Oc4ccc(N5C(=O)c6ccc(-c7ccc8c(c7)C(=O)NC8=O)cc6C5=O)c(C(C)(C)C)c4)cc3)cc2)c1,283.0
O=C1NC(=O)C2CC3C(=O)N(c4ccc(Oc5ccc(S(=O)(=O)c6ccc(Oc7ccccc7C(F)(F)F)cc6)cc5)c(C(F)(F)F)c4)C(=O)C3CC12,280.0
O=C1NC(=O)C2CC3C(=O)N(c4ccc(Oc5ccc(S(=O)(=O)c6ccc(Oc7ccccc7)cc6)cc5)cc4)C(=O)C3CC12,225.0
O=C1NC(=O)C2CC3C(=O)N(c4ccc(Oc5ccccc5)cc4)C(=O)C3CC12,199.0
O=C1NC(=O)c2cc(C(c3ccc4c(c3)C(=O)N(c3ccc(Oc5cc(Oc6ccccc6)nc(-c6ccccc6)n5)cc3)C4=O)(C(F)(F)F)C(F)(F)F)ccc21,260.0
O=C1NC(=O)c2cc(Oc3ccc4c(c3)C(=O)N(c3ccc(Oc5cc(Oc6ccccc6)nc(-c6ccccc6)n5)cc3)C4=O)ccc21,236.0
O=C1NC(=O)c2cc(C(c3ccc4c(c3)C(=O)N(c3ccc(Oc5nccc(Oc6ccccc6)n5)cc3)C4=O)(C(F)(F)F)C(F)(F)F)ccc21,265.0
O=C1NC(=O)c2cc(Oc3ccc4c(c3)C(=O)N(c3ccc(Oc5nccc(Oc6ccccc6)n5)cc3)C4=O)ccc21,243.0
O=C1NC(=O)c2cc(Oc3ccc4c(c3)C(=O)N(c3ccc(OC5CCC(Oc6ccccc6)CC5)cc3)C4=O)ccc21,228.0
O=C1NC(=O)c2cc(Oc3ccc4c(c3)C(=O)N(c3ccc(OCc5cn(-c6ccc(-n7cc(COc8ccccc8)nn7)cc6)nn5)cc3)C4=O)ccc21,221.0
O=C1NC(=O)c2cc(Oc3ccc4c(c3)C(=O)N(c3ccc(OCc5cn(-c6ccc(Oc7ccc(-n8cc(COc9ccccc9)nn8)cc7)cc6)nn5)cc3)C4=O)ccc21,215.0
O=C1NC(=O)c2cc(C(c3ccc4c(c3)C(=O)N(c3ccc(OP(=O)(Oc5ccccc5)Oc5ccccc5)cc3)C4=O)(C(F)(F)F)C(F)(F)F)ccc21,221.0
O=C1NC(=O)c2cc(-c3ccc4c(c3)C(=O)N(c3ccc(OP(=O)(Oc5ccccc5)Oc5ccccc5)cc3)C4=O)ccc21,227.0
O=C1NC(=O)c2cc(Oc3ccc4c(c3)C(=O)N(c3ccc(OP(=O)(Oc5ccccc5)Oc5ccccc5)cc3)C4=O)ccc21,198.0
O=C1NC(=O)c2cc(C(c3ccc4c(c3)C(=O)N(c3ccc(S(=O)(=O)c5ccc(C(c6ccc(S(=O)(=O)c7ccccc7)cc6)(C(F)(F)F)C(F)(F)F)cc5)cc3)C4=O)(C(F)(F)F)C(F)(F)F)ccc21,296.0
O=C1NC(=O)c2cc(Oc3ccc4c(c3)C(=O)N(c3ccc(S(=O)(=O)c5ccc(C(c6ccc(S(=O)(=O)c7ccccc7)cc6)(C(F)(F)F)C(F)(F)F)cc5)cc3)C4=O)ccc21,268.0
O=C1NC(=O)c2cc(C(c3ccc4c(c3)C(=O)N(c3ccc(Sc5ccc(-c6ccc(-c7ccc(Sc8ccccc8)c(C(F)(F)F)c7)s6)cc5C(F)(F)F)cc3)C4=O)(C(F)(F)F)C(F)(F)F)ccc21,257.0
O=C1NC(=O)c2cc(Oc3ccc4c(c3)C(=O)N(c3ccc(Sc5ccc(-c6ccc(-c7ccc(Sc8ccccc8)c(C(F)(F)F)c7)s6)cc5C(F)(F)F)cc3)C4=O)ccc21,243.0
O=C1NC(=O)c2cc(S(=O)(=O)c3ccc4c(c3)C(=O)N(c3ccc(Sc5ccc(-c6ccc(-c7ccc(Sc8ccccc8)c(C(F)(F)F)c7)s6)cc5C(F)(F)F)cc3)C4=O)ccc21,219.0
O=C1NC(=O)c2cc(C(c3ccc4c(c3)C(=O)N(c3ccc(Sc5ccc(P(=O)(c6ccccc6)c6ccc(Sc7ccccc7)cc6)cc5)cc3)C4=O)(C(F)(F)F)C(F)(F)F)ccc21,264.4
O=C1NC(=O)c2cc(Oc3ccc4c(c3)C(=O)N(c3ccc(Sc5ccc(P(=O)(c6ccccc6)c6ccc(Sc7ccccc7)cc6)cc5)cc3)C4=O)ccc21,241.3
O=C(Nc1ccccc1)c1ccc(C(=O)Nc2cccc(N3C(=O)c4ccc(C(c5ccc6c(c5)C(=O)NC6=O)(C(F)(F)F)C(F)(F)F)cc4C3=O)c2)o1,290.0
O=C1NC(=O)c2cc(C(c3ccc4c(c3)C(=O)N(c3cccc(Oc5ccc6c(c5)Sc5ccc(Oc7ccccc7)cc5S6)c3)C4=O)(C(F)(F)F)C(F)(F)F)ccc21,230.0
O=C1NC(=O)c2cc(Oc3ccc4c(c3)C(=O)N(c3cccc(Oc5ccc6c(c5)Sc5ccc(Oc7ccccc7)cc5S6)c3)C4=O)ccc21,198.0
CP(=O)(c1ccccc1)c1cccc(N2C(=O)c3ccc(C(c4ccc5c(c4)C(=O)NC5=O)(C(F)(F)F)C(F)(F)F)cc3C2=O)c1,271.0
CP(=O)(c1ccccc1)c1cccc(N2C(=O)c3ccc(Oc4ccc5c(c4)C(=O)NC5=O)cc3C2=O)c1,269.0
CC(C)(C)C1=CC(Oc2cccc(C(C)(C)C)c2)CC=C1N1C(=O)c2ccc(C(c3ccc4c(c3)C(=O)NC4=O)(C(F)(F)F)C(F)(F)F)cc2C1=O,303.0
CC(C)(C)C1=CC(Oc2cccc(C(C)(C)C)c2)CC=C1N1C(=O)c2ccc(Oc3ccc4c(c3)C(=O)NC4=O)cc2C1=O,299.0
Cc1ccnc(Oc2ccc(C(c3ccc(Oc4cc(C)c(N5C(=O)c6ccc(C(c7ccc8c(c7)C(=O)NC8=O)(C(F)(F)F)C(F)(F)F)cc6C5=O)cn4)cc3)(C(F)(F)F)C(F)(F)F)cc2)c1,275.0
CC(C)(c1ccc(Oc2ccccn2)cc1)c1ccc(Oc2ccc(N3C(=O)c4ccc(C(c5ccc6c(c5)C(=O)NC6=O)(C(F)(F)F)C(F)(F)F)cc4C3=O)cn2)cc1,264.0
CC(c1ccccc1)(c1ccc(Oc2ccccn2)cc1)c1ccc(Oc2ccc(N3C(=O)c4ccc(C(c5ccc6c(c5)C(=O)NC6=O)(C(F)(F)F)C(F)(F)F)cc4C3=O)cn2)cc1,272.0
O=C1NC(=O)c2cc(C(c3ccc4c(c3)C(=O)N(c3ccc(Oc5ccc(C(c6ccccc6)(c6ccccc6)c6ccc(Oc7ccccn7)cc6)cc5)nc3)C4=O)(C(F)(F)F)C(F)(F)F)ccc21,278.0
O=C1NC(=O)c2cc(Oc3ccc4c(c3)C(=O)N(c3ccc(Oc5ccc(C(c6ccccc6)(c6ccccc6)c6ccc(Oc7ccccn7)cc6)cc5)nc3)C4=O)ccc21,257.0
O=C1NC(=O)c2cc(-c3ccc4c(c3)C(=O)N(c3ccc(Oc5ccc(C(c6ccccc6)(c6ccccc6)c6ccc(Oc7ccccn7)cc6)cc5)nc3)C4=O)ccc21,281.0
O=C1NC(=O)c2cc(C(c3ccc4c(c3)C(=O)N(c3ccc(Oc5cccc(Oc6ccccn6)c5)nc3)C4=O)(C(F)(F)F)C(F)(F)F)ccc21,245.0
O=C1NC(=O)c2cc(C(c3ccc4c(c3)C(=O)N(c3ccc(Oc5ccc(C(c6ccc(Oc7ccccn7)cc6)(C(F)(F)F)C(F)(F)F)cc5)nc3)C4=O)(C(F)(F)F)C(F)(F)F)ccc21,262.0
O=C1NC(=O)c2cc(Oc3ccc4c(c3)C(=O)N(c3ccc(Oc5ccc(C(c6ccc(Oc7ccccn7)cc6)(C(F)(F)F)C(F)(F)F)cc5)nc3)C4=O)ccc21,239.0
Cc1cccnc1Oc1ccc(C(C)(C)c2ccc(Oc3ncc(N4C(=O)c5ccc(C(c6ccc7c(c6)C(=O)NC7=O)(C(F)(F)F)C(F)(F)F)cc5C4=O)cc3C)cc2)cc1,262.0
Cc1cccnc1Oc1ccc(C(C)(C)c2ccc(Oc3ncc(N4C(=O)c5ccc(Oc6ccc7c(c6)C(=O)NC7=O)cc5C4=O)cc3C)cc2)cc1,236.0
Cc1cccnc1Oc1ccc(C(C)(C)c2ccc(Oc3ncc(N4C(=O)c5ccc(-c6ccc7c(c6)C(=O)NC7=O)cc5C4=O)cc3C)cc2)cc1,268.0
O=C1NC(=O)c2cc(Oc3ccc4c(c3)C(=O)N(c3ccc(Oc5ccc(Oc6ccc(Oc7ccccn7)cc6)cc5)nc3)C4=O)ccc21,230.0
O=C1NC(=O)c2cc(Sc3ccc4c(c3)C(=O)N(c3ccc(Oc5ccc(Oc6ccc(Oc7ccccn7)cc6)cc5)nc3)C4=O)ccc21,226.0
O=C1NC(=O)c2cc(C(c3ccc4c(c3)C(=O)N(c3ccc(Oc5ccc(Oc6ccccn6)cc5)nc3)C4=O)(C(F)(F)F)C(F)(F)F)ccc21,215.0
O=C1NC(=O)c2cc(Oc3ccc4c(c3)C(=O)N(c3ccc(Oc5ccc(Oc6ccccn6)cc5)nc3)C4=O)ccc21,222.0
O=C1NC(=O)c2cc(Oc3ccc4c(c3)C(=O)N(c3ccc(Oc5ccc(S(=O)(=O)c6ccc(Oc7ccccn7)cc6)cc5)nc3)C4=O)ccc21,305.0
O=C1NC(=O)c2cc(Oc3ccc4c(c3)C(=O)N(c3ccc(Oc5ccc(Sc6ccc(Oc7ccccn7)cc6)cc5)nc3)C4=O)ccc21,232.0
Cc1cccnc1Oc1ccc2c(c1)C1(CC2(C)C)CC(C)(C)c2ccc(Oc3ncc(N4C(=O)c5ccc(C(c6ccc7c(c6)C(=O)NC7=O)(C(F)(F)F)C(F)(F)F)cc5C4=O)cc3C)cc21,275.0
Cc1cccnc1Oc1ccc2c(c1)C1(CC2(C)C)CC(C)(C)c2ccc(Oc3ncc(N4C(=O)c5ccc(Oc6ccc7c(c6)C(=O)NC7=O)cc5C4=O)cc3C)cc21,262.0
CC1(C)CC2(CC(C)(C)c3ccc(Oc4ccc(N5C(=O)c6ccc(C(c7ccc8c(c7)C(=O)NC8=O)(C(F)(F)F)C(F)(F)F)cc6C5=O)cn4)cc32)c2cc(Oc3ccccn3)ccc21,286.0
CC1(C)CC2(CC(C)(C)c3ccc(Oc4ccc(N5C(=O)c6ccc(Oc7ccc8c(c7)C(=O)NC8=O)cc6C5=O)cn4)cc32)c2cc(Oc3ccccn3)ccc21,287.0
O=C1NC(=O)c2cc(Oc3ccc4c(c3)C(=O)N(c3ccc(Sc5ccc(Sc6ccc(Sc7ccccn7)cc6)cc5)nc3)C4=O)ccc21,220.0
O=C1NC(=O)c2cc(-c3ccc4c(c3)C(=O)N(c3ccc(Sc5ccc(Sc6ccc(Sc7ccccn7)cc6)cc5)nc3)C4=O)ccc21,240.0
Nc1ccc(Oc2ccc(C(c3ccc(Oc4ccc(N5C(=O)c6ccc(C(c7ccc8c(c7)C(=O)NC8=O)(C(F)(F)F)C(F)(F)F)cc6C5=O)nc4)cc3)(C(F)(F)F)C(F)(F)F)cc2)cn1,265.0
Nc1ncccc1Oc1cccc(Oc2cccnc2N2C(=O)c3ccc(C(c4ccc5c(c4)C(=O)NC5=O)(C(F)(F)F)C(F)(F)F)cc3C2=O)n1,274.0
Nc1ncccc1Oc1cccc(Oc2cccnc2N2C(=O)c3ccc(Oc4ccc5c(c4)C(=O)NC5=O)cc3C2=O)n1,278.0
O=C1NC(=O)c2c(Oc3ccc(Oc4cccc5c4C(=O)N(c4ccc(Oc6ccccc6)cc4)C5=O)cc3)cccc21,402.5
O=C1NC(=O)c2c(Oc3cccc4c3C(=O)N(C(=O)c3ccc(Oc5cccc(-c6ccc(Oc7ccccc7)cc6)c5)cc3)C4=O)cccc21,471.0
O=C1NC(=O)c2c(Oc3cccc4c3C(=O)N(c3ccc(Oc5ccc(Oc6ccccc6)cc5)cc3)C4=O)cccc21,394.5
O=C1NC(=O)c2c(Oc3cccc4c3C(=O)N(c3ccc(Oc5ccccc5)cc3)C4=O)cccc21,429.0
O=C1NC(=O)c2c(Oc3cccc4c3C(=O)N(c3cccc(S(=O)(=O)c5ccccc5)c3)C4=O)cccc21,514.0
O=C1NC(=O)c2c(Oc3cccc4c3C(=O)N(c3ccccc3)C4=O)cccc21,567.0
O=C1NC(=O)c2c(Sc3cccc4c3C(=O)N(c3ccc(Cc5ccccc5)cc3)C4=O)cccc21,528.0
O=C1NC(=O)c2c(Sc3cccc4c3C(=O)N(c3ccc(Oc5ccc(Oc6ccccc6)cc5)cc3)C4=O)cccc21,523.0
O=C1NC(=O)c2c(Sc3cccc4c3C(=O)N(c3ccc(Oc5ccccc5)cc3)C4=O)cccc21,554.0
O=C1NC(=O)c2c(Sc3cccc4c3C(=O)N(c3ccccc3)C4=O)cccc21,603.0
O=C1NC(=O)c2c1cccc2-c1ccc2c(c1)C(=O)N(c1ccc(Oc3ccc(Oc4ccccc4)cc3)cc1)C2=O,556.0
O=C1NC(=O)c2c1cccc2-c1ccc2c(c1)C(=O)N(c1ccc(Oc3cccc(Oc4ccccc4)c3)cc1)C2=O,521.0
O=C1NC(=O)c2c1cccc2-c1ccc2c(c1)C(=O)N(c1ccc(Oc3ccccc3)cc1)C2=O,592.0
O=C1NC(=O)c2c1cccc2-c1ccc2c(c1)C(=O)N(c1cccc(Oc3cccc(Oc4ccccc4)c3)c1)C2=O,478.0
O=C1NC(=O)c2c1cccc2-c1ccc2c(c1)C(=O)N(c1ccccc1)C2=O,678.0
O=C1NC(=O)c2c1cccc2-c1cccc2c1C(=O)N(c1ccc(-c3ccccc3C(F)(F)F)c(C(F)(F)F)c1)C2=O,616.0
O=C1NC(=O)c2c1cccc2-c1cccc2c1C(=O)N(c1ccc(Cc3ccccc3)cc1)C2=O,584.0
O=C1NC(=O)c2c1cccc2-c1cccc2c1C(=O)N(c1ccc(Oc3ccccc3)cc1)C2=O,603.0
O=C1NC(=O)c2c1cccc2-c1cccc2c1C(=O)N(c1cccc(Oc3cccc(Oc4ccccc4)c3)c1)C2=O,479.0
O=C1NC(=O)c2c1cccc2-c1cccc2c1C(=O)N(c1cccc(Oc3ccccc3)c1)C2=O,519.0
O=C1NC(=O)c2c1cccc2C(=O)c1cccc2c1C(=O)N(c1ccc(Oc3ccc(Oc4ccccc4)cc3)cc1)C2=O,551.0
O=C1NC(=O)c2cc(-c3ccc4c(c3)C(=O)N(c3ccc(Cc5ccccc5)cc3)C4=O)ccc21,438.5
O=C1NC(=O)c2cc(-c3ccc4c(c3)C(=O)N(c3ccc(Oc5ccc(Oc6ccccc6)cc5)cc3)C4=O)ccc21,397.38
O=C1NC(=O)c2cc(-c3ccc4c(c3)C(=O)N(c3ccc(Oc5cccc(Oc6ccccc6)c5)cc3)C4=O)ccc21,484.0
O=C1NC(=O)c2cc(-c3ccc4c(c3)C(=O)N(c3ccc(Oc5ccccc5)cc3)C4=O)ccc21,535.0
O=C1NC(=O)c2cc(-c3ccc4c(c3)C(=O)N(c3cccc(Oc5cccc(Oc6ccccc6)c5)c3)C4=O)ccc21,340.5
O=C1NC(=O)c2cc(-c3ccc4c(c3)C(=O)N(c3cccc(Oc5ccccc5)c3)C4=O)ccc21,383.5
O=C1NC(=O)c2cc(-c3ccc4c(c3)C(=O)N(c3cccc(S(=O)(=O)c5ccccc5)c3)C4=O)ccc21,533.0
O=C1NC(=O)c2cc(-c3ccc4c(c3)C(=O)N(c3ccccc3)C4=O)ccc21,618.0
O=C1NC(=O)c2cc(C(=O)c3cccc4c3C(=O)N(c3ccc(Oc5ccc(Oc6ccccc6)cc5)cc3)C4=O)ccc21,541.0
O=C1NC(=O)c2cc(C(=O)c3cccc4c3C(=O)N(c3ccc(Oc5ccccc5)cc3)C4=O)ccc21,616.0
O=C1NC(=O)c2cc(C(c3ccc4c(c3)C(=O)N(c3ccc(Oc5ccccc5)cc3)C4=O)(C(F)(F)F)C(F)(F)F)ccc21,561.0
O=C1NC(=O)c2cc(C(c3ccc4c(c3)C(=O)N(c3cccc(Oc5cccc(Oc6ccccc6)c5)c3)C4=O)(C(F)(F)F)C(F)(F)F)ccc21,479.0
O=C1NC(=O)c2cc(C(c3ccc4c(c3)C(=O)N(c3cccc(Oc5ccccc5)c3)C4=O)(C(F)(F)F)C(F)(F)F)ccc21,517.0
O=C1NC(=O)c2cc(C(c3ccc4c(c3)C(=O)N(c3cccc(S(=O)(=O)c5ccccc5)c3)C4=O)(C(F)(F)F)C(F)(F)F)ccc21,552.0
O=C1NC(=O)c2cc(Oc3ccc(-c4ccc(Oc5ccc6c(c5)C(=O)N(c5ccc(Oc7ccccc7)cc5)C6=O)cc4)cc3)ccc21,365.5
O=C1NC(=O)c2cc(Oc3ccc(Oc4ccc(Oc5ccc6c(c5)C(=O)N(c5ccc(Oc7cccc(Oc8ccccc8)c7)cc5)C6=O)cc4)cc3)ccc21,471.0
O=C1NC(=O)c2cc(Oc3ccc(Oc4ccc5c(c4)C(=O)N(c4ccc(Oc6ccccc6)cc4)C5=O)cc3)ccc21,518.0
O=C1NC(=O)c2cc(Oc3ccc(Sc4ccc(Oc5ccc6c(c5)C(=O)N(c5ccc(Oc7cccc(Oc8ccccc8)c7)cc5)C6=O)cc4)cc3)ccc21,340.5
O=C1NC(=O)c2cc(Oc3ccc(Sc4ccc(Oc5ccc6c(c5)C(=O)N(c5cccc(Oc7ccccc7)c5)C6=O)cc4)cc3)ccc21,507.0
O=C1NC(=O)c2cc(Oc3ccc(Sc4ccc(Oc5ccc6c(c5)C(=O)N(c5ccccc5)C6=O)cc4)cc3)ccc21,226.0
O=C1NC(=O)c2cc(Oc3ccc4c(c3)C(=O)N(C(=O)c3ccc(Oc5cccc(-c6ccc(Oc7ccccc7)cc6)c5)cc3)C4=O)ccc21,477.0
O=C1NC(=O)c2cc(Oc3ccc4c(c3)C(=O)N(c3ccc(Oc5ccc(Oc6ccccc6)cc5)cc3)C4=O)ccc21,520.5
O=C1NC(=O)c2cc(Oc3ccc4c(c3)C(=O)N(c3ccc(Oc5ccccc5)cc3)C4=O)ccc21,542.0
O=C1NC(=O)c2cc(Oc3ccc4c(c3)C(=O)N(c3ccc(S(=O)(=O)c5ccccc5)cc3)C4=O)ccc21,422.5
O=C1NC(=O)c2cc(Oc3ccc4c(c3)C(=O)N(c3cccc(Oc5ccccc5)c3)C4=O)ccc21,342.5
O=C1NC(=O)c2cc(Oc3ccc4c(c3)C(=O)N(c3cccc(S(=O)(=O)c5ccccc5)c3)C4=O)ccc21,526.0
O=C1NC(=O)c2cc(Oc3ccc4c(c3)C(=O)N(c3ccccc3)C4=O)ccc21,311.0
O=C1NC(=O)c2cc(Oc3cccc(Oc4ccc5c(c4)C(=O)N(c4ccc(Oc6cccc(Oc7ccccc7)c6)cc4)C5=O)c3)ccc21,327.0
O=C1NC(=O)c2cc(Oc3cccc(Oc4ccc5c(c4)C(=O)N(c4cccc(Oc6ccccc6)c4)C5=O)c3)ccc21,499.0
O=C1NC(=O)c2cc(Oc3cccc4c3C(=O)N(C(=O)c3ccc(Oc5cccc(-c6ccc(Oc7ccccc7)cc6)c5)cc3)C4=O)ccc21,480.0
O=C1NC(=O)c2cc(Oc3cccc4c3C(=O)N(c3ccc(Oc5ccc(Oc6ccccc6)cc5)cc3)C4=O)ccc21,526.0
O=C1NC(=O)c2cc(Oc3cccc4c3C(=O)N(c3ccc(Oc5ccccc5)cc3)C4=O)ccc21,551.0
O=C1NC(=O)c2cc(Oc3cccc4c3C(=O)N(c3cccc(S(=O)(=O)c5ccccc5)c3)C4=O)ccc21,517.0
O=C1NC(=O)c2cc(Oc3cccc4c3C(=O)N(c3ccccc3)C4=O)ccc21,586.0
O=C1NC(=O)c2cc(Sc3ccc4c(c3)C(=O)N(c3ccc(Cc5ccccc5)cc3)C4=O)ccc21,407.5
O=C1NC(=O)c2cc(Sc3ccc4c(c3)C(=O)N(c3ccc(Oc5ccc(Oc6ccccc6)cc5)cc3)C4=O)ccc21,507.0
O=C1NC(=O)c2cc(Sc3ccc4c(c3)C(=O)N(c3ccc(Oc5ccccc5)cc3)C4=O)ccc21,397.0
O=C1NC(=O)c2cc(Sc3ccc4c(c3)C(=O)N(c3ccccc3)C4=O)ccc21,592.0
O=C1NC(=O)c2cc(Sc3cccc4c3C(=O)N(c3ccc(Oc5ccccc5)cc3)C4=O)ccc21,542.0
O=C1NC(=O)c2cc(Sc3cccc4c3C(=O)N(c3ccccc3)C4=O)ccc21,593.0
O=C(c1cc2c(cc1Cl)C(=O)NC2=O)c1cc2c(cc1Cl)C(=O)N(c1cccc(C(F)(F)F)c1)C2=O,305.0
O=C(c1cc2c(cc1Cl)C(=O)NC2=O)c1cc2c(cc1Cl)C(=O)N(c1ccccc1)C2=O,313.0
O=C1NC(=O)c2cc(Oc3ccc4c(c3)C(=O)N(c3cc(C(F)(F)F)ccc3Oc3ccc5ccccc5c3-c3c(Oc5ccc(C(F)(F)F)cc5)ccc5ccccc35)C4=O)ccc21,270.0
CC(C)(C)c1cccc(Cc2ccc(N3C(=O)c4ccc(Oc5ccc6c(c5)C(=O)NC6=O)cc4C3=O)c(C(C)(C)C)c2)c1,216.0
CC(C)(C)c1cccc(Cc2ccc(N3C(=O)c4ccc(S(=O)(=O)c5ccc6c(c5)C(=O)NC6=O)cc4C3=O)c(C(C)(C)C)c2)c1,314.0
CC(C)(C)c1cccc(Cc2ccc(N3C(=O)c4ccc(Sc5ccc6c(c5)C(=O)NC6=O)cc4C3=O)c(C(C)(C)C)c2)c1,286.0
CC(C)(C)c1cccc(Cc2ccc(N3C(=O)c4ccc(-c5ccc6c(c5)C(=O)NC6=O)cc4C3=O)c(C(C)(C)C)c2)c1,324.0
O=C1NC(=O)c2cc(S(=O)(=O)c3ccc4c(c3)C(=O)N(c3ccc(Oc5ccccc5-c5ccccc5Oc5cccc(C(F)(F)F)c5)cc3C(F)(F)F)C4=O)ccc21,236.0
CC(C)(C)c1cccc(Cc2ccc(N3C(=O)c4cccc5c(N6CCC(CCCC7CCN(c8ccc9c%10c(cccc8%10)C(=O)NC9=O)CC7)CC6)ccc(c45)C3=O)c(C(C)(C)C)c2)c1,202.7
Cc1cc(C)c(N2C(=O)c3ccc(-c4ccc5c(c4)C(=O)NC5=O)cc3C2=O)c(C)c1,385.0
Cc1cc(C)c(N2C(=O)c3cccc(Oc4ccc(C(C)(C)c5ccc(Oc6cccc7c6C(=O)NC7=O)cc5)cc4)c3C2=O)c(C)c1,265.0
O=C1NC(=O)C2CC(C3CCC4C(=O)N(c5ccc(Oc6ccc(Oc7ccccc7)c(P(=O)(c7ccccc7)c7ccccc7)c6)cc5)C(=O)C4C3)CCC12,235.7
O=C1NC(=O)C2CC3C(=O)N(c4ccc(Oc5ccc(Oc6ccccc6)c(P(=O)(c6ccccc6)c6ccccc6)c5)cc4)C(=O)C3CC12,252.9
O=C(c1ccc2c(c1OCc1ccccc1[N+](=O)[O-])C(=O)NC2=O)c1ccc2c(c1OCc1ccccc1[N+](=O)[O-])C(=O)N(c1ccc(Oc3ccccc3)cc1)C2=O,198.0
O=C(Nc1ccc(Oc2ccc3nc(-c4ccc([N+](=O)[O-])cc4)c(-c4ccc(Oc5ccc(-c6nc7cc(Oc8ccc(NC(=O)c9ccc%10c(c9)C(=O)N(c9ccc(C(c%11ccccc%11)(C(F)(F)F)C(F)(F)F)cc9)C%10=O)cc8)ccc7nc6-c6ccc([N+](=O)[O-])cc6)cc5)cc4)nc3c2)cc1)c1ccc2c(c1)C(=O)NC2=O,303.0
O=c1[nH]c(=O)c2cc3c(=O)n(-c4ncc(-c5ccc(Oc6ccccc6)cc5)s4)c(=O)c3cc12,328.8
O=c1[nH]c(=O)c2cc3c(=O)n(-c4ccc(C(c5ccccc5)(C(F)(F)F)C(F)(F)F)cc4)c(=O)c3cc12,481.5
O=c1[nH]c(=O)c2cc3c(=O)n(-c4ccc(Oc5ccc(C(c6ccc(Oc7ccccc7)cc6)(C(F)(F)F)C(F)(F)F)cc5)cc4)c(=O)c3cc12,446.5
O=c1[nH]c(=O)c2cc3c(=O)n(-c4ccc(Oc5ccccc5)cc4)c(=O)c3cc12,634.0
O=c1[nH]c(=O)c2cc3c(=O)n(-c4cccc(C(c5ccccc5)(C(F)(F)F)C(F)(F)F)c4)c(=O)c3cc12,432.5
O=c1[nH]c(=O)c2cc3c(=O)n(-c4cccc(Oc5cccc(C(c6cccc(Oc7ccccc7)c6)(C(F)(F)F)C(F)(F)F)c5)c4)c(=O)c3cc12,491.0
O=C1NC(=O)c2cc(Oc3ccc4c(c3)C(=O)N(c3ccc(OCC(O)COc5ccccc5)cc3)C4=O)ccc21,224.0
O=C(O)c1cccc(N2C(=O)c3cc(Cl)c(C(=O)c4cc5c(cc4Cl)C(=O)NC5=O)cc3C2=O)c1,368.0
O=c1[nH]c(=O)c2cc3c(=O)n(-c4ccc(O)cc4O)c(=O)c3cc12,362.0
O=C1NC(=O)c2cc(C(c3ccc4c(c3)C(=O)N(c3cc(C=NC(=S)Nc5ccc(NC(=S)N=Cc6ccc(Cl)cc6)cc5)ccc3Cl)C4=O)(C(F)(F)F)C(F)(F)F)ccc21,281.0
O=C1NC(=O)c2cc(C(c3ccc4c(c3)C(=O)N(c3cc(C=NC(=S)Nc5ccccc5)ccc3Cl)C4=O)(C(F)(F)F)C(F)(F)F)ccc21,272.0
O=C(c1ccc2c(c1)C(=O)NC2=O)c1ccc2c(c1)C(=O)N(c1cc(C=NC(=S)Nc3ccc(NC(=S)N=Cc4ccc(Cl)cc4)cc3)ccc1Cl)C2=O,283.0
O=C(c1ccc2c(c1)C(=O)NC2=O)c1ccc2c(c1)C(=O)N(c1cc(C=NC(=S)Nc3ccccc3)ccc1Cl)C2=O,274.0
O=C1NC(=O)c2cc(Oc3ccc4c(c3)C(=O)N(c3cc(C=NC(=S)Nc5ccc(NC(=S)N=Cc6ccc(Cl)cc6)cc5)ccc3Cl)C4=O)ccc21,285.0
O=c1[nH]c(=O)c2cc3c(=O)n(-c4ccc(NC(=S)N=Cc5ccc(Cl)cc5)cc4)c(=O)c3cc12,276.0
O=C(c1ccc2c(c1)C(=O)NC2=O)c1ccc2c(c1)C(=O)N(C(=S)Nc1ccc(Oc3ccc(NC=S)cc3)cc1)C2=O,262.0
O=C1NC(=O)c2cc(C(c3ccc4c(c3)C(=O)N(C(=S)Nc3ccc(Oc5ccc(NC=S)cc5)cc3)C4=O)(C(F)(F)F)C(F)(F)F)ccc21,260.0
O=c1[nH]c(=O)c2cc3c(=O)n(C(=S)Nc4ccc(Oc5ccc(NC=S)cc5)cc4)c(=O)c3cc12,265.0
CCC(=O)Nc1ccc(Oc2ccc([Si](c3ccccc3)(c3ccccc3)c3ccc(Oc4ccc(NC(=O)C(C)N5C(=O)c6ccc([Si](C)(C)c7ccc8c(c7)C(=O)NC8=O)cc6C5=O)cc4)cc3)cc2)cc1,149.0
C[Si](C)(c1ccc2c(c1)C(=O)NC2=O)c1ccc2c(c1)C(=O)N(C(Cc1ccccc1)C(=O)Nc1ccc(Oc3ccc([Si](c4ccccc4)(c4ccccc4)c4ccc(Oc5ccc(NC(=O)CCc6ccccc6)cc5)cc4)cc3)cc1)C2=O,131.0
CCC(=O)Nc1ccc([Si](c2ccccc2)(c2ccccc2)c2ccc(NC(=O)C(C)N3C(=O)c4ccc([Si](C)(C)c5ccc6c(c5)C(=O)NC6=O)cc4C3=O)cc2)cc1,220.0
C[Si](C)(c1ccc2c(c1)C(=O)NC2=O)c1ccc2c(c1)C(=O)N(C(Cc1ccccc1)C(=O)Nc1ccc([Si](c3ccccc3)(c3ccccc3)c3ccc(NC(=O)CCc4ccccc4)cc3)cc1)C2=O,200.0
O=C1NC(=O)c2cc(-c3ccc(-c4ccc(-c5ccc(-c6ccc(-c7ccc8c(c7)C(=O)N(c7ccc(Oc9ccccc9)c(-c9ccccc9)c7)C8=O)cc6)cc5)cc4)cc3)ccc21,260.0
O=C1NC(=O)c2cc(-c3ccc(-c4ccc(-c5ccc(-c6ccc7c(c6)C(=O)N(c6ccc(Oc8ccccc8)c(-c8ccccc8)c6)C7=O)cc5)cc4)cc3)ccc21,255.0
O=C1NC(=O)c2cc(-c3ccc(-c4ccc(-c5ccc6c(c5)C(=O)N(c5ccc(Oc7ccccc7)c(-c7ccccc7)c5)C6=O)cc4)cc3)ccc21,250.0
O=C1NC(=O)c2cc(-c3ccc(-c4ccc5c(c4)C(=O)N(c4ccc(Oc6ccccc6)c(-c6ccccc6)c4)C5=O)cc3)ccc21,262.0
O=C1NC(=O)c2cc(C(c3ccc4c(c3)C(=O)N(c3cc(C(F)(F)F)ccc3N3CCN(c5ccc(C(F)(F)F)cc5)CC3)C4=O)(C(F)(F)F)C(F)(F)F)ccc21,266.0
O=C1NC(=O)c2cc(Oc3ccc(C(c4ccc(Oc5ccc6c(c5)C(=O)N(c5cc(C(F)(F)F)ccc5N5CCN(c7ccc(C(F)(F)F)cc7)CC5)C6=O)cc4)(C(F)(F)F)C(F)(F)F)cc3)ccc21,211.0
O=C1NC(=O)c2cc(C(c3ccc4c(c3)C(=O)N(c3cc(C(F)(F)F)ccc3Oc3ccc(Oc5ccc(C(F)(F)F)cc5)cc3)C4=O)(C(F)(F)F)C(F)(F)F)ccc21,231.0
O=C1NC(=O)c2cc(Oc3ccc(Oc4ccc5c(c4)C(=O)N(c4ccc(OC6CCC(Oc7ccccc7C(F)(F)F)CC6)c(C(F)(F)F)c4)C5=O)cc3)ccc21,221.0
O=C1NC(=O)C2CC3C(=O)N(c4ccc(OC5CCC(Oc6ccccc6C(F)(F)F)CC5)c(C(F)(F)F)c4)C(=O)C3CC12,270.0
O=C1NC(=O)c2cc(-c3c(-c4ccccc4)c(-c4ccccc4)c(-c4ccc(Sc5ccc(-c6c(-c7ccccc7)c(-c7ccccc7)c(-c7ccc8c(c7)C(=O)N(c7ccccc7)C8=O)c(-c7ccccc7)c6-c6ccccc6)cc5)cc4)c(-c4ccccc4)c3-c3ccccc3)ccc21,344.0
O=C1NC(=O)c2cc(-c3c(-c4ccccc4)c(-c4ccccc4)c(-c4ccc(Oc5ccc(-c6c(-c7ccccc7)c(-c7ccccc7)c(-c7ccc8c(c7)C(=O)N(c7ccccc7)C8=O)c(-c7ccccc7)c6-c6ccccc6)cc5)cc4)c(-c4ccccc4)c3-c3ccccc3)ccc21,353.0
CC(C)(c1ccc(Oc2ccc3c(c2)C(=O)NC3=O)cc1)c1ccc(Oc2ccc3c(c2)C(=O)N(c2ccc(Oc4cccc(-c5cc(-c6ccc(O)cc6)cc(-c6cccc(Oc7ccccc7)c6)n5)c4)cc2)C3=O)cc1,221.7
O=C1NC(=O)C2CC3C(=O)N(c4ccc(OC5CCC(Oc6ccccc6)CC5)cc4)C(=O)C3CC12,303.0
O=C1NC(=O)c2cc(Sc3ccc(Sc4ccc(Sc5ccc6c(c5)C(=O)N(c5ccc(Sc7ccc(Sc8ccc(Sc9ccccn9)cc8)cc7)nc5)C6=O)cc4)cc3)ccc21,180.0
O=C1NC(=O)C2C3C=CC(C12)C1C(=O)N(C2CCC(CC4CCCCC4)CC2)C(=O)C31,239.0
O=C1NC(=O)c2cc(Oc3ccc4c(c3)C(=O)N(C3CCC(CC5CCCCC5)CC3)C4=O)ccc21,240.0
O=C1NC(=O)c2cc(-c3ccc4c(c3)C(=O)N(C3CCC(CC5CCCCC5)CC3)C4=O)ccc21,242.0
CC(=O)Nc1ccc(Cc2ccc(NC(=O)CN3C(=O)c4ccc(C(=O)c5ccc6c(c5)C(=O)NC6=O)cc4C3=O)cc2)cc1,233.0
CC(=O)Nc1ccc(NC(=O)CN2C(=O)c3ccc(C(=O)c4ccc5c(c4)C(=O)NC5=O)cc3C2=O)cc1,250.0
CC(=O)Nc1ccc(Oc2ccc(C(C)(C)c3ccc(Oc4ccc(NC(=O)CN5C(=O)c6ccc(C(c7ccc8c(c7)C(=O)NC8=O)(C(F)(F)F)C(F)(F)F)cc6C5=O)cc4)cc3)cc2)cc1,224.0
CC(=O)Nc1ccc(Oc2ccc(NC(=O)CN3C(=O)c4ccc(C(=O)c5ccc6c(c5)C(=O)NC6=O)cc4C3=O)cc2)cc1,235.0
CC(=O)Nc1ccc(Oc2ccc(Oc3ccc(NC(=O)CN4C(=O)c5ccc(C(=O)c6ccc7c(c6)C(=O)NC7=O)cc5C4=O)cc3)cc2)cc1,230.0
CC(=O)Nc1ccc(Oc2ccc(Oc3ccc(NC(=O)CN4C(=O)c5ccc(C(c6ccc7c(c6)C(=O)NC7=O)(C(F)(F)F)C(F)(F)F)cc5C4=O)cc3)cc2)cc1,242.0
CC(=O)Nc1ccc(Oc2ccc(S(=O)(=O)c3ccc(Oc4ccc(NC(=O)CN5C(=O)c6ccc(C(c7ccc8c(c7)C(=O)NC8=O)(C(F)(F)F)C(F)(F)F)cc6C5=O)cc4)cc3)cc2)cc1,241.0
CC(=O)Nc1ccc(Oc2ccc(-c3ccc(Oc4ccc(NC(=O)CN5C(=O)c6ccc(C(c7ccc8c(c7)C(=O)NC8=O)(C(F)(F)F)C(F)(F)F)cc6C5=O)cc4)cc3)cc2)cc1,245.0
CC(=O)Nc1ccc(Oc2cccc(Oc3ccc(NC(=O)CN4C(=O)c5ccc(C(c6ccc7c(c6)C(=O)NC7=O)(C(F)(F)F)C(F)(F)F)cc5C4=O)cc3)c2)cc1,221.0
CC[Si](C)(c1ccc2c(c1)C(=O)NC2=O)c1ccc2c(c1)C(=O)N(CC(=O)Nc1ccc([Si](c3ccccc3)(c3ccccc3)c3ccc(NC(C)=O)cc3)cc1)C2=O,179.0
CC(=O)Oc1ccc([Si](C)(C)c2ccc(OC(=O)CN3C(=O)c4ccc([Si](C)(C)c5ccc6c(c5)C(=O)NC6=O)cc4C3=O)cc2)cc1,174.0
CC[Si](C)(c1ccc(OC(C)=O)cc1)c1ccc(OC(=O)CN2C(=O)c3ccc([Si](C)(CC)c4ccc5c(c4)C(=O)NC5=O)cc3C2=O)cc1,126.0
CC(C)N1C(=O)C2C3C=CC(C4C(=O)NC(=O)C34)C2C1=O,212.0
CC1(C)CC(N2C(=O)c3ccc(Oc4ccc5c(c4)C(=O)NC5=O)cc3C2=O)CC(C)(C)C1,266.0
CC1(C)CC(N2C(=O)c3ccc(-c4ccc5c(c4)C(=O)NC5=O)cc3C2=O)CC(C)(C)C1,311.0
CC1CC2CC1C1CCC(CN3C(=O)c4ccc(C(=O)c5ccc6c(c5)C(=O)NC6=O)cc4C3=O)C21,217.0
CC1CC2CC1C1CCC(CN3C(=O)c4ccc(C(c5ccc6c(c5)C(=O)NC6=O)(C(F)(F)F)C(F)(F)F)cc4C3=O)C21,207.0
CC1CC2CC1C1CCC(CN3C(=O)c4ccc(Oc5ccc6c(c5)C(=O)NC6=O)cc4C3=O)C21,201.0
CC1CC2CC1C1CCC(CN3C(=O)c4ccc(-c5ccc6c(c5)C(=O)NC6=O)cc4C3=O)C21,230.0
CC1CC2CC1C1CCC(Cn3c(=O)c4cc5c(=O)[nH]c(=O)c5cc4c3=O)C21,265.0
CC1CCCC(CN2C(=O)c3ccc(C(=O)c4ccc5c(c4)C(=O)NC5=O)cc3C2=O)C1,213.0
CC1CCCC(CN2C(=O)c3ccc(C(c4ccc5c(c4)C(=O)NC5=O)(C(F)(F)F)C(F)(F)F)cc3C2=O)C1,222.0
CC1CCCC(CN2C(=O)c3ccc(Oc4ccc5c(c4)C(=O)NC5=O)cc3C2=O)C1,199.0
CC1CCCC(CN2C(=O)c3ccc(-c4ccc5c(c4)C(=O)NC5=O)cc3C2=O)C1,234.0
CC1CCCC(Cn2c(=O)c3cc4c(=O)[nH]c(=O)c4cc3c2=O)C1,263.0
CCC(=O)Nc1ccc(Cc2ccc(NC(=O)CCN3C(=O)c4ccc(C(=O)c5ccc6c(c5)C(=O)NC6=O)cc4C3=O)cc2)cc1,221.0
CCC(=O)Nc1ccc(NC(=O)CCN2C(=O)c3ccc(C(=O)c4ccc5c(c4)C(=O)NC5=O)cc3C2=O)cc1,237.0
CCC(=O)Nc1ccc(Oc2ccc(NC(=O)CCN3C(=O)c4ccc(C(=O)c5ccc6c(c5)C(=O)NC6=O)cc4C3=O)cc2)cc1,232.0
CCC(=O)Nc1ccc(Oc2ccc(Oc3ccc(NC(=O)CCN4C(=O)c5ccc(C(=O)c6ccc7c(c6)C(=O)NC7=O)cc5C4=O)cc3)cc2)cc1,221.0
CCCC(=O)Nc1ccc(Cc2ccc(NC(=O)CCCN3C(=O)c4ccc(C(=O)c5ccc6c(c5)C(=O)NC6=O)cc4C3=O)cc2)cc1,195.0
CCCC(=O)Nc1ccc(NC(=O)CCCN2C(=O)c3ccc(C(=O)c4ccc5c(c4)C(=O)NC5=O)cc3C2=O)cc1,209.0
CCCC(=O)Nc1ccc(Oc2ccc(Oc3ccc(NC(=O)CCCN4C(=O)c5ccc(C(=O)c6ccc7c(c6)C(=O)NC7=O)cc5C4=O)cc3)cc2)cc1,178.0
CCCC(=O)Nc1ccc(Oc2cccc(NC(=O)CCCN3C(=O)c4ccc(C(=O)c5ccc6c(c5)C(=O)NC6=O)cc4C3=O)c2)cc1,188.0
CCCC(C)CN1C(=O)c2ccc(C(=O)Oc3ccc(-c4ccc(OC(=O)c5ccc6c(c5)C(=O)NC6=O)cc4)cc3)cc2C1=O,155.0
CCCC(C)CN1C(=O)c2ccc(C(=O)Oc3ccc4cc(OC(=O)c5ccc6c(c5)C(=O)NC6=O)ccc4c3)cc2C1=O,130.0
CCCCCC(=O)Nc1ccc(Cc2ccc(NC(=O)CCCCCN3C(=O)c4ccc(C(=O)c5ccc6c(c5)C(=O)NC6=O)cc4C3=O)cc2)cc1,187.0
CCCCCC(=O)Nc1ccc(NC(=O)CCCCCN2C(=O)c3ccc(C(=O)c4ccc5c(c4)C(=O)NC5=O)cc3C2=O)cc1,200.0
CCCCCC(=O)Nc1ccc(Oc2ccc(NC(=O)CCCCCN3C(=O)c4ccc(C(=O)c5ccc6c(c5)C(=O)NC6=O)cc4C3=O)cc2)cc1,195.0
CCCCCC(=O)Nc1ccc(Oc2ccc(Oc3ccc(NC(=O)CCCCCN4C(=O)c5ccc(C(=O)c6ccc7c(c6)C(=O)NC7=O)cc5C4=O)cc3)cc2)cc1,158.0
CCCCCC(=O)Nc1ccc(Oc2cccc(NC(=O)CCCCCN3C(=O)c4ccc(C(=O)c5ccc6c(c5)C(=O)NC6=O)cc4C3=O)c2)cc1,170.0
CCCCCC(=O)OCCCCCCN1C(=O)c2ccc(-c3ccc4c(c3)C(=O)N(CCCCCCOC(=O)CCCCCN3C(=O)c5ccc(-c6ccc7c(c6)C(=O)NC7=O)cc5C3=O)C4=O)cc2C1=O,67.0
CCCCCC(=O)Oc1ccc(OC(=O)CCCCCn2c(=O)c3cc4c(=O)[nH]c(=O)c4cc3c2=O)c(C)c1,78.0
CCCCCC(=O)Oc1ccc(OC(=O)CCCCCn2c(=O)c3cc4c(=O)[nH]c(=O)c4cc3c2=O)c(Cl)c1,87.0
CCCCCC(=O)Oc1ccc(OC(=O)CCCCCn2c(=O)c3cc4c(=O)[nH]c(=O)c4cc3c2=O)c(-c2ccccc2)c1,82.0
CCCCCC(=O)Oc1ccc(Oc2ccc(OC(=O)CCCCCn3c(=O)c4cc5c(=O)[nH]c(=O)c5cc4c3=O)cc2)cc1,91.0
CCCCCC(=O)Oc1ccc2ccc(OC(=O)CCCCCn3c(=O)c4cc5c(=O)[nH]c(=O)c5cc4c3=O)cc2c1,98.0
CCCCCCCCCCC(=O)Nc1ccc(Cc2ccc(NC(=O)CCCCCCCCCCN3C(=O)c4ccc(C(=O)c5ccc6c(c5)C(=O)NC6=O)cc4C3=O)cc2)cc1,136.0
CCCCCCCCCCC(=O)Nc1ccc(NC(=O)CCCCCCCCCCN2C(=O)c3ccc(C(=O)c4ccc5c(c4)C(=O)NC5=O)cc3C2=O)cc1,125.0
CCCCCCCCCCC(=O)Nc1ccc(Oc2ccc(NC(=O)CCCCCCCCCCN3C(=O)c4ccc(C(=O)c5ccc6c(c5)C(=O)NC6=O)cc4C3=O)cc2)cc1,132.0
CCCCCCCCCCC(=O)Nc1ccc(Oc2ccc(Oc3ccc(NC(=O)CCCCCCCCCCN4C(=O)c5ccc(C(=O)c6ccc7c(c6)C(=O)NC7=O)cc5C4=O)cc3)cc2)cc1,122.0
CCCCCCCCCCC(=O)Nc1ccc(Oc2cccc(NC(=O)CCCCCCCCCCN3C(=O)c4ccc(C(=O)c5ccc6c(c5)C(=O)NC6=O)cc4C3=O)c2)cc1,126.0
CCCCCCCCCCC(=O)Oc1ccc2cc(OC(=O)CCCCCCCCCCn3c(=O)c4cc5c(=O)[nH]c(=O)c5cc4c3=O)ccc2c1,66.0
CCCCCCCCCCCC(=O)Oc1ccc2cc(OC(=O)CCCCCCCCCCCn3c(=O)c4cc5c(=O)[nH]c(=O)c5cc4c3=O)ccc2c1,62.0
CCCCCCCCCCCCN1C(=O)c2ccc(C(=O)Oc3ccc(-c4ccc(OC(=O)c5ccc6c(c5)C(=O)NC6=O)cc4)cc3)cc2C1=O,153.0
CCCCCCCCCCCCN1C(=O)c2ccc(C(c3ccc4c(c3)C(=O)NC4=O)(C(F)(F)F)C(F)(F)F)cc2C1=O,100.0
CCCCCCCCCCCCN1C(=O)c2ccc(Oc3ccc4c(c3)C(=O)NC4=O)cc2C1=O,70.0
CCCCCCCCCCCCN1C(=O)c2ccc(-c3ccc(-c4ccc5c(c4)C(=O)NC5=O)cc3)cc2C1=O,86.0
CCCCCCCCCCCCN1C(=O)c2ccc(C(c3ccc4c(c3)C(=O)N(CCCCCCCCCCCCN3C(=O)c5ccc6c7ccc8c9c(ccc(c%10ccc(c5c6%10)C3=O)c97)C(=O)NC8=O)C4=O)(C(F)(F)F)C(F)(F)F)cc2C1=O,170.0
CCCCCCCCCCCCN1C(=O)c2cccc3c(-c4ccc5c6c(cccc46)C(=O)N(CCCCCCCCCCCCN4C(=O)c6ccc7c8ccc9c%10c(ccc(c%11ccc(c6c7%11)C4=O)c%108)C(=O)NC9=O)C5=O)ccc(c23)C1=O,210.0
CCCCCCCCCCCN1C(=O)c2ccc(C(=O)Oc3ccc(-c4ccc(OC(=O)c5ccc6c(c5)C(=O)NC6=O)cc4)cc3)cc2C1=O,97.0
CCCCCCCCCCCN1C(=O)c2ccc(Oc3ccc4c(c3)C(=O)NC4=O)cc2C1=O,74.0
CCCCCCCCCCCN1C(=O)c2ccc(-c3ccc(-c4ccc5c(c4)C(=O)NC5=O)cc3)cc2C1=O,89.0
CCCCCCCCCCN1C(=O)C2C3C=CC(C4C(=O)NC(=O)C34)C2C1=O,219.0
CCCCCCCCCCN1C(=O)c2ccc(C(c3ccc4c(c3)C(=O)NC4=O)(C(F)(F)F)C(F)(F)F)cc2C1=O,115.0
CCCCCCCCCCN1C(=O)c2ccc(Oc3ccc4c(c3)C(=O)NC4=O)cc2C1=O,83.0
CCCCCCCCCCN1C(=O)c2ccc(-c3ccc(-c4ccc5c(c4)C(=O)NC5=O)cc3)cc2C1=O,103.0
CCCCCCCCCN1C(=O)c2ccc(C(c3ccc4c(c3)C(=O)NC4=O)(C(F)(F)F)C(F)(F)F)cc2C1=O,110.0
CCCCCCCCCN1C(=O)c2ccc(Oc3ccc4c(c3)C(=O)NC4=O)cc2C1=O,89.0
CCCCCCCCCN1C(=O)c2ccc(-c3ccc(-c4ccc5c(c4)C(=O)NC5=O)cc3)cc2C1=O,104.0
CCCCCCCCN1C(=O)c2ccc(-c3ccc(-c4ccc5c(c4)C(=O)NC5=O)cc3)cc2C1=O,120.0
CCCCCCCCN1C(=O)c2ccc(C(c3ccc4c(c3)C(=O)NC4=O)(C(F)(F)F)C(F)(F)F)cc2C1=O,122.0
CCCCCCCCN1C(=O)c2ccc(Oc3ccc4c(c3)C(=O)NC4=O)cc2C1=O,100.0
CCCCCCCN1C(=O)c2ccc(-c3ccc(-c4ccc5c(c4)C(=O)NC5=O)cc3)cc2C1=O,135.0
CCCCCCCN1C(=O)c2ccc(C(c3ccc4c(c3)C(=O)NC4=O)(C(F)(F)F)C(F)(F)F)cc2C1=O,135.0
CCCCCCCN1C(=O)c2ccc(Oc3ccc4c(c3)C(=O)NC4=O)cc2C1=O,110.0
CCCCCCCN1C(=O)c2ccc(C(=O)Oc3ccc(-c4ccc(OC(=O)c5ccc6c(c5)C(=O)NC6=O)cc4)cc3)cc2C1=O,117.0
CCCCCCN1C(=O)c2ccc(C(=O)Nc3ccc(S(=O)(=O)c4cccc(NC(=O)c5ccc6c(c5)C(=O)NC6=O)c4)cc3)cc2C1=O,190.0
CCCCCCN1C(=O)c2ccc(C(=O)Oc3ccc(C(=O)c4ccc(OC(=O)c5ccc6c(c5)C(=O)NC6=O)cc4)cc3)cc2C1=O,112.3
CCCCCCN1C(=O)c2ccc(Oc3ccc4c(c3)C(=O)NC4=O)cc2C1=O,118.0
CCCCCCN1C(=O)c2ccc(-c3ccc(-c4ccc5c(c4)C(=O)NC5=O)cc3)cc2C1=O,141.0
CCCCCCN1C(=O)c2ccc(C(=O)Nc3ccc(S(=O)(=O)c4ccc(NC(=O)c5ccc6c(c5)C(=O)NC6=O)cc4)cc3)cc2C1=O,198.0
CCCCCCN1C(=O)c2ccc(C(=O)Oc3ccc(-c4ccc(OC(=O)c5ccc6c(c5)C(=O)NC6=O)cc4)cc3)cc2C1=O,133.0
CCCCCCOC(=O)CCCCCCC(=O)OCCCCCCN1C(=O)c2ccc(S(=O)(=O)c3ccc4c(c3)C(=O)NC4=O)cc2C1=O,46.0
CCCCCCOC(=O)CCCCCCCCC(=O)OCCCCCCN1C(=O)c2ccc(S(=O)(=O)c3ccc4c(c3)C(=O)NC4=O)cc2C1=O,72.0
CCCCCCOC(=O)CCCCCCCCCCCCCCCCCCC(=O)OCCCCCCN1C(=O)c2ccc(S(=O)(=O)c3ccc4c(c3)C(=O)NC4=O)cc2C1=O,19.0
CCCCCCOC(=O)CCCCCCCCCCN1C(=O)c2ccc(-c3ccc(-c4ccc5c(c4)C(=O)N(CCCCCCCCCCC(=O)OCCCCCCN4C(=O)c6ccc(-c7ccc8c(c7)C(=O)NC8=O)cc6C4=O)C5=O)cc3)cc2C1=O,45.0
CCCCCCOC(=O)CCCCCCCCCCN1C(=O)c2ccc(-c3ccc4c(c3)C(=O)N(CCCCCCCCCCC(=O)OCCCCCCN3C(=O)c5ccc(-c6ccc7c(c6)C(=O)NC7=O)cc5C3=O)C4=O)cc2C1=O,39.0
CCCCCCOC(=O)OCCCCCCN1C(=O)c2ccc(C(=O)c3ccc4c(c3)C(=O)NC4=O)cc2C1=O,76.0
CCCCCCOC(=O)OCCCCCCOC(=O)OCCCCCCN1C(=O)c2ccc(C(=O)c3ccc4c(c3)C(=O)NC4=O)cc2C1=O,40.0
CCCCCCOC(=O)OCCCCCCOC(=O)OCCCCCCN1C(=O)c2ccc(Oc3ccc4c(c3)C(=O)NC4=O)cc2C1=O,34.0
CCCCCCOC(=O)OCCCCCCOC(=O)OCCCCCCN1C(=O)c2ccc(-c3ccc(-c4ccc5c(c4)C(=O)NC5=O)cc3)cc2C1=O,61.0
CCCCCCOC(=O)OCCCOC(=O)OCCCCCCN1C(=O)c2ccc(C(=O)c3ccc4c(c3)C(=O)NC4=O)cc2C1=O,61.0
CCCCCCOC(=O)c1cc(OCCCCCCOc2ccc(N=Nc3ccc(C#N)cc3)cc2)cc(C(=O)OCCCCCCN2C(=O)c3ccc(-c4ccc(-c5ccc6c(c5)C(=O)NC6=O)cc4)cc3C2=O)c1,67.0
CCCCCCOC(=O)c1cc(OCCCCCCOc2ccc(N=Nc3ccc(C#N)cc3)cc2)cc(C(=O)OCCCCCCN2C(=O)c3ccc(Oc4ccc5c(c4)C(=O)NC5=O)cc3C2=O)c1,61.0
CCCCCCOC(=O)c1cc(OCCCCCCOc2ccc(N=Nc3ccc(C#N)cc3)cc2)cc(C(=O)OCCCCCCN2C(=O)c3ccc(S(=O)(=O)c4ccc5c(c4)C(=O)NC5=O)cc3C2=O)c1,83.0
CCCCCCOC(=O)c1cc(OCCCCCCOc2ccc(N=Nc3ccc(C#N)cc3)cc2)cc(C(=O)OCCCCCCN2C(=O)c3ccc(-c4ccc5c(c4)C(=O)NC5=O)cc3C2=O)c1,93.0
CCCCCCOC(=O)c1cc(OCCCCCCOc2ccc(N=Nc3ccc(C#N)cc3)cc2)cc(C(=O)OCCCCCCn2c(=O)c3cc4c(=O)[nH]c(=O)c4cc3c2=O)c1,46.0
CCCCCN1C(=O)c2ccc(C(=O)Oc3ccc(-c4ccc(OC(=O)c5ccc6c(c5)C(=O)NC6=O)cc4)cc3)cc2C1=O,147.0
CCCCCN1C(=O)c2ccc(C(c3ccc4c(c3)C(=O)NC4=O)(C(F)(F)F)C(F)(F)F)cc2C1=O,160.0
CCCCCOC(=O)CCCCCCCCCCN1C(=O)c2ccc(-c3ccc(-c4ccc5c(c4)C(=O)N(CCCCCCCCCCC(=O)OCCCCCN4C(=O)c6ccc(-c7ccc8c(c7)C(=O)NC8=O)cc6C4=O)C5=O)cc3)cc2C1=O,41.0
CCCCCOC(=O)CCCCCCCCCCN1C(=O)c2ccc(-c3ccc4c(c3)C(=O)N(CCCCCCCCCCC(=O)OCCCCCN3C(=O)c5ccc(-c6ccc7c(c6)C(=O)NC7=O)cc5C3=O)C4=O)cc2C1=O,46.0
CCCCCOC(=O)OCCCCCN1C(=O)c2ccc(C(=O)c3ccc4c(c3)C(=O)NC4=O)cc2C1=O,77.0
CCCCCOC(=O)OCCCCCCOC(=O)OCCCCCn1c(=O)c2cc3c(=O)[nH]c(=O)c3cc2c1=O,27.0
CCCCN1C(=O)C2C3C=CC(C4C(=O)NC(=O)C34)C2C1=O,211.0
CCCCN1C(=O)c2ccc(C(c3ccc4c(c3)C(=O)NC4=O)(C(F)(F)F)C(F)(F)F)cc2C1=O,180.0
CCCCN1C(=O)c2ccc(C(=O)Oc3ccc(-c4ccc(OC(=O)c5ccc6c(c5)C(=O)NC6=O)cc4)cc3)cc2C1=O,126.0
CCCCOC(=O)OCCCCCCOC(=O)OCCCCn1c(=O)c2cc3c(=O)[nH]c(=O)c3cc2c1=O,37.0
CCCCOC(=O)OCCCCN1C(=O)c2ccc(-c3ccc4c(c3)C(=O)NC4=O)cc2C1=O,104.0
CCCN1C(=O)C2C3C=CC(C4C(=O)NC(=O)C34)C2C1=O,210.0
CCCN1C(=O)c2ccc(C(c3ccc4c(c3)C(=O)NC4=O)(C(F)(F)F)C(F)(F)F)cc2C1=O,190.0
CCCOC(=O)OCCCCCCOC(=O)OCCCN1C(=O)c2ccc(C(=O)c3ccc4c(c3)C(=O)NC4=O)cc2C1=O,70.0
CCCOC(=O)OCCCCCCOC(=O)OCCCn1c(=O)c2cc3c(=O)[nH]c(=O)c3cc2c1=O,36.0
CCCOCCCCOCCCN1C(=O)c2ccc(C(=O)Oc3ccc(OC(=O)c4ccc5c(c4)C(=O)NC5=O)c(-c4ccccc4)c3)cc2C1=O,71.0
CCCOCCCCOCCCN1C(=O)c2ccc(C(=O)Oc3ccc(C(C)(C)c4ccc(OC(=O)c5ccc6c(c5)C(=O)NC6=O)cc4)cc3)cc2C1=O,60.0
CCCOCCCCOCCCN1C(=O)c2ccc(C(=O)Oc3ccc(OC(=O)c4ccc5c(c4)C(=O)NC5=O)cc3)cc2C1=O,56.0
CCCOCCCCOCCCN1C(=O)c2ccc(C(=O)Oc3ccc(-c4ccc(OC(=O)c5ccc6c(c5)C(=O)NC6=O)cc4)cc3)cc2C1=O,70.0
CCCOCCCCOCCCN1C(=O)c2ccc(C(=O)Oc3ccc4cc(OC(=O)c5ccc6c(c5)C(=O)NC6=O)ccc4c3)cc2C1=O,68.0
CCC[Si](C)(C)O[Si](C)(C)CCCN1C(=O)c2ccc(C(c3ccc4c(c3)C(=O)NC4=O)(C(F)(F)F)C(F)(F)F)cc2C1=O,90.0
CCC[Si](C)(C)O[Si](C)(C)CCCN1C(=O)c2ccc(Oc3ccc(C(C)(C)c4ccc(Oc5ccc6c(c5)C(=O)NC6=O)cc4)cc3)cc2C1=O,72.0
CCC[Si](C)(C)O[Si](C)(C)CCCN1C(=O)c2ccc(Oc3c(Br)cc(C(C)(C)c4cc(Br)c(Oc5ccc6c(c5)C(=O)NC6=O)c(Br)c4)cc3Br)cc2C1=O,110.0
CCN(CCN1C(=O)c2ccc(C(c3ccc4c(c3)C(=O)NC4=O)(C(F)(F)F)C(F)(F)F)cc2C1=O)c1ccc(C=CC2=CC(=C(C#N)C#N)CC(C)(C)C2)cc1,224.0
CCN(CCN1C(=O)c2ccc(C(c3ccc4c(c3)C(=O)NC4=O)(C(F)(F)F)C(F)(F)F)cc2C1=O)c1ccc(C=Cc2ccc([N+](=O)[O-])cc2)cc1,219.0
CCN(CCN1C(=O)c2ccc(C(c3ccc4c(c3)C(=O)NC4=O)(C(F)(F)F)C(F)(F)F)cc2C1=O)c1ccc(N=Nc2ccc(C#N)cc2)cc1,213.0
CCN(CCN1C(=O)c2ccc(C(c3ccc4c(c3)C(=O)NC4=O)(C(F)(F)F)C(F)(F)F)cc2C1=O)c1ccc(N=Nc2ccc(C3OCCO3)cc2)cc1,178.0
CCN(CCN1C(=O)c2ccc(C(c3ccc4c(c3)C(=O)NC4=O)(C(F)(F)F)C(F)(F)F)cc2C1=O)c1ccc(N=Nc2ccc(C=O)cc2)cc1,170.0
CCN(CCN1C(=O)c2ccc(C(c3ccc4c(c3)C(=O)NC4=O)(C(F)(F)F)C(F)(F)F)cc2C1=O)c1ccc(N=Nc2ccc([N+](=O)[O-])cc2)cc1,210.0
CCN(CCN1C(=O)c2ccc(C(c3ccc4c(c3)C(=O)NC4=O)(C(F)(F)F)C(F)(F)F)cc2C1=O)c1ccc(N=Nc2ccc([N+](=O)[O-])cc2C)cc1,205.0
CCN1C(=O)c2ccc(C(c3ccc4c(c3)C(=O)NC4=O)(C(F)(F)F)C(F)(F)F)cc2C1=O,180.0
CCOCCOCCN1C(=O)c2ccc(C(=O)Oc3ccc(OC(=O)c4ccc5c(c4)C(=O)NC5=O)c(-c4ccccc4)c3)cc2C1=O,105.0
CCOCCOCCN1C(=O)c2ccc(C(=O)Oc3ccc(C(C)(C)c4ccc(OC(=O)c5ccc6c(c5)C(=O)NC6=O)cc4)cc3)cc2C1=O,118.0
CCOCCOCCN1C(=O)c2ccc(C(=O)Oc3ccc(OC(=O)c4ccc5c(c4)C(=O)NC5=O)cc3)cc2C1=O,105.0
CCOCCOCCN1C(=O)c2ccc(C(=O)Oc3ccc(-c4ccc(OC(=O)c5ccc6c(c5)C(=O)NC6=O)cc4)cc3)cc2C1=O,109.0
CCOCCOCCN1C(=O)c2ccc(C(=O)Oc3ccc4cc(OC(=O)c5ccc6c(c5)C(=O)NC6=O)ccc4c3)cc2C1=O,105.0
Cc1ccc(C(C)(C)c2ccc(CN3C(=O)c4ccc(C(c5ccc6c(c5)C(=O)NC6=O)(C(F)(F)F)C(F)(F)F)cc4C3=O)o2)o1,134.0
Cc1ccc(C(C)(C)c2ccc(CN3C(=O)c4ccc(Oc5ccc6c(c5)C(=O)NC6=O)cc4C3=O)o2)o1,116.0
Cc1ccc(C(C)c2ccc(CN3C(=O)c4ccc(Oc5ccc6c(c5)C(=O)NC6=O)cc4C3=O)o2)o1,129.0
Cc1ccc(C(C)(C)c2ccc(CN3C(=O)c4ccc(-c5ccc6c(c5)C(=O)NC6=O)cc4C3=O)o2)o1,129.0
Cc1ccc(C(C)(C)c2ccc(Cn3c(=O)c4cc5c(=O)[nH]c(=O)c5cc4c3=O)o2)o1,138.0
Cc1ccc(C(C)c2ccc(Cn3c(=O)c4cc5c(=O)[nH]c(=O)c5cc4c3=O)o2)o1,116.0
Cc1cc(C)cc(C(c2cccnc2)c2cc(C)c(N3C(=O)CC(Nc4ccc(Cc5ccc(NC6CC(=O)NC6=O)cc5)cc4)C3=O)c(C)c2)c1,219.0
Cc1cc(C)cc(C(c2cccnc2)c2cc(C)c(N3C(=O)CC(Nc4ccc(NC5CC(=O)NC5=O)cc4)C3=O)c(C)c2)c1,231.0
Cc1cc(C)cc(C(c2cccnc2)c2cc(C)c(N3C(=O)CC(Nc4cccc(NC5CC(=O)NC5=O)c4)C3=O)c(C)c2)c1,224.0
Cc1cc(C)cc(Cc2cc(C)c(N3C(=O)c4cccc(Oc5c(C)cc(Cc6cc(C)c(Oc7cccc8c7C(=O)NC8=O)c(C)c6)cc5C)c4C3=O)c(C)c2)c1,243.0
Cc1cc(C)cc(Cc2cc(C)c(N3C(=O)c4cccc(Oc5c(C)cc(-c6cc(C)c(Oc7cccc8c7C(=O)NC8=O)c(C)c6)cc5C)c4C3=O)c(C)c2)c1,289.0
Cc1cc(C)cc(Cc2cc(C)c(N3C(=O)c4cccc(Oc5ccc(C(C)(C)c6ccc(Oc7cccc8c7C(=O)NC8=O)cc6)cc5)c4C3=O)c(C)c2)c1,223.0
Cc1cc(C)cc(-c2cc(C)c(N3C(=O)c4cccc(Oc5ccc(C(C)(C)c6ccc(Oc7cccc8c7C(=O)NC8=O)cc6)cc5)c4C3=O)c(C)c2)c1,265.0
Cc1cc(C)cc(-c2cc(C)c(N3C(=O)c4ccc(Oc5c(C)cc(Cc6cc(C)c(Oc7ccc8c(c7)C(=O)NC8=O)c(C)c6)cc5C)cc4C3=O)c(C)c2)c1,420.0
Cc1cc(C)cc(Cc2cc(C)c(N3C(=O)c4ccc(Oc5cc6ccccc6cc5Oc5ccc6c(c5)C(=O)NC6=O)cc4C3=O)c(C)c2)c1,265.0
Cc1cc(C)cc(-c2cc(C)c(N3C(=O)c4ccc(Oc5cc6ccccc6cc5Oc5ccc6c(c5)C(=O)NC6=O)cc4C3=O)c(C)c2)c1,308.0
Cc1cc(C)cc(Cc2cc(C)c(N3C(=O)c4ccc(Oc5ccc(C(c6ccc(Oc7ccc8c(c7)C(=O)NC8=O)cc6)(C(F)(F)F)C(F)(F)F)cc5)cc4C3=O)c(C)c2)c1,258.0
Cc1cc(C)cc(Cc2cc(C)c(N3C(=O)c4ccc(Oc5ccc(C(C)(C)c6ccc(Oc7ccc8c(c7)C(=O)NC8=O)cc6)cc5)cc4C3=O)c(C)c2)c1,249.0
CC(C)(c1ccc(Oc2ccc3c(c2)C(=O)NC3=O)cc1)c1ccc(Oc2ccc3c(c2)C(=O)N(c2cc(C(c4ccc(O)cc4)(C(F)(F)F)C(F)(F)F)ccc2O)C3=O)cc1,216.0
CC(C)(C)c1cccc(-c2ccc(N3C(=O)c4ccc(Oc5ccc(C(C)(C)c6ccc(Oc7ccc8c(c7)C(=O)NC8=O)cc6)cc5)cc4C3=O)c(C(C)(C)C)c2)c1,287.2
Cc1cc(C)cc(Cc2cc(C)c(N3C(=O)c4ccc(Oc5ccc(Cc6ccc(Oc7ccc8c(c7)C(=O)NC8=O)cc6)cc5)cc4C3=O)c(C)c2)c1,247.0
Cc1cc(C)cc(Cc2cc(C)c(N3C(=O)c4ccc(Oc5ccc(Oc6ccc(Oc7ccc8c(c7)C(=O)NC8=O)cc6)cc5)cc4C3=O)c(C)c2)c1,256.0
Cc1cc(C)cc(Cc2cc(C)c(N3C(=O)c4ccc(Oc5ccc(Oc6ccc7c(c6)C(=O)NC7=O)c(-c6ccccc6)c5)cc4C3=O)c(C)c2)c1,249.0
O=C1NC(=O)c2cc(Oc3ccc4c(c3)C(=O)N(c3ccc(O)cc3O)C4=O)ccc21,263.0
O=C1NC(=O)c2cc(Oc3ccc4c(c3)C(=O)N(c3cc(C(c5ccc(O)cc5)(C(F)(F)F)C(F)(F)F)ccc3O)C4=O)ccc21,266.0
O=C1NC(=O)c2cc(Oc3ccc4c(c3)C(=O)N(c3cc(-c5ccc(O)cc5)ccc3O)C4=O)ccc21,276.7
Cc1cc(C)cc(Cc2cc(C)c(N3C(=O)c4ccc(Oc5ccc6ccc(Oc7ccc8c(c7)C(=O)NC8=O)cc6c5)cc4C3=O)c(C)c2)c1,272.0
Cc1cc(C)cc(Cc2cc(C)c(N3C(=O)c4ccc(Oc5cccc6c(Oc7ccc8c(c7)C(=O)NC8=O)cccc56)cc4C3=O)c(C)c2)c1,281.0
O=C1NC(=O)c2cc(-c3ccc4c(c3)C(=O)N(c3ccc(O)cc3O)C4=O)ccc21,343.0
Cc1cc(C)c(C)c(N=Cc2ccc(-c3c(C)c(C)c(N4C(=O)c5ccc6c7c(ccc(c57)C4=O)C(=O)NC6=O)c(C)c3C)s2)c1C,124.0
Cc1cc(C)c(C)c(N=Cc2ccc(-c3ccc(-c4c(C)c(C)c(N5C(=O)c6ccc7c8c(ccc(c68)C5=O)C(=O)NC7=O)c(C)c4C)s3)s2)c1C,123.0
Cc1cc(C)c(-n2c(=O)c3cc4c(=O)[nH]c(=O)c4cc3c2=O)c(C)c1,399.5
Cc1cc(-c2cc(C)c(Oc3cc(N4C(=O)c5ccc(Oc6ccc7c(c6)C(=O)NC7=O)cc5C4=O)cc(C(F)(F)F)c3)c(C)c2)cc(C)c1Oc1cccc(C(F)(F)F)c1,252.2
Cc1cc(-c2cc(C)c(Oc3cc(N4C(=O)c5ccc(-c6ccc7c(c6)C(=O)NC7=O)cc5C4=O)cc(C(F)(F)F)c3)c(C)c2)cc(C)c1Oc1cccc(C(F)(F)F)c1,281.1
O=C1NC(=O)c2cc(Oc3cc4ccccc4cc3Oc3ccc4c(c3)C(=O)N(c3cccc(C(F)(F)F)c3)C4=O)ccc21,250.0
O=C1NC(=O)c2cc(Oc3ccc4ccc(Oc5ccc6c(c5)C(=O)N(c5cccc(C(F)(F)F)c5)C6=O)cc4c3)ccc21,235.0
CC(C)(C)[Si](C)(C)Oc1ccc(-c2ccc(OC(=O)c3cccc(N4C(=O)c5ccc(-c6ccc7c(c6)C(=O)NC7=O)cc5C4=O)c3)cc2)cc1,230.0
O=c1[nH]c(=O)c2cc3c(=O)n(-c4cc(C(F)(F)F)ccc4Oc4ccc5ccccc5c4-c4c(Oc5ccc(C(F)(F)F)cc5)ccc5ccccc45)c(=O)c3cc12,297.0
O=C1NC(=O)c2cc3c(cc21)Oc1cc2c(cc1C3(C(F)(F)F)C(F)(F)F)C(=O)N(c1ccc(C(c3ccccc3)(C(F)(F)F)C(F)(F)F)cc1)C2=O,460.0
CC1(COc2ccc(N3C(=O)c4ccc(Oc5ccc6c(c5)C(=O)NC6=O)cc4C3=O)cc2C(F)(F)F)CCC(COc2ccccc2C(F)(F)F)C1(C)C,221.0
CC1(COc2ccc(N3C(=O)c4ccc(-c5ccc6c(c5)C(=O)NC6=O)cc4C3=O)cc2C(F)(F)F)CCC(COc2ccccc2C(F)(F)F)C1(C)C,233.0
Cc1cc(-c2cc(C)c(Oc3ccc(N4C(=O)c5ccc(Oc6ccccc6Oc6ccc7c(c6)C(=O)NC7=O)cc5C4=O)cc3C(F)(F)F)c(C)c2)cc(C)c1Oc1ccccc1C(F)(F)F,270.0
O=C(c1ccc(Oc2ccccc2C(F)(F)F)cc1)c1cccc(C(=O)c2ccc(Oc3ccc(N4C(=O)c5ccc(Oc6ccc7c(c6)C(=O)NC7=O)cc5C4=O)cc3C(F)(F)F)cc2)n1,212.2
O=C(c1ccc(Oc2ccccc2C(F)(F)F)cc1)c1cccc(C(=O)c2ccc(Oc3ccc(-n4c(=O)c5cc6c(=O)[nH]c(=O)c6cc5c4=O)cc3C(F)(F)F)cc2)n1,227.1
O=C1NC(=O)c2cc(Oc3ccccc3Oc3ccc4c(c3)C(=O)N(c3ccc(Oc5ccc(C(c6ccc(Oc7ccccc7C(F)(F)F)cc6)(C(F)(F)F)C(F)(F)F)cc5)c(C(F)(F)F)c3)C4=O)ccc21,191.0
CC(C)(c1ccc(Oc2ccccc2C(F)(F)F)cc1)c1ccc(Oc2ccc(N3C(=O)c4ccc(Oc5ccccc5Oc5ccc6c(c5)C(=O)NC6=O)cc4C3=O)cc2C(F)(F)F)cc1,192.0
O=C1NC(=O)c2cc(Oc3ccccc3Oc3ccc4c(c3)C(=O)N(c3ccc(Oc5ccc(C6(c7ccc(Oc8ccccc8C(F)(F)F)cc7)c7ccccc7-c7ccccc76)cc5)c(C(F)(F)F)c3)C4=O)ccc21,241.0
O=c1[nH]c(=O)c2cc3c(=O)n(-c4ccc(Oc5ccc(Oc6ccccc6C(F)(F)F)cc5)cc4)c(=O)c3cc12,272.2
O=C1NC(=O)c2cc(Oc3ccccc3Oc3ccc4c(c3)C(=O)N(c3ccc(Oc5ccc(Oc6ccccc6C(F)(F)F)cc5)c(C(F)(F)F)c3)C4=O)ccc21,197.0
O=C1NC(=O)c2cc(Oc3ccccc3Oc3ccc4c(c3)C(=O)N(c3ccc(Oc5ccc(-c6ccc(Oc7ccccc7C(F)(F)F)cc6)cc5)c(C(F)(F)F)c3)C4=O)ccc21,208.0
O=c1[nH]c(=O)c2cc3c(=O)n(-c4ccc(Oc5ccc(-c6[nH]c(-c7ccc(C(F)(F)F)cc7)nc6-c6ccc(Oc7ccccc7C(F)(F)F)cc6)cc5)c(C(F)(F)F)c4)c(=O)c3cc12,280.0
O=C1NC(=O)c2cc(Oc3ccc4c(c3)C(=O)N(c3ccc(Oc5ccccc5Oc5ccccc5C(F)(F)F)c(C(F)(F)F)c3)C4=O)ccc21,223.0
O=C1NC(=O)c2cc(Oc3ccccc3Oc3ccc4c(c3)C(=O)N(c3ccc(Oc5ccccc5Oc5ccccc5C(F)(F)F)c(C(F)(F)F)c3)C4=O)ccc21,185.0
O=C1NC(=O)c2cc(S(=O)(=O)c3ccc4c(c3)C(=O)N(c3ccc(Oc5ccccc5Oc5ccccc5C(F)(F)F)c(C(F)(F)F)c3)C4=O)ccc21,255.0
O=C1NC(=O)c2cc(-c3ccc4c(c3)C(=O)N(c3ccc(Oc5ccccc5Oc5ccccc5C(F)(F)F)c(C(F)(F)F)c3)C4=O)ccc21,249.0
O=c1[nH]c(=O)c2cc3c(=O)n(-c4ccc(Oc5ccccc5Oc5ccccc5C(F)(F)F)c(C(F)(F)F)c4)c(=O)c3cc12,277.0
Cc1cc(C(C)(C)c2cc(C)c(Oc3ccc4c(c3)C(=O)N(c3ccc(-c5ccccc5C(F)(F)F)c(C(F)(F)F)c3)C4=O)c(C)c2)cc(C)c1Oc1ccc2c(c1)C(=O)NC2=O,262.0
O=C1NC(=O)c2cc(S(=O)(=O)c3ccc4c(c3)C(=O)N(c3ccc(-c5ccccc5C(F)(F)F)c(C(F)(F)F)c3)C4=O)ccc21,320.0
O=C1NC(=O)C2C3C=CC(C12)C1C(=O)N(c2ccccc2Oc2ccc(-c4cc(-c5ccccc5)nc(-c5ccccc5)c4)cc2)C(=O)C31,237.0
CC(C)(c1ccc(Oc2ccc3c(c2)C(=O)NC3=O)cc1)c1ccc(Oc2ccc3c(c2)C(=O)N(c2ccccc2O)C3=O)cc1,246.0
O=c1[nH]c(=O)c2cc3c(=O)n(-c4ccc(Oc5ccccc5-c5cc(F)c(F)c(F)c5)c(-c5cc(F)c(F)c(F)c5)c4)c(=O)c3cc12,385.0
O=C(c1ccc(Oc2ccccc2-c2nc(-c3ccccc3)c(-c3ccccc3)[nH]2)cc1)c1ccc(Oc2ccc(-n3c(=O)c4cc5c(=O)[nH]c(=O)c5cc4c3=O)cc2-c2nc(-c3ccccc3)c(-c3ccccc3)[nH]2)cc1,324.0
O=c1[nH]c(=O)c2cc3c(=O)n(-c4ccc(Oc5ccc(C(c6ccc(Oc7ccccc7-c7nc(-c8ccccc8)c(-c8ccccc8)[nH]7)cc6)(C(F)(F)F)C(F)(F)F)cc5)c(-c5nc(-c6ccccc6)c(-c6ccccc6)[nH]5)c4)c(=O)c3cc12,314.0
CC(C)(c1ccccc1)c1ccc(Oc2ccccc2-n2c(=O)c3cc4c(=O)[nH]c(=O)c4cc3c2=O)cc1,340.0
Cc1ccc(S(=O)(=O)c2ccc(Oc3ccccc3-n3c(=O)c4cc5c(=O)[nH]c(=O)c5cc4c3=O)cc2)cc1,320.0
O=c1[nH]c(=O)c2cc3c(=O)n(-c4ccccc4Oc4ccc(-c5cc(-c6ccccc6)nc(-c6ccccc6)c5)cc4)c(=O)c3cc12,294.0
O=C(Nc1ccc(Oc2ccc(S(=O)(=O)c3ccc(Oc4ccc(NC(=O)c5ccc(N6C(=O)c7ccc(-c8cccc9c8C(=O)NC9=O)cc7C6=O)cc5)cc4)cc3)cc2)cc1)c1ccccc1,287.0
O=C(Nc1cccc(Oc2ccc(S(=O)(=O)c3ccc(Oc4cccc(NC(=O)c5ccc(N6C(=O)c7ccc(-c8ccc9c(c8)C(=O)NC9=O)cc7C6=O)cc5)c4)cc3)cc2)c1)c1ccccc1,262.0
O=C(Nc1cccc(Oc2ccc(S(=O)(=O)c3ccc(Oc4cccc(NC(=O)c5ccc(N6C(=O)c7ccc(-c8cccc9c8C(=O)NC9=O)cc7C6=O)cc5)c4)cc3)cc2)c1)c1ccccc1,241.0
O=C(Nc1cccc(S(=O)(=O)c2cccc(NC(=O)c3ccc(N4C(=O)c5ccc(-c6ccc7c(c6)C(=O)NC7=O)cc5C4=O)cc3)c2)c1)c1ccccc1,256.0
Cc1cc(C(c2cccnc2)c2cc(C)c(OC(=O)c3ccc(N4C(=O)CC(Nc5ccc(Cc6ccc(NC7CC(=O)NC7=O)cc6)cc5)C4=O)cc3)c(C)c2)cc(C)c1OC(=O)c1ccccc1,186.0
Cc1cc(C(c2cccnc2)c2cc(C)c(OC(=O)c3ccc(N4C(=O)CC(Nc5ccc(NC6CC(=O)NC6=O)cc5)C4=O)cc3)c(C)c2)cc(C)c1OC(=O)c1ccccc1,212.0
Cc1cc(C(c2cccnc2)c2cc(C)c(OC(=O)c3ccc(N4C(=O)CC(Nc5cccc(NC6CC(=O)NC6=O)c5)C4=O)cc3)c(C)c2)cc(C)c1OC(=O)c1ccccc1,194.0
CC(C)(c1ccc(OC(=O)c2ccccc2)cc1)c1ccc(OC(=O)c2ccc(N3C(=O)CC(SCCOCCSC4CC(=O)NC4=O)C3=O)cc2)cc1,143.0
O=C1CC(SCCOCCSC2CC(=O)N(c3ccc(C(=O)Oc4ccc5ccc(OC(=O)c6ccccc6)cc5c4)cc3)C2=O)C(=O)N1,160.0
CC(C)(C)c1ccc(-c2cc3c(cc2-c2cc4c(cc2-c2ccc(C(C)(C)C)cc2)C(=O)N(c2ccc(C(c5ccccc5)(C(F)(F)F)C(F)(F)F)cc2)C4=O)C(=O)NC3=O)cc1,381.0
C[Si](C)(C)c1ccc(-c2cc3c(cc2-c2cc4c(cc2-c2ccc([Si](C)(C)C)cc2)C(=O)N(c2ccc(C(c5ccccc5)(C(F)(F)F)C(F)(F)F)cc2)C4=O)C(=O)NC3=O)cc1,365.0
O=C1NC(=O)c2cc(OCCN(CCOc3ccc4c(c3)C(=O)N(c3ccc(C(c5ccccc5)(C(F)(F)F)C(F)(F)F)cc3)C4=O)c3ccc(C=Cc4ccc([N+](=O)[O-])cc4)cc3)ccc21,180.7
O=C1NC(=O)c2cc(Oc3cc4ccccc4cc3Oc3ccc4c(c3)C(=O)N(c3ccc(C(c5ccccc5)(C(F)(F)F)C(F)(F)F)cc3)C4=O)ccc21,256.0
O=C1NC(=O)c2cc(Oc3ccc4c(c3)C(=O)N(c3ccc(C(c5ccccc5)(C(F)(F)F)C(F)(F)F)cc3)C4=O)ccc21,305.0
O=C1NC(=O)c2cc(Oc3ccc4ccc(Oc5ccc6c(c5)C(=O)N(c5ccc(C(c7ccccc7)(C(F)(F)F)C(F)(F)F)cc5)C6=O)cc4c3)ccc21,256.0
O=C1NC(=O)c2cc(Oc3ccc4cc(Oc5ccc6c(c5)C(=O)N(c5ccc(C(c7ccccc7)(C(F)(F)F)C(F)(F)F)cc5)C6=O)ccc4c3)ccc21,218.0
O=C1NC(=O)c2cc(Oc3cccc4c(Oc5ccc6c(c5)C(=O)N(c5ccc(C(c7ccccc7)(C(F)(F)F)C(F)(F)F)cc5)C6=O)cccc34)ccc21,276.0
O=C1NC(=O)c2cc(-c3ccc4c(c3)C(=O)N(c3ccc(C(c5ccccc5)(C(F)(F)F)C(F)(F)F)cc3)C4=O)ccc21,343.0
O=C1NC(=O)c2cc(Oc3ccc4c(c3)C(=O)N(c3ccc(C(c5ccccc5)(c5ccccc5)C(F)(F)F)cc3)C4=O)ccc21,293.0
O=c1[nH]c(=O)c2cc3c(=O)n(-c4ccc(C(c5ccccc5)(c5ccccc5)C(F)(F)F)cc4)c(=O)c3cc12,432.0
CC(C)(c1ccccc1)c1ccc(C(C)(C)c2ccc(N3C(=O)c4ccc(Oc5cccc6c(Oc7ccc8c(c7)C(=O)NC8=O)cccc56)cc4C3=O)cc2)cc1,253.0
CC(C)(c1ccccc1)c1ccc(C(C)(C)c2ccc(N3C(=O)c4ccc(Oc5ccc6ccc(Oc7ccc8c(c7)C(=O)NC8=O)cc6c5)cc4C3=O)cc2)cc1,246.0
CC(C)(c1ccccc1)c1ccc(C(C)(C)c2ccc(N3C(=O)c4ccc(Oc5ccc6cc(Oc7ccc8c(c7)C(=O)NC8=O)ccc6c5)cc4C3=O)cc2)cc1,246.0
CC(C)(c1ccccc1)c1ccc(N2C(=O)c3ccc(Oc4ccc5ccc(Oc6ccc7c(c6)C(=O)NC7=O)cc5c4)cc3C2=O)cc1,247.0
CC(C)(c1ccccc1)c1ccc(N2C(=O)c3ccc(Oc4ccc5cc(Oc6ccc7c(c6)C(=O)NC7=O)ccc5c4)cc3C2=O)cc1,236.0
CC(C)(c1ccccc1)c1ccc(N2C(=O)c3ccc(Oc4cccc5c(Oc6ccc7c(c6)C(=O)NC7=O)cccc45)cc3C2=O)cc1,265.0
CC(C)(C)c1cc(-c2ccc3c(c2)C(=O)NC3=O)cc(-c2ccc3c(c2)C(=O)N(c2ccc(C4(c5ccccc5)OC(=O)c5ccccc54)cc2)C3=O)c1,386.0
O=C1NC(=O)c2cc(Oc3ccc4c(c3)C(=O)N(c3ccc(C5(c6ccccc6)c6ccccc6-c6ccccc65)cc3)C4=O)ccc21,373.0
O=C1NC(=O)c2cc(-c3ccc4c(c3)C(=O)N(c3ccc(C5(c6ccccc6)c6ccccc6-c6ccccc65)cc3)C4=O)ccc21,388.0
O=c1[nH]c(=O)c2cc3c(=O)n(-c4ccc(C=Cc5ccccc5)cc4)c(=O)c3cc12,330.0
O=C1NC(=O)C(Oc2ccc(C(c3ccc(OC4=C(Cl)C(=O)N(c5ccc(Cc6ccccc6)cc5)C4=O)cc3)(C(F)(F)F)C(F)(F)F)cc2)=C1Cl,189.0
CC(C)(c1ccc(OC2=C(Cl)C(=O)NC2=O)cc1)c1ccc(OC2=C(Cl)C(=O)N(c3ccc(Cc4ccccc4)cc3)C2=O)cc1,172.0
O=C1CC(Nc2ccc(N(c3ccc(Nc4ccc([N+](=O)[O-])cc4)cc3)c3ccc(NC4CC(=O)N(c5ccc(Cc6ccccc6)cc5)C4=O)cc3)cc2)C(=O)N1,324.0
O=C1CC(Nc2ccc(N(c3ccc(NC4CC(=O)N(c5ccc(Cc6ccccc6)cc5)C4=O)cc3)c3ccc([N+](=O)[O-])cc3)cc2)C(=O)N1,276.0
CC(C)(C)c1ccc(-c2cc3c(cc2-c2cc4c(cc2-c2ccc(C(C)(C)C)cc2)C(=O)N(c2ccc(Cc5ccccc5)cc2)C4=O)C(=O)NC3=O)cc1,360.0
C[Si](C)(C)c1ccc(-c2cc3c(cc2-c2cc4c(cc2-c2ccc([Si](C)(C)C)cc2)C(=O)N(c2ccc(Cc5ccccc5)cc2)C4=O)C(=O)NC3=O)cc1,348.0
O=C1NC(=O)c2cc(OCCN(CCOc3ccc4c(c3)C(=O)N(c3ccc(Cc5ccccc5)cc3)C4=O)c3ccc(C=Cc4ccc([N+](=O)[O-])cc4)cc3)ccc21,160.7
CC(C)(c1ccc(Oc2ccc3c(c2)C(=O)NC3=O)cc1)c1ccc(Oc2ccc3c(c2)C(=O)N(c2ccc(Cc4ccccc4)cc2)C3=O)cc1,217.0
O=C1NC(=O)c2cc(Oc3ccc(C4(c5ccc(Oc6ccc7c(c6)C(=O)N(c6ccc(Cc8ccccc8)cc6)C7=O)cc5)CCC(c5ccccc5)CC4)cc3)ccc21,232.0
O=C1NC(=O)c2cc(Oc3ccc(Oc4ccc5c(c4)C(=O)N(c4ccc(Cc6ccccc6)cc4)C5=O)cc3)ccc21,259.0
O=C1NC(=O)c2cc(-c3ccc(-c4ccc(-c5ccc(-c6ccc(-c7ccc8c(c7)C(=O)N(c7ccc(Cc9ccccc9)cc7)C8=O)cc6)cc5)cc4)cc3)ccc21,244.0
O=C(Nc1ccc(Cc2ccccc2)cc1)c1cccc(-c2nc3cc(-c4ccc5[nH]c(-c6cccc(C(=O)Nc7ccc(Cc8ccc(-n9c(=O)c%10cc%11c(=O)[nH]c(=O)c%11cc%10c9=O)cc8)cc7)c6)nc5c4)ccc3[nH]2)c1,277.0
Cc1ccc(Oc2cc3c(cc2-c2ccc4c(c2)C(=O)NC4=O)C(=O)N(c2ccccc2)C3=O)cc1,284.0
Cc1ccccc1Oc1cc2c(cc1-c1cc3c(cc1Oc1ccccc1C)C(=O)N(c1ccccc1)C3=O)C(=O)NC2=O,288.0
O=C1NC(=O)c2cc(-c3cc4c(cc3Oc3ccccc3)C(=O)N(c3ccccc3)C4=O)ccc21,305.0
Cc1ccccc1Oc1cc2c(cc1-c1ccc3c(c1)C(=O)NC3=O)C(=O)N(c1ccccc1)C2=O,303.0
O=C1NC(=O)c2cc(Oc3ccc(Oc4ccc(P(=O)(c5ccccc5)c5ccc(Oc6ccc(Oc7ccc8c(c7)C(=O)N(c7ccccc7)C8=O)cc6)cc5)cc4)cc3)ccc21,220.0
CC(C)(c1ccc(Oc2ccc3c(c2)C(=O)N(c2ccccc2)C3=O)cc1)c1cccc(Oc2ccc3c(c2)C(=O)NC3=O)c1,268.0
O=C1NC(=O)c2cc(P(=O)(c3ccccc3)c3ccc4c(c3)C(=O)N(c3ccccc3)C4=O)ccc21,344.5
O=C1NC(=O)c2c1cccc2-c1ccc2c(c1)C(=O)N(c1ccc(OCCCCCOc3ccccc3)cc1)C2=O,208.0
O=C1NC(=O)c2c1cccc2-c1ccc2c(c1)C(=O)N(c1ccc(OCCCOc3ccccc3)cc1)C2=O,232.0
Cc1cc(C(c2cccnc2)c2cc(C)c(Oc3ccc(N4C(=O)CC(Nc5ccc(Cc6ccc(NC7CC(=O)NC7=O)cc6)cc5)C4=O)cc3)c(C)c2)cc(C)c1Oc1ccccc1,201.0
Cc1cc(C(c2cccnc2)c2cc(C)c(Oc3ccc(N4C(=O)CC(Nc5ccc(NC6CC(=O)NC6=O)cc5)C4=O)cc3)c(C)c2)cc(C)c1Oc1ccccc1,229.0
Cc1cc(C(c2cccnc2)c2cc(C)c(Oc3ccc(N4C(=O)CC(Nc5cccc(NC6CC(=O)NC6=O)c5)C4=O)cc3)c(C)c2)cc(C)c1Oc1ccccc1,217.0
Cc1cc(C(C)(C)c2cc(C)c(Oc3ccc(N4C(=O)c5ccc(Oc6ccc(C7(c8ccc(Oc9ccc%10c(c9)C(=O)NC%10=O)cc8)CCC(c8ccccc8)CC7)cc6)cc5C4=O)cc3)c(C)c2)cc(C)c1Oc1ccccc1,232.0
Cc1cc(C(c2cc(C)c(Oc3ccc(N4C(=O)c5ccc(-c6ccc7c(c6)C(=O)NC7=O)cc5C4=O)cc3)c(C)c2)c2cccc3ccccc23)cc(C)c1Oc1ccccc1,293.0
Cc1cc(C(c2cc(C)c(Oc3ccc(-n4c(=O)c5cc6c(=O)[nH]c(=O)c6cc5c4=O)cc3)c(C)c2)c2cccc3ccccc23)cc(C)c1Oc1ccccc1,280.0
Cc1cc(Cc2cc(C)c(Oc3ccc(N4C(=O)c5ccc(Oc6ccc(C(C)(C)c7ccc(Oc8ccc9c(c8)C(=O)NC9=O)cc7)cc6)cc5C4=O)cc3)c(C)c2)cc(C)c1Oc1ccccc1,223.0
Cc1cc(Cc2cc(C)c(Oc3ccc(N4C(=O)c5ccc(-c6ccc7c(c6)C(=O)NC7=O)cc5C4=O)cc3)c(C)c2)cc(C)c1Oc1ccccc1,282.0
CC(C)(C)c1cc(Oc2ccc(N3C(=O)c4ccc(Oc5ccc6c(c5)C(=O)NC6=O)cc4C3=O)cc2)c(C(C)(C)C)cc1Oc1ccccc1,242.0
CC(C)(C)c1cc(Oc2ccc(N3C(=O)c4ccc(S(=O)(=O)c5ccc6c(c5)C(=O)NC6=O)cc4C3=O)cc2)c(C(C)(C)C)cc1Oc1ccccc1,263.0
CC(C)(C)c1cc(Oc2ccc(N3C(=O)c4ccc(-c5ccc6c(c5)C(=O)NC6=O)cc4C3=O)cc2)c(C(C)(C)C)cc1Oc1ccccc1,293.0
CC(C)(C)c1cc(Oc2ccc(-n3c(=O)c4cc5c(=O)[nH]c(=O)c5cc4c3=O)cc2)c(C(C)(C)C)cc1Oc1ccccc1,298.0
CC(C)(C)c1ccc(Oc2ccc(N3C(=O)c4ccc(-c5ccc6c(c5)C(=O)NC6=O)cc4C3=O)cc2)c(Oc2ccccc2)c1,258.0
O=C1NC(=O)c2cc(Oc3cc4ccccc4cc3Oc3ccc4c(c3)C(=O)N(c3ccc(Oc5cc6ccccc6cc5Oc5ccccc5)cc3)C4=O)ccc21,222.0
O=C1NC(=O)c2cc(Oc3ccc4c(c3)C(=O)N(c3ccc(Oc5cc6ccccc6cc5Oc5ccccc5)cc3)C4=O)ccc21,226.0
O=C1NC(=O)c2cc(Oc3ccccc3Oc3ccc4c(c3)C(=O)N(c3ccc(Oc5cc6ccccc6cc5Oc5ccccc5)cc3)C4=O)ccc21,216.0
O=C1NC(=O)c2cc(S(=O)(=O)c3ccc4c(c3)C(=O)N(c3ccc(Oc5cc6ccccc6cc5Oc5ccccc5)cc3)C4=O)ccc21,255.0
O=C1NC(=O)c2cc(-c3ccc4c(c3)C(=O)N(c3ccc(Oc5cc6ccccc6cc5Oc5ccccc5)cc3)C4=O)ccc21,252.0
O=c1[nH]c(=O)c2cc3c(=O)n(-c4ccc(Oc5cc6ccccc6cc5Oc5ccccc5)cc4)c(=O)c3cc12,316.0
Cc1cc(C(C)(C)c2cc(C)c(Oc3ccc4c(c3)C(=O)N(c3ccc(Oc5ccc(Oc6ccccc6)cc5C(C)(C)C)cc3)C4=O)c(C)c2)cc(C)c1Oc1ccc2c(c1)C(=O)NC2=O,244.0
CC(C)(C)c1cc(Oc2ccccc2)ccc1Oc1ccc(N2C(=O)c3ccc(-c4ccc5c(c4)C(=O)NC5=O)cc3C2=O)cc1,278.0
CC(C)(C)c1cc(Oc2ccccc2)ccc1Oc1ccc(N2C(=O)c3ccc(Oc4ccc(C5(c6ccc(Oc7ccc8c(c7)C(=O)NC8=O)cc6)CCC(C(C)(C)C)CC5)cc4)cc3C2=O)cc1,233.0
Cc1cc(Oc2ccccc2)ccc1Oc1ccc(N2C(=O)c3ccc(-c4ccc5c(c4)C(=O)NC5=O)cc3C2=O)cc1,276.0
Cc1cc(Oc2ccccc2)ccc1-c1ccc(Oc2ccc(N3C(=O)c4ccc(Oc5c(C)cc(C(C)(C)c6cc(C)c(Oc7ccc8c(c7)C(=O)NC8=O)c(C)c6)cc5C)cc4C3=O)cc2)cc1C,257.0
Cc1cc(Oc2ccccc2)ccc1-c1ccc(Oc2ccc(N3C(=O)c4ccc(Oc5ccc(C6(c7ccc(Oc8ccc9c(c8)C(=O)NC9=O)cc7)CCC(C(C)(C)C)CC6)cc5)cc4C3=O)cc2)cc1C,236.0
Cc1cc(Oc2ccccc2)ccc1-c1ccc(Oc2ccc(N3C(=O)c4ccc(Oc5ccc(C6(c7ccc(Oc8ccc9c(c8)C(=O)NC9=O)cc7)CCC(c7ccccc7)CC6)cc5)cc4C3=O)cc2)cc1C,226.0
O=C1NC(=O)c2cc(-c3ccc4c(c3)C(=O)N(c3ccc(Oc5ccc(Oc6ccccc6)cc5-c5ccccc5)cc3)C4=O)ccc21,251.0
O=C(c1ccc(Oc2ccccc2)cc1)c1ccc(C(=O)c2ccc(Oc3ccc(N4C(=O)c5ccc(-c6ccc7c(c6)C(=O)NC7=O)cc5C4=O)cc3)cc2)cc1,245.0
O=C(c1ccc(Oc2ccccc2)cc1)c1ccc(Oc2ccc(N3C(=O)c4ccc(Oc5ccc6c(c5)C(=O)NC6=O)cc4C3=O)cc2)cc1,243.0
O=C(c1ccc(Oc2ccccc2)cc1)c1ccc(Oc2ccc(N3C(=O)c4ccc(Oc5cccc(Oc6ccc7c(c6)C(=O)NC7=O)c5)cc4C3=O)cc2)cc1,201.0
O=C(c1ccc(Oc2ccccc2)cc1)c1ccc(Oc2ccc(N3C(=O)c4ccc(S(=O)(=O)c5ccc6c(c5)C(=O)NC6=O)cc4C3=O)cc2)cc1,278.0
O=C(c1ccc(Oc2ccccc2)cc1)c1ccc(Oc2ccc(N3C(=O)c4ccc(-c5ccc6c(c5)C(=O)NC6=O)cc4C3=O)cc2)cc1,253.0
O=C(c1ccc(Oc2ccccc2)cc1)c1cccc(C(=O)c2ccc(Oc3ccc(N4C(=O)c5ccc(Oc6ccc(Oc7ccc(Oc8ccc9c(c8)C(=O)NC9=O)cc7)cc6)cc5C4=O)cc3)cc2)c1,192.0
O=C(c1ccc(Oc2ccccc2)cc1)c1cccc(C(=O)c2ccc(Oc3ccc(N4C(=O)c5ccc(Oc6ccc(Sc7ccc(Oc8ccc9c(c8)C(=O)NC9=O)cc7)cc6)cc5C4=O)cc3)cc2)c1,192.0
O=C(c1ccc(Oc2ccccc2)cc1)c1cccc(C(=O)c2ccc(Oc3ccc(N4C(=O)c5ccc(Oc6ccc7c(c6)C(=O)NC7=O)cc5C4=O)cc3)cc2)c1,208.0
C[Si](C)(c1ccc2c(c1)C(=O)NC2=O)c1ccc2c(c1)C(=O)N(c1ccc(Oc3ccc(C(=O)c4cccc(C(=O)c5ccc(Oc6ccccc6)cc5)c4)cc3)cc1)C2=O,208.0
O=C(c1ccc(Oc2ccccc2)cc1)c1cccc(C(=O)c2ccc(Oc3ccc(N4C(=O)c5ccc(-c6ccc7c(c6)C(=O)NC7=O)cc5C4=O)cc3)cc2)c1,222.0
O=C(c1ccc(Oc2ccccc2)cc1)c1cccc(C(=O)c2ccc(Oc3ccc(-n4c(=O)c5cc6c(=O)[nH]c(=O)c6cc5c4=O)cc3)cc2)c1,247.0
O=C(c1ccc(Oc2ccccc2)cc1)c1cccc(C(=O)c2ccc(Oc3ccc(N4C(=O)c5ccc(Oc6ccc7c(c6)C(=O)NC7=O)cc5C4=O)cc3)cc2)n1,208.6
O=C(c1ccc(Oc2ccccc2)cc1)c1cccc(C(=O)c2ccc(Oc3ccc(-n4c(=O)c5cc6c(=O)[nH]c(=O)c6cc5c4=O)cc3)cc2)n1,324.6
Cc1cc(C(C)(C)c2cc(C)c(Oc3ccc4c(c3)C(=O)N(c3ccc(Oc5ccc(C(c6ccc(Oc7ccccc7)cc6)(C(F)(F)F)C(F)(F)F)cc5)cc3)C4=O)c(C)c2)cc(C)c1Oc1ccc2c(c1)C(=O)NC2=O,244.0
CC(C)(C)C1CCC(c2ccc(Oc3ccc4c(c3)C(=O)NC4=O)cc2)(c2ccc(Oc3ccc4c(c3)C(=O)N(c3ccc(Oc5ccc(C(c6ccc(Oc7ccccc7)cc6)(C(F)(F)F)C(F)(F)F)cc5)cc3)C4=O)cc2)CC1,227.0
O=C1NC(=O)c2ccc3c4c(ccc1c24)C(=O)N(c1ccc(Oc2ccc(C(c4ccc(Oc5ccccc5)cc4)(C(F)(F)F)C(F)(F)F)cc2)cc1)C3=O,280.0
CC(C)(c1ccc(Oc2ccccc2)cc1)c1ccc(Oc2ccc(N3C(=O)c4ccc(Oc5c(Br)cc(C(C)(C)c6cc(Br)c(Oc7ccc8c(c7)C(=O)NC8=O)c(Br)c6)cc5Br)cc4C3=O)cc2)cc1,194.0
CC(C)(c1ccc(Oc2ccccc2)cc1)c1ccc(Oc2ccc(N3C(=O)c4ccc(Oc5ccc(C(C)(C)c6ccc(Oc7ccc8c(c7)C(=O)NC8=O)cc6)cc5)cc4C3=O)cc2)cc1,147.0
CC(C)(c1ccc(Oc2ccccc2)cc1)c1ccc(Oc2ccc(-n3c(=O)c4sc5c(=O)[nH]c(=O)c5sc4c3=O)cc2)cc1,121.0
CC(C)(c1ccc(Oc2ccccc2)cc1)c1cccc(C(C)(C)c2ccc(Oc3ccc(-n4c(=O)c5cc6c(=O)[nH]c(=O)c6cc5c4=O)cc3)cc2)c1,243.52
Cc1cc(C(C)(C)c2cc(C)c(Oc3ccc4c(c3)C(=O)N(c3ccc(Oc5ccc(C6(c7ccc(Oc8ccccc8)cc7)C7CC8CC(C7)CC6C8)cc5)cc3)C4=O)c(C)c2)cc(C)c1Oc1ccc2c(c1)C(=O)NC2=O,282.0
Cc1cc(C(C)(C)c2cc(C)c(Oc3ccc4c(c3)C(=O)N(c3ccc(Oc5ccc(C6(c7ccc(Oc8ccccc8)cc7)CC7CC6C6CCCC76)cc5)cc3)C4=O)c(C)c2)cc(C)c1Oc1ccc2c(c1)C(=O)NC2=O,262.0
CC(C)(C)C1CCC(c2ccc(Oc3ccc4c(c3)C(=O)NC4=O)cc2)(c2ccc(Oc3ccc4c(c3)C(=O)N(c3ccc(Oc5ccc(C6(c7ccc(Oc8ccccc8)cc7)CC7CC6C6CCCC76)cc5)cc3)C4=O)cc2)CC1,257.0
O=C1NC(=O)c2cc(Oc3ccc(C4(c5ccc(Oc6ccc7c(c6)C(=O)N(c6ccc(Oc8ccc(C9(c%10ccc(Oc%11ccccc%11)cc%10)CC%10CC9C9CCCC%109)cc8)cc6)C7=O)cc5)CCC(c5ccccc5)CC4)cc3)ccc21,255.0
Cc1cc(C(C)(C)c2cc(C)c(Oc3ccc4c(c3)C(=O)N(c3ccc(Oc5ccc(C6(c7ccc(Oc8ccccc8)cc7)CC7CCC6C7)cc5)cc3)C4=O)c(C)c2)cc(C)c1Oc1ccc2c(c1)C(=O)NC2=O,265.0
O=C1NC(=O)c2cc(Oc3ccc(C4(c5ccc(Oc6ccc7c(c6)C(=O)N(c6ccc(Oc8ccc(C9(c%10ccc(Oc%11ccccc%11)cc%10)CC%10CCC9C%10)cc8)cc6)C7=O)cc5)CCC(c5ccccc5)CC4)cc3)ccc21,245.0
CC(C)(C)C1CCC(c2ccc(Oc3ccccc3)cc2)(c2ccc(Oc3ccc(N4C(=O)c5ccc(Oc6ccc(C7(c8ccc(Oc9ccc%10c(c9)C(=O)NC%10=O)cc8)CCC(c8ccccc8)CC7)cc6)cc5C4=O)cc3)cc2)CC1,243.0
O=C1NC(=O)C(Oc2ccc(C(c3ccc(OC4=C(Cl)C(=O)N(c5ccc(Oc6ccccc6)cc5)C4=O)cc3)(C(F)(F)F)C(F)(F)F)cc2)=C1Cl,193.0
CC(C)(c1ccc(OC2=C(Cl)C(=O)NC2=O)cc1)c1ccc(OC2=C(Cl)C(=O)N(c3ccc(Oc4ccccc4)cc3)C2=O)cc1,175.0
O=C1NC(=O)C2C3C=CC(C12)C1C(=O)N(c2ccc(Oc4ccccc4)cc2)C(=O)C31,384.0
CC1=CC(C2CC(=O)N(c3ccc(Oc4ccccc4)cc3)C2=O)CC2C(=O)NC(=O)C12,278.0
CC(C)(c1ccc(Oc2cccc3c2C(=O)NC3=O)cc1)c1ccc(Oc2cccc3c2C(=O)N(c2ccc(Oc4ccccc4)cc2)C3=O)cc1,235.0
O=C1NC(=O)c2c(Oc3ccc(S(=O)(=O)c4ccc(Oc5cccc6c5C(=O)N(c5ccc(Oc7ccccc7)cc5)C6=O)cc4)cc3)cccc21,267.0
O=C1NC(=O)c2c(Oc3ccc(Sc4ccc(Oc5cccc6c5C(=O)N(c5ccc(Oc7ccccc7)cc5)C6=O)cc4)cc3)cccc21,234.0
O=C1NC(=O)c2c(Oc3ccc(-c4ccc(Oc5cccc6c5C(=O)N(c5ccc(Oc7ccccc7)cc5)C6=O)cc4)cc3)cccc21,277.0
Cc1ccc(Oc2cc3c(cc2-c2ccc4c(c2)C(=O)NC4=O)C(=O)N(c2ccc(Oc4ccccc4)cc2)C3=O)cc1,250.0
Cc1cccc(Oc2cc3c(cc2-c2ccc4c(c2)C(=O)NC4=O)C(=O)N(c2ccc(Oc4ccccc4)cc2)C3=O)c1,256.0
O=C1NC(=O)c2cc(-c3cc4c(cc3Oc3ccccc3)C(=O)N(c3ccc(Oc5ccccc5)cc3)C4=O)ccc21,284.0
Cc1ccccc1Oc1cc2c(cc1-c1cc3c(cc1Oc1ccccc1C)C(=O)N(c1ccc(Oc4ccccc4)cc1)C3=O)C(=O)NC2=O,246.0
Cc1ccccc1Oc1cc2c(cc1-c1ccc3c(c1)C(=O)NC3=O)C(=O)N(c1ccc(Oc3ccccc3)cc1)C2=O,266.0
CC(C)(C)c1ccc(-c2cc3c(cc2-c2cc4c(cc2-c2ccc(C(C)(C)C)cc2)C(=O)N(c2ccc(Oc5ccccc5)cc2)C4=O)C(=O)NC3=O)cc1,370.0
C[Si](C)(C)c1ccc(-c2cc3c(cc2-c2cc4c(cc2-c2ccc([Si](C)(C)C)cc2)C(=O)N(c2ccc(Oc5ccccc5)cc2)C4=O)C(=O)NC3=O)cc1,348.0
Cc1cc(-c2cc(C)c(Oc3ccc4c(c3)C(=O)N(c3ccc(Oc5ccccc5)cc3)C4=O)c(C)c2)cc(C)c1Oc1ccc2c(c1)C(=O)NC2=O,299.0
O=C1NC(=O)c2cc(Oc3cc4ccccc4cc3Oc3ccc4c(c3)C(=O)N(c3ccc(Oc5ccccc5)cc3)C4=O)ccc21,235.0
O=C(c1ccc(Oc2ccc3c(c2)C(=O)NC3=O)cc1)c1ccc(Oc2ccc3c(c2)C(=O)N(c2ccc(Oc4ccccc4)cc2)C3=O)cc1,210.0
O=C1NC(=O)c2cc(Oc3ccc(C(c4ccc(Oc5ccc6c(c5)C(=O)N(c5ccc(Oc7ccccc7)cc5)C6=O)cc4)(C(F)(F)F)C(F)(F)F)cc3)ccc21,257.0
CC(C)(c1ccc(Oc2ccc3c(c2)C(=O)NC3=O)cc1)c1ccc(Oc2ccc3c(c2)C(=O)N(c2ccc(Oc4ccccc4)cc2)C3=O)cc1,223.0
O=C1NC(=O)c2cc(Oc3ccc(C4(c5ccc(Oc6ccc7c(c6)C(=O)N(c6ccc(Oc8ccccc8)cc6)C7=O)cc5)CCC(c5ccccc5)CC4)cc3)ccc21,236.0
O=C1NC(=O)c2cc(Oc3ccc(Oc4ccc(Oc5ccc6c(c5)C(=O)N(c5ccc(Oc7ccccc7)cc5)C6=O)cc4)cc3)ccc21,215.0
O=C1NC(=O)c2cc(Oc3ccc(S(=O)(=O)c4ccc(Oc5ccc6c(c5)C(=O)N(c5ccc(Oc7ccccc7)cc5)C6=O)cc4)cc3)ccc21,260.0
O=C1NC(=O)c2cc(Oc3ccc(Sc4ccc(Oc5ccc6c(c5)C(=O)N(c5ccc(Oc7ccccc7)cc5)C6=O)cc4)cc3)ccc21,212.0
O=C1NC(=O)c2cc(Oc3ccc4ccc(Oc5ccc6c(c5)C(=O)N(c5ccc(Oc7ccccc7)cc5)C6=O)cc4c3)ccc21,245.0
O=C1NC(=O)c2cc(Oc3ccc4cc(Oc5ccc6c(c5)C(=O)N(c5ccc(Oc7ccccc7)cc5)C6=O)ccc4c3)ccc21,249.0
O=C1NC(=O)c2c(Oc3ccc4c(c3)C(=O)N(c3ccc(Oc5ccccc5)cc3)C4=O)cccc21,272.0
O=C1NC(=O)c2cc(Oc3cccc4c(Oc5ccc6c(c5)C(=O)N(c5ccc(Oc7ccccc7)cc5)C6=O)cccc34)ccc21,240.0
O=C1NC(=O)c2cc(Oc3ccccc3Oc3ccc4c(c3)C(=O)N(c3ccc(Oc5ccccc5)cc3)C4=O)ccc21,212.0
O=C1NC(=O)c2cc(P(=O)(c3ccccc3)c3ccc4c(c3)C(=O)N(c3ccc(Oc5ccccc5)cc3)C4=O)ccc21,318.0
C[Si](C)(c1ccc2c(c1)C(=O)NC2=O)c1ccc2c(c1)C(=O)N(c1ccc(Oc3ccccc3)cc1)C2=O,274.0
CC(C)(c1cc(Br)c(Oc2ccc3c(c2)C(=O)NC3=O)c(Br)c1)c1cc(Br)c(Oc2ccc3c(c2)C(=O)N(c2ccc(Oc4ccccc4)cc2)C3=O)c(Br)c1,274.0
Cc1cc(Cc2cc(C)c(Oc3ccc4c(c3)C(=O)N(c3ccc(Oc5ccccc5)cc3)C4=O)c(C)c2)cc(C)c1Oc1ccc2c(c1)C(=O)NC2=O,266.0
CC(C)(C)c1cc(Oc2ccc3c(c2)C(=O)NC3=O)c(Oc2ccc3c(c2)C(=O)N(c2ccc(Oc4ccccc4)cc2)C3=O)c(C(C)(C)C)c1,228.0
O=C1NC(=O)c2cc(Oc3cccc(Oc4ccc5c(c4)C(=O)N(c4ccc(Oc6ccccc6)cc4)C5=O)c3)ccc21,209.0
Cc1cc(Cc2cc(C)c(Oc3cccc4c3C(=O)N(c3ccc(Oc5ccccc5)cc3)C4=O)c(C)c2)cc(C)c1Oc1cccc2c1C(=O)NC2=O,270.0
Cc1cc(-c2cc(C)c(Oc3cccc4c3C(=O)N(c3ccc(Oc5ccccc5)cc3)C4=O)c(C)c2)cc(C)c1Oc1cccc2c1C(=O)NC2=O,298.0
CC(C)(C)c1cc(Oc2cccc3c2C(=O)NC3=O)c(Oc2cccc3c2C(=O)N(c2ccc(Oc4ccccc4)cc2)C3=O)c(C(C)(C)C)c1,238.0
O=C1NC(=O)c2c(Oc3cccc(Oc4cccc5c4C(=O)N(c4ccc(Oc6ccccc6)cc4)C5=O)c3)cccc21,226.0
O=C(Nc1ccc(Oc2ccccc2)cc1)c1cccc(C(=O)Nc2ccc(Oc3ccc(-n4c(=O)c5cc6c(=O)[nH]c(=O)c6cc5c4=O)cc3)cc2)c1,282.0
O=C1NC(=O)c2cc(Oc3cc4ccccc4cc3Oc3ccc4c(c3)C(=O)N(c3ccc(Oc5ccc(Oc6ccccc6)cc5)cc3)C4=O)ccc21,229.0
O=C1NC(=O)c2c(Oc3ccc4c(c3)C(=O)N(c3ccc(Oc5ccc(Oc6ccccc6)cc5)cc3)C4=O)cccc21,245.0
O=C1NC(=O)c2cc(Oc3ccccc3Oc3ccc4c(c3)C(=O)N(c3ccc(Oc5ccc(Oc6ccccc6)cc5)cc3)C4=O)ccc21,202.0
O=C1NC(=O)c2cc(Oc3ccc4ccc(Oc5ccc6c(c5)C(=O)N(c5ccc(Oc7ccc(Oc8ccccc8)cc7)cc5)C6=O)cc4c3)ccc21,228.0
O=C1NC(=O)C2CC(C3CCC4C(=O)N(c5ccc(Oc6ccc(Oc7ccc(Oc8ccccc8)cc7)cc6)cc5)C(=O)C4C3)CCC12,217.0
O=C1NC(=O)c2cc(-c3ccc4c(c3)C(=O)N(c3ccc(Oc5ccc(Oc6ccc(Oc7ccccc7)cc6)cc5)cc3)C4=O)ccc21,235.0
O=C1NC(=O)c2cc(Oc3ccc4c(c3)C(=O)N(c3ccc(Oc5ccc(Oc6ccc(Oc7ccc(Oc8ccccc8)cc7)cc6)cc5)cc3)C4=O)ccc21,196.0
O=C1NC(=O)c2c1cccc2-c1ccc2c(c1)C(=O)N(c1ccc(Oc3ccc(Oc4ccc(Oc5ccc(Oc6ccccc6)cc5)cc4)cc3)cc1)C2=O,230.0
O=c1[nH]c(=O)c2sc3c(=O)n(-c4ccc(Oc5ccc(Oc6ccccc6)cc5)cc4)c(=O)c3sc12,285.0
O=C1NC(=O)c2cc(Oc3ccc4c(c3)C(=O)N(c3ccc(Oc5ccc(Oc6ccccc6)cc5)c(C(F)(F)F)c3)C4=O)ccc21,232.3
O=c1[nH]c(=O)c2cc3c(=O)n(-c4ccc(Oc5ccc(Oc6cccc(Oc7ccc(Oc8ccccc8)cc7)n6)cc5)cc4)c(=O)c3cc12,258.0
O=C1NC(=O)C2C3C=CC(C12)C1C(=O)N(c2ccc(Oc4ccc(S(=O)(=O)c5ccc(Oc6ccccc6)cc5)cc4)cc2)C(=O)C31,312.0
CC(C)(c1ccc(Oc2ccc3c(c2)C(=O)NC3=O)cc1)c1ccc(Oc2ccc3c(c2)C(=O)N(c2ccc(Oc4ccc(S(=O)(=O)c5ccc(Oc6ccccc6)cc5)cc4)cc2)C3=O)cc1,200.0
O=C1NC(=O)c2cc(Oc3ccc(Oc4ccc5c(c4)C(=O)N(c4ccc(Oc6ccc(S(=O)(=O)c7ccc(Oc8ccccc8)cc7)cc6)cc4)C5=O)cc3)ccc21,201.0
O=C1NC(=O)c2cc(Oc3cccc4c(Oc5ccc6c(c5)C(=O)N(c5ccc(Oc7ccc(S(=O)(=O)c8ccc(Oc9ccccc9)cc8)cc7)cc5)C6=O)cccc34)ccc21,201.0
C[Si](C)(c1ccc2c(c1)C(=O)NC2=O)c1ccc2c(c1)C(=O)N(c1ccc(Oc3ccc(S(=O)(=O)c4ccc(Oc5ccccc5)cc4)cc3)cc1)C2=O,238.0
O=c1[nH]c(=O)c2sc3c(=O)n(-c4ccc(Oc5ccc(S(=O)(=O)c6ccc(Oc7ccccc7)cc6)cc5)cc4)c(=O)c3sc12,175.0
Cc1cc(Cc2cc(C)c(Oc3cccc4c3C(=O)N(c3ccc(Oc5ccc(-c6ccc(Oc7ccccc7)cc6)cc5)cc3)C4=O)c(C)c2)cc(C)c1Oc1cccc2c1C(=O)NC2=O,259.0
Cc1cc(-c2cc(C)c(Oc3cccc4c3C(=O)N(c3ccc(Oc5ccc(-c6ccc(Oc7ccccc7)cc6)cc5)cc3)C4=O)c(C)c2)cc(C)c1Oc1cccc2c1C(=O)NC2=O,290.0
CC(C)(C)c1cc(Oc2cccc3c2C(=O)NC3=O)c(Oc2cccc3c2C(=O)N(c2ccc(Oc4ccc(-c5ccc(Oc6ccccc6)cc5)cc4)cc2)C3=O)c(C(C)(C)C)c1,237.0
CC(C)(C)c1cc(Oc2cccc3c2C(=O)N(c2ccc(Oc4ccc(-c5ccc(Oc6ccccc6)cc5)cc4)cc2)C3=O)c(C(C)(C)C)cc1Oc1cccc2c1C(=O)NC2=O,275.0
O=C1NC(=O)c2c(Oc3ccc(C(c4ccc(Oc5cccc6c5C(=O)N(c5ccc(Oc7ccc(-c8ccc(Oc9ccccc9)cc8)cc7)cc5)C6=O)cc4)(C(F)(F)F)C(F)(F)F)cc3)cccc21,234.0
CC(C)(c1ccc(Oc2cccc3c2C(=O)NC3=O)cc1)c1ccc(Oc2cccc3c2C(=O)N(c2ccc(Oc4ccc(-c5ccc(Oc6ccccc6)cc5)cc4)cc2)C3=O)cc1,236.0
CC(C)(C)c1cc(Oc2ccc3c(c2)C(=O)N(c2ccc(Oc4ccc(-c5ccc(Oc6ccccc6)cc5)cc4)cc2)C3=O)c(C(C)(C)C)cc1Oc1ccc2c(c1)C(=O)NC2=O,262.0
O=C1NC(=O)c2cc(Oc3cc4ccccc4cc3Oc3ccc4c(c3)C(=O)N(c3ccc(Oc5ccc(-c6ccc(Oc7ccccc7)cc6)cc5)cc3)C4=O)ccc21,227.0
O=C1NC(=O)c2cc(Oc3ccc4c(c3)C(=O)N(c3ccc(Oc5ccc(-c6ccc(Oc7ccccc7)cc6)cc5)cc3)C4=O)ccc21,245.0
O=C1NC(=O)c2cc(Oc3ccc4ccc(Oc5ccc6c(c5)C(=O)N(c5ccc(Oc7ccc(-c8ccc(Oc9ccccc9)cc8)cc7)cc5)C6=O)cc4c3)ccc21,231.0
O=C1NC(=O)c2cc(Oc3ccc4cc(Oc5ccc6c(c5)C(=O)N(c5ccc(Oc7ccc(-c8ccc(Oc9ccccc9)cc8)cc7)cc5)C6=O)ccc4c3)ccc21,230.0
O=C1NC(=O)c2cc(Oc3ccccc3Oc3ccc4c(c3)C(=O)N(c3ccc(Oc5ccc(-c6ccc(Oc7ccccc7)cc6)cc5)cc3)C4=O)ccc21,204.0
Cc1cc(Cc2cc(C)c(Oc3ccc4c(c3)C(=O)N(c3ccc(Oc5ccc(-c6ccc(Oc7ccccc7)cc6)cc5)cc3)C4=O)c(C)c2)cc(C)c1Oc1ccc2c(c1)C(=O)NC2=O,248.0
O=C1NC(=O)c2cc(Oc3ccc(C(c4ccc(Oc5ccc6c(c5)C(=O)N(c5ccc(Oc7ccc(-c8ccc(Oc9ccccc9)cc8)cc7)cc5)C6=O)cc4)(C(F)(F)F)C(F)(F)F)cc3)ccc21,217.0
CC(C)(c1ccc(Oc2ccc3c(c2)C(=O)NC3=O)cc1)c1ccc(Oc2ccc3c(c2)C(=O)N(c2ccc(Oc4ccc(-c5ccc(Oc6ccccc6)cc5)cc4)cc2)C3=O)cc1,220.0
O=c1[nH]c(=O)c2cc3c(=O)n(-c4ccc(Oc5ccc(-c6ccc(Oc7ccccc7)cc6)cc5)cc4)c(=O)c3cc12,300.0
O=C(c1ccc(Oc2cccc3c2C(=O)NC3=O)cc1)c1ccc(ON2C(=O)c3cccc(-c4ccc(Oc5ccccc5)cc4)c3C2=O)cc1,252.0
O=c1[nH]c(=O)c2sc3c(=O)n(-c4ccc(Oc5ccccc5)cc4)c(=O)c3sc12,340.0
O=C1NC(=O)c2ccc3c4c(ccc1c24)C(=O)N(c1ccc(Oc2ccc(C(c4ccc(Oc5ccccc5)c(S(=O)(=O)O)c4)(C(F)(F)F)C(F)(F)F)cc2S(=O)(=O)O)cc1)C3=O,270.0
Cc1ccc(Oc2ccccc2)c(S(=O)c2cc(C)ccc2Oc2ccc(N3C(=O)c4ccc(Oc5ccc6c(c5)C(=O)NC6=O)cc4C3=O)cc2)c1,279.0
Cc1ccc(Oc2ccccc2)c(S(=O)c2cc(C)ccc2Oc2ccc(N3C(=O)c4ccc(S(=O)(=O)c5ccc6c(c5)C(=O)NC6=O)cc4C3=O)cc2)c1,288.0
O=C1NC(=O)c2cc(Oc3ccc4c(c3)C(=O)N(c3ccc(Oc5ccc(S(=O)(=O)c6ccc(Oc7ccccc7)c(-c7cc(C(F)(F)F)cc(C(F)(F)F)c7)c6)cc5-c5cc(C(F)(F)F)cc(C(F)(F)F)c5)cc3)C4=O)ccc21,212.0
O=C1NC(=O)c2cc(-c3ccc4c(c3)C(=O)N(c3ccc(Oc5ccc(S(=O)(=O)c6ccc(Oc7ccccc7)c(-c7cc(C(F)(F)F)cc(C(F)(F)F)c7)c6)cc5-c5cc(C(F)(F)F)cc(C(F)(F)F)c5)cc3)C4=O)ccc21,230.0
O=c1[nH]c(=O)c2cc3c(=O)n(-c4ccc(Oc5ccc(Oc6ccccc6)c(-c6ccccc6)c5)cc4)c(=O)c3cc12,276.0
O=c1[nH]c(=O)c2cc3c(=O)n(-c4ccc(Oc5ccc6ccc(Oc7ccccc7)cc6c5)cc4)c(=O)c3cc12,320.8
O=C1NC(=O)c2cc(Oc3cc4ccccc4cc3Oc3ccc4c(c3)C(=O)N(c3cccc(Oc5ccccc5)c3)C4=O)ccc21,226.0
O=C1NC(=O)c2cc(Oc3ccc4ccc(Oc5ccc6c(c5)C(=O)N(c5cccc(Oc7ccccc7)c5)C6=O)cc4c3)ccc21,221.0
O=C1NC(=O)c2cc(Oc3ccc4cc(Oc5ccc6c(c5)C(=O)N(c5cccc(Oc7ccccc7)c5)C6=O)ccc4c3)ccc21,225.0
O=C1NC(=O)c2cc(Oc3cccc4c(Oc5ccc6c(c5)C(=O)N(c5cccc(Oc7ccccc7)c5)C6=O)cccc34)ccc21,235.0
O=C1NC(=O)c2c(Oc3ccc(Oc4cccc5c4C(=O)N(c4ccc(Oc6cccc(Oc7ccccc7)c6)cc4)C5=O)cc3)cccc21,214.0
O=C1NC(=O)c2c(Oc3cccc(Oc4cccc5c4C(=O)N(c4ccc(Oc6cccc(Oc7ccccc7)c6)cc4)C5=O)c3)cccc21,193.0
O=C1NC(=O)c2cc(Oc3cc4ccccc4cc3Oc3ccc4c(c3)C(=O)N(c3ccc(Oc5cccc(Oc6ccccc6)c5)cc3)C4=O)ccc21,208.0
O=C(c1ccc(Oc2ccc3c(c2)C(=O)NC3=O)cc1)c1ccc(Oc2ccc3c(c2)C(=O)N(c2ccc(Oc4cccc(Oc5ccccc5)c4)cc2)C3=O)cc1,194.0
O=C1NC(=O)c2cc(Oc3ccc(S(=O)(=O)c4ccc(Oc5ccc6c(c5)C(=O)N(c5ccc(Oc7cccc(Oc8ccccc8)c7)cc5)C6=O)cc4)cc3)ccc21,219.0
O=C1NC(=O)c2cc(Oc3ccc(-c4ccc(Oc5ccc6c(c5)C(=O)N(c5ccc(Oc7cccc(Oc8ccccc8)c7)cc5)C6=O)cc4)cc3)ccc21,205.0
O=C1NC(=O)c2cc(Oc3ccc(Oc4ccc5c(c4)C(=O)N(c4ccc(Oc6cccc(Oc7ccccc7)c6)cc4)C5=O)cc3)ccc21,199.0
O=C(c1ccc(Oc2cccc3c2C(=O)NC3=O)cc1)c1ccc(Oc2cccc3c2C(=O)N(c2ccc(Oc4cccc(Oc5ccccc5)c4)cc2)C3=O)cc1,216.0
O=C1NC(=O)c2c(Oc3ccc(Oc4ccc(Oc5cccc6c5C(=O)N(c5ccc(Oc7cccc(Oc8ccccc8)c7)cc5)C6=O)cc4)cc3)cccc21,198.0
O=C1NC(=O)c2c(Oc3ccc(S(=O)(=O)c4ccc(Oc5cccc6c5C(=O)N(c5ccc(Oc7cccc(Oc8ccccc8)c7)cc5)C6=O)cc4)cc3)cccc21,230.0
O=C1NC(=O)c2c(Oc3ccc(Sc4ccc(Oc5cccc6c5C(=O)N(c5ccc(Oc7cccc(Oc8ccccc8)c7)cc5)C6=O)cc4)cc3)cccc21,202.0
O=C1NC(=O)c2c(Oc3ccc(-c4ccc(Oc5cccc6c5C(=O)N(c5ccc(Oc7cccc(Oc8ccccc8)c7)cc5)C6=O)cc4)cc3)cccc21,224.0
O=C1NC(=O)c2cc(Oc3ccc4c(c3)C(=O)N(c3ccc(Oc5cccc(-c6cc(-c7ccccc7)cc(-c7cccc(Oc8ccccc8)c7)n6)c5)cc3)C4=O)ccc21,224.0
O=c1[nH]c(=O)c2cc3c(=O)n(-c4ccc(Oc5cccc(-c6cc(-c7ccccc7)cc(-c7cccc(Oc8ccccc8)c7)n6)c5)cc4)c(=O)c3cc12,264.0
O=C1NC(=O)c2cc(Oc3ccc4c(c3)C(=O)N(c3cccc5c(Oc6ccccc6)cccc35)C4=O)ccc21,210.0
O=C1NC(=O)c2cc(-c3ccc4c(c3)C(=O)N(c3cccc5c(Oc6ccccc6)cccc35)C4=O)ccc21,287.0
O=C1NC(=O)c2cc(S(=O)(=O)c3ccc4c(c3)C(=O)N(c3ccc(Oc5cccc6c(Oc7ccccc7)cccc56)cc3)C4=O)ccc21,295.0
O=C1NC(=O)c2cc(Oc3cc4ccccc4cc3Oc3ccc4c(c3)C(=O)N(c3ccc(Oc5ccccc5Oc5ccccc5)cc3)C4=O)ccc21,204.0
O=C1NC(=O)c2cc(Oc3ccccc3Oc3ccc4c(c3)C(=O)N(c3ccc(Oc5ccccc5Oc5ccccc5)cc3)C4=O)ccc21,193.0
O=C1NC(=O)c2cc(-c3ccc4c(c3)C(=O)N(c3ccc(Oc5ccccc5Oc5ccccc5)cc3)C4=O)ccc21,247.0
CC(C)(c1ccc(Oc2ccc3c(c2)C(=O)NC3=O)cc1)c1ccc(Oc2ccc3c(c2)C(=O)N(c2ccc(S(=O)(=O)c4ccccc4)cc2)C3=O)cc1,267.0
O=C(Nc1ccc(S(=O)(=O)c2ccccc2)cc1)c1cccc(C(=O)Nc2ccc(S(=O)(=O)c3ccc(-n4c(=O)c5cc6c(=O)[nH]c(=O)c6cc5c4=O)cc3)cc2)c1,286.0
O=C1NC(=O)C2C3C=CC(C12)C1C(=O)N(c2ccc(Sc4cc5c(cc4Sc4ccccc4)C(=O)N(CCc4ccccc4)C5=O)cc2)C(=O)C31,258.0
O=C1NC(=O)c2cc(Oc3ccc4c(c3)C(=O)N(c3ccc(Sc5cc6c(cc5Sc5ccccc5)C(=O)N(CCc5ccccc5)C6=O)cc3)C4=O)ccc21,218.0
O=C1NC(=O)c2cc(Sc3ccc(Sc4ccc(Sc5ccc6c(c5)C(=O)N(c5ccc(Sc7ccc(Sc8ccccc8)cc7)cc5)C6=O)cc4)cc3)ccc21,192.1
O=C1NC(=O)C2CC3C(=O)N(c4ccc(Sc5ccc(Sc6ccc(Sc7ccccc7)cc6)cc5)cc4)C(=O)C3CC12,236.5
O=C1NC(=O)c2cc(Oc3ccc4c(c3)C(=O)N(c3ccc(Sc5ccc(Sc6ccc(Sc7ccccc7)cc6)cc5)cc3)C4=O)ccc21,196.0
O=C1NC(=O)c2cc(Sc3ccc(Sc4ccc(Sc5ccc6c(c5)C(=O)N(c5ccc(Sc7ccc(Sc8ccc(Sc9ccccc9)cc8)cc7)cc5)C6=O)cc4)cc3)ccc21,179.1
O=C1NC(=O)c2cc(-c3ccc4c(c3)C(=O)N(c3ccc(Sc5ccc(Sc6ccc(Sc7ccccc7)cc6)cc5)cc3)C4=O)ccc21,226.9
O=C1NC(=O)c2c1cccc2-c1ccc2c(c1)C(=O)N(c1ccc(Sc3ccc(Sc4ccc(Sc5ccccc5)cc4)cc3)cc1)C2=O,227.2
O=c1[nH]c(=O)c2sc3c(=O)n(-c4ccc(Sc5ccccc5)cc4)c(=O)c3sc12,213.0
O=C1NC(=O)c2cc(Oc3ccc4c(c3)C(=O)N(c3ccc(Sc5ccc(Sc6ccccc6)s5)cc3)C4=O)ccc21,220.0
O=C1NC(=O)c2cc(Sc3ccc(Sc4ccc(Sc5ccc6c(c5)C(=O)N(c5ccc(Sc7ccc(Sc8ccccc8)s7)cc5)C6=O)cc4)cc3)ccc21,185.0
O=C1NC(=O)c2cc(Oc3ccc4c(c3)C(=O)N(c3ccc(Sc5ccc(Sc6ccc(Sc7ccc(Sc8ccccc8)s7)s6)s5)cc3)C4=O)ccc21,157.0
O=C1NC(=O)c2cc(Sc3ccc(Sc4ccc(Sc5ccc6c(c5)C(=O)N(c5ccc(Sc7ccc(Sc8ccc(Sc9ccc(Sc%10ccccc%10)s9)s8)s7)cc5)C6=O)cc4)cc3)ccc21,177.0
O=C1NC(=O)C2CC3C(=O)N(c4ccc(Sc5ccc6c(c5)Sc5ccc(Sc7ccccc7)cc5S6)cc4)C(=O)C3CC12,261.8
O=c1[nH]c(=O)c2cc3c(=O)n(-c4ccc(-c5c(-c6ccc(-c7ccccc7)cc6)cc(-c6ccc(OCCCCCCCCCCOc7ccc(-c8cc(-c9ccc(-c%10ccccc%10)cc9)c(-c9ccccc9)c(-c9ccc(-c%10ccccc%10)cc9)c8)cc7)cc6)cc5-c5ccc(-c6ccccc6)cc5)cc4)c(=O)c3cc12,123.0
O=c1[nH]c(=O)c2cc3c(=O)n(-c4ccc(-c5c(-c6ccc(-c7ccccc7)cc6)cc(-c6ccc(OCCCCCCOc7ccc(-c8cc(-c9ccc(-c%10ccccc%10)cc9)c(-c9ccccc9)c(-c9ccc(-c%10ccccc%10)cc9)c8)cc7)cc6)cc5-c5ccc(-c6ccccc6)cc5)cc4)c(=O)c3cc12,130.0
CC(C)(C)c1cc(-c2ccccc2)cc(C(C)(C)C)c1Oc1ccc(N2C(=O)c3ccc(Oc4ccc5c(c4)C(=O)NC5=O)cc3C2=O)cc1,337.0
CC(C)(C)c1cc(-c2ccccc2)cc(C(C)(C)C)c1Oc1ccc(N2C(=O)c3ccc(S(=O)(=O)c4ccc5c(c4)C(=O)NC5=O)cc3C2=O)cc1,344.0
CC(C)(C)c1cc(-c2ccccc2)cc(C(C)(C)C)c1Oc1ccc(N2C(=O)c3ccc(-c4ccc5c(c4)C(=O)NC5=O)cc3C2=O)cc1,374.0
CC(C)(C)c1cc(-c2ccccc2)cc(C(C)(C)C)c1Oc1ccc(-n2c(=O)c3cc4c(=O)[nH]c(=O)c4cc3c2=O)cc1,395.0
CC(C)(C)c1cc(-c2ccccc2)cc(C(C)(C)C)c1Oc1ccc(N2C(=O)c3ccc(Oc4ccc5c(c4)C(=O)NC5=O)cc3C2=O)cc1C(F)(F)F,353.0
CC(C)(C)c1cc(-c2ccccc2)cc(C(C)(C)C)c1Oc1ccc(N2C(=O)c3ccc(-c4ccc5c(c4)C(=O)NC5=O)cc3C2=O)cc1C(F)(F)F,382.0
CC1(C)CC(C)(c2ccc(Oc3ccc(-c4ccccc4)cc3C(F)(F)F)cc2)c2cc(Oc3ccc(-c4ccc(N5C(=O)c6ccc(Oc7ccc(C(C)(C)c8ccc(Oc9ccc%10c(c9)C(=O)NC%10=O)cc8)cc7)cc6C5=O)cc4)cc3C(F)(F)F)ccc21,241.0
CC1(C)CC(C)(c2ccc(Oc3ccc(-c4ccccc4)cc3C(F)(F)F)cc2)c2cc(Oc3ccc(-c4ccc(N5C(=O)c6ccc(Oc7ccc8c(c7)C(=O)NC8=O)cc6C5=O)cc4)cc3C(F)(F)F)ccc21,249.0
CC1(C)CC(C)(c2ccc(Oc3ccc(-c4ccccc4)cc3C(F)(F)F)cc2)c2cc(Oc3ccc(-c4ccc(-n5c(=O)c6cc7c(=O)[nH]c(=O)c7cc6c5=O)cc4)cc3C(F)(F)F)ccc21,265.0
O=C1NC(=O)c2cc(Oc3ccc(Sc4ccc(Oc5ccc6c(c5)C(=O)N(c5ccc(-c7ccccc7)cc5)C6=O)cc4)cc3)ccc21,257.0
O=C1NC(=O)c2cc(Oc3ccc4c(c3)C(=O)N(c3ccc(-c5ccccc5)cc3)C4=O)ccc21,286.0
O=C(Nc1ccc(-c2ccccc2)cc1)c1cccc(C(=O)Nc2ccc(-c3ccc(N4C(=O)c5ccc(Oc6ccc7c(c6)C(=O)NC7=O)cc5C4=O)cc3)cc2)c1,233.0
O=C(Nc1ccc(-c2ccccc2)cc1)c1cccc(C(=O)Nc2ccc(-c3ccc(N4C(=O)c5ccc(-c6ccc7c(c6)C(=O)NC7=O)cc5C4=O)cc3)cc2)c1,230.0
O=C(Nc1ccc(-c2ccccc2)cc1)c1cccc(C(=O)Nc2ccc(-c3ccc(-n4c(=O)c5cc6c(=O)[nH]c(=O)c6cc5c4=O)cc3)cc2)c1,227.0
O=C(Nc1ccc2c(c1)C(=O)NC2=O)Nc1cccc(NC(=O)Nc2ccc3c(c2)C(=O)N(c2ccc(-c4cc(-c5ccc(-c6ccccc6)cc5)cc(-c5ccccc5)n4)cc2)C3=O)n1,248.0
O=C(Nc1ccc2c(c1)C(=O)NC2=O)Nc1cccc2c(NC(=O)Nc3ccc4c(c3)C(=O)N(c3ccc(-c5cc(-c6ccc(-c7ccccc7)cc6)cc(-c6ccccc6)n5)cc3)C4=O)cccc12,254.0
O=C(Nc1ccc(Oc2ccc3nc(-c4ccccc4)c(-c4ccccc4)nc3c2)cc1)c1cc(C(=O)Nc2ccc(Oc3ccc4nc(-c5ccccc5)c(-c5ccc(N6C(=O)c7ccc8c9c(ccc(c79)C6=O)C(=O)NC8=O)cc5)nc4c3)cc2)cc(N2C(=O)c3c(Cl)c(Cl)c(Cl)c(Cl)c3C2=O)c1,345.0
CC(C)(C)c1cccc(Cc2ccc(-n3c(=O)c4cc5c(=O)[nH]c(=O)c5cc4c3=O)c(C(C)(C)C)c2)c1,217.0
O=Cc1ccc2c(c1)C(=O)N(c1ccc(Cc3ccc(Cc4ccc(Cc5ccc(N6C(=O)c7ccccc7C6=O)cc5)cc4)cc3)cc1)C2=O,302.0
O=C(Nc1ccc(NC(=O)c2cccc(N3C(=O)c4ccc(-c5cccc6c5C(=O)NC6=O)cc4C3=O)c2)cc1)c1ccccc1,328.0
CC(C)(c1ccc(Oc2ccc(NC(=O)c3ccccc3)cc2)cc1)c1ccc(Oc2ccc(NC(=O)c3cccc(N4C(=O)c5ccc(-c6ccc7c(c6)C(=O)NC7=O)cc5C4=O)c3)cc2)cc1,257.0
CC(C)(c1ccc(Oc2ccc(NC(=O)c3ccccc3)cc2)cc1)c1ccc(Oc2ccc(NC(=O)c3cccc(N4C(=O)c5ccc(-c6cccc7c6C(=O)NC7=O)cc5C4=O)c3)cc2)cc1,261.0
O=C(Nc1ccc(Oc2ccc(NC(=O)c3cccc(N4C(=O)c5ccc(-c6ccc7c(c6)C(=O)NC7=O)cc5C4=O)c3)cc2)cc1)c1ccccc1,253.0
O=C(Nc1ccc(Oc2ccc(NC(=O)c3cccc(N4C(=O)c5ccc(-c6cccc7c6C(=O)NC7=O)cc5C4=O)c3)cc2)cc1)c1ccccc1,291.0
O=C(Nc1ccc(Oc2ccc(Oc3ccc(NC(=O)c4cccc(N5C(=O)c6ccc(-c7ccc8c(c7)C(=O)NC8=O)cc6C5=O)c4)cc3)cc2)cc1)c1ccccc1,244.0
O=C(Nc1ccc(Oc2ccc(Oc3ccc(NC(=O)c4cccc(N5C(=O)c6ccc(-c7cccc8c7C(=O)NC8=O)cc6C5=O)c4)cc3)cc2)cc1)c1ccccc1,268.0
O=C(Nc1ccc(Oc2ccc(Oc3ccc(Oc4ccc(NC(=O)c5cccc(N6C(=O)c7ccc(-c8cccc9c8C(=O)NC9=O)cc7C6=O)c5)cc4)cc3)cc2)cc1)c1ccccc1,260.0
O=C(Nc1ccc(Oc2ccc(S(=O)(=O)c3ccc(Oc4ccc(NC(=O)c5cccc(N6C(=O)c7ccc(-c8ccc9c(c8)C(=O)NC9=O)cc7C6=O)c5)cc4)cc3)cc2)cc1)c1ccccc1,258.0
O=C(Nc1ccc(Oc2ccc(S(=O)(=O)c3ccc(Oc4ccc(NC(=O)c5cccc(N6C(=O)c7ccc(-c8cccc9c8C(=O)NC9=O)cc7C6=O)c5)cc4)cc3)cc2)cc1)c1ccccc1,263.0
O=C(Nc1ccc(Oc2ccc(-c3ccc(Oc4ccc(NC(=O)c5cccc(N6C(=O)c7ccc(-c8ccc9c(c8)C(=O)NC9=O)cc7C6=O)c5)cc4)cc3)cc2)cc1)c1ccccc1,270.0
O=C(Nc1ccc(Oc2ccc(-c3ccc(Oc4ccc(NC(=O)c5cccc(N6C(=O)c7ccc(-c8cccc9c8C(=O)NC9=O)cc7C6=O)c5)cc4)cc3)cc2)cc1)c1ccccc1,275.0
O=C(Nc1ccc(Oc2cccc(Oc3ccc(NC(=O)c4cccc(N5C(=O)c6ccc(-c7ccc8c(c7)C(=O)NC8=O)cc6C5=O)c4)cc3)c2)cc1)c1ccccc1,253.0
O=C(Nc1ccc(Oc2cccc(Oc3ccc(NC(=O)c4cccc(N5C(=O)c6ccc(-c7cccc8c7C(=O)NC8=O)cc6C5=O)c4)cc3)c2)cc1)c1ccccc1,253.0
O=C(Nc1cccc(S(=O)(=O)c2cccc(NC(=O)c3cccc(N4C(=O)c5ccc(-c6ccc7c(c6)C(=O)NC7=O)cc5C4=O)c3)c2)c1)c1ccccc1,247.0
O=C(Nc1cccc(S(=O)(=O)c2cccc(NC(=O)c3cccc(N4C(=O)c5ccc(-c6cccc7c6C(=O)NC7=O)cc5C4=O)c3)c2)c1)c1ccccc1,261.0
Cc1cc(C)c(N2C(=O)c3ccc(Oc4ccc5c(c4)C(=O)NC5=O)cc3C2=O)c(C)c1C(=O)c1ccccc1,287.0
Cc1cc(C)c(N2C(=O)c3ccc(-c4ccc5c(c4)C(=O)NC5=O)cc3C2=O)c(C)c1C(=O)c1ccccc1,320.0
O=C(c1ccccc1)c1ccc(Oc2ccc(N3C(=O)c4ccc(Oc5ccc6c(c5)C(=O)NC6=O)cc4C3=O)cc2)cc1,232.0
O=C(c1ccccc1)c1ccc(Oc2ccc(N3C(=O)c4ccc(Oc5ccc6c(c5)C(=O)NC6=O)cc4C3=O)cc2C(F)(F)F)cc1,224.0
O=C1NC(=O)c2cc(Oc3ccc4c(c3)C(=O)N(c3cccc(C(F)(F)C(F)(F)C(F)(F)C(F)(F)C(F)(F)c5ccccc5)c3)C4=O)ccc21,157.0
O=C1NC(=O)c2cc(Oc3ccc4c(c3)C(=O)N(c3cccc(C(F)(F)C(F)(F)C(F)(F)c5ccccc5)c3)C4=O)ccc21,183.0
O=C1NC(=O)c2cc(Oc3ccc4c(c3)C(=O)N(c3cccc(C(c5ccccc5)(C(F)(F)F)C(F)(F)F)c3)C4=O)ccc21,224.5
O=C1NC(=O)c2cc(-c3ccc4c(c3)C(=O)N(c3cccc(C(c5ccccc5)(C(F)(F)F)C(F)(F)F)c3)C4=O)ccc21,267.0
C[Si](C)(C)O[Si](C)(C)O[Si](C)(C)OC(c1ccccc1)c1cccc(N2C(=O)c3ccc(Oc4ccc5c(c4)C(=O)NC5=O)cc3C2=O)c1,219.0
O=C1NC(=O)c2cc(Oc3ccc4c(c3)C(=O)N(c3cccc(C(O)c5ccccc5)c3)C4=O)ccc21,252.0
O=C1NC(=O)c2cc(Oc3ccc4c(c3)C(=O)N(c3cccc(C(c5ccccc5)(c5ccccc5)C(F)(F)F)c3)C4=O)ccc21,293.0
O=C1NC(=O)c2cc(-c3cccc4c3C(=O)N(c3cccc(OCCCc5ccccc5)c3)C4=O)ccc21,178.0
O=C1NC(=O)C2CC(C3CCC4C(=O)N(c5ccccc5)C(=O)C4C3)CCC12,263.0
Cc1cc(Cc2cc(C)c(Oc3cccc4c3C(=O)N(c3ccccc3)C4=O)c(C)c2)cc(C)c1Oc1cccc2c1C(=O)NC2=O,269.0
Cc1cc(-c2cc(C)c(Oc3cccc4c3C(=O)N(c3ccccc3)C4=O)c(C)c2)cc(C)c1Oc1cccc2c1C(=O)NC2=O,311.0
O=C(c1ccc(Oc2cccc3c2C(=O)NC3=O)cc1)c1ccc(Oc2cccc3c2C(=O)N(c2ccccc2)C3=O)cc1,248.0
CC(C)(c1ccc(Oc2cccc3c2C(=O)NC3=O)cc1)c1ccc(Oc2cccc3c2C(=O)N(c2ccccc2)C3=O)cc1,236.0
O=C1NC(=O)c2c(Oc3ccc(Oc4ccc(Oc5cccc6c5C(=O)N(c5ccccc5)C6=O)cc4)cc3)cccc21,238.0
O=C1NC(=O)c2c(Oc3ccc(Oc4cccc5c4C(=O)N(c4ccccc4)C5=O)cc3)cccc21,259.0
O=C1NC(=O)c2c(Oc3ccc(S(=O)(=O)c4ccc(Oc5cccc6c5C(=O)N(c5ccccc5)C6=O)cc4)cc3)cccc21,266.0
O=C1NC(=O)c2c(Oc3ccc(Sc4ccc(Oc5cccc6c5C(=O)N(c5ccccc5)C6=O)cc4)cc3)cccc21,231.0
O=C1NC(=O)c2c(Oc3ccc(-c4ccc(Oc5cccc6c5C(=O)N(c5ccccc5)C6=O)cc4)cc3)cccc21,275.0
O=C1NC(=O)c2c(Oc3cccc(Oc4cccc5c4C(=O)N(c4ccccc4)C5=O)c3)cccc21,241.0
O=C1c2ccc(C(c3ccc4c(c3)C(=O)N(c3cccc(-n5c(=O)c6cc7c(=O)[nH]c(=O)c7cc6c5=O)c3)C4=O)(C(F)(F)F)C(F)(F)F)cc2C(=O)N1c1ccccc1,338.0
Cc1cc(Cc2cc(C)c(Oc3ccc4c(c3)C(=O)N(c3ccccc3)C4=O)c(C)c2)cc(C)c1Oc1ccc2c(c1)C(=O)NC2=O,245.0
Cc1cc(-c2cc(C)c(Oc3ccc4c(c3)C(=O)N(c3ccccc3)C4=O)c(C)c2)cc(C)c1Oc1ccc2c(c1)C(=O)NC2=O,295.0
O=C1NC(=O)c2cc(Oc3cc4ccccc4cc3Oc3ccc4c(c3)C(=O)N(c3ccccc3)C4=O)ccc21,255.0
O=C(c1ccc(Oc2ccc3c(c2)C(=O)NC3=O)cc1)c1ccc(Oc2ccc3c(c2)C(=O)N(c2ccccc2)C3=O)cc1,239.0
CC(C)(c1ccc(Oc2ccc3c(c2)C(=O)NC3=O)cc1)c1ccc(Oc2ccc3c(c2)C(=O)N(c2ccccc2)C3=O)cc1,215.0
O=C1NC(=O)c2cc(Oc3ccc(Oc4ccc(Oc5ccc6c(c5)C(=O)N(c5ccccc5)C6=O)cc4)cc3)ccc21,227.0
O=C1NC(=O)c2cc(Oc3ccc(S(=O)(=O)c4ccc(Oc5ccc6c(c5)C(=O)N(c5ccccc5)C6=O)cc4)cc3)ccc21,265.0
O=C1NC(=O)c2cc(Oc3ccc(-c4ccc(Oc5ccc6c(c5)C(=O)N(c5ccccc5)C6=O)cc4)cc3)ccc21,247.0
O=C1NC(=O)c2cc(Oc3ccc4ccc(Oc5ccc6c(c5)C(=O)N(c5ccccc5)C6=O)cc4c3)ccc21,254.0
O=C1NC(=O)c2cc(Oc3ccc4cc(Oc5ccc6c(c5)C(=O)N(c5ccccc5)C6=O)ccc4c3)ccc21,230.0
O=C1NC(=O)c2cc(Oc3cccc4c(Oc5ccc6c(c5)C(=O)N(c5ccccc5)C6=O)cccc34)ccc21,260.0
O=C1NC(=O)c2cc(-c3ccc4c(c3)C(=O)N(c3cccc(N5C(=O)c6ccc(C(c7ccc8c(c7)C(=O)N(c7ccccc7)C8=O)(C(F)(F)F)C(F)(F)F)cc6C5=O)c3)C4=O)ccc21,308.0
CC1(C)CC2(CC(C)(C)c3ccc(Oc4ccc5c(c4)C(=O)N(c4ccccc4)C5=O)cc32)c2cc(Oc3ccc4c(c3)C(=O)NC4=O)ccc21,253.0
O=C1NC(=O)c2cc(Oc3ccccc3Oc3ccc4c(c3)C(=O)N(c3ccccc3)C4=O)ccc21,224.0
O=C(Nc1ccccc1)c1cccc(C(=O)Nc2cccc(-n3c(=O)c4cc5c(=O)[nH]c(=O)c5cc4c3=O)c2)c1,265.0
O=C1NC(=O)c2cc(-c3ccc4c(c3)C(=O)N(c3cccc(OCCCCCCCCCCCCOc5ccccc5)c3)C4=O)ccc21,116.0
O=C1NC(=O)c2c1cccc2-c1ccc2c(c1)C(=O)N(c1cccc(OCCCCCCCCCCCCOc3ccccc3)c1)C2=O,116.0
O=C1NC(=O)c2cc(-c3ccc4c(c3)C(=O)N(c3cccc(OCCCCCCCCCCOc5ccccc5)c3)C4=O)ccc21,125.0
O=C1NC(=O)c2c1cccc2-c1ccc2c(c1)C(=O)N(c1cccc(OCCCCCCCCCCOc3ccccc3)c1)C2=O,127.0
O=C1NC(=O)c2cc(-c3ccc4c(c3)C(=O)N(c3cccc(OCCCCCCCCCOc5ccccc5)c3)C4=O)ccc21,132.0
O=C1NC(=O)c2c1cccc2-c1ccc2c(c1)C(=O)N(c1cccc(OCCCCCCCCCOc3ccccc3)c1)C2=O,134.0
O=C1NC(=O)c2cc(-c3ccc4c(c3)C(=O)N(c3cccc(OCCCCCCCCOc5ccccc5)c3)C4=O)ccc21,138.0
O=C1NC(=O)c2c1cccc2-c1ccc2c(c1)C(=O)N(c1cccc(OCCCCCCCCOc3ccccc3)c1)C2=O,142.0
O=C1NC(=O)c2cc(-c3ccc4c(c3)C(=O)N(c3cccc(OCCCCCCOc5ccccc5)c3)C4=O)ccc21,153.0
O=C1NC(=O)c2c1cccc2-c1ccc2c(c1)C(=O)N(c1cccc(OCCCCCCOc3ccccc3)c1)C2=O,157.0
O=C1NC(=O)c2cc(-c3ccc4c(c3)C(=O)N(c3cccc(OCCCCCOc5ccccc5)c3)C4=O)ccc21,165.0
O=C1NC(=O)c2c1cccc2-c1ccc2c(c1)C(=O)N(c1cccc(OCCCCCOc3ccccc3)c1)C2=O,168.0
O=C1NC(=O)c2cc(-c3ccc4c(c3)C(=O)N(c3cccc(OCCCCOc5ccccc5)c3)C4=O)ccc21,175.0
O=C1NC(=O)c2c1cccc2-c1ccc2c(c1)C(=O)N(c1cccc(OCCCCOc3ccccc3)c1)C2=O,178.0
O=C1NC(=O)c2cc(-c3ccc4c(c3)C(=O)N(c3cccc(OCCCOc5ccccc5)c3)C4=O)ccc21,184.0
O=C1NC(=O)c2cc(Oc3ccc(-c4ccc(Oc5ccc6c(c5)C(=O)N(c5cccc(Oc7cc(Oc8ccccc8)ccc7P(=O)(c7ccccc7)c7ccccc7)c5)C6=O)cc4)cc3)ccc21,227.0
O=C1NC(=O)c2cc(-c3ccc4c(c3)C(=O)N(c3cccc(Oc5cc(Oc6ccccc6)ccc5P(=O)(c5ccccc5)c5ccccc5)c3)C4=O)ccc21,234.0
O=c1[nH]c(=O)c2cc3c(=O)n(-c4cccc(Oc5cc(Oc6ccccc6)ccc5P(=O)(c5ccccc5)c5ccccc5)c4)c(=O)c3cc12,251.0
O=c1[nH]c(=O)c2cc3c(=O)n(-c4cccc(Oc5ccc(C(c6ccc(Oc7ccccc7)cc6)(C(F)(F)F)C(F)(F)F)cc5)c4)c(=O)c3cc12,235.0
CC(C)(c1cc(Br)c(Oc2ccc3c(c2)C(=O)NC3=O)c(Br)c1)c1cc(Br)c(Oc2ccc3c(c2)C(=O)N(c2cccc(Oc4ccc(S(=O)(=O)c5ccc(Oc6ccccc6)cc5)cc4)c2)C3=O)c(Br)c1,232.0
CC(C)(c1ccc(Oc2ccc3c(c2)C(=O)NC3=O)cc1)c1ccc(Oc2ccc3c(c2)C(=O)N(c2cccc(Oc4ccc(S(=O)(=O)c5ccc(Oc6ccccc6)cc5)cc4)c2)C3=O)cc1,182.0
O=c1[nH]c(=O)c2cc3c(=O)n(-c4cccc(Oc5ccc(S(=O)(=O)c6ccc(Oc7ccccc7)cc6)cc5)c4)c(=O)c3cc12,193.3
O=C1NC(=O)C2C3C=CC(C12)C1C(=O)N(c2cccc(Oc4cccc(Oc5ccccc5)c4)c2)C(=O)C31,162.0
O=c1[nH]c(=O)c2cc3c(=O)n(-c4cccc(Oc5ccccc5)c4)c(=O)c3cc12,287.0
O=C1NC(=O)c2cc(Oc3ccc4c(c3)C(=O)N(c3cccc(P(=O)(c5ccccc5)c5cc(C(F)(F)F)cc(C(F)(F)F)c5)c3)C4=O)ccc21,288.0
O=c1[nH]c(=O)c2c(-c3cc(C(F)(F)F)cc(C(F)(F)F)c3)c3c(=O)n(-c4cccc(P(=O)(c5ccccc5)c5cc(C(F)(F)F)cc(C(F)(F)F)c5)c4)c(=O)c3cc12,280.0
O=c1[nH]c(=O)c2c(-c3cc(C(F)(F)F)cc(C(F)(F)F)c3)c3c(=O)n(-c4cccc(P(=O)(c5ccccc5)c5cc(C(F)(F)F)cc(C(F)(F)F)c5)c4)c(=O)c3c(-c3cc(C(F)(F)F)cc(C(F)(F)F)c3)c12,293.0
O=c1[nH]c(=O)c2c(-c3ccc(C(F)(F)F)cc3)c3c(=O)n(-c4cccc(P(=O)(c5ccccc5)c5cc(C(F)(F)F)cc(C(F)(F)F)c5)c4)c(=O)c3c(-c3ccc(C(F)(F)F)cc3)c12,310.0
O=c1[nH]c(=O)c2c(-c3ccccc3)c3c(=O)n(-c4cccc(P(=O)(c5ccccc5)c5cc(C(F)(F)F)cc(C(F)(F)F)c5)c4)c(=O)c3c(-c3ccccc3)c12,320.0
O=c1[nH]c(=O)c2cc3c(=O)n(-c4cccc(P(=O)(c5ccccc5)c5cc(C(F)(F)F)cc(C(F)(F)F)c5)c4)c(=O)c3cc12,281.0
O=c1[nH]c(=O)c2c(-c3ccc(C(F)(F)F)cc3)c3c(=O)n(-c4cccc(P(=O)(c5ccccc5)c5cc(C(F)(F)F)cc(C(F)(F)F)c5)c4)c(=O)c3cc12,292.0
O=c1[nH]c(=O)c2c(-c3ccccc3)c3c(=O)n(-c4cccc(P(=O)(c5ccccc5)c5cc(C(F)(F)F)cc(C(F)(F)F)c5)c4)c(=O)c3cc12,300.0
O=C1NC(=O)c2cc(Oc3ccc4c(c3)C(=O)N(c3cccc(P(=O)(c5ccccc5)c5ccc(C(F)(F)F)cc5)c3)C4=O)ccc21,248.0
O=c1[nH]c(=O)c2c(-c3ccc(C(F)(F)F)cc3)c3c(=O)n(-c4cccc(P(=O)(c5ccccc5)c5ccc(C(F)(F)F)cc5)c4)c(=O)c3cc12,303.0
O=c1[nH]c(=O)c2c(-c3ccc(C(F)(F)F)cc3)c3c(=O)n(-c4cccc(P(=O)(c5ccccc5)c5ccc(C(F)(F)F)cc5)c4)c(=O)c3c(-c3ccc(C(F)(F)F)cc3)c12,324.0
O=c1[nH]c(=O)c2c(-c3ccccc3)c3c(=O)n(-c4cccc(P(=O)(c5ccccc5)c5ccc(C(F)(F)F)cc5)c4)c(=O)c3c(-c3ccccc3)c12,337.0
O=c1[nH]c(=O)c2cc3c(=O)n(-c4cccc(P(=O)(c5ccccc5)c5ccc(C(F)(F)F)cc5)c4)c(=O)c3cc12,311.0
O=c1[nH]c(=O)c2c(-c3cc(C(F)(F)F)cc(C(F)(F)F)c3)c3c(=O)n(-c4cccc(P(=O)(c5ccccc5)c5ccc(C(F)(F)F)cc5)c4)c(=O)c3cc12,290.0
O=c1[nH]c(=O)c2c(-c3ccccc3)c3c(=O)n(-c4cccc(P(=O)(c5ccccc5)c5ccc(C(F)(F)F)cc5)c4)c(=O)c3cc12,311.0
O=C1NC(=O)c2cc(Oc3ccc4c(c3)C(=O)N(c3cccc(P(=O)(c5ccccc5)c5ccc(Oc6ccc(C78CC9CC(CC(C9)C7)C8)cc6)cc5)c3)C4=O)ccc21,290.0
CC(C)(c1ccc(Oc2ccc3c(c2)C(=O)NC3=O)cc1)c1ccc(Oc2ccc3c(c2)C(=O)N(c2cccc(P(C)(=O)c4ccccc4)c2)C3=O)cc1,213.0
O=c1[nH]c(=O)c2cc3c(=O)n(-c4cccc(P(=O)(c5ccccc5)c5ccc(Oc6ccc(C78CC9CC(CC(C9)C7)C8)cc6)cc5)c4)c(=O)c3cc12,330.0
CC(C)(c1ccc(Oc2ccc3c(c2)C(=O)NC3=O)cc1)c1ccc(Oc2ccc3c(c2)C(=O)N(c2cccc(P(=O)(c4ccccc4)c4ccccc4)c2)C3=O)cc1,213.0
O=C1NC(=O)c2cc(Oc3ccc4c(c3)C(=O)N(c3cccc(P(=O)(c5ccccc5)c5ccccc5)c3)C4=O)ccc21,251.0
O=c1[nH]c(=O)c2c(-c3cc(C(F)(F)F)cc(C(F)(F)F)c3)c3c(=O)n(-c4cccc(P(=O)(c5ccccc5)c5ccccc5)c4)c(=O)c3c(-c3cc(C(F)(F)F)cc(C(F)(F)F)c3)c12,324.0
O=c1[nH]c(=O)c2c(-c3ccc(C(F)(F)F)cc3)c3c(=O)n(-c4cccc(P(=O)(c5ccccc5)c5ccccc5)c4)c(=O)c3c(-c3ccc(C(F)(F)F)cc3)c12,334.0
O=c1[nH]c(=O)c2c(-c3ccccc3)c3c(=O)n(-c4cccc(P(=O)(c5ccccc5)c5ccccc5)c4)c(=O)c3cc12,322.0
O=c1[nH]c(=O)c2c(-c3ccccc3)c3c(=O)n(-c4cccc(P(=O)(c5ccccc5)c5ccccc5)c4)c(=O)c3c(-c3ccccc3)c12,342.0
O=c1[nH]c(=O)c2cc3c(=O)n(-c4cccc(P(=O)(c5ccccc5)c5ccccc5)c4)c(=O)c3cc12,331.0
O=c1[nH]c(=O)c2c(-c3cc(C(F)(F)F)cc(C(F)(F)F)c3)c3c(=O)n(-c4cccc(P(=O)(c5ccccc5)c5ccccc5)c4)c(=O)c3cc12,299.0
O=c1[nH]c(=O)c2c(-c3ccc(C(F)(F)F)cc3)c3c(=O)n(-c4cccc(P(=O)(c5ccccc5)c5ccccc5)c4)c(=O)c3cc12,318.0
CC(C)(c1ccc(Oc2ccc3c(c2)C(=O)NC3=O)cc1)c1ccc(Oc2ccc3c(c2)C(=O)N(c2cccc(S(=O)(=O)c4ccccc4)c2)C3=O)cc1,201.0
O=C1NC(=O)c2cc(Oc3ccc(S(=O)(=O)c4ccc(Oc5ccc6c(c5)C(=O)N(c5cccc(S(=O)(=O)c7ccccc7)c5)C6=O)cc4)cc3)ccc21,205.0
O=C1NC(=O)c2cc(Oc3ccc(Sc4ccc(Oc5ccc6c(c5)C(=O)N(c5cccc(S(=O)(=O)c7ccccc7)c5)C6=O)cc4)cc3)ccc21,209.0
O=c1[nH]c(=O)c2cc3c(=O)n(-c4cccc(S(=O)(=O)c5ccccc5)c4)c(=O)c3cc12,327.0
*N1C(=O)C2(CCC2(C)C)C1=O,318.0
*N1C(=O)C2(CCCC2)C(=O)N(*)C(=O)C2(CCCC2)C1=O,230.0
*N1C(=O)C2(CCCCC2)C(=O)N(*)C(=O)C2(CCCCC2)C1=O,220.0
*N1C(=O)C2CC(C2)C1=O,210.0
*c1ccc(Cc2ccc(N3C(=O)C4CCC(C4)C(=O)N3*)cc2)cc1,335.0
*c1ccc(S(=O)(=O)c2ccc(N3C(=O)C4CCC(C4)C(=O)N3*)cc2)cc1,360.0
*N1C(=O)C2CC3CC(C3)CC2C1=O,310.0
*N1C(=O)C2CC3CC(CC3C2)C1=O,280.0
*N1C(=O)C2CC3CC2CC3C(=O)N1*,340.0
*N1C(=O)C2CC3CC2CC3C1=O,350.0
*N1C(=O)C2CC3CCC2CC3C1=O,340.0
*N1C(=O)C2CC3CCCC3C2C1=O,370.0
*N1C(=O)C2CCCC(CC2)C1=O,225.0
*N1C(=O)C2CCCC2C1=O,195.0
*N1C(=O)C2CCCCC2C(=O)N1*,285.0
*N1C(=O)C2CCCCC2C1=O,245.0
*N1C(=O)C2CC[C@@H](C2)C1=O,270.0
*N1C(=O)C2CCCC[C@H]2C1=O,320.0
*N1C(=O)[C@H]2CCCC[C@H]2C(=O)N(*)C(=O)[C@H]2CCCC[C@H]2C1=O,285.0
*N1C(=O)[C@H]2CCCC[C@H]2C1=O,260.0
*N1C(=O)[C@@H]2CCCC[C@H]2C(=O)N(*)C(=O)[C@@H]2CCCC[C@H]2C1=O,280.0
*N1C(=O)[C@@H]2CCCC[C@H]2C(=O)N1*,215.0
*N1C(=O)[C@H]2CCC[C@H]2C(=O)N(*)C(=O)[C@H]2CCC[C@H]2C1=O,310.0
*c1ccc(C(C)(C)c2ccc(N3C(=O)[C@H]4CCC[C@H]4C(=O)N3*)cc2)cc1,280.0
*N1C(=O)[C@H]2CCC[C@H]2C1=O,258.0
*N1C(=O)[C@@H]2CCC[C@H](C2)C(=O)N(*)C(=O)[C@@H]2CCC[C@H](C2)C1=O,325.0
*N1C(=O)[C@@H]2CCC[C@H](C2)C1=O,245.0
*N1C(=O)[C@@H]2CCC[C@H]2C(=O)N(*)C(=O)[C@@H]2CCC[C@H]2C1=O,300.0
*N1C(=O)[C@H]2CC[C@H]2C1=O,295.0
*N1C(=O)[C@H]2CC[C@@H](C(=O)N1*)[C@@H]1CCC[C@@H]12,295.0
*c1ccc(N(C)c2ccc(N3C(=O)[C@@H]4CC[C@H](C4)C(=O)N3*)cc2)cc1,315.0
*c1ccc(Oc2ccc(N3C(=O)[C@@H]4CC[C@H](C4)C(=O)N3*)cc2)cc1,340.0
*c1ccc(N2C(=O)[C@@H]3CC[C@H](C3)C(=O)N2*)cc1,320.0
*N1C(=O)[C@H]2CC[C@@H](CC2)C(=O)N(*)C(=O)[C@H]2CC[C@@H](CC2)C1=O,260.0
*c1ccc(-c2ccc(-c3ccc(N4C(=O)[C@H]5CC[C@@H](CC5)C(=O)N4*)cc3)cc2)cc1,370.0
*N1C(=O)[C@H]2CC[C@H](CC2)[C@@H]2CC[C@H](CC2)C(=O)N1*,250.0
*N1C(=O)[C@@H]2CC[C@H](C(=O)C2)C(=O)N1*,300.0
*c1ccc(OC(F)(F)C(F)(F)Oc2ccc(N3C(=O)[C@@H]4CC[C@H](C(=O)C4)C(=O)N3*)cc2)cc1,200.0
*c1ccc(C(=O)c2ccc(-c3ccc(N4C(=O)[C@@H]5CC[C@H](C(=O)C5)C(=O)N4*)cc3)cc2)cc1,268.0
*c1ccc(Cc2ccc(-c3ccc(N4C(=O)[C@@H]5CC[C@H](C(=O)C5)C(=O)N4*)cc3)cc2)cc1,245.0
*c1ccc(OC(F)(F)C(F)(F)Oc2ccc(-c3ccc(N4C(=O)[C@@H]5CC[C@H](C(=O)C5)C(=O)N4*)cc3)cc2)cc1,205.0
*N1C(=O)[C@@H]2CC[C@H]2C(=O)N1*,240.0
*N1C(=O)[C@@H]2CC[C@H]2C1=O,300.0
*N1C(=O)[C@@H]2[C@@H]3CC[C@H](C3)C[C@H]2C1=O,310.0
*N1C(=O)[C@H]2[C@@H]3CC[C@H]3C[C@H]2C1=O,300.0
*N1C(=O)[C@H]2C[C@@H](C(=O)N1*)[C@H]1C[C@H]12,335.0
*N1C(=O)[C@H]2C[C@@H](C(=O)N1*)[C@@H]1CCC[C@@H]12,315.0
*N1C(=O)[C@H]2C[C@@H](C1=O)[C@@H]1CC[C@@H]2C1,350.0
*N1C(=O)[C@H]2C[C@@H](C2)C(=O)N(*)C(=O)[C@H]2C[C@@H](C2)C1=O,290.0
*N1C(=O)[C@@H]2[C@H]3CC[C@@H]3C[C@H]2C1=O,310.0
*N1C(=O)C2CC[C@H](C2)C(=O)N1*,245.0
*N1C(=O)C2CCC(CC2)C(=O)N1*,268.0
*N1C(=O)C2CCCC[C@@H]2C1=O,218.0
*N1C(=O)[C@H]2CCCC[C@@H]2C(=O)N1*,262.0
*N1C(=O)[C@H]2CCCC[C@@H]2C1=O,240.0
*N1C(=O)[C@H]2CCC[C@@H](C2)C1=O,255.0
*N1C(=O)[C@H]2CCC[C@@H]2C(=O)N(*)C(=O)[C@H]2CCC[C@@H]2C1=O,295.0
*N1C(=O)[C@H]2CCC[C@@H]2C1=O,250.0
*N1C(=O)[C@H]2CCC[C@H]2C(=O)N1*,228.0
*N1C(=O)[C@H]2CC[C@@H](C(=O)N1*)[C@@H]1CC[C@@H]12,310.0
*N1C(=O)[C@H]2CC[C@@H](C(=O)N1*)[C@H]1CC[C@H]12,305.0
*N1C(=O)[C@@H]2CC[C@H](C2)C(=O)N(*)C(=O)[C@H]2CC[C@@H](C2)C1=O,270.0
*N1C(=O)[C@H]2CC[C@@H](C2)C(=O)N(*)C(=O)[C@H]2CC[C@@H](C2)C1=O,275.0
*c1ccc(C(C)(C)c2ccc(N3C(=O)[C@H]4CC[C@@H](C4)C(=O)N3*)cc2)cc1,320.0
*c1ccc(C(F)(F)c2ccc(N3C(=O)[C@H]4CC[C@@H](C4)C(=O)N3*)cc2)cc1,345.0
*c1ccc(C(F)(F)Oc2ccc(N3C(=O)[C@H]4CC[C@@H](CC4)C(=O)N3*)cc2)cc1,325.0
*N1C(=O)[C@H]2CC[C@@H](C(=O)C2)C1=O,265.0
*N1C(=O)[C@H]2CC[C@@H]2C1=O,220.0
*N1C(=O)[C@H]2[C@@H]3CC[C@@H](CC[C@@H]2C1=O)C3,320.0
*N1C(=O)[C@@H]2[C@@H]3CC[C@@H](CC[C@@H]2C1=O)C3,300.0
*N1C(=O)[C@@H]2CC[C@@H](C2)C(=O)N(*)C(=O)[C@@H]2CC[C@@H](C2)C1=O,272.0
*N1C(=O)[C@H]2CC[C@H](CC2)C(=O)N(*)C(=O)[C@H]2CC[C@H](CC2)C1=O,258.0
*N1C(=O)[C@H]2C[C@@H](C(=O)N1*)[C@H]1CC[C@H]12,320.0
*N1C(=O)[C@H]2C[C@@H](C(=O)N1*)[C@H]1CC[C@@H]12,305.0
*N1C(=O)[C@@H]2[C@H]3CC[C@H]3C[C@@H]2C1=O,298.0
*N1C(=O)[C@@H]2[C@@H]3CC[C@H](C3)C[C@@H]2C(=O)N(*)C(=O)[C@@H]2[C@@H]3CC[C@H](C3)C[C@@H]2C1=O,350.0
*N1C(=O)[C@@H]2[C@@H]3CC[C@H](C3)C[C@@H]2C(=O)N1*,300.0
*N1C(=O)[C@H]2[C@@H]3CC[C@H]3C[C@@H]2C1=O,295.0
*N1C(=O)[C@H]2C[C@H](C2)C(=O)N(*)C(=O)[C@H]2C[C@@H](C2)C1=O,330.0
*N1C(=O)[C@H]2C[C@H](C(=O)N1*)[C@H]1C[C@H]12,280.0
*N1C(=O)[C@H]2C[C@H](C2)C(=O)N(*)C(=O)[C@H]2C[C@H](C2)C1=O,305.0
*N1C(=O)[C@H]2[C@H]3CC[C@@H](C3)C[C@@H]2C(=O)N(*)C(=O)[C@H]2[C@H]3CC[C@@H](C3)C[C@@H]2C1=O,340.0
*c1c(F)c(F)c(F)c2c1C(=O)N(c1cccc(-c3c(F)c(F)c(F)c4c3C(=O)N(*)C4=O)c1)C2=O,330.0
*c1cc(Cl)cc2c1C(=O)N(c1cccc(-c3cc(Cl)cc4c3C(=O)N(*)C4=O)c1)C2=O,315.0
*c1cc(F)cc2c1C(=O)N(c1cccc(-c3cc(F)cc4c3C(=O)N(*)C4=O)c1)C2=O,305.0
*CCC(C*n1c(=O)c2cc3c(=O)n(*)c(=O)c3cc2c1=O)(C(F)(F)F)C(F)(F)F,220.0
*CCCCCCCC*n1c(=O)c2cc3c(=O)n(*)c(=O)c3cc2c1=O,75.0
*n1c(=O)c2cc3c(=O)n(*c4ccc(C(=O)C(F)(F)F)cc4)c(=O)c3cc2c1=O,285.0
*n1c(=O)c2cc3c(=O)n(*c4ccc(C(F)(F)F)nc4)c(=O)c3cc2c1=O,295.0
*n1c(=O)c2cc3c(=O)n(*c4ccc(CC(F)(F)F)cc4)c(=O)c3cc2c1=O,255.0
*n1c(=O)c2cc3c(=O)n4*c5ccc(cc5)c(ccc(C(F)(F)F)ccc4=O)c3cc2c1=O,318.0
*n1c(=O)c2cc3c(=O)n(*c4cc(C(F)(F)F)cc(C(F)(F)F)c4)c(=O)c3cc2c1=O,345.0
*n1c(=O)c2cc3c(=O)n(*c4cc(C(F)(F)F)ccc4C(F)(F)F)c(=O)c3cc2c1=O,195.0
*c1ccc(Oc2ccc(C(F)(F)F)cc2*n2c(=O)c3cc4c(=O)n(*)c(=O)c4cc3c2=O)cc1,272.0
*c1cc(C)c(*n2c(=O)c3cc4c(=O)n(*)c(=O)c4cc3c2=O)cc1C,220.0
*n1c(=O)c2cc3c(=O)n(*c4cc(OC(F)(F)F)cc(OC(F)(F)F)c4)c(=O)c3cc2c1=O,320.0
*c1cc2ccccc2cc1*n1c(=O)c2cc3c(=O)n(*)c(=O)c3cc2c1=O,425.0
*n1c(=O)c2cc3c(=O)n(*c4ccc(C(=O)Oc5ccc(C(F)(F)F)cc5)cc4)c(=O)c3cc2c1=O,285.0
*n1c(=O)c2cc3c(=O)n(*c4ccc(C(=O)c5ccc(C(F)(F)F)cc5)cc4)c(=O)c3cc2c1=O,290.0
*c1ccc(Oc2ccc(C(c3ccc(*n4c(=O)c5cc6c(=O)n(*)c(=O)c6cc5c4=O)cc3)(C(F)(F)F)C(F)(F)F)cc2)cc1,255.0
*c1ccc(C(C)(C)c2ccc(*n3c(=O)c4cc5c(=O)n(*)c(=O)c5cc4c3=O)cc2)cc1,250.0
*n1c(=O)c2cc3c(=O)n(*c4ccc(C(F)(F)F)c(C(F)(F)F)c4)c(=O)c3cc2c1=O,330.0
*n1c(=O)c2cc3c(=O)n(*c4ccc(C(F)(F)F)c(C(F)(F)F)c4C(F)(F)F)c(=O)c3cc2c1=O,360.0
*c1ccc(Oc2cc(*n3c(=O)c4cc5c(=O)n(*)c(=O)c5cc4c3=O)ccc2C(F)(F)F)cc1,275.0
*n1c(=O)c2cc3c(=O)n(*c4ccc(C(F)(F)F)c(Oc5ccc(C(F)(F)F)cc5)c4)c(=O)c3cc2c1=O,300.0
*n1c(=O)c2cc3c(=O)n(*c4ccc(C(F)(F)F)cc4)c(=O)c3cc2c1=O,305.0
*c1ccc(Oc2cc(C(F)(F)F)ccc2*n2c(=O)c3cc4c(=O)n(*)c(=O)c4cc3c2=O)cc1,282.0
*n1c(=O)c2cc3c(=O)n(*c4ccc(C(F)(F)F)cc4Oc4ccc(C(F)(F)F)cc4)c(=O)c3cc2c1=O,278.0
*c1ccc(C(c2ccc(*n3c(=O)c4cc5c(=O)n(*)c(=O)c5cc4c3=O)cc2)(C(F)(F)F)C(F)(F)F)cc1,335.0
*c1ccc(Cc2ccc(*n3c(=O)c4cc5c(=O)n(*)c(=O)c5cc4c3=O)cc2)cc1,220.0
*n1c(=O)c2cc3c(=O)n(*c4ccc(Cc5ccc(C(F)(F)F)cc5)cc4)c(=O)c3cc2c1=O,268.0
*n1c(=O)c2cc3c(=O)n(*c4ccc(F)c(C(F)(F)F)c4)c(=O)c3cc2c1=O,325.0
*n1c(=O)c2cc3c(=O)n(*c4ccc(NC(=O)c5ccc(C(F)(F)F)cc5)cc4)c(=O)c3cc2c1=O,305.0
*n1c(=O)c2cc3c(=O)n(*c4ccc(Nc5ccc(C(F)(F)F)cc5)cc4)c(=O)c3cc2c1=O,262.0
*n1c(=O)c2cc3c(=O)n(*c4ccc(OC(=O)c5ccc(C(F)(F)F)cc5)cc4)c(=O)c3cc2c1=O,278.0
*n1c(=O)c2cc3c(=O)n(*c4ccc(Oc5cccc(C(F)(F)F)c5)cc4)c(=O)c3cc2c1=O,295.0
*c1ccc(Oc2ccc(*n3c(=O)c4cc5c(=O)n(*)c(=O)c5cc4c3=O)cc2)cc1,245.0
*c1ccc(Oc2ccc(*n3c(=O)c4cc5c(=O)n(*)c(=O)c5cc4c3=O)c(C(F)(F)F)c2)cc1,275.0
*c1ccc(Oc2ccc(*n3c(=O)c4cc5c(=O)n(*)c(=O)c5cc4c3=O)cc2)c(C(F)(F)F)c1,278.0
*n1c(=O)c2cc3c(=O)n(*c4ccc(Oc5ccc(C(=O)n6c(=O)c7cc8c(=O)n(*)c(=O)c8cc7c6=O)cc5)cc4)c(=O)c3cc2c1=O,260.0
*c1ccc(Oc2ccc(C(c3ccc(Oc4ccc(*n5c(=O)c6cc7c(=O)n(*)c(=O)c7cc6c5=O)cc4)cc3)(C(F)(F)F)C(F)(F)F)cc2)cc1,255.0
*n1c(=O)c2cc3c(=O)n(*c4ccc(Oc5ccc(C(F)(F)F)cc5)cc4)c(=O)c3cc2c1=O,285.0
*n1c(=O)c2cc3c(=O)n(*c4ccc(Oc5ccc(OC(F)(F)F)cc5)cc4)c(=O)c3cc2c1=O,258.0
*n1c(=O)c2cc3c(=O)n(*c4ccc(Oc5ccc(Oc6ccc(C(F)(F)F)cc6)cc5)cc4)c(=O)c3cc2c1=O,265.0
*c1ccc(S(=O)(=O)c2ccc(*n3c(=O)c4cc5c(=O)n(*)c(=O)c5cc4c3=O)cc2)cc1,280.0
*n1c(=O)c2cc3c(=O)n(*c4ccc(Sc5ccc(C(F)(F)F)cc5)cc4)c(=O)c3cc2c1=O,275.0
*n1c(=O)c2cc3c(=O)n(*c4ccc(-c5ccc(C(F)(F)F)cc5)cc4)c(=O)c3cc2c1=O,315.0
*c1cc2c(cc1-c1ccc(*n3c(=O)c4cc5c(=O)n(*)c(=O)c5cc4c3=O)cc1)C(=O)N(*)C2=O,450.0
*c1ccc(OC(=O)c2ccc(*n3c(=O)c4cc5c(=O)n(*)c(=O)c5cc4c3=O)cc2)cc1,250.0
*c1ccc(C(=O)c2ccc(*n3c(=O)c4cc5c(=O)n(*)c(=O)c5cc4c3=O)cc2)cc1,265.0
*n1c(=O)c2cc3c(=O)n(*c4ccc(C(c5ccc(-n6c(=O)c7cc8c(=O)n(*)c(=O)c8cc7c6=O)cc5)(C(F)(F)F)C(F)(F)F)cc4)c(=O)c3cc2c1=O,355.0
*c1ccc(C(F)(F)c2ccc(*n3c(=O)c4cc5c(=O)n(*)c(=O)c5cc4c3=O)cc2)cc1,325.0
*n1c(=O)c2cc3c(=O)n(*c4ccc(F)cc4)c(=O)c3cc2c1=O,360.0
*n1c(=O)c2cc3c(=O)n(*c4ccc(-n5c(=O)c6cc7c(=O)n(*)c(=O)c7cc6c5=O)cc4)c(=O)c3cc2c1=O,460.0
*c1ccc(C(C)(C)Oc2ccc(*n3c(=O)c4cc5c(=O)n(*)c(=O)c5cc4c3=O)cc2)cc1,225.0
*c1ccc(Sc2ccc(*n3c(=O)c4cc5c(=O)n(*)c(=O)c5cc4c3=O)cc2)cc1,280.0
*c1ccc(-c2ccc(*n3c(=O)c4cc5c(=O)n(*)c(=O)c5cc4c3=O)cc2)cc1,320.0
*c1ccc(C(C)(C)c2ccc(-c3ccc(*n4c(=O)c5cc6c(=O)n(*)c(=O)c6cc5c4=O)cc3)cc2)cc1,280.0
*n1c(=O)c2cc3c(=O)n(*c4ccc(-c5ccc(-n6c(=O)c7cc8c(=O)n(*)c(=O)c8cc7c6=O)cc5)cc4)c(=O)c3cc2c1=O,455.0
*c1ccc(-c2ccc(-c3ccc(*n4c(=O)c5cc6c(=O)n(*)c(=O)c6cc5c4=O)cc3)cc2)cc1,415.0
*c1cccc(-c2ccc(*n3c(=O)c4cc5c(=O)n(*)c(=O)c5cc4c3=O)cc2)c1,290.0
*n1c(=O)c2cc3c(=O)n(*c4ccc5c(c4)Oc4ccc(C(F)(F)F)cc4O5)c(=O)c3cc2c1=O,295.0
*c1cccc2cc(*n3c(=O)c4cc5c(=O)n(*)c(=O)c5cc4c3=O)ccc12,420.0
*N1C(=O)c2cc3ccc(*n4c(=O)c5cc6c(=O)n(*)c(=O)c6cc5c4=O)cc3cc2C1=O,440.0
*c1ccc2ccc3ccc(*n4c(=O)c5cc6c(=O)n(*)c(=O)c6cc5c4=O)cc3c2c1,430.0
*c1cccc(*n2c(=O)c3cc4c(=O)n(*)c(=O)c4cc3c2=O)c1,375.0
*c1cccc2c(*n3c(=O)c4cc5c(=O)n(*)c(=O)c5cc4c3=O)cccc12,435.0
*c1cccc2cccc(*n3c(=O)c4cc5c(=O)n(*)c(=O)c5cc4c3=O)c12,310.0
*C1CC2CC3(C1)CC(n1c(=O)c4cc5c(=O)n(*)c(=O)c5cc4c1=O)(C2)C3,365.0
*N1C(=O)c2cc3c(cc2C1=O)C12CC4CC(CC(=O)N1C3=O)CC(C4)C2,395.0
*n1c(=O)c2cc3c(=O)n(C45CC6CC(CC(C6)C4)C5)c(=O)c3cc2c1=O,300.0
*CCCCCCCC[Si](C)(C)O[Si](C)(C)CCCCCCCCn1c(=O)c2cc3c(=O)n(*)c(=O)c3cc2c1=O,130.0
*n1c(=O)c2cc3c(=O)n([Si](C)(C)O[Si](C)(C)O[Si](C)(C)O[Si](C)(C)O[Si](*)(C)C)c(=O)c3cc2c1=O,100.0
*n1c(=O)c2cc3c(=O)n(-c4ccc(Oc5ccc(C(c6ccc(-n7c(=O)c8cc9c(=O)n(*)c(=O)c9cc8c7=O)cc6)(C(F)(F)F)C(F)(F)F)cc5)cc4)c(=O)c3cc2c1=O,275.0
*n1c(=O)c2cc3c(=O)n(-c4ccc(OC(F)(F)C(F)(F)Oc5ccc(-n6c(=O)c7cc8c(=O)n(*)c(=O)c8cc7c6=O)cc5)cc4)c(=O)c3cc2c1=O,240.0
*c1ccc(Oc2ccc(C(c3ccc(Oc4ccc(-n5c(=O)c6cc7c(=O)n(*)c(=O)c7cc6c5=O)cc4)cc3)(C(F)(F)F)C(F)(F)F)cc2)cc1,260.0
*n1c(=O)c2cc3c(=O)n(-c4ccc(Oc5ccc(C(c6ccc(Oc7ccc(-n8c(=O)c9cc%10c(=O)n(*)c(=O)c%10cc9c8=O)cc7)cc6)(C(F)(F)F)C(F)(F)F)cc5)cc4)c(=O)c3cc2c1=O,263.0
*n1c(=O)c2cc3c(=O)n(-c4ccc(Oc5ccc(Oc6ccc(-n7c(=O)c8cc9c(=O)n(*)c(=O)c9cc8c7=O)cc6)cc5)cc4)c(=O)c3cc2c1=O,250.0
*c1ccc(Oc2ccc(Oc3ccc(C(c4ccc(-n5c(=O)c6cc7c(=O)n(*)c(=O)c7cc6c5=O)cc4)(C(F)(F)F)C(F)(F)F)cc3)cc2)cc1,262.0
*n1c(=O)c2cc3c(=O)n(-c4ccc(C(C)(C)c5ccc(-n6c(=O)c7cc8c(=O)n([Si](C)(C)O[Si](*)(C)C)c(=O)c8cc7c6=O)cc5)cc4)c(=O)c3cc2c1=O,220.0
*n1c(=O)c2cc3c(=O)n(-c4ccc(C(F)(F)C(F)(F)C(F)(F)F)cc4)c(=O)c3cc2c1=O,275.0
*n1c(=O)c2cc3c(=O)n(-c4ccc(C(F)(F)c5ccc(-n6c(=O)c7cc8c(=O)n([Si](C)(C)O[Si](*)(C)C)c(=O)c8cc7c6=O)cc5)cc4)c(=O)c3cc2c1=O,210.0
*n1c(=O)c2cc3c(=O)n(-c4ccc(S(=O)(=O)c5ccc(-n6c(=O)c7cc8c(=O)n([Si](C)(C)O[Si](*)(C)C)c(=O)c8cc7c6=O)cc5)cc4)c(=O)c3cc2c1=O,230.0
*n1c(=O)c2cc3c(=O)n(-c4ccc(-c5ccc(C(c6ccc(-n7c(=O)c8cc9c(=O)n(*)c(=O)c9cc8c7=O)cc6)(C(F)(F)F)C(F)(F)F)cc5)cc4)c(=O)c3cc2c1=O,330.0
*C1CC2CC(C1)CC(n1c(=O)c3cc4c(=O)n(*)c(=O)c4cc3c1=O)C2,320.0
*n1c(=O)c2cc3c(=O)n(CCCCCC)c(=O)c3cc2c1=O,180.0
*CCCCCCn1c(=O)c2cc3c(=O)n(*)c(=O)c3cc2c1=O,120.0
*n1c(=O)c2cc3c(=O)n(CCCCCCCC)c(=O)c3cc2c1=O,120.0
*CCCC[Si](C)(C)O[Si](C)(C)O[Si](C)(C)O[Si](C)(C)O[Si](C)(C)CCCCn1c(=O)c2cc3c(=O)n(*)c(=O)c3cc2c1=O,120.0
*CCCC[Si](C)(C)O[Si](C)(C)O[Si](C)(C)O[Si](C)(C)O[Si](C)(C)O[Si](C)(C)CCCCn1c(=O)c2cc3c(=O)n(*)c(=O)c3cc2c1=O,115.0
*C(=O)c1cc2c(cc1C(=O)N(*)CCOCCOCCn1c(=O)c3cc4c(=O)n(*)c(=O)c4cc3c1=O)C(=O)N(*)C2=O,120.0
*n1c(=O)c2cc3c(=O)n4c(=O)cccccc(c5ccc4cc5)c3cc2c1=O,360.0
*c1ccc(=O)n2c(=O)c3cc4c(=O)n(*)c(=O)c4cc3c(cc1)c(=O)c1ccc2cc1,298.0
*N1C(=O)c2cc3c4ccc(-n5c(=O)c6cc7c(=O)n(*)c(=O)c7cc6c5=O)ccc(=O)n(c(=O)c3cc2C1=O)-c1ccc(cc1)C4(C)C,330.0
*n1c(=O)c2cc3c(=O)n(-c4ccc(C(C)(c5ccccc5)c5ccccc5)cc4)c(=O)c3cc2c1=O,295.0
*n1c(=O)c2cc3c(=O)n(-c4ccc(C)c(C)c4)c(=O)c3cc2c1=O,310.0
*N1C(=O)c2cc3c4cccccc(=O)n(c(=O)c3cc2C1=O)-c1ccc(cc1)C4,290.0
*N1C(=O)c2cc3c(=O)n4c(=O)ccc(C(F)(F)F)ccc(oc5ccc4cc5)c3cc2C1=O,270.0
*N1C(=O)c2cc3c(=O)n4c(=O)ccc(F)ccc(oc5ccc4cc5)c3cc2C1=O,275.0
*N1C(=O)c2cc3c(=O)n4c(=O)cccccc(oc5ccc4cc5)c3cc2C1=O,280.0
*c1ccc2c3cc4c(cc3c(=O)n(c(=O)cc1)-c1ccc(cc1)S2(=O)=O)C(=O)N(*)C4=O,315.0
*N1C(=O)c2cc3c4cccccc(=O)n(c(=O)c3cc2C1=O)-c1ccc(cc1)S4(=O)=O,345.0
*c1ccc(=O)n2c(=O)c3cc4c(=O)n(*)c(=O)c4cc3c(cc1)c1ccc2cc1,290.0
*n1c(=O)c2cc3c(=O)n4c(=O)ccccc5cc4ccc5c3cc2c1=O,370.0
*n1c(=O)c2cc3c(=O)n(-c4ccc5c(c4)C4(c6ccccc6)c6ccccc6C54)c(=O)c3cc2c1=O,350.0
*n1c(=O)c2cc3c(=O)n(-c4ccc5c(c4)C4(c6ccccc6)c6ccccc6CC54)c(=O)c3cc2c1=O,310.0
*N1C(=O)c2cc3c(=O)n4c(=O)cccccc(oc5cccc4c5)c3cc2C1=O,285.0
*n1c(=O)c2cc3c(=O)n(-c4c(F)c(F)c(F)c(F)c4F)c(=O)c3cc2c1=O,370.0
*n1c(=O)c2cc3c(=O)n(-c4ccc(Oc5cc(C(F)(F)F)c(-n6c(=O)c7cc8c(=O)n(*)c(=O)c8cc7c6=O)cc5C(F)(F)F)cc4)c(=O)c3cc2c1=O,350.0
*c1c(-n2c(=O)c3cc4c(=O)n(*)c(=O)c4cc3c2=O)cc(C(F)(F)F)cc1C(F)(F)F,360.0
*n1c(=O)c2cc3c(=O)n(-c4cc(F)c(F)c(F)c4)c(=O)c3cc2c1=O,360.0
*c1cc(F)c(Oc2c(F)cc(-n3c(=O)c4cc5c(=O)n(*)c(=O)c5cc4c3=O)cc2F)cc1F,270.0
*c1ccc(Oc2cc(F)c(-n3c(=O)c4cc5c(=O)n(*)c(=O)c5cc4c3=O)cc2F)cc1,340.0
*n1c(=O)c2cc3c(=O)n(-c4ccc(Oc5c(F)cc(-n6c(=O)c7cc8c(=O)n(*)c(=O)c8cc7c6=O)cc5F)cc4)c(=O)c3cc2c1=O,290.0
*c1ccc(F)cc1-n1c(=O)c2cc3c(=O)n(*)c(=O)c3cc2c1=O,315.0
*c1ccc(Oc2ccc(F)cc2-n2c(=O)c3cc4c(=O)n(*)c(=O)c4cc3c2=O)cc1,282.0
*n1c(=O)c2cc3c(=O)n(-c4cc(OC)c(OC)c(OC)c4)c(=O)c3cc2c1=O,230.0
*c1ccc(Oc2ccc(Oc3ccccc3)c(-n3c(=O)c4cc5c(=O)n(*)c(=O)c5cc4c3=O)c2)cc1,230.0
*c1ccc(Sc2cccc(-n3c(=O)c4cc5c(=O)n(*)c(=O)c5cc4c3=O)c2)cc1,310.0
*N1C(=O)c2ccc(-n3c(=O)c4cc5c(=O)n(*)c(=O)c5cc4c3=O)cc2C1=O,460.0
*N1C(=O)c2ccc3cc(-n4c(=O)c5cc6c(=O)n(*)c(=O)c6cc5c4=O)ccc3c2C1=O,475.0
*N1C(=O)c2cc3ccc4cc(-n5c(=O)c6cc7c(=O)n(*)c(=O)c7cc6c5=O)ccc4c3cc2C1=O,430.0
*n1c(=O)c2cc3c(=O)n(-c4ccc5ccccc5c4)c(=O)c3cc2c1=O,460.0
*c1cc2ccccc2cc1-n1c(=O)c2cc3c(=O)n(*)c(=O)c3cc2c1=O,395.0
*c1ccc(-n2c(=O)c3cc4c(=O)n(*)c(=O)c4cc3c2=O)cc1,310.0
*n1c(=O)c2cc3c(=O)n(-c4ccc(C#N)cc4)c(=O)c3cc2c1=O,355.0
*c1ccc(C(C)(C)c2ccc(OC(=O)c3ccc(-n4c(=O)c5cc6c(=O)n(*)c(=O)c6cc5c4=O)cc3)cc2)cc1,248.0
*c1ccc(C(=O)c2ccc(-n3c(=O)c4cc5c(=O)n(*)c(=O)c5cc4c3=O)cc2)cc1,370.0
*n1c(=O)c2cc3c(=O)n(C(=O)c4ccc(C(=O)c5ccc(-n6c(=O)c7cc8c(=O)n(*)c(=O)c8cc7c6=O)cc5)cc4)c(=O)c3cc2c1=O,350.0
*c1ccc(Oc2ccc(C(=O)c3ccc(-n4c(=O)c5cc6c(=O)n(*)c(=O)c6cc5c4=O)cc3)cc2)cc1,365.0
*n1c(=O)c2cc3c(=O)n(-c4ccc(C(C(F)(F)F)C(F)(F)F)cc4)c(=O)c3cc2c1=O,340.0
*c1cc(C(C(F)(F)F)C(F)(F)F)ccc1-n1c(=O)c2cc3c(=O)n(*)c(=O)c3cc2c1=O,350.0
*n1c(=O)c2cc3c(=O)n(-c4ccc(C(C(F)(F)F)(C(F)(F)F)C(F)(F)F)cc4)c(=O)c3cc2c1=O,305.0
*c1ccc(C(c2ccc(-n3c(=O)c4cc5c(=O)n(*)c(=O)c5cc4c3=O)cc2)(C(F)(F)F)C(F)(F)F)cc1,320.0
*c1cc(C(C)(C(F)(F)F)C(F)(F)F)ccc1-n1c(=O)c2cc3c(=O)n(*)c(=O)c3cc2c1=O,340.0
*c1ccc(C(C)(C)c2cccc(C(C)(C)c3ccc(-n4c(=O)c5cc6c(=O)n(*)c(=O)c6cc5c4=O)cc3)c2)cc1,238.0
*n1c(=O)c2cc3c(=O)n(-c4ccc(C(C)(C)c5cc(C(F)(F)F)cc(C(F)(F)F)c5)cc4)c(=O)c3cc2c1=O,268.0
*c1ccc(C(C)(C)c2ccc(-n3c(=O)c4cc5c(=O)n(*)c(=O)c5cc4c3=O)cc2)cc1,340.0
*c1ccc(C(=O)c2ccc(C(C)(C)c3ccc(-n4c(=O)c5cc6c(=O)n(*)c(=O)c6cc5c4=O)cc3)cc2)cc1,258.0
*c1ccc(C(C)(C)c2ccc(C(C)(C)c3ccc(-n4c(=O)c5cc6c(=O)n(*)c(=O)c6cc5c4=O)cc3)cc2)cc1,190.0
*n1c(=O)c2cc3c(=O)n(-c4ccc(C(C)(C)c5ccc(C67CC8CC(CC(C8)C6)C7)cc5)cc4)c(=O)c3cc2c1=O,355.0
*C(=O)c1cc2c(cc1C(=O)N(*)c1ccc(C(C)(C)c3ccc(-n4c(=O)c5cc6c(=O)n(*)c(=O)c6cc5c4=O)cc3)cc1)C(=O)NC2=O,250.0
*n1c(=O)c2cc3c(=O)n(-c4ccc(C(C)(C)c5ccc(-n6c(=O)c7cc8c(=O)n(*)c(=O)c8cc7c6=O)cc5)cc4)c(=O)c3cc2c1=O,310.0
*c1ccc(Oc2ccc(C(C)(C)c3ccc(-n4c(=O)c5cc6c(=O)n(*)c(=O)c6cc5c4=O)cc3)cc2)cc1,255.0
*c1ccc(Sc2ccc(C(C)(C)c3ccc(-n4c(=O)c5cc6c(=O)n(*)c(=O)c6cc5c4=O)cc3)cc2)cc1,242.0
*n1c(=O)c2cc3c(=O)n(-c4ccc(C(C)(C)c5ccc6c(c5)C5(c7ccccc7-6)c6ccccc65)cc4)c(=O)c3cc2c1=O,345.0
*c1cccc(C(C)(C)c2ccc(-n3c(=O)c4cc5c(=O)n(*)c(=O)c5cc4c3=O)cc2)c1,315.0
*n1c(=O)c2cc3c(=O)n(-c4ccc(C(F)(F)C(F)(F)C(F)(F)C(F)(F)C(F)(F)C(F)(F)F)cc4)c(=O)c3cc2c1=O,260.0
*c1ccc(C(F)(F)c2ccc(-n3c(=O)c4cc5c(=O)n(*)c(=O)c5cc4c3=O)cc2)cc1,280.0
*n1c(=O)c2cc3c(=O)n(-c4ccc(C(F)(F)c5ccc(C(*)(F)F)cc5)cc4)c(=O)c3cc2c1=O,270.0
*n1c(=O)c2cc3c(=O)n(-c4ccc(C(c5ccc(-n6c(=O)c7cc8c(=O)n(*)c(=O)c8cc7c6=O)cc5)(C(F)(F)F)C(F)(F)F)cc4)c(=O)c3cc2c1=O,305.0
*c1ccc(C2(c3ccc(-n4c(=O)c5cc6c(=O)n(*)c(=O)c6cc5c4=O)cc3)CC2)cc1,268.0
*c1ccc(C2(c3ccc(-n4c(=O)c5cc6c(=O)n(*)c(=O)c6cc5c4=O)cc3)CCCCC2)cc1,250.0
*c1ccc(C2(c3ccc(-n4c(=O)c5cc6c(=O)n(*)c(=O)c6cc5c4=O)cc3)c3ccccc32)cc1,360.0
*n1c(=O)c2cc3c(=O)n(-c4ccc(CC(C)(C)C)cc4)c(=O)c3cc2c1=O,220.0
*c1ccc(CC(C)(C)Cc2ccc(-n3c(=O)c4cc5c(=O)n(*)c(=O)c5cc4c3=O)cc2)cc1,210.0
*n1c(=O)c2cc3c(=O)n(-c4ccc(CF)cc4)c(=O)c3cc2c1=O,245.0
*c1ccc(C(C)(C)c2ccc(Cc3ccc(-n4c(=O)c5cc6c(=O)n(*)c(=O)c6cc5c4=O)cc3)cc2)cc1,268.0
*n1c(=O)c2cc3c(=O)n(-c4ccc(Cc5ccc(C6(c7ccccc7)c7ccccc76)cc5)cc4)c(=O)c3cc2c1=O,308.0
*n1c(=O)c2cc3c(=O)n(-c4ccc(Cc5ccc(-n6c(=O)c7cc8c(=O)n(*)c(=O)c8cc7c6=O)cc5)cc4)c(=O)c3cc2c1=O,320.0
*N1C(=O)c2ccc(Cc3ccc(-n4c(=O)c5cc6c(=O)n(*)c(=O)c6cc5c4=O)cc3)cc2C1=O,295.0
*n1c(=O)c2cc3c(=O)n(-c4ccc(Cc5ccc6c(c5)C5(c7ccccc7-6)c6ccccc65)cc4)c(=O)c3cc2c1=O,360.0
*n1c(=O)c2cc3c(=O)n(-c4ccc(Cl)cc4)c(=O)c3cc2c1=O,235.0
*c1ccc(-c2cc(-n3c(=O)c4cc5c(=O)n(*)c(=O)c5cc4c3=O)ccc2F)cc1,390.0
*c1ccc(N(C)c2ccc(-n3c(=O)c4cc5c(=O)n(*)c(=O)c5cc4c3=O)cc2)cc1,218.0
*c1ccc2c(c1)C(=O)N(c1ccc(-n3c(=O)c4cc5c(=O)n(*)c(=O)c5cc4c3=O)cc1)C2=O,400.0
*c1ccc(C(C)(C)C(C)(C)Oc2ccc(-n3c(=O)c4cc5c(=O)n(*)c(=O)c5cc4c3=O)cc2)cc1,205.0
*c1ccc(Oc2ccc(C(C)(C)Oc3ccc(-n4c(=O)c5cc6c(=O)n(*)c(=O)c6cc5c4=O)cc3)cc2)cc1,250.0
*c1ccc(C(F)(F)C(F)(F)Oc2ccc(-n3c(=O)c4cc5c(=O)n(*)c(=O)c5cc4c3=O)cc2)cc1,245.0
*n1c(=O)c2cc3c(=O)n(-c4ccc(OC(F)(F)F)c(C(F)(F)F)c4)c(=O)c3cc2c1=O,240.0
*c1ccc(Oc2ccc(C(F)(F)Oc3ccc(-n4c(=O)c5cc6c(=O)n(*)c(=O)c6cc5c4=O)cc3)cc2)cc1,270.0
*c1ccc(OCC(CO)COc2ccc(-n3c(=O)c4cc5c(=O)n(*)c(=O)c5cc4c3=O)cc2)cc1,180.0
*n1c(=O)c2cc3c(=O)n(-c4ccc(OCC(F)(F)C(F)(F)F)cc4)c(=O)c3cc2c1=O,190.0
*n1c(=O)c2cc3c(=O)n(-c4ccc(OCC(F)(F)F)cc4)c(=O)c3cc2c1=O,255.0
*c1ccc(OCCCOc2ccc(-n3c(=O)c4cc5c(=O)n(*)c(=O)c5cc4c3=O)cc2)cc1,160.0
*c1ccc(OCCOCCOc2ccc(-n3c(=O)c4cc5c(=O)n(*)c(=O)c5cc4c3=O)cc2)cc1,155.0
*c1ccc(OCCOc2ccc(-n3c(=O)c4cc5c(=O)n(*)c(=O)c5cc4c3=O)cc2)cc1,175.0
*c1ccc(OCc2ccc(COc3ccc(-n4c(=O)c5cc6c(=O)n(*)c(=O)c6cc5c4=O)cc3)cc2)cc1,180.0
*c1ccc(C(C(F)(F)F)C(F)(F)F)cc1Oc1ccc(-n2c(=O)c3cc4c(=O)n(*)c(=O)c4cc3c2=O)cc1,270.0
*c1cc(Oc2cc(C(F)(F)F)cc(C(F)(F)F)c2)ccc1-n1c(=O)c2cc3c(=O)n(*)c(=O)c3cc2c1=O,295.0
*c1ccc(Oc2ccc(-n3c(=O)c4cc5c(=O)n(*)c(=O)c5cc4c3=O)cc2)cc1F,278.0
*c1ccc(Oc2ccc(-n3c(=O)c4cc5c(=O)n(*)c(=O)c5cc4c3=O)cc2C)cc1,300.0
*c1ccc(Oc2ccc(-n3c(=O)c4cc5c(=O)n(*)c(=O)c5cc4c3=O)cc2OC)cc1,285.0
*c1ccc(Oc2ccc(-n3c(=O)c4cc5c(=O)n(*)c(=O)c5cc4c3=O)cc2)cc1,385.0
*c1ccc(Oc2ccc(-n3c(=O)c4cc5c(=O)n(*)c(=O)c5cc4c3=O)c(C(F)(F)F)c2)cc1,305.0
*c1ccc(Oc2ccc(-n3c(=O)c4cc5c(=O)n(*)c(=O)c5cc4c3=O)c(OC)c2)cc1,290.0
*c1ccc(Oc2ccc(OC(=O)c3ccc(Oc4ccc(-n5c(=O)c6cc7c(=O)n(*)c(=O)c7cc6c5=O)cc4)cc3)cc2)cc1,250.0
*c1ccc(Oc2ccc(C(=O)c3ccc(Oc4ccc(-n5c(=O)c6cc7c(=O)n(*)c(=O)c7cc6c5=O)cc4)cc3)cc2)cc1,270.0
*c1ccc(C(C)(C)c2ccc(Oc3ccc(-n4c(=O)c5cc6c(=O)n(*)c(=O)c6cc5c4=O)cc3)cc2)cc1,315.0
*Oc1ccc(C(C)(C)c2ccc(Oc3ccc(-n4c(=O)c5cc6c(=O)n(*)c(=O)c6cc5c4=O)cc3)cc2)cc1,265.0
*n1c(=O)c2cc3c(=O)n(-c4ccc(Oc5ccc(C(C)(C)c6ccc(Oc7ccc(-n8c(=O)c9cc%10c(=O)n(*)c(=O)c%10cc9c8=O)cc7)cc6)cc5)cc4)c(=O)c3cc2c1=O,265.0
*c1ccc(Sc2ccc(C(C)(C)c3ccc(Oc4ccc(-n5c(=O)c6cc7c(=O)n(*)c(=O)c7cc6c5=O)cc4)cc3)cc2)cc1,250.0
*c1ccc(C(C)(CF)c2ccc(Oc3ccc(-n4c(=O)c5cc6c(=O)n(*)c(=O)c6cc5c4=O)cc3)cc2)cc1,260.0
*c1ccc(Oc2ccc(C(CF)(CF)c3ccc(Oc4ccc(-n5c(=O)c6cc7c(=O)n(*)c(=O)c7cc6c5=O)cc4)cc3)cc2)cc1,255.0
*c1ccc(C(F)(F)c2ccc(Oc3ccc(-n4c(=O)c5cc6c(=O)n(*)c(=O)c6cc5c4=O)cc3)cc2)cc1,285.0
*c1ccc(Oc2ccc(C(F)(F)c3ccc(Oc4ccc(-n5c(=O)c6cc7c(=O)n(*)c(=O)c7cc6c5=O)cc4)cc3)cc2)cc1,255.0
*n1c(=O)c2cc3c(=O)n(-c4ccc(Oc5ccc(C6(c7ccccc7)c7ccccc76)cc5)cc4)c(=O)c3cc2c1=O,290.0
*n1c(=O)c2cc3c(=O)n(-c4ccc(Oc5ccc(C67CC8CC(CC(C8)C6)C7)cc5)cc4)c(=O)c3cc2c1=O,340.0
*n1c(=O)c2cc3c(=O)n(-c4ccc(Oc5ccc(CC)cc5)cc4)c(=O)c3cc2c1=O,288.0
*c1ccc(Oc2ccc(Cc3ccc(Oc4ccc(-n5c(=O)c6cc7c(=O)n(*)c(=O)c7cc6c5=O)cc4)cc3)cc2)cc1,245.0
*c1ccc(Sc2ccc(Cc3ccc(Oc4ccc(-n5c(=O)c6cc7c(=O)n(*)c(=O)c7cc6c5=O)cc4)cc3)cc2)cc1,198.0
*c1ccc(Oc2cc(Oc3ccc(-n4c(=O)c5cc6c(=O)n(*)c(=O)c6cc5c4=O)cc3)ccc2F)cc1,225.0
*c1ccc(Oc2ccc(N(c3ccc(Oc4ccc(*)cc4)cc3)c3ccc(Oc4ccc(-n5c(=O)c6cc7c(=O)n(*)c(=O)c7cc6c5=O)cc4)cc3)cc2)cc1,190.0
*c1ccc2c(c1)C(=O)N(c1ccc(Oc3ccc(-n4c(=O)c5cc6c(=O)n(*)c(=O)c6cc5c4=O)cc3)cc1)C2=O,390.0
*c1ccc2c(c1)C(=O)N(c1ccc(Oc3ccc4c(c3)C(=O)N(c3ccc(Oc5ccc(-n6c(=O)c7cc8c(=O)n(*)c(=O)c8cc7c6=O)cc5)cc3)C4=O)cc1)C2=O,305.0
*c1ccc(Oc2ccc3c(c2)C(=O)N(c2ccc(Oc4ccc(-n5c(=O)c6cc7c(=O)n(*)c(=O)c7cc6c5=O)cc4)cc2)C3=O)cc1,285.0
*c1ccc(Oc2ccc(-c3ccc4c(c3)C(=O)N(c3ccc(Oc5ccc(-n6c(=O)c7cc8c(=O)n(*)c(=O)c8cc7c6=O)cc5)cc3)C4=O)cc2)cc1,278.0
*n1c(=O)c2cc3c(=O)n(-c4ccc(Oc5ccc(N6C(=O)c7ccccc7C6=O)cc5)cc4)c(=O)c3cc2c1=O,290.0
*c1ccc(OCC(C)(C)Oc2ccc(Oc3ccc(-n4c(=O)c5cc6c(=O)n(*)c(=O)c6cc5c4=O)cc3)cc2)cc1,155.0
*c1ccc(Oc2ccc(C(C)(C)Oc3ccc(Oc4ccc(-n5c(=O)c6cc7c(=O)n(*)c(=O)c7cc6c5=O)cc4)cc3)cc2)cc1,225.0
*c1ccc(Oc2ccc(OC(F)(F)C(F)(F)Oc3ccc(Oc4ccc(-n5c(=O)c6cc7c(=O)n(*)c(=O)c7cc6c5=O)cc4)cc3)cc2)cc1,190.0
*c1ccc(Oc2cc(Oc3ccc(-n4c(=O)c5cc6c(=O)n(*)c(=O)c6cc5c4=O)cc3)ccc2OC(F)(F)F)cc1,185.0
*c1ccc(Oc2ccc(C(F)(F)Oc3ccc(Oc4ccc(-n5c(=O)c6cc7c(=O)n(*)c(=O)c7cc6c5=O)cc4)cc3)cc2)cc1,270.0
*c1ccc(Oc2ccc(C(=O)c3ccc(Oc4ccc(Oc5ccc(-n6c(=O)c7cc8c(=O)n(*)c(=O)c8cc7c6=O)cc5)cc4)cc3)cc2)cc1,220.0
*c1ccc(C(C)(C)c2ccc(Oc3ccc(Oc4ccc(-n5c(=O)c6cc7c(=O)n(*)c(=O)c7cc6c5=O)cc4)cc3)cc2)cc1,250.0
*c1ccc(Oc2ccc(C(C)(C)c3ccc(Oc4ccc(Oc5ccc(-n6c(=O)c7cc8c(=O)n(*)c(=O)c8cc7c6=O)cc5)cc4)cc3)cc2)cc1,210.0
*n1c(=O)c2cc3c(=O)n(-c4ccc(Oc5ccc(Oc6ccc(C(F)(F)F)cc6)cc5)cc4)c(=O)c3cc2c1=O,265.0
*c1ccc(Oc2ccc(Cc3ccc(Oc4ccc(Oc5ccc(-n6c(=O)c7cc8c(=O)n(*)c(=O)c8cc7c6=O)cc5)cc4)cc3)cc2)cc1,200.0
*c1ccc(Oc2ccc(S(=O)(=O)c3ccc(Oc4ccc(Oc5ccc(-n6c(=O)c7cc8c(=O)n(*)c(=O)c8cc7c6=O)cc5)cc4)cc3)cc2)cc1,255.0
*c1ccc(Sc2ccc(Oc3ccc(Oc4ccc(-n5c(=O)c6cc7c(=O)n(*)c(=O)c7cc6c5=O)cc4)cc3)cc2)cc1,230.0
*c1ccc(Oc2ccc(Sc3ccc(Oc4ccc(Oc5ccc(-n6c(=O)c7cc8c(=O)n(*)c(=O)c8cc7c6=O)cc5)cc4)cc3)cc2)cc1,200.0
*c1ccc(Oc2ccc(C(C)(C)c3ccc(S(=O)(=O)c4ccc(Oc5ccc(-n6c(=O)c7cc8c(=O)n(*)c(=O)c8cc7c6=O)cc5)cc4)cc3)cc2)cc1,280.0
*Oc1ccc(S(=O)(=O)c2ccc(Oc3ccc(-n4c(=O)c5cc6c(=O)n(*)c(=O)c6cc5c4=O)cc3)cc2)cc1,275.0
*c1ccc(Oc2ccc(S(=O)(=O)c3ccc(Oc4ccc(-n5c(=O)c6cc7c(=O)n(*)c(=O)c7cc6c5=O)cc4)cc3)cc2)cc1,280.0
*c1ccc(Sc2ccc(S(=O)(=O)c3ccc(Oc4ccc(-n5c(=O)c6cc7c(=O)n(*)c(=O)c7cc6c5=O)cc4)cc3)cc2)cc1,308.0
*c1ccc(Sc2ccc(Oc3ccc(-n4c(=O)c5cc6c(=O)n(*)c(=O)c6cc5c4=O)cc3)cc2)cc1,245.0
*n1c(=O)c2cc3c(=O)n(-c4ccc(Oc5ccc([Si](C)(C)O[Si](C)(C)O[Si](C)(C)O[Si](C)(C)O[Si](C)(C)O[Si](C)(C)O[Si](C)(C)O[Si](C)(C)c6ccc(Oc7ccc(-n8c(=O)c9cc%10c(=O)n(*)c(=O)c%10cc9c8=O)cc7)cc6)cc5)cc4)c(=O)c3cc2c1=O,165.0
*n1c(=O)c2cc3c(=O)n(-c4ccc(Oc5ccc([Si](C)(C)O[Si](C)(C)O[Si](C)(C)c6ccc(Oc7ccc(-n8c(=O)c9cc%10c(=O)n(*)c(=O)c%10cc9c8=O)cc7)cc6)cc5)cc4)c(=O)c3cc2c1=O,185.0
*n1c(=O)c2cc3c(=O)n(-c4ccc(Oc5ccc([Si](C)(C)O[Si](C)(C)c6ccc(-n7c(=O)c8cc9c(=O)n(*)c(=O)c9cc8c7=O)cc6)cc5)cc4)c(=O)c3cc2c1=O,220.0
*n1c(=O)c2cc3c(=O)n(-c4ccc(Oc5ccc([Si](C)(C)O[Si](C)(C)c6ccc(Oc7ccc(-n8c(=O)c9cc%10c(=O)n(*)c(=O)c%10cc9c8=O)cc7)cc6)cc5)cc4)c(=O)c3cc2c1=O,210.0
*c1ccc(Oc2ccc(-n3c(=O)c4cc5c(=O)n(*)c(=O)c5cc4c3=O)cc2)cc1C(F)(F)F,360.0
*n1c(=O)c2cc3c(=O)n(-c4ccc(Oc5ccc(-c6ccc(Oc7ccc(-n8c(=O)c9cc%10c(=O)n(*)c(=O)c%10cc9c8=O)cc7)cc6)cc5)cc4)c(=O)c3cc2c1=O,392.0
*c1ccc(Sc2ccc(-c3ccc(Oc4ccc(-n5c(=O)c6cc7c(=O)n(*)c(=O)c7cc6c5=O)cc4)cc3)cc2)cc1,262.0
*c1ccc(Sc2ccc(C(=O)c3ccc(Oc4ccc(-n5c(=O)c6cc7c(=O)n(*)c(=O)c7cc6c5=O)cc4)cc3)cc2)cc1,272.0
*c1ccc(Oc2ccc(C(=O)N(C)c3ccc(Oc4ccc(-n5c(=O)c6cc7c(=O)n(*)c(=O)c7cc6c5=O)cc4)cc3)cc2)cc1,240.0
*c1ccc(Oc2ccc(Sc3ccc(Oc4ccc(-n5c(=O)c6cc7c(=O)n(*)c(=O)c7cc6c5=O)cc4)cc3)cc2)cc1,235.0
*c1ccc(Oc2ccc(-c3ccc(Oc4ccc(-n5c(=O)c6cc7c(=O)n(*)c(=O)c7cc6c5=O)cc4)cc3)cc2)cc1,215.0
*n1c(=O)c2cc3c(=O)n(-c4ccc(Oc5ccc6c(c5)C5(c7ccccc7-6)c6ccccc65)cc4)c(=O)c3cc2c1=O,300.0
*c1cccc(Oc2ccc(-n3c(=O)c4cc5c(=O)n(*)c(=O)c5cc4c3=O)cc2)c1,320.0
*n1c(=O)c2cc3c(=O)n(-c4ccc(Oc5cccc(C)c5)cc4)c(=O)c3cc2c1=O,302.0
*n1c(=O)c2cc3c(=O)n(-c4ccc(Oc5cccc(F)c5)cc4)c(=O)c3cc2c1=O,285.0
*C(=O)c1cc2c(cc1C(=O)N(*)c1cccc(Oc3ccc(-n4c(=O)c5cc6c(=O)n(*)c(=O)c6cc5c4=O)cc3)c1)C(=O)NC2=O,295.0
*c1ccc(Oc2cccc(Oc3ccc(-n4c(=O)c5cc6c(=O)n(*)c(=O)c6cc5c4=O)cc3)c2)cc1,230.0
*n1c(=O)c2cc3c(=O)n(-c4ccc(Oc5cccc(Oc6ccc(-n7c(=O)c8cc9c(=O)n(*)c(=O)c9cc8c7=O)cc6)c5)cc4)c(=O)c3cc2c1=O,388.0
*c1ccc(Oc2cccc3cccc(Oc4ccc(-n5c(=O)c6cc7c(=O)n(*)c(=O)c7cc6c5=O)cc4)c23)cc1,330.0
*c1ccc(S(=O)(=O)c2ccc(-n3c(=O)c4cc5c(=O)n(*)c(=O)c5cc4c3=O)cc2)cc1,290.0
*C(=O)c1cc2c(cc1C(=O)N(*)c1ccc(S(=O)(=O)c3ccc(-n4c(=O)c5cc6c(=O)n(*)c(=O)c6cc5c4=O)cc3)cc1)C(=O)NC2=O,280.0
*c1ccc(Oc2ccc(S(=O)(=O)c3ccc(-n4c(=O)c5cc6c(=O)n(*)c(=O)c6cc5c4=O)cc3)cc2)cc1,315.0
*c1ccc(S(=O)(=O)c2ccc(-n3c(=O)c4cc5c(=O)n(*)c(=O)c5cc4c3=O)cc2)cc1C(F)(F)F,365.0
*c1ccc(Sc2ccc(-n3c(=O)c4cc5c(=O)n(*)c(=O)c5cc4c3=O)c(F)c2)cc1,315.0
*c1ccc(Sc2ccc(-n3c(=O)c4cc5c(=O)n(*)c(=O)c5cc4c3=O)c(OC)c2)cc1,298.0
*c1ccc(Oc2ccc(C(=O)c3ccc(Sc4ccc(-n5c(=O)c6cc7c(=O)n(*)c(=O)c7cc6c5=O)cc4)cc3)cc2)cc1,268.0
*c1ccc(Sc2ccc(Sc3ccc(C(=O)c4ccc(Sc5ccc(-n6c(=O)c7cc8c(=O)n(*)c(=O)c8cc7c6=O)cc5)cc4)cc3)cc2)cc1,268.0
*c1ccc(C(C)(C)c2ccc(Sc3ccc(-n4c(=O)c5cc6c(=O)n(*)c(=O)c6cc5c4=O)cc3)cc2)cc1,245.0
*c1ccc(Sc2ccc(C(C)(C)c3ccc(Sc4ccc(-n5c(=O)c6cc7c(=O)n(*)c(=O)c7cc6c5=O)cc4)cc3)cc2)cc1,255.0
*c1ccc(Sc2ccc(Cc3ccc(Sc4ccc(-n5c(=O)c6cc7c(=O)n(*)c(=O)c7cc6c5=O)cc4)cc3)cc2)cc1,260.0
*n1c(=O)c2cc3c(=O)n(-c4ccc(Sc5ccc(-n6c(=O)c7cc8c(=O)n(*)c(=O)c8cc7c6=O)cc5)cc4)c(=O)c3cc2c1=O,315.0
*c1ccc(Oc2ccc(Sc3ccc(-n4c(=O)c5cc6c(=O)n(*)c(=O)c6cc5c4=O)cc3)cc2)cc1,300.0
*c1ccc(S(=O)(=O)c2ccc(Sc3ccc(-n4c(=O)c5cc6c(=O)n(*)c(=O)c6cc5c4=O)cc3)cc2)cc1,300.0
*c1ccc(Sc2ccc(S(=O)(=O)c3ccc(Sc4ccc(-n5c(=O)c6cc7c(=O)n(*)c(=O)c7cc6c5=O)cc4)cc3)cc2)cc1,275.0
*c1ccc(Sc2ccc(Sc3ccc(-n4c(=O)c5cc6c(=O)n(*)c(=O)c6cc5c4=O)cc3)cc2)cc1,290.0
*c1ccc(Sc2ccc(Sc3ccc(Sc4ccc(-n5c(=O)c6cc7c(=O)n(*)c(=O)c7cc6c5=O)cc4)cc3)cc2)cc1,200.0
*c1ccc(Sc2cccc(Sc3ccc(-n4c(=O)c5cc6c(=O)n(*)c(=O)c6cc5c4=O)cc3)c2)cc1,240.0
*n1c(=O)c2cc3c(=O)n(-c4ccc([Si](C)(C)O[Si](C)(C)O[Si](C)(C)O[Si](C)(C)O[Si](C)(C)O[Si](C)(C)O[Si](C)(C)O[Si](C)(C)c5ccc(-n6c(=O)c7cc8c(=O)n(*)c(=O)c8cc7c6=O)cc5)cc4)c(=O)c3cc2c1=O,135.0
*n1c(=O)c2cc3c(=O)n(-c4ccc([Si](C)(C)O[Si](C)(C)O[Si](C)(C)O[Si](C)(C)O[Si](C)(C)O[Si](C)(C)O[Si](C)(C)c5ccc(-n6c(=O)c7cc8c(=O)n(*)c(=O)c8cc7c6=O)cc5)cc4)c(=O)c3cc2c1=O,145.0
*n1c(=O)c2cc3c(=O)n(-c4ccc([Si](C)(C)O[Si](C)(C)O[Si](C)(C)O[Si](C)(C)O[Si](C)(C)O[Si](C)(C)c5ccc(-n6c(=O)c7cc8c(=O)n(*)c(=O)c8cc7c6=O)cc5)cc4)c(=O)c3cc2c1=O,160.0
*n1c(=O)c2cc3c(=O)n(-c4ccc([Si](C)(C)O[Si](C)(C)O[Si](C)(C)O[Si](C)(C)O[Si](C)(C)c5ccc(-n6c(=O)c7cc8c(=O)n(*)c(=O)c8cc7c6=O)cc5)cc4)c(=O)c3cc2c1=O,165.0
*n1c(=O)c2cc3c(=O)n(-c4ccc([Si](C)(C)O[Si](C)(C)O[Si](C)(C)O[Si](C)(C)c5ccc(-n6c(=O)c7cc8c(=O)n(*)c(=O)c8cc7c6=O)cc5)cc4)c(=O)c3cc2c1=O,175.0
*n1c(=O)c2cc3c(=O)n(-c4ccc([Si](C)(C)O[Si](C)(C)O[Si](C)(C)c5ccc(-n6c(=O)c7cc8c(=O)n(*)c(=O)c8cc7c6=O)cc5)cc4)c(=O)c3cc2c1=O,190.0
*n1c(=O)c2cc3c(=O)n(-c4ccc([Si](C)(C)O[Si](C)(C)c5ccc(-n6c(=O)c7cc8c(=O)n(*)c(=O)c8cc7c6=O)cc5)cc4)c(=O)c3cc2c1=O,195.0
*c1ccc(-n2c(=O)c3cc4c(=O)n(*)c(=O)c4cc3c2=O)cc1F,370.0
*c1ccc(-c2ccc(-n3c(=O)c4cc5c(=O)n(*)c(=O)c5cc4c3=O)c3cc(F)c(F)cc23)cc1,630.0
*n1c(=O)c2cc3c(=O)n(-c4ccc(-c5ccc(C(C)(C)c6ccc(-n7c(=O)c8cc9c(=O)n(*)c(=O)c9cc8c7=O)cc6)cc5)cc4)c(=O)c3cc2c1=O,370.0
*c1ccc(Oc2ccc(C(C)(C)c3ccc(-c4ccc(-n5c(=O)c6cc7c(=O)n(*)c(=O)c7cc6c5=O)cc4)cc3)cc2)cc1,225.0
*n1c(=O)c2cc3c(=O)n(-c4ccc(-c5ccc(C6(c7ccccc7)c7ccccc76)cc5)cc4)c(=O)c3cc2c1=O,322.0
*n1c(=O)c2cc3c(=O)n(-c4ccc(-c5ccc(C67CC8CC(CC(C8)C6)C7)cc5)cc4)c(=O)c3cc2c1=O,380.0
*n1c(=O)c2cc3c(=O)n(-c4ccc(-c5ccc(-n6c(=O)c7cc8c(=O)n(*)c(=O)c8cc7c6=O)c6ccccc56)cc4)c(=O)c3cc2c1=O,695.0
*n1c(=O)c2cc3c(=O)n(-c4ccc(-c5ccc(-n6c(=O)c7ccc8c(=O)n(*)c(=O)c8c7c6=O)cc5)cc4)c(=O)c3cc2c1=O,685.0
*c1ccc(OC(F)(F)C(F)(F)Oc2ccc(-c3ccc(-n4c(=O)c5cc6c(=O)n(*)c(=O)c6cc5c4=O)cc3)cc2)cc1,235.0
*c1ccc(-c2ccc(-c3ccc(-n4c(=O)c5cc6c(=O)n(*)c(=O)c6cc5c4=O)cc3)c3ccccc23)cc1,455.0
*c1ccc(-c2ccc(-c3ccc(-n4c(=O)c5cc6c(=O)n(*)c(=O)c6cc5c4=O)c4ccccc34)cc2)cc1,680.0
*c1ccc(Oc2ccc(-c3ccc(-c4ccc(-n5c(=O)c6cc7c(=O)n(*)c(=O)c7cc6c5=O)cc4)cc3)cc2)cc1,380.0
*n1c(=O)c2cc3c(=O)n(-c4ccc(-c5ccc(-c6ccc(-c7ccc(-n8c(=O)c9cc%10c(=O)n(*)c(=O)c%10cc9c8=O)cc7)cc6)cc5)cc4)c(=O)c3cc2c1=O,460.0
*c1cccc(-c2ccc(-c3ccc(-n4c(=O)c5cc6c(=O)n(*)c(=O)c6cc5c4=O)cc3)cc2)c1,455.0
*c1cccc2cccc(-c3ccc(-c4ccc(-n5c(=O)c6cc7c(=O)n(*)c(=O)c7cc6c5=O)cc4)cc3)c12,420.0
*c1ccc2ccc(-c3ccc(-n4c(=O)c5cc6c(=O)n(*)c(=O)c6cc5c4=O)cc3)cc2c1,425.0
*n1c(=O)c2cc3c(=O)n(-c4ccc(-c5ccc6ccccc6c5)cc4)c(=O)c3cc2c1=O,450.0
*c1ccc2nc(-c3ccc(-n4c(=O)c5cc6c(=O)n(*)c(=O)c6cc5c4=O)cc3)oc2c1,650.0
*c1cccc(OC(=O)c2ccc(-n3c(=O)c4cc5c(=O)n(*)c(=O)c5cc4c3=O)cc2)c1,300.0
*n1c(=O)c2cc3c(=O)n(-c4ccc(C(=O)c5ccc(-n6c(=O)c7cc8c(=O)n(*)c(=O)c8cc7c6=O)cc5)cc4)c(=O)c3cc2c1=O,355.0
*c1ccc(C(c2ccc(*)cc2)c2ccc(-n3c(=O)c4cc5c(=O)n(*)c(=O)c5cc4c3=O)cc2)cc1,330.0
*c1ccc(OC(=O)Cc2ccc(-n3c(=O)c4cc5c(=O)n(*)c(=O)c5cc4c3=O)cc2)cc1,290.0
*c1ccc(Oc2ccc(Cc3ccc(-n4c(=O)c5cc6c(=O)n(*)c(=O)c6cc5c4=O)cc3)cc2)cc1,252.0
*c1ccc(-n2c(=O)c3ccc4c(=O)n(-c5ccc(-n6c(=O)c7cc8c(=O)n(*)c(=O)c8cc7c6=O)cc5)c(=O)c4c3c2=O)cc1,450.0
*c1ccc(C(C)(C)Oc2ccc(-n3c(=O)c4cc5c(=O)n(*)c(=O)c5cc4c3=O)cc2)cc1,205.0
*n1c(=O)c2cc3c(=O)n(-c4ccc(OC(C)(C)c5ccc(-n6c(=O)c7cc8c(=O)n(*)c(=O)c8cc7c6=O)cc5)cc4)c(=O)c3cc2c1=O,270.0
*c1ccc(O[Si](C)(C)O[Si](C)(C)O[Si](C)(C)Oc2ccc(-n3c(=O)c4cc5c(=O)n(*)c(=O)c5cc4c3=O)cc2)cc1,195.0
*c1ccc(O[Si](C)(C)O[Si](C)(C)Oc2ccc(-n3c(=O)c4cc5c(=O)n(*)c(=O)c5cc4c3=O)cc2)cc1,200.0
*c1ccc([Si](C)(C)O[Si](C)(C)Oc2ccc(-n3c(=O)c4cc5c(=O)n(*)c(=O)c5cc4c3=O)cc2)cc1,200.0
*c1ccc(Cc2ccc(Oc3ccc(-n4c(=O)c5cc6c(=O)n(*)c(=O)c6cc5c4=O)cc3)cc2)cc1,275.0
*n1c(=O)c2cc3c(=O)n(-c4ccc(Oc5ccc(Cl)cc5)cc4)c(=O)c3cc2c1=O,315.0
*C(=O)c1cc2c(cc1C(=O)N(*)c1ccc(Oc3ccc(-n4c(=O)c5cc6c(=O)n(*)c(=O)c6cc5c4=O)cc3)cc1)C(=O)NC2=O,320.0
*n1c(=O)c2cc3c(=O)n(-c4ccc(Oc5ccc([Si](C)(C)O[Si](C)(C)Oc6ccc(-n7c(=O)c8cc9c(=O)n(*)c(=O)c9cc8c7=O)cc6)cc5)cc4)c(=O)c3cc2c1=O,260.0
*n1c(=O)c2cc3c(=O)n(-c4ccc(Oc5cccc(N6C(=O)c7ccccc7C6=O)c5)cc4)c(=O)c3cc2c1=O,325.0
*c1ccc(Oc2cccc(C(C)(C)c3cccc(Oc4ccc(-n5c(=O)c6cc7c(=O)n(*)c(=O)c7cc6c5=O)cc4)c3)c2)cc1,205.0
*n1c(=O)c2cc3c(=O)n(-c4ccc(Oc5cccc6ccccc56)cc4)c(=O)c3cc2c1=O,350.0
*n1c(=O)c2cc3c(=O)n(-c4ccc(S(=O)(=O)c5ccc(-n6c(=O)c7cc8c(=O)n(*)c(=O)c8cc7c6=O)cc5)cc4)c(=O)c3cc2c1=O,350.0
*c1cccc(Sc2ccc(-n3c(=O)c4cc5c(=O)n(*)c(=O)c5cc4c3=O)cc2)c1,295.0
*c1ccc([Si](C)(C)O[Si](C)(C)O[Si](C)(C)c2ccc(-n3c(=O)c4cc5c(=O)n(*)c(=O)c5cc4c3=O)cc2)cc1,205.0
*n1c(=O)c2cc3c(=O)n(-c4ccc(-c5ccc(C(C)(C)C)cc5)cc4)c(=O)c3cc2c1=O,310.0
*c1cccc(C(C)(C)c2ccc(-c3ccc(-n4c(=O)c5cc6c(=O)n(*)c(=O)c6cc5c4=O)cc3)cc2)c1,292.0
*n1c(=O)c2cc3c(=O)n(-c4ccc(-c5ccc(CC)cc5)cc4)c(=O)c3cc2c1=O,265.0
*c1ccc(Cc2ccc(-c3ccc(-n4c(=O)c5cc6c(=O)n(*)c(=O)c6cc5c4=O)cc3)cc2)cc1,322.0
*n1c(=O)c2cc3c(=O)n(-c4ccc(-c5ccc(Cl)cc5)cc4)c(=O)c3cc2c1=O,340.0
*n1c(=O)c2cc3c(=O)n(-c4ccc(-c5ccc(-n6c(=O)c7cc8c(=O)n(*)c(=O)c8cc7c6=O)c(C)c5)cc4)c(=O)c3cc2c1=O,385.0
*n1c(=O)c2cc3c(=O)n(-c4ccc(-c5ccc(OCC)cc5)cc4)c(=O)c3cc2c1=O,260.0
*c1ccc(Oc2ccc(-c3ccc(-n4c(=O)c5cc6c(=O)n(*)c(=O)c6cc5c4=O)cc3)cc2)cc1,285.0
*c1ccc(S(=O)(=O)c2ccc(-c3ccc(-n4c(=O)c5cc6c(=O)n(*)c(=O)c6cc5c4=O)cc3)cc2)cc1,350.0
*c1ccc(Sc2ccc(-c3ccc(-n4c(=O)c5cc6c(=O)n(*)c(=O)c6cc5c4=O)cc3)cc2)cc1,325.0
*c1ccc(C(F)(F)c2ccc(-c3ccc(-n4c(=O)c5cc6c(=O)n(*)c(=O)c6cc5c4=O)cc3)cc2)cc1,345.0
*c1ccc2c(c1)C(=O)N(c1ccc(-c3ccc(-n4c(=O)c5cc6c(=O)n(*)c(=O)c6cc5c4=O)cc3)cc1)C2=O,410.0
*c1ccc(-c2ccc(-c3ccc(-n4c(=O)c5cc6c(=O)n(*)c(=O)c6cc5c4=O)cc3)cc2)cc1,405.0
*c1ccc2c(c1)C(=O)N(c1ccc(-c3ccc(-c4ccc(-n5c(=O)c6cc7c(=O)n(*)c(=O)c7cc6c5=O)cc4)cc3)cc1)C2=O,420.0
*c1ccc(-c2ccc(-c3ccc(-c4ccc(-n5c(=O)c6cc7c(=O)n(*)c(=O)c7cc6c5=O)cc4)cc3)cc2)cc1,435.0
*c1ccc(-c2ccc(-c3ccc(-c4ccc(-c5ccc(-n6c(=O)c7cc8c(=O)n(*)c(=O)c8cc7c6=O)cc5)cc4)cc3)cc2)cc1,460.0
*n1c(=O)c2cc3c(=O)n(-c4ccc(-c5ccc(-c6ccc(-c7ccc(-c8ccc(-n9c(=O)c%10cc%11c(=O)n(*)c(=O)c%11cc%10c9=O)cc8)cc7)cc6)cc5)cc4)c(=O)c3cc2c1=O,560.0
*N1C(=O)c2ccc(-c3ccc(-c4ccc(-n5c(=O)c6cc7c(=O)n(*)c(=O)c7cc6c5=O)cc4)cc3)cc2C1=O,430.0
*c1ccc(N2C(=O)c3ccc(-c4ccc(-c5ccc(-n6c(=O)c7cc8c(=O)n(*)c(=O)c8cc7c6=O)cc5)cc4)cc3C2=O)cc1,495.0
*N1C(=O)c2ccc(-c3ccc(N4C(=O)c5ccc(-c6ccc(-c7ccc(-n8c(=O)c9cc%10c(=O)n(*)c(=O)c%10cc9c8=O)cc7)cc6)cc5C4=O)cc3)cc2C1=O,475.0
*n1c(=O)c2cc3c(=O)n(-c4ccc(-c5ccc(-c6ccc7c(=O)n(*)c(=O)c8ccc(c6)c78)cc5)cc4)c(=O)c3cc2c1=O,455.0
*n1c(=O)c2cc3c(=O)n(-c4ccc(-c5ccc(-c6nc7ccccc7n6*)cc5)cc4)c(=O)c3cc2c1=O,540.0
*c1ccc(N2C(=O)c3ccc(-c4ccc(-n5c(=O)c6cc7c(=O)n(*)c(=O)c7cc6c5=O)cc4)cc3C2=O)cc1,490.0
*c1ccc(-c2ccc(N3C(=O)c4ccc(-c5ccc(-n6c(=O)c7cc8c(=O)n(*)c(=O)c8cc7c6=O)cc5)cc4C3=O)cc2)cc1,390.0
*N1C(=O)c2ccc(-c3ccc(N4C(=O)c5ccc(-c6ccc(-n7c(=O)c8cc9c(=O)n(*)c(=O)c9cc8c7=O)cc6)cc5C4=O)cc3)cc2C1=O,480.0
*N1C(=O)c2ccc(-c3ccc(N4C(=O)c5ccc(N6C(=O)c7ccc(-c8ccc(-n9c(=O)c%10cc%11c(=O)n(*)c(=O)c%11cc%10c9=O)cc8)cc7C6=O)cc5C4=O)cc3)cc2C1=O,505.0
*N1C(=O)c2ccc3ccc(-c4ccc(-n5c(=O)c6cc7c(=O)n(*)c(=O)c7cc6c5=O)cc4)cc3c2C1=O,445.0
*c1ccc2cc(-c3ccc(-n4c(=O)c5cc6c(=O)n(*)c(=O)c6cc5c4=O)cc3)ccc2c1,410.0
*c1ccc2ccc3cc(-c4ccc(-n5c(=O)c6cc7c(=O)n(*)c(=O)c7cc6c5=O)cc4)ccc3c2c1,445.0
*n1c(=O)c2cc3c(=O)n(-c4ccc(-c5ccc6c(ccc7ccccc76)c5)cc4)c(=O)c3cc2c1=O,465.0
*c1ccc(Cc2cccc(-c3ccc(-n4c(=O)c5cc6c(=O)n(*)c(=O)c6cc5c4=O)cc3)c2)cc1,270.0
*n1c(=O)c2cc3c(=O)n(-c4ccc(-c5cccc(F)c5)cc4)c(=O)c3cc2c1=O,370.0
*C(=O)c1cc2c(cc1C(=O)N(*)c1cccc(-c3ccc(-n4c(=O)c5cc6c(=O)n(*)c(=O)c6cc5c4=O)cc3)c1)C(=O)NC2=O,390.0
*c1ccc2c(c1)C(=O)N(c1cccc(-c3ccc(-n4c(=O)c5cc6c(=O)n(*)c(=O)c6cc5c4=O)cc3)c1)C2=O,360.0
*n1c(=O)c2cc3c(=O)n(-c4ccc(-c5cccc(N6C(=O)c7ccccc7C6=O)c5)cc4)c(=O)c3cc2c1=O,360.0
*c1ccc(Oc2cccc(-c3ccc(-n4c(=O)c5cc6c(=O)n(*)c(=O)c6cc5c4=O)cc3)c2)cc1,275.0
*c1ccc(-c2cccc(-c3ccc(-n4c(=O)c5cc6c(=O)n(*)c(=O)c6cc5c4=O)cc3)c2)cc1,395.0
*c1ccc2c(-c3ccc(-n4c(=O)c5cc6c(=O)n(*)c(=O)c6cc5c4=O)cc3)cccc2c1,430.0
*c1cccc2c(-c3ccc(-n4c(=O)c5cc6c(=O)n(*)c(=O)c6cc5c4=O)cc3)cccc12,465.0
*c1cccc2cccc(-c3ccc(-n4c(=O)c5cc6c(=O)n(*)c(=O)c6cc5c4=O)cc3)c12,445.0
*n1c(=O)c2cc3c(=O)n(-c4ccc(-c5cccc6cccc(-n7c(=O)c8cc9c(=O)n(*)c(=O)c9cc8c7=O)c56)cc4)c(=O)c3cc2c1=O,430.0
*c1cnccc1-c1ccc(-n2c(=O)c3cc4c(=O)n(*)c(=O)c4cc3c2=O)cc1,380.0
*c1ccc2nc(-c3ccc(-n4c(=O)c5cc6c(=O)n(*)c(=O)c6cc5c4=O)cc3)sc2c1,400.0
*n1c(=O)c2cc3c(=O)n(-c4ccc(-c5nc6ccccc6n5*)cc4)c(=O)c3cc2c1=O,425.0
*c1nc2ccccc2nc1-c1ccc(-n2c(=O)c3cc4c(=O)n(*)c(=O)c4cc3c2=O)cc1,450.0
*n1c(=O)c2cc3c(=O)n(-c4ccc(-n5ccnc5)cc4)c(=O)c3cc2c1=O,390.0
*n1c(=O)c2cc3c(=O)n(-c4ccc5c(c4)-c4ccccc4-5)c(=O)c3cc2c1=O,350.0
*c1ccc(N2C(=O)c3ccc(-n4c(=O)c5cc6c(=O)n(*)c(=O)c6cc5c4=O)cc3C2=O)cc1,455.0
*n1c(=O)c2cc3c(=O)n(-c4ccc(N5C(=O)c6ccc(-n7c(=O)c8cc9c(=O)n(*)c(=O)c9cc8c7=O)cc6C5=O)cc4)c(=O)c3cc2c1=O,470.0
*n1c(=O)c2cc3c(=O)n(-c4ccc(-c5ccc(N6C(=O)c7ccc(-n8c(=O)c9cc%10c(=O)n(*)c(=O)c%10cc9c8=O)cc7C6=O)cc5)cc4)c(=O)c3cc2c1=O,730.0
*N1C(=O)c2ccc(-c3ccc(N4C(=O)c5ccc(-n6c(=O)c7cc8c(=O)n(*)c(=O)c8cc7c6=O)cc5C4=O)cc3)cc2C1=O,495.0
*N1C(=O)c2ccc(-c3ccc(N4C(=O)c5ccc(-c6ccc(N7C(=O)c8ccc(-n9c(=O)c%10cc%11c(=O)n(*)c(=O)c%11cc%10c9=O)cc8C7=O)cc6)cc5C4=O)cc3)cc2C1=O,500.0
*N1C(=O)c2ccc(N3C(=O)c4ccc(-n5c(=O)c6cc7c(=O)n(*)c(=O)c7cc6c5=O)cc4C3=O)cc2C1=O,460.0
*N1C(=O)c2cccc(N3C(=O)c4ccc(-n5c(=O)c6cc7c(=O)n(*)c(=O)c7cc6c5=O)cc4C3=O)c2C1=O,480.0
*n1c(=O)c2cc3c(=O)n(-c4ccc5c(c4)C(=O)N(c4cccc6c(-n7c(=O)c8cc9c(=O)n(*)c(=O)c9cc8c7=O)cccc46)C5=O)c(=O)c3cc2c1=O,460.0
*c1ccc2c(c1)C(=O)c1ccc(-n3c(=O)c4cc5c(=O)n(*)c(=O)c5cc4c3=O)cc1C2=O,400.0
*n1c(=O)c2cc3c(=O)n(-c4ccc5c(c4)C(c4ccccc4)(c4ccccc4)c4ccccc4-5)c(=O)c3cc2c1=O,320.0
*c1ccc2c(c1)-c1ccc(-n3c(=O)c4cc5c(=O)n(*)c(=O)c5cc4c3=O)cc1C21c2ccccc21,385.0
*n1c(=O)c2cc3c(=O)n(-c4ccc5cc6ccccc6cc5c4)c(=O)c3cc2c1=O,490.0
*c1ccc2cc(-n3c(=O)c4cc5c(=O)n(*)c(=O)c5cc4c3=O)ccc2c1,395.0
*n1c(=O)c2cc3c(=O)n(-c4ccc5cc(-n6c(=O)c7cc8c(=O)n(*)c(=O)c8cc7c6=O)ccc5c4)c(=O)c3cc2c1=O,430.0
*c1ccc(-c2ccc3cc(-n4c(=O)c5cc6c(=O)n(*)c(=O)c6cc5c4=O)ccc3c2)cc1,405.0
*N1C(=O)c2ccc(-c3ccc4cc(N5C(=O)c6ccc(-c7ccc8cc(-n9c(=O)c%10cc%11c(=O)n(*)c(=O)c%11cc%10c9=O)ccc8c7)cc6C5=O)ccc4c3)cc2C1=O,515.0
*n1c(=O)c2cc3c(=O)n(-c4ccc5c(ccc6ccc(-n7c(=O)c8cc9c(=O)n(*)c(=O)c9cc8c7=O)cc65)c4)c(=O)c3cc2c1=O,460.0
*c1ccc2c(ccc3cc(-n4c(=O)c5cc6c(=O)n(*)c(=O)c6cc5c4=O)ccc32)c1,445.0
*N1C(=O)c2ccc3c(ccc4cc(-n5c(=O)c6cc7c(=O)n(*)c(=O)c7cc6c5=O)ccc43)c2C1=O,540.0
*n1c(=O)c2cc3c(=O)n(-c4ccc5c(ccc6ccccc65)c4)c(=O)c3cc2c1=O,445.0
*c1cccc2cc(-n3c(=O)c4cc5c(=O)n(*)c(=O)c5cc4c3=O)ccc12,440.0
*n1c(=O)c2cc3c(=O)n(-c4ccc5c(-n6c(=O)c7cc8c(=O)n(*)c(=O)c8cc7c6=O)cccc5c4)c(=O)c3cc2c1=O,425.0
*c1ccc(-c2cccc3cc(-n4c(=O)c5cc6c(=O)n(*)c(=O)c6cc5c4=O)ccc23)cc1,450.0
*c1ccc2oc3cc(-n4c(=O)c5cc6c(=O)n(*)c(=O)c6cc5c4=O)ccc3c2c1,335.0
*n1c(=O)c2cc3c(=O)n(-c4ccc5c(c4)oc4ccccc45)c(=O)c3cc2c1=O,395.0
*c1ccc2sc3cc(-n4c(=O)c5cc6c(=O)n(*)c(=O)c6cc5c4=O)ccc3c2c1,325.0
*n1c(=O)c2cc3c(=O)n(-c4ccc5c(c4)sc4ccccc45)c(=O)c3cc2c1=O,385.0
*N1C(=O)c2cc3ccc(-n4c(=O)c5cc6c(=O)n(*)c(=O)c6cc5c4=O)cc3cc2C1=O,495.0
*C1=Cc2cc3cc(-n4c(=O)c5cc6c(=O)n(*)c(=O)c6cc5c4=O)ccc3cc21,500.0
*c1ccc2cc3ccc(-n4c(=O)c5cc6c(=O)n(*)c(=O)c6cc5c4=O)cc3cc2c1,475.0
*n1c(=O)c2cc3c(=O)n(-c4ccc5cc6ccc(-n7c(=O)c8cc9c(=O)n(*)c(=O)c9cc8c7=O)cc6cc5c4)c(=O)c3cc2c1=O,470.0
*c1ccc2ccc(-n3c(=O)c4cc5c(=O)n(*)c(=O)c5cc4c3=O)cc2c1,415.0
*n1c(=O)c2cc3c(=O)n(-c4ccc5ccc(-n6c(=O)c7cc8c(=O)n(*)c(=O)c8cc7c6=O)cc5c4)c(=O)c3cc2c1=O,430.0
*N1C(=O)c2ccc3ccc(-n4c(=O)c5cc6c(=O)n(*)c(=O)c6cc5c4=O)cc3c2C1=O,455.0
*c1ccc2ccc3ccc(-n4c(=O)c5cc6c(=O)n(*)c(=O)c6cc5c4=O)cc3c2c1,415.0
*n1c(=O)c2cc3c(=O)n(-c4ccc5ccc6ccc(-n7c(=O)c8cc9c(=O)n(*)c(=O)c9cc8c7=O)cc6c5c4)c(=O)c3cc2c1=O,455.0
*N1C(=O)c2ccc(-c3ccc4ccc5ccc(-n6c(=O)c7cc8c(=O)n(*)c(=O)c8cc7c6=O)cc5c4c3)cc2C1=O,485.0
*n1c(=O)c2cc3c(=O)n(-c4ccc5ccc6ccccc6c5c4)c(=O)c3cc2c1=O,400.0
*n1c(=O)c2cc3c(=O)n(C4=Cc5cccc6cccc(c56)C=C4)c(=O)c3cc2c1=O,480.0
*c1ccc2nc3ccc(-n4c(=O)c5cc6c(=O)n(*)c(=O)c6cc5c4=O)cc3nc2c1,450.0
*c1ccc(C(C)(C)c2cccc(-n3c(=O)c4cc5c(=O)n(*)c(=O)c5cc4c3=O)c2)cc1,290.0
*c1ccc(Cc2cccc(-n3c(=O)c4cc5c(=O)n(*)c(=O)c5cc4c3=O)c2)cc1,295.0
*n1c(=O)c2cc3c(=O)n(-c4cccc(F)c4)c(=O)c3cc2c1=O,298.0
*n1c(=O)c2cc3c(=O)n(-c4cccc(-n5c(=O)c6cc7c(=O)n(*)c(=O)c7cc6c5=O)c4)c(=O)c3cc2c1=O,400.0
*n1c(=O)c2cc3c(=O)n(-c4cccc(OC)c4OC)c(=O)c3cc2c1=O,265.0
*c1cccc(Sc2cccc(-n3c(=O)c4cc5c(=O)n(*)c(=O)c5cc4c3=O)c2)c1,305.0
*c1cccc(-n2c(=O)c3cc4c(=O)n(*)c(=O)c4cc3c2=O)c1,410.0
*c1ccc(C(=O)c2cccc(-n3c(=O)c4cc5c(=O)n(*)c(=O)c5cc4c3=O)c2)cc1,322.0
*c1cccc(C(=O)c2cccc(-n3c(=O)c4cc5c(=O)n(*)c(=O)c5cc4c3=O)c2)c1,355.0
*c1cccc(C(C)(C)c2cccc(-n3c(=O)c4cc5c(=O)n(*)c(=O)c5cc4c3=O)c2)c1,305.0
*C(=O)c1cc2c(cc1C(=O)N(*)c1cccc(C(C)(C)c3cccc(-n4c(=O)c5cc6c(=O)n(*)c(=O)c6cc5c4=O)c3)c1)C(=O)NC2=O,230.0
*c1cccc(Cc2cccc(-n3c(=O)c4cc5c(=O)n(*)c(=O)c5cc4c3=O)c2)c1,315.0
*c1ccc(Oc2cccc(-n3c(=O)c4cc5c(=O)n(*)c(=O)c5cc4c3=O)c2)cc1,310.0
*n1c(=O)c2cc3c(=O)n(-c4ccc(Oc5cccc(-n6c(=O)c7cc8c(=O)n(*)c(=O)c8cc7c6=O)c5)cc4)c(=O)c3cc2c1=O,335.0
*c1cccc(Oc2cccc(-n3c(=O)c4cc5c(=O)n(*)c(=O)c5cc4c3=O)c2)c1,248.0
*n1c(=O)c2cc3c(=O)n(-c4cccc(Oc5cccc(-n6c(=O)c7cc8c(=O)n(*)c(=O)c8cc7c6=O)c5)c4)c(=O)c3cc2c1=O,220.0
*c1cccc(Oc2cccc(Oc3cccc(-n4c(=O)c5cc6c(=O)n(*)c(=O)c6cc5c4=O)c3)c2)c1,240.0
*n1c(=O)c2cc3c(=O)n(-c4cccc(Oc5ccccc5)c4)c(=O)c3cc2c1=O,295.0
*c1cccc(S(=O)(=O)c2cccc(-n3c(=O)c4cc5c(=O)n(*)c(=O)c5cc4c3=O)c2)c1,365.0
*c1ccc(-c2cccc(-n3c(=O)c4cc5c(=O)n(*)c(=O)c5cc4c3=O)c2)cc1,335.0
*c1cccc(-c2cccc(-n3c(=O)c4cc5c(=O)n(*)c(=O)c5cc4c3=O)c2)c1,420.0
*n1c(=O)c2cc3c(=O)n(-c4cccc(-c5cccc(-n6c(=O)c7cc8c(=O)n(*)c(=O)c8cc7c6=O)c5)c4)c(=O)c3cc2c1=O,410.0
*c1ccccc1-c1cccc(-n2c(=O)c3cc4c(=O)n(*)c(=O)c4cc3c2=O)c1,335.0
*N1C(=O)c2cccc(-n3c(=O)c4cc5c(=O)n(*)c(=O)c5cc4c3=O)c2C1=O,455.0
*n1c(=O)c2cc3c(=O)n(-c4ccc(N5C(=O)c6cccc(-n7c(=O)c8cc9c(=O)n(*)c(=O)c9cc8c7=O)c6C5=O)cc4)c(=O)c3cc2c1=O,460.0
*c1cccc2c(-n3c(=O)c4cc5c(=O)n(*)c(=O)c5cc4c3=O)cccc12,405.0
*n1c(=O)c2cc3c(=O)n(-c4cccc5c(-n6c(=O)c7cc8c(=O)n(*)c(=O)c8cc7c6=O)cccc45)c(=O)c3cc2c1=O,470.0
*c1cccc2cccc(-n3c(=O)c4cc5c(=O)n(*)c(=O)c5cc4c3=O)c12,400.0
*n1c(=O)c2cc3c(=O)n(-c4cccc5ccccc45)c(=O)c3cc2c1=O,370.0
*n1c(=O)c2cc3c(=O)n(-c4ccncc4)c(=O)c3cc2c1=O,385.0
*c1ccc2nc(-n3c(=O)c4cc5c(=O)n(*)c(=O)c5cc4c3=O)oc2c1,420.0
*c1ccc2nc(-n3c(=O)c4cc5c(=O)n(*)c(=O)c5cc4c3=O)sc2c1,375.0
*n1c(=O)c2cc3c(=O)n(-c4nc5ccccc5n4*)c(=O)c3cc2c1=O,500.0
*c1nc2ccccc2nc1-n1c(=O)c2cc3c(=O)n(*)c(=O)c3cc2c1=O,440.0
*n1c(=O)c2cc3c(cc2c1=O)c1cc2c(=O)n(*)c(=O)c2cc31,480.0
*n1c(=O)c2cc3cc4c(=O)n(*)c(=O)c4cc3cc2c1=O,450.0
*N1C(=O)c2ccc(-n3c(=O)c4cc5cc6c(=O)n(*)c(=O)c6cc5cc4c3=O)cc2C1=O,455.0
*c1ccc(N2C(=O)c3ccc(-n4c(=O)c5cc6cc7c(=O)n(*)c(=O)c7cc6cc5c4=O)cc3C2=O)cc1,465.0
*c1cccc2cccc(-n3c(=O)c4cc5cc6c(=O)n(*)c(=O)c6cc5cc4c3=O)c12,460.0
*n1c(=O)c2cc3cc4cc5c(=O)n(*)c(=O)c5cc4cc3cc2c1=O,460.0
*n1c(=O)c2cc3ccc4c(=O)n(*)c(=O)c4c3cc2c1=O,480.0
*C1=Cc2cc3c(ccc4cc(C(=O)N(*)C(=O)c5cc6cc7c(ccc8cc9c(=O)n(*)c(=O)c9cc87)cc56)ccc43)cc21,520.0
*n1c(=O)c2cc3ccc4cccc5c(=O)n(*)c(=O)c(c2c1=O)c3c45,450.0
*N1C(=O)c2ccc(Oc3ccc(C(C)(C)c4ccc(Oc5ccc(-n6c(=O)c7cc8c(=O)n(*)c(=O)c8cc7c6=O)cc5)cc4)cc3)cc2C1=O,270.0
*c1ccc2c(c1)C(=O)N(c1ccc(C(F)(F)c3ccc(Oc4ccc5c(c4)C(=O)N(*)C5=O)cc3)cc1)C2=O,260.0
*n1[nH]c(=O)c2ccc(cc2)oc2ccc(cc2)c(=O)n(*)c2ccc(cc2)oc2ccc(cc2)c1=O,230.0
*c1ccc(Oc2ccc(Oc3ccc4c(c3)C(=O)N(c3ccc(Oc5ccc6c(c5)C(=O)N(*)C6=O)cc3)C4=O)cc2)cc1,160.0
*c1ccc(Oc2ccc(-c3ccc4c(c3)C(=O)N(c3ccc(Oc5ccc6c(c5)C(=O)N(*)C6=O)cc3)C4=O)cc2)cc1,290.0
*N1C(=O)c2ccc(Oc3ccc(N4C(=O)c5ccc6c(c5C4=O)C4(c5ccccc5)c5ccccc5C64)cc3)cc2C1=O,285.0
*N1C(=O)c2ccc(Oc3ccc(Oc4ccc(-n5c(=O)c6cc7c(=O)n(*)c(=O)c7cc6c5=O)cc4)cc3)cc2C1=O,275.0
*c1ccc2c(c1)C(=O)N(c1ccc(S(=O)(=O)c3ccc(Oc4ccc5c(c4)C(=O)N(*)C5=O)cc3)cc1)C2=O,270.0
*N1C(=O)c2ccc(Oc3ccc(Sc4ccc(-n5c(=O)c6cc7c(=O)n(*)c(=O)c7cc6c5=O)cc4)cc3)cc2C1=O,285.0
*c1ccc(Oc2ccc(C(=O)N(*)C(=O)c3ccc(Oc4ccc(Oc5ccc6c(c5)C(=O)N(*)C6=O)cc4)cc3)cc2)cc1,230.0
*c1ccc(Oc2ccc3c(c2)C(=O)N(c2ccc(Sc4ccc(Oc5ccc6c(c5)C(=O)N(*)C6=O)cc4)cc2)C3=O)cc1,175.0
*c1ccc2c(c1)C(=O)N(c1ccc(Sc3ccc(Cc4ccc(Sc5ccc6c(c5)C(=O)N(*)C6=O)cc4)cc3)cc1)C2=O,258.0
*N1C(=O)c2ccc(Sc3ccc(-n4c(=O)c5cc6c(=O)n(*)c(=O)c6cc5c4=O)cc3)cc2C1=O,305.0
*c1ccc(Oc2ccc3c(c2)C(=O)N(c2ccc(Sc4ccc5c(c4)C(=O)N(*)C5=O)cc2)C3=O)cc1,220.0
*c1ccc(Sc2ccc3c(c2)C(=O)N(c2ccc(Sc4ccc5c(c4)C(=O)N(*)C5=O)cc2)C3=O)cc1,180.0
*c1ccc(Sc2ccc3c(c2)C(=O)N(c2ccc(Oc4ccc(Sc5ccc6c(c5)C(=O)N(*)C6=O)cc4)cc2)C3=O)cc1,185.0
*c1ccc2c(c1)C(=O)N(c1ccc3ccc4cc(-c5ccc6c(c5)C(=O)N(*)C6=O)ccc4c3c1)C2=O,425.0
*N1C(=O)c2ccc(-c3ccc4c5c(cccc35)C(=O)N(*)C4=O)cc2C1=O,340.0
*c1ccc2c(c1)N(C(=O)c1ccc(-c3ccc4c(c3)C(=O)N(*)C4=O)cc1)C2=O,355.0
*N1C(=O)c2ccc(C(=O)N(*)c3ccc(Oc4ccc(C(F)(F)F)cc4)cc3)cc2C1=O,280.0
*c1ccc(-c2ccc(N(*)C(=O)c3ccc4c(c3)C(=O)N(*)C4=O)cc2)cc1,350.0
*N1C(=O)c2ccc(C(=O)Oc3ccc(OC(=O)c4ccc5c(c4)C(=O)N(*)C5=O)cc3)cc2C1=O,220.0
*N1C(=O)c2ccc(C(=O)c3ccc(C(=O)N(*)c4ccccc4)cc3)cc2C1=O,355.0
*c1ccc2c(c1)N(C(=O)c1ccc(C(=O)c3ccc4c(c3)C(=O)N(*)C4=O)cc1)C2=O,345.0
*N1C(=O)c2ccc(C(=O)c3ccc(C(=O)c4ccc5c(c4)C(=O)N(*)C5=O)cc3)cc2C1=O,280.0
*N1C(=O)c2ccc(C(=O)c3ccc4c(c3)C(=O)N(*)C4=O)cc2C1=O,300.0
*c1ccc2c(c1)C(=O)N(C(=O)c1ccc(C(c3ccc4c(c3)C(=O)N(*)C4=O)(C(F)(F)F)C(F)(F)F)cc1)C2=O,340.0
*N1C(=O)c2ccc(C(c3ccc(N(*)C(=O)c4ccc(C(c5ccccc5)(C(F)(F)F)C(F)(F)F)cc4)cc3)(C(F)(F)F)C(F)(F)F)cc2C1=O,330.0
*N1C(=O)c2ccc(C(c3ccc(-n4c(=O)c5ccc6c(=O)n(*)c(=O)c6c5c4=O)cc3)(C(F)(F)F)C(F)(F)F)cc2C1=O,268.0
*c1ccc2c(c1)C(=O)N(c1ccc(C(C)(C)c3cccc(C(C)(C)c4ccc5c(c4)C(=O)N(*)C5=O)c3)cc1)C2=O,300.0
*c1ccc(C(C)(C)c2ccc3c(c2)C(=O)N(*)C3=O)cc1,300.0
*c1ccc(C(C)(C)c2ccc(N(*)C(=O)c3ccc(C(C)(C)c4ccc5c(c4)C(=O)N(*)C5=O)cc3)cc2)cc1,210.0
*N1C(=O)c2ccc(C(C)(C)c3ccc(C(=O)N(*)c4ccc(C)cc4C)cc3)cc2C1=O,275.0
*c1ccc2c(c1)C(=O)N(C(=O)c1ccc(C(C)(C)c3ccc4c(c3)C(=O)N(*)C4=O)cc1)C2=O,330.0
*N1C(=O)c2ccc(C(C)(C)c3ccc(C(C)(C)c4ccc5c(c4)C(=O)N(*)C5=O)cc3)cc2C1=O,235.0
*NC(=O)c1ccc2c3c(ccc(C(C)(C)c4ccc5c(c4)C(=O)N(*)C5=O)c13)C2=O,270.0
*C(=O)c1ccc(C(=O)N(*)c2ccc(C(C)(C)c3ccc4c(c3)C(=O)N(*)C4=O)cc2)cc1,263.0
*c1ccc(C(C)(C)c2ccc3c(c2)C(=O)N(c2ccc(C(C)(C)c4ccc5c(c4)C(=O)N(*)C5=O)cc2)C3=O)cc1,270.0
*N1C(=O)c2ccc(C(C)(C)c3ccc4c(c3)C(=O)N(*)C4=O)cc2C1=O,310.0
*c1ccc(C(F)(F)c2ccc3c(c2)C(=O)N(*)C3=O)cc1,305.0
*N1C(=O)c2ccc(C(F)(F)c3ccc4c(c3)C(=O)N(*)C4=O)cc2C1=O,280.0
*c1ccc2c(c1)C(=O)N(c1ccc(C(c3ccc4c(c3)C(=O)N(*)C4=O)(C(F)(F)F)C(F)(F)F)cc1)C2=O,264.0
*N1C(=O)c2ccc(C(c3ccc4c(c3)C(=O)N(*)C4=O)(C(F)(F)F)C(F)(F)F)cc2C1=O,264.0
*c1ccc2c(c1)C(=O)N(C(=O)c1ccc(C(c3ccccc3)(c3ccccc3)c3ccc4c(c3)C(=O)N(*)C4=O)cc1)C2=O,350.0
*c1ccc2c(c1)C(=O)N(c1ccc(C(c3ccccc3)(c3ccccc3)c3ccc4c(c3)C(=O)N(*)C4=O)cc1)C2=O,260.0
*N1C(=O)c2ccc(C(c3ccccc3)(c3ccccc3)c3ccc4c(c3)C(=O)N(*)C4=O)cc2C1=O,310.0
*N1C(=O)c2ccc(C(c3ccccc3)(c3ccccc3)c3ccccc3)cc2C1=O,350.0
*c1ccc2c(c1)C(=O)N(c1ccc(C3(c4ccc5c(c4)C(=O)N(*)C5=O)C4CC5CC(C4)CC3C5)cc1)C2=O,340.0
*N1C(=O)c2ccc(C3(c4ccc5c(c4)C(=O)N(*)C5=O)C4CC5CC(C4)CC3C5)cc2C1=O,330.0
*C1CC(C)CC(CC2(c3ccc4c(c3)C(=O)N(*)C4=O)CC3CC(C)CC(C3)C2)C1,350.0
*c1ccc2c(c1)C(=O)N(c1ccc(C3(c4ccc5c(c4)C(=O)N(*)C5=O)CCCC3)cc1)C2=O,285.0
*c1ccc2c(c1)C(=O)N(c1ccc(C3(c4ccc5c(c4)C(=O)N(*)C5=O)c4cc(C(F)(F)F)c(C(F)(F)F)cc43)cc1)C2=O,405.0
*c1ccc2c(c1)C(=O)N(c1ccc(C3(c4ccc5c(c4)C(=O)N(*)C5=O)c4cc(F)c(F)cc43)cc1)C2=O,395.0
*c1ccc2c(c1)C(=O)N(c1ccc(C3(c4ccc5c(c4)C(=O)N(*)C5=O)c4cc5ccccc5cc43)cc1)C2=O,400.0
*c1ccc2c(c1)C(=O)N(c1ccc(C3(c4ccc5c(c4)C(=O)N(*)C5=O)c4ccc(C)cc43)cc1)C2=O,360.0
*c1ccc2c(c1)C(=O)N(c1ccc(C3(c4ccc5c(c4)C(=O)N(*)C5=O)c4ccc(Cl)cc43)cc1)C2=O,380.0
*c1ccc2c(c1)C(=O)N(c1ccc(C3(c4ccc5c(c4)C(=O)N(*)C5=O)c4ccc(F)cc43)cc1)C2=O,375.0
*c1ccc2c(c1)C(=O)N(c1ccc(C3(c4ccc5c(c4)C(=O)N(*)C5=O)c4ccc(C(C)(C)C)cc43)cc1)C2=O,350.0
*c1ccc2c(c1)C(=O)N(c1ccc(C3(c4ccc5c(c4)C(=O)N(*)C5=O)c4ccc(Oc5ccccc5)cc43)cc1)C2=O,370.0
*c1ccc2c(c1)C(=O)N(c1ccc(C3(c4ccc5c(c4)C(=O)N(c4ccc(C6(c7ccc8c(c7)C(=O)N(*)C8=O)c7ccccc76)cc4)C5=O)c4ccccc43)cc1)C2=O,410.0
*c1ccc2c(c1)C(=O)N(c1ccc(C3(c4ccc5c(c4)C(=O)N(*)C5=O)CCCCC3)cc1)C2=O,300.0
*N1C(=O)c2ccc(C3(c4ccc(N5C(=O)c6ccccc6C5=O)cc4)CC4(C(C)(C)C)CC(C(C)(C)C)CC3C4)cc2C1=O,380.0
*N1C(=O)c2ccc(C3(c4ccc(N5C(=O)c6ccccc6C5=O)cc4)c4ccccc4-c4ccccc43)cc2C1=O,330.0
*N1C(=O)c2ccc(C3(c4ccc5c(c4)C(=O)N(*)C5=O)c4ccccc4-c4ccccc43)cc2C1=O,380.0
*N1C(=O)c2ccc(C3(c4ccc5c(c4)C(=O)N(*)C5=O)c4ccccc43)cc2C1=O,360.0
*c1ccc2c(c1)C(=O)N(C(=O)C1CC3CC4(CCC(c5ccc6c(c5)C(=O)N(*)C6=O)(C3)C4)C1)C2=O,350.0
*c1ccc2c(c1)C(=O)N(c1ccc(CC(C)(C)Cc3ccc4c(c3)C(=O)N(*)C4=O)cc1)C2=O,210.0
*c1ccc2c(c1)C(=O)N(C(=O)CCCc1ccc3c(c1)C(=O)N(*)C3=O)C2=O,160.0
*CCCCCCc1ccc2c(c1)C(=O)N(*)C2=O,150.0
*c1ccc2c(c1)C(=O)N(c1c(C)cc(Cc3ccc4c(c3)C(=O)N(*)C4=O)cc1C)C2=O,240.0
*c1ccc(Cc2ccc3c(c2)C(=O)N(*)C3=O)cc1,195.0
*N1C(=O)c2ccc(Cc3ccc(C(=O)N(*)c4ccc(C(C)(C)C)cc4)cc3)cc2C1=O,280.0
*N1C(=O)c2ccc(Cc3ccc(C(=O)N(*)c4ccc(F)cc4)cc3)cc2C1=O,305.0
*Cc1ccc(Cc2ccc3c(c2)C(=O)N(*)C3=O)cc1,215.0
*C(=O)c1ccc(Cc2ccc(C(=O)N(*)c3ccc(Cc4ccc5c(c4)C(=O)N(*)C5=O)cc3)cc2)cc1,270.0
*N1C(=O)c2ccc(Cc3ccc(N4C(=O)c5ccccc5C4=O)cc3)cc2C1=O,245.0
*c1ccc2c(c1)C(=O)N(c1ccc(Cc3ccc(Cc4ccc5c(c4)C(=O)N(*)C5=O)cc3)cc1)C2=O,240.0
*N1C(=O)c2ccc(Cc3ccc4c(c3)C(=O)N(*)C4=O)cc2C1=O,265.0
*C(=O)c1ccc(C(=O)N(*)c2cccc(Cc3ccc4c(c3)C(=O)N(*)C4=O)c2)cc1,235.0
*c1ccc2c(c1)C(=O)N(c1cccc(Cc3ccc4c(c3)C(=O)N(*)C4=O)c1)C2=O,285.0
*N1C(=O)c2ccc(Cc3cccc(N4C(=O)c5ccccc5C4=O)c3)cc2C1=O,292.0
*c1ccc(N(C)c2ccc3c(c2)C(=O)N(*)C3=O)cc1,215.0
*N1C(=O)c2ccc(N(C)c3ccc(N(*)C)cc3)cc2C1=O,180.0
*N1C(=O)c2ccc(N(C)c3ccc4c(c3)C(=O)N(*)C4=O)cc2C1=O,220.0
*c1ccc2c(c1)C(=O)N(c1ccc(N(c3ccccc3)c3ccc4c(c3)C(=O)N(*)C4=O)cc1)C2=O,260.0
*c1ccc2c(c1)C(=O)N(c1ccc(Nc3ccc4c(c3)C(=O)N(*)C4=O)cc1)C2=O,235.0
*c1ccc2c(c1)C(=O)N(c1ccc(C(C)(C)Oc3ccc4c(c3)C(=O)N(*)C4=O)cc1)C2=O,235.0
*c1ccc(OC(F)(F)C(F)(F)Oc2ccc3c(c2)C(=O)N(*)C3=O)cc1,185.0
*NC(=O)c1ccc2c3c(ccc(OC(F)(F)C(F)(F)Oc4ccc5c(c4)C(=O)N(*)C5=O)c13)C2=O,240.0
*c1ccc2c(c1)C(=O)N(c1ccc(OC(F)(F)C(F)(F)Oc3ccc4c(c3)C(=O)N(*)C4=O)cc1)C2=O,195.0
*OC(COc1ccc(N2C(=O)c3ccc(*)cc3C2=O)cc1)COc1ccc2c(c1)C(=O)N(*)C2=O,180.0
*N1C(=O)c2ccc(OCC(CO)(CO)COc3ccc4c(c3)C(=O)N(*)C4=O)cc2C1=O,180.0
*N1C(=O)c2ccc(OCC(O)COc3ccc4c(c3)C(=O)N(*)C4=O)cc2C1=O,180.0
*N1C(=O)c2ccc(OCC(F)(F)c3ccc4c(c3)C(=O)N(*)C4=O)cc2C1=O,210.0
*C(=O)c1ccc(C(=O)N(*)c2ccc(OCCOc3ccc4c(c3)C(=O)N(*)C4=O)cc2)cc1,170.0
*c1ccc2c(c1)C(=O)N(c1ccc(OCCOc3ccc4c(c3)C(=O)N(*)C4=O)cc1)C2=O,165.0
*c1ccc2c(c1)C(=O)N(c1ccc(OCc3ccc(COc4ccc5c(c4)C(=O)N(*)C5=O)cc3)cc1)C2=O,190.0
*N1C(=O)c2ccc(Oc3ccc(C4(c5ccc(Oc6ccc(N7C(=O)c8ccccc8C7=O)cc6)cc5)c5ccccc5-c5ccccc54)cc3)cc2C1=O,310.0
*N1C(=O)c2ccc(Oc3ccc(Oc4ccc(N5C(=O)c6ccccc6C5=O)cc4)cc3)cc2C1=O,270.0
*c1ccc(Oc2ccc3c(c2)C(=O)N(c2cc(F)c(F)cc2Oc2ccc4c(c2)C(=O)N(*)C4=O)C3=O)cc1,255.0
*c1ccc2c(c1)C(=O)N(c1ccc(Oc3c(F)cc(F)cc3Oc3ccc4c(c3)C(=O)N(*)C4=O)cc1)C2=O,255.0
*c1ccc2c(c1)C(=O)N(c1ccc(Oc3cccc(Oc4ccc5c(c4)C(=O)N(*)C5=O)c3)cc1)C2=O,185.0
*c1ccc(Oc2cc3c(cc2Oc2ccc4c(c2)C(=O)N(*)C4=O)C(=O)N(*)C3=O)cc1,265.0
*c1ccc2c(c1)C(=O)N(c1ccc(Oc3cc4c(cc3Oc3ccc5c(c3)C(=O)N(*)C5=O)C(=O)N(*)C4=O)cc1)C2=O,290.0
*N1C(=O)c2ccc(Oc3ccc(C(=O)N(*)c4ccc(C(C)(C)C)cc4)cc3)cc2C1=O,282.0
*N1C(=O)c2ccc(Oc3ccc(C(=O)N(*)c4ccc(Cl)cc4)cc3)cc2C1=O,312.0
*N1C(=O)c2ccc(Oc3ccc(C(=O)N(*)c4ccc(OC)cc4)cc3)cc2C1=O,295.0
*c1ccc(Oc2ccc3c(c2)C(=O)N(C(=O)c2ccc(Oc4ccc5c(c4)C(=O)N(*)C5=O)cc2)C3=O)cc1,260.0
*c1ccc2c(c1)C(=O)N(c1ccc(Oc3ccc(OC(=O)c4ccc(Oc5ccc6c(c5)C(=O)N(*)C6=O)cc4)cc3)cc1)C2=O,248.0
*c1ccc2c(c1)C(=O)N(c1ccc(Oc3ccc(C(=O)c4ccc(Oc5ccc6c(c5)C(=O)N(*)C6=O)cc4)cc3)cc1)C2=O,255.0
*c1ccc(C(c2ccc(Oc3ccc4c(c3)C(=O)N(*)C4=O)cc2)(C(F)(F)F)C(F)(F)F)cc1,268.0
*c1ccc2c(c1)C(=O)N(C(=O)c1ccc(Oc3ccc(C(c4ccc(Oc5ccc6c(c5)C(=O)N(*)C6=O)cc4)(C(F)(F)F)C(F)(F)F)cc3)cc1)C2=O,270.0
*N1C(=O)c2ccc(Oc3ccc(C(c4ccc(Oc5ccc(N(*)C(=O)c6ccc(O)cc6)cc5)cc4)(C(F)(F)F)C(F)(F)F)cc3)cc2C1=O,263.0
*Oc1ccc(C(C)(C)c2ccc(Oc3ccc4c(c3)C(=O)N(*)C4=O)cc2)cc1,220.0
*c1ccc2c(c1)C(=O)N(C(=O)c1ccc(Oc3ccc(C(C)(C)c4ccc(Oc5ccc6c(c5)C(=O)N(*)C6=O)cc4)cc3)cc1)C2=O,235.0
*c1ccc(Oc2ccc3c(c2)C(=O)N(c2ccc(Oc4ccc(C(C)(C)c5ccc(Oc6ccc7c(c6)C(=O)N(*)C7=O)cc5)cc4)cc2)C3=O)cc1,215.0
*N1C(=O)c2ccc(Oc3ccc(C(C)(C)c4ccc(Oc5ccc6c(c5)C(=O)N(*)C6=O)cc4)cc3)cc2C1=O,228.0
*c1ccc2c(c1)C(=O)N(c1ccc(Sc3ccc(C(C)(C)c4ccc(Oc5ccc6c(c5)C(=O)N(*)C6=O)cc4)cc3)cc1)C2=O,238.0
*C(=O)c1ccc(C(=O)N(*)c2ccc(Oc3ccc(C(C)(CF)c4ccc(Oc5ccc6c(c5)C(=O)N(*)C6=O)cc4)cc3)cc2)cc1,210.0
*C(=O)c1ccc(C(=O)N(*)c2ccc(Oc3ccc(Cc4ccc(Cc5ccc(Oc6ccc7c(c6)C(=O)N(*)C7=O)cc5)cc4)cc3)cc2)cc1,195.0
*c1ccc2c(c1)C(=O)N(c1cc(Oc3ccc4c(c3)C(=O)N(*)C4=O)ccc1F)C2=O,335.0
*c1ccc2c(c1)C(=O)N(c1ccc(Oc3ccc4c(c3)C(=O)N(*)C4=O)c(C)c1)C2=O,228.0
*c1ccc2c(c1)C(=O)N(c1ccc(Oc3ccc4c(c3)C(=O)N(*)C4=O)c(OC)c1)C2=O,208.0
*N1C(=O)c2ccc(Oc3ccc(N4C(=O)c5ccc(Oc6ccc7c(c6)C6(c8ccccc8-7)c7ccccc76)cc5C4=O)cc3)cc2C1=O,355.0
*c1ccc(Oc2ccc3c(c2)C(=O)N(c2ccc(Oc4ccc([Si](C)(C)O[Si](C)(C)c5ccc(Oc6ccc7c(c6)C(=O)N(c6ccc(Oc8ccc9c(c8)C(=O)N(*)C9=O)cc6)C7=O)cc5)cc4)cc2)C3=O)cc1,230.0
*c1ccc2c(c1)C(=O)N(c1ccc(Oc3ccc(Nc4ccc(Oc5ccc6c(c5)C(=O)N(*)C6=O)cc4)cc3)cc1)C2=O,190.0
*Oc1ccc(Oc2ccc3c(c2)C(=O)N(*)C3=O)cc1,230.0
*C(=O)c1ccc(C(=O)N(*)c2ccc(OC(F)(F)C(F)(F)Oc3ccc(Oc4ccc5c(c4)C(=O)N(*)C5=O)cc3)cc2)cc1,225.0
*c1ccc2c(c1)C(=O)N(c1ccc(OCC(O)COc3ccc(Oc4ccc5c(c4)C(=O)N(*)C5=O)cc3)cc1)C2=O,135.0
*c1ccc2c(c1)C(=O)N(c1ccc(OCCCOc3ccc(Oc4ccc5c(c4)C(=O)N(*)C5=O)cc3)cc1)C2=O,120.0
*c1ccc2c(c1)C(=O)N(c1ccc(OCCOc3ccc(Oc4ccc5c(c4)C(=O)N(*)C5=O)cc3)cc1)C2=O,155.0
*c1ccc2c(c1)C(=O)N(c1ccc(Oc3ccc(COc4ccc(Oc5ccc6c(c5)C(=O)N(*)C6=O)cc4)cc3)cc1)C2=O,210.0
*N1C(=O)c2ccc(Oc3ccc(Oc4ccc(C(=O)N(*)c5ccccc5)cc4)cc3)cc2C1=O,278.0
*c1ccc2c(c1)C(=O)N(C(=O)c1ccc(Oc3ccc(Oc4ccc5c(c4)C(=O)N(*)C5=O)cc3)cc1)C2=O,250.0
*c1ccc2c(c1)C(=O)N(c1ccc(Oc3ccc(C(=O)c4ccc(Oc5ccc(Oc6ccc7c(c6)C(=O)N(*)C7=O)cc5)cc4)cc3)cc1)C2=O,235.0
*C(=O)c1ccc(C(=O)N(*)c2ccc(Oc3ccc(C(C)(C)c4ccc(Oc5ccc(Oc6ccc7c(c6)C(=O)N(*)C7=O)cc5)cc4)cc3)cc2)cc1,205.0
*c1ccc2c(c1)C(=O)N(c1ccc(Oc3ccc(C(C)(C)c4ccc(Oc5ccc(Oc6ccc7c(c6)C(=O)N(*)C7=O)cc5)cc4)cc3)cc1)C2=O,210.0
*C(=O)c1ccc(C(=O)N(*)c2ccc(Oc3ccc(Cc4ccc(Oc5ccc(Oc6ccc7c(c6)C(=O)N(*)C7=O)cc5)cc4)cc3)cc2)cc1,185.0
*c1ccc2c(c1)C(=O)N(c1ccc(Oc3ccc(Oc4ccc5c(c4)C(=O)N(*)C5=O)cc3F)cc1)C2=O,215.0
*c1ccc2c(c1)C(=O)N(c1ccc(Oc3ccc(Oc4ccc5c(c4)C(=O)N(*)C5=O)cc3)cc1)C2=O,220.0
*c1ccc2c(c1)C(=O)N(c1ccc(Oc3ccc(Oc4ccc(Oc5ccc(Oc6ccc7c(c6)C(=O)N(*)C7=O)cc5)cc4)cc3)cc1)C2=O,175.0
*C(=O)c1ccc(C(=O)N(*)c2ccc(S(=O)(=O)c3ccc(Oc4ccc(Oc5ccc6c(c5)C(=O)N(*)C6=O)cc4)cc3)cc2)cc1,295.0
*C(=O)c1ccc(C(=O)N(*)c2ccc(Oc3ccc(S(=O)(=O)c4ccc(Oc5ccc(Oc6ccc7c(c6)C(=O)N(*)C7=O)cc5)cc4)cc3)cc2)cc1,245.0
*c1ccc2c(c1)C(=O)N(c1ccc(Oc3ccc(S(=O)(=O)c4ccc(Oc5ccc(Oc6ccc7c(c6)C(=O)N(*)C7=O)cc5)cc4)cc3)cc1)C2=O,300.0
*c1ccc2c(c1)C(=O)N(c1ccc(Sc3ccc(Oc4ccc(Oc5ccc6c(c5)C(=O)N(*)C6=O)cc4)cc3)cc1)C2=O,195.0
*C(=O)c1ccc(C(=O)N(*)c2ccc(Oc3ccc(Sc4ccc(Oc5ccc(Oc6ccc7c(c6)C(=O)N(*)C7=O)cc5)cc4)cc3)cc2)cc1,175.0
*c1ccc2c(c1)C(=O)N(c1ccc(Oc3ccc(Sc4ccc(Oc5ccc(Oc6ccc7c(c6)C(=O)N(*)C7=O)cc5)cc4)cc3)cc1)C2=O,195.0
*N1C(=O)c2ccc(Oc3ccc(Oc4ccc5c(c4)C(=O)N(*)C5=O)cc3)cc2C1=O,235.0
*N1C(=O)c2ccc(Oc3ccc(Oc4ccc5c(c4)C(c4ccccc4)(c4ccccc4)c4ccccc4-5)cc3)cc2C1=O,290.0
*C(=O)c1ccc(C(=O)N(*)c2ccc(S(=O)(=O)c3ccc(Oc4ccc5c(c4)C(=O)N(*)C5=O)cc3)cc2)cc1,305.0
*c1ccc2c(c1)C(=O)N(C(=O)c1ccc(Oc3ccc(S(=O)(=O)c4ccc(Oc5ccc6c(c5)C(=O)N(*)C6=O)cc4)cc3)cc1)C2=O,340.0
*c1ccc2c(c1)C(=O)N(c1ccc(Oc3ccc(S(=O)(=O)c4ccc(Oc5ccc6c(c5)C(=O)N(*)C6=O)cc4)cc3)cc1)C2=O,315.0
*c1ccc2c(c1)C(=O)N(c1ccc(Sc3ccc(Oc4ccc5c(c4)C(=O)N(*)C5=O)cc3)cc1)C2=O,265.0
*c1ccc2c(c1)C(=O)N(c1ccc(Oc3ccc(Sc4ccc(Oc5ccc6c(c5)C(=O)N(*)C6=O)cc4)cc3)cc1)C2=O,205.0
*c1ccc2c(c1)C(=O)N(c1ccc(Oc3ccc(Sc4ccc(Sc5ccc(Oc6ccc7c(c6)C(=O)N(*)C7=O)cc5)cc4)cc3)cc1)C2=O,280.0
*C(=O)c1ccc(C(=O)N(*)c2ccc(Oc3ccc(C(=O)c4ccc(Oc5ccc6c(c5)C(=O)N(*)C6=O)cc4)cc3)cc2)cc1,235.0
*c1ccc(Oc2ccc(C(c3ccc(Oc4ccc5c(c4)C(=O)N(*)C5=O)cc3)(C(F)(F)F)C(F)(F)F)cc2)cc1,255.0
*C(=O)c1ccc(C(=O)N(*)c2ccc(Oc3ccc(C(c4ccc(Oc5ccc6c(c5)C(=O)N(*)C6=O)cc4)(C(F)(F)F)C(F)(F)F)cc3)cc2)cc1,265.0
*N1C(=O)c2ccc(Oc3ccc(C(c4ccc(Oc5ccc6c(c5)C(=O)N(*)C6=O)cc4)(C(F)(F)F)C(F)(F)F)cc3)cc2C1=O,265.0
*c1ccc2c(c1)C(=O)N(c1ccc(Oc3ccc(Oc4ccc(C(C)(C)c5ccc(Oc6ccc7c(c6)C(=O)N(*)C7=O)cc5)cc4)cc3)cc1)C2=O,230.0
*c1ccc2c(c1)C(=O)N(c1ccc(Oc3ccc(C(CF)(CF)c4ccc(Oc5ccc6c(c5)C(=O)N(*)C6=O)cc4)cc3)cc1)C2=O,260.0
*N1C(=O)c2ccc(Oc3ccc(C4(c5ccc6c(c5)C(=O)N(*)C6=O)c5ccccc54)cc3)cc2C1=O,350.0
*c1ccc2c(c1)C(=O)N(c1ccc(Oc3ccc(C4(c5ccc(Oc6ccc7c(c6)C(=O)N(*)C7=O)cc5)c5ccccc5-c5ccccc54)cc3)cc1)C2=O,360.0
*N1C(=O)c2ccc(Oc3ccc(C4(c5ccc(Oc6ccc7c(c6)C(=O)N(*)C7=O)cc5)c5ccccc5-c5ccccc54)cc3)cc2C1=O,350.0
*c1ccc(C(=O)N(*)c2ccc(Oc3ccc(Cc4ccc(Oc5ccc6c(c5)C(=O)N(*)C6=O)cc4)cc3)cc2)cc1,195.0
*C(=O)c1ccc(C(=O)N(*)c2ccc(Oc3ccc(Cc4ccc(Oc5ccc6c(c5)C(=O)N(*)C6=O)cc4)cc3)cc2)cc1,215.0
*CC[Si](C)(C)O[Si](C)(C)CCc1ccc2c(c1)C(=O)N(c1ccc(Oc3ccc4c(c3)C(=O)N(*)C4=O)cc1)C2=O,95.0
*Oc1ccc2c(c1)C(=O)N(c1ccc(Oc3ccc4c(c3)C(=O)N(*)C4=O)cc1)C2=O,230.0
*C(=O)c1ccc(C(=O)N(*)c2ccc(OCCOc3ccc(Oc4ccc5c(c4)C(=O)N(*)C5=O)cc3)cc2)cc1,155.0
*C(=O)c1ccc(C(=O)N(*)c2ccc(Sc3ccc(Oc4ccc5c(c4)C(=O)N(*)C5=O)cc3)cc2)cc1,205.0
*c1ccc2c(c1)C(=O)N(c1ccc(Sc3ccc(Sc4ccc(Oc5ccc6c(c5)C(=O)N(*)C6=O)cc4)cc3)cc1)C2=O,262.0
*C(=O)c1ccc(C(=O)N(*)c2ccc(Oc3cccc(-c4ccc(Oc5ccc6c(c5)C(=O)N(*)C6=O)cc4)c3)cc2)cc1,225.0
*c1ccc2c(c1)C(=O)N(c1ccc(-c3ccc(Oc4ccc5c(c4)C(=O)N(*)C5=O)cc3)cc1)C2=O,265.0
*C(=O)c1ccc(C(=O)N(*)c2ccc(Sc3ccc(-c4ccc(Oc5ccc6c(c5)C(=O)N(*)C6=O)cc4)cc3)cc2)cc1,235.0
*N1C(=O)c2ccc(Oc3ccc4c(c3)C(=O)N(*)C4=O)cc2C1=O,270.0
*c1ccc2c(c1)C(=O)N(c1ccc(Oc3ccc4c(c3)C(C)(C)c3cc(Oc5ccc6c(c5)C(=O)N(*)C6=O)ccc3-4)cc1)C2=O,310.0
*N1C(=O)c2ccc(Oc3ccc4c(c3)C(C(F)(F)F)(C(F)(F)F)c3ccccc3-4)cc2C1=O,265.0
*N1C(=O)c2ccc(Oc3ccc4c(c3)C(C)(C)c3ccccc3-4)cc2C1=O,285.0
*N1C(=O)c2ccc(Oc3ccc4c(c3)C(c3ccccc3)c3ccccc3-4)cc2C1=O,305.0
*N1C(=O)c2ccc(Oc3ccc4c(c3)C3(CCCC3)c3ccccc3-4)cc2C1=O,295.0
*c1ccc2c(c1)C(=O)N(c1ccc(Oc3ccc4c(c3)-c3ccc(Oc5ccc6c(c5)C(=O)N(*)C6=O)cc3C43c4ccccc43)cc1)C2=O,340.0
*c1cccc(Oc2ccc3c(c2)C(=O)N(*)C3=O)c1,218.0
*c1ccc2c(c1)C(=O)N(c1cccc(Oc3ccc4c(c3)C(=O)N(*)C4=O)c1)C2=O,255.0
*c1ccc(Oc2cccc(Oc3ccc4c(c3)C(=O)N(*)C4=O)c2)cc1,220.0
*C(=O)c1ccc(C(=O)N(*)c2ccc(Oc3cccc(Oc4ccc5c(c4)C(=O)N(*)C5=O)c3)cc2)cc1,205.0
*c1ccc(Oc2ccc3c(c2)C(=O)N(c2ccc(Oc4cccc(Oc5ccc6c(c5)C(=O)N(*)C6=O)c4)cc2)C3=O)cc1,195.0
*N1C(=O)c2ccc(S(=O)(=O)c3ccc(N4C(=O)c5ccccc5C4=O)cc3)cc2C1=O,350.0
*c1ccc(S(=O)(=O)c2ccc3c(c2)C(=O)N(*)C3=O)cc1,260.0
*N1C(=O)c2ccc(S(=O)(=O)c3ccc(C(=O)N(*)c4ccccc4)cc3)cc2C1=O,320.0
*C(=O)c1ccc(C(=O)N(*)c2ccc(S(=O)(=O)c3ccc4c(c3)C(=O)N(*)C4=O)cc2)cc1,290.0
*c1ccc2c(c1)C(=O)N(C(=O)c1ccc(Sc3ccc4c(c3)C(=O)N(*)C4=O)cc1)C2=O,295.0
*c1ccc2c(c1)C(=O)N(c1ccc(Sc3ccc4c(c3)C(=O)N(*)C4=O)cc1)C2=O,240.0
*c1ccc2c(c1)C(=O)N(c1ccc(Oc3ccc(Sc4ccc5c(c4)C(=O)N(*)C5=O)cc3)cc1)C2=O,258.0
*c1ccc2c(c1)C(=O)N(c1ccc(Sc3ccc(Oc4ccc(Sc5ccc6c(c5)C(=O)N(*)C6=O)cc4)cc3)cc1)C2=O,225.0
*c1ccc2c(c1)C(=O)N(c1ccc(Sc3ccc(S(=O)(=O)c4ccc(Sc5ccc6c(c5)C(=O)N(*)C6=O)cc4)cc3)cc1)C2=O,280.0
*Sc1ccc(Sc2ccc3c(c2)C(=O)N(*)C3=O)cc1,210.0
*c1ccc(Sc2ccc3c(c2)C(=O)N(c2ccc(Sc4ccc(Sc5ccc6c(c5)C(=O)N(*)C6=O)cc4)cc2)C3=O)cc1,175.0
*C(=O)c1ccc(C(=O)N(*)c2ccc(Oc3ccc(Sc4ccc5c(c4)C(=O)N(*)C5=O)cc3)cc2)cc1,260.0
*C(=O)c1ccc(C(=O)N(*)c2ccc(Sc3ccc(S(=O)(=O)c4ccc(Sc5ccc6c(c5)C(=O)N(*)C6=O)cc4)cc3)cc2)cc1,260.0
*C(=O)c1ccc(C(=O)N(*)c2ccc(Sc3ccc(Sc4ccc5c(c4)C(=O)N(*)C5=O)cc3)cc2)cc1,215.0
*N1C(=O)c2ccc(Sc3ccc4c(c3)C(=O)N(*)C4=O)cc2C1=O,260.0
*c1ccc(Oc2ccc(-n3c(=O)c4cc5c(=O)n(-c6ccc(-c7ccc8c(c7)C(=O)N(*)C8=O)cc6)c(=O)c5cc4c3=O)cc2)cc1,320.0
*c1ccc2c(c1)C(=O)N(c1c(C)cc(-c3ccc4c(c3)C(=O)N(*)C4=O)cc1C)C2=O,290.0
*c1ccc2c(c1)C(=O)N(c1ccc(C)cc1-c1ccc3c(c1)C(=O)N(*)C3=O)C2=O,260.0
*c1ccc2c(c1)C(=O)N(c1cc(Cl)c(Cl)cc1-c1ccc3c(c1)C(=O)N(*)C3=O)C2=O,278.0
*c1ccc2c(c1)C(=O)N(c1cc(F)c(F)cc1-c1ccc3c(c1)C(=O)N(*)C3=O)C2=O,272.0
*c1ccc2c(c1)C(=O)N(c1c(F)cc(-c3ccc4c(c3)C(=O)N(*)C4=O)cc1F)C2=O,282.0
*c1ccc2c(c1)C(=O)N(c1c(F)cc(F)cc1-c1ccc3c(c1)C(=O)N(*)C3=O)C2=O,275.0
*c1ccc2c(c1)C(=O)N(c1cc(OC)c(OC)cc1-c1ccc3c(c1)C(=O)N(*)C3=O)C2=O,210.0
*N1C(=O)c2cc(cc(-c3ccc4c(c3)C(=O)N(*)C4=O)c2)C1=O,340.0
*c1ccc2c(c1)C(=O)N(c1ccc3cc4cc(-c5ccc6c(c5)C(=O)N(*)C6=O)ccc4cc3c1)C2=O,450.0
*N1C(=O)c2ccc(-c3ccc4c5c(ccc4c3)C(=O)N(*)C5=O)cc2C1=O,340.0
*N1C(=O)c2ccc(-c3ccc4c(ccc5cc6c(cc54)C(=O)N(*)C6=O)c3)cc2C1=O,430.0
*c1ccc2c(c1)C(=O)N(c1cc3ccccc3cc1-c1ccc3c(c1)C(=O)N(*)C3=O)C2=O,475.0
*c1ccc(-c2ccc3c(c2)C(=O)N(*)C3=O)cc1,310.0
*N1C(=O)c2ccc(-c3ccc(C(=O)N(*)c4ccc(Br)cc4)cc3)cc2C1=O,352.0
*N1C(=O)c2ccc(-c3ccc(C(=O)N(*)c4ccc(F)cc4F)cc3)cc2C1=O,345.0
*N1C(=O)c2ccc(-c3ccc(C(=O)N(*)c4ccc(OC(C)(C)C)cc4)cc3)cc2C1=O,268.0
*N1C(=O)c2ccc(-c3ccc(C(=O)N(*)c4ccc(OC)cc4OC)cc3)cc2C1=O,270.0
*N1C(=O)c2ccc(-c3ccc(C(=O)N(*)c4ccc(OCC)cc4OCC)cc3)cc2C1=O,262.0
*N1C(=O)c2ccc(-c3ccc(C(=O)N(*)c4ccc(S(C)(=O)=O)cc4)cc3)cc2C1=O,348.0
*N1C(=O)c2ccc(-c3ccc(C(=O)N(*)c4ccc(C(=O)N5C(=O)c6ccccc6C5=O)cc4)cc3)cc2C1=O,580.0
*N1C(=O)c2ccc(-c3ccc(C(=O)N(*)c4cccc(F)c4)cc3)cc2C1=O,338.0
*c1ccc(C(C)(C)c2ccc(OC(=O)c3ccc(-c4ccc5c(c4)C(=O)N(*)C5=O)cc3)cc2)cc1,208.0
*N1C(=O)c2ccc(-c3ccc(C(=O)Oc4ccc(N5C(=O)c6ccccc6C5=O)cc4)cc3)cc2C1=O,310.0
*c1ccc2c(c1)C(=O)N(C(=O)c1ccc(C(=O)c3ccc(-c4ccc5c(c4)C(=O)N(*)C5=O)cc3)cc1)C2=O,310.0
*c1ccc2c(c1)C(=O)N(c1ccc(C(=O)c3ccc(-c4ccc5c(c4)C(=O)N(*)C5=O)cc3)cc1)C2=O,300.0
*c1ccc(Oc2ccc(C(=O)c3ccc(-c4ccc5c(c4)C(=O)N(*)C5=O)cc3)cc2)cc1,258.0
*c1ccc2c(c1)C(=O)N(c1cccc(C(=O)c3ccc(-c4ccc5c(c4)C(=O)N(*)C5=O)cc3)c1)C2=O,335.0
*c1ccc2c(c1)C(=O)N(C(=O)c1ccc(C(c3ccc(-c4ccc5c(c4)C(=O)N(*)C5=O)cc3)(C(F)(F)F)C(F)(F)F)cc1)C2=O,360.0
*N1C(=O)c2ccc(-c3ccc(C(c4ccc(-c5ccc6c(c5)C(=O)N(*)C6=O)cc4)(C(F)(F)F)C(F)(F)F)cc3)cc2C1=O,240.0
*N1C(=O)c2ccc(-c3ccc(C(C)(C)c4cc(C(F)(F)F)cc(C(F)(F)F)c4)cc3)cc2C1=O,275.0
*c1ccc2c(c1)C(=O)N(c1cccc(C(C)(C)c3ccc(-c4ccc5c(c4)C(=O)N(*)C5=O)cc3)c1)C2=O,230.0
*c1ccc2c(c1)C(=O)N(c1ccc(C(F)(F)F)cc1C(C)(C)c1ccc(-c3ccc4c(c3)C(=O)N(*)C4=O)cc1)C2=O,245.0
*c1ccc(C(C)(C)c2ccc(-c3ccc4c(c3)C(=O)N(*)C4=O)cc2)cc1,240.0
*c1ccc2c(c1)C(=O)N(C(=O)c1ccc(C(C)(C)c3ccc(-c4ccc5c(c4)C(=O)N(*)C5=O)cc3)cc1)C2=O,290.0
*c1ccc(OC(=O)c2ccc(C(C)(C)c3ccc(-c4ccc5c(c4)C(=O)N(*)C5=O)cc3)cc2)cc1,255.0
*c1ccc(C(=O)c2ccc(C(C)(C)c3ccc(-c4ccc5c(c4)C(=O)N(*)C5=O)cc3)cc2)cc1,222.0
*c1ccc2c(c1)C(=O)N(c1ccc(C(=O)c3ccc(C(C)(C)c4ccc(-c5ccc6c(c5)C(=O)N(*)C6=O)cc4)cc3)cc1)C2=O,268.0
*c1ccc(C(C)(C)c2ccc(C(C)(C)c3ccc(-c4ccc5c(c4)C(=O)N(*)C5=O)cc3)cc2)cc1,250.0
*c1ccc(Cc2ccc(C(C)(C)c3ccc(-c4ccc5c(c4)C(=O)N(*)C5=O)cc3)cc2)cc1,228.0
*C(=O)c1ccc(C(=O)N(*)c2ccc(C(C)(C)c3ccc(-c4ccc5c(c4)C(=O)N(*)C5=O)cc3)cc2)cc1,240.0
*N1C(=O)c2ccc(-c3ccc(C(C)(C)c4ccc(-n5c(=O)c6cc7c(=O)n(*)c(=O)c7cc6c5=O)cc4)cc3)cc2C1=O,355.0
*N1C(=O)c2ccc(-c3ccc(C(C)(C)c4ccc(N5C(=O)c6ccccc6C5=O)cc4)cc3)cc2C1=O,250.0
*c1ccc(Oc2ccc(C(C)(C)c3ccc(-c4ccc5c(c4)C(=O)N(*)C5=O)cc3)cc2)cc1,235.0
*c1ccc2c(c1)C(=O)N(c1ccc(C(=O)c3ccc(Oc4ccc(C(C)(C)c5ccc(-c6ccc7c(c6)C(=O)N(*)C7=O)cc5)cc4)cc3)cc1)C2=O,252.0
*c1ccc2c(c1)C(=O)N(c1ccc(Oc3ccc(Oc4ccc(C(C)(C)c5ccc(-c6ccc7c(c6)C(=O)N(*)C7=O)cc5)cc4)cc3)cc1)C2=O,228.0
*c1ccc2c(c1)C(=O)N(c1ccc(Sc3ccc(Oc4ccc(C(C)(C)c5ccc(-c6ccc7c(c6)C(=O)N(*)C7=O)cc5)cc4)cc3)cc1)C2=O,236.0
*c1ccc(S(=O)(=O)c2ccc(C(C)(C)c3ccc(-c4ccc5c(c4)C(=O)N(*)C5=O)cc3)cc2)cc1,255.0
*c1ccc2c(c1)C(=O)N(c1ccc(Sc3ccc(C(C)(C)c4ccc(-c5ccc6c(c5)C(=O)N(*)C6=O)cc4)cc3)cc1)C2=O,238.0
*c1ccc2c(c1)C(=O)N(c1ccc(C(c3ccc(-c4ccc5c(c4)C(=O)N(*)C5=O)cc3)(C(F)(F)F)C(F)(F)F)cc1)C2=O,258.0
*c1ccc(C2(c3ccc(-c4ccc5c(c4)C(=O)N(*)C5=O)cc3)CC2)cc1,268.0
*c1ccc(C2(c3ccc(-c4ccc5c(c4)C(=O)N(*)C5=O)cc3)CCCC2)cc1,185.0
*c1ccc(C2(c3ccc(-c4ccc5c(c4)C(=O)N(*)C5=O)cc3)c3ccccc32)cc1,365.0
*c1ccc2c(c1)C(=O)N(c1ccc(C3(c4ccc(-c5ccc6c(c5)C(=O)N(*)C6=O)cc4)c4ccccc43)cc1)C2=O,370.0
*c1ccc2c(c1)C(=O)N(c1ccc(C3(c4ccc(-c5ccc6c(c5)C(=O)N(*)C6=O)cc4)CCCCC3)cc1)C2=O,222.0
*c1ccc(Cc2ccc(-c3ccc4c(c3)C(=O)N(*)C4=O)cc2)cc1,230.0
*N1C(=O)c2ccc(-c3ccc(Cc4ccc(C5(c6ccccc6)c6ccccc65)cc4)cc3)cc2C1=O,302.0
*N1C(=O)c2ccc(-c3ccc(Cc4ccc(-n5c(=O)c6cc7c(=O)n(*)c(=O)c7cc6c5=O)cc4)cc3)cc2C1=O,330.0
*c1ccc2c(c1)C(=O)N(c1cccc(Cc3ccc(-c4ccc5c(c4)C(=O)N(*)C5=O)cc3)c1)C2=O,312.0
*C(=O)c1cc2c(cc1C(=O)N(*)c1ccc(-c3ccc4c(c3)C(=O)N(*)C4=O)cc1)C(=O)NC2=O,350.0
*c1ccc(N(*)c2ccc(-c3ccc4c(c3)C(=O)N(*)C4=O)cc2)cc1,210.0
*c1ccc(N(C)c2ccc(-c3ccc4c(c3)C(=O)N(*)C4=O)cc2)cc1,215.0
*c1ccc(-n2c(=O)c3cc4c(=O)n(-c5ccc(-c6ccc7c(c6)C(=O)N(*)C7=O)cc5)c(=O)c4cc3c2=O)cc1,430.0
*c1ccc2c(c1)C(=O)N(c1ccc(-c3ccc4c(c3)C(=O)N(*)C4=O)cc1C(C)(C)C)C2=O,315.0
*c1ccc2c(c1)C(=O)N(c1ccc(-c3ccc4c(c3)C(=O)N(*)C4=O)cc1C13CC4CC(CC(C4)C1)C3)C2=O,375.0
*c1ccc2c(c1)C(=O)N(c1ccc(-c3ccc4c(c3)C(=O)N(*)C4=O)cc1-c1ccc3c(c1)-c1ccccc1C31c3ccccc31)C2=O,415.0
*c1ccc2c(c1)C(=O)N(c1ccc(-c3ccc4c(c3)C(=O)N(*)C4=O)cc1-c1ccc(C(C)(C)C)cc1)C2=O,325.0
*c1ccc2c(c1)C(=O)N(c1ccc(-c3ccc4c(c3)C(=O)N(*)C4=O)cc1-c1ccc(C(F)(F)F)cc1)C2=O,318.0
*c1ccc2c(c1)C(=O)N(c1ccc(-c3ccc4c(c3)C(=O)N(*)C4=O)cc1-c1ccc(C34CC5CC(CC(C5)C3)C4)cc1)C2=O,365.0
*c1ccc2c(c1)C(=O)N(c1ccc(-c3ccc4c(c3)C(=O)N(*)C4=O)cc1-c1ccc(Cl)cc1)C2=O,286.0
*c1ccc2c(c1)C(=O)N(c1ccc(-c3ccc4c(c3)C(=O)N(*)C4=O)cc1-c1ccc(N)cc1)C2=O,292.0
*c1ccc2c(c1)C(=O)N(c1ccc(-c3ccc4c(c3)C(=O)N(*)C4=O)cc1-c1ccc(OC(F)(F)F)cc1)C2=O,322.0
*c1ccc2c(c1)C(=O)N(c1ccc(-c3ccc4c(c3)C(=O)N(*)C4=O)cc1-c1ccc(OC)cc1)C2=O,278.0
*c1ccc2c(c1)C(=O)N(c1ccc(-c3ccc4c(c3)C(=O)N(*)C4=O)cc1-c1ccc(S(C)(=O)=O)cc1)C2=O,335.0
*c1ccc2c(c1)C(=O)N(c1ccc(-c3ccc4c(c3)C(=O)N(*)C4=O)c3cc4ccccc4cc13)C2=O,400.0
*c1ccc2c(c1)C(=O)N(c1ccc(-c3ccc4c(c3)C(=O)N(*)C4=O)c(C#N)c1)C2=O,275.0
*c1ccc2c(c1)C(=O)N(c1ccc(-c3ccc4c(c3)C(=O)N(*)C4=O)c(C(C)(C)C)c1)C2=O,200.0
*c1ccc2c(c1)C(=O)N(c1ccc(-c3ccc4c(c3)C(=O)N(*)C4=O)c(C34CC5CC(CC(C5)C3)C4)c1)C2=O,400.0
*c1ccc2c(c1)C(=O)N(c1ccc(-c3ccc4c(c3)C(=O)N(*)C4=O)c(CCCCCCCC)c1)C2=O,150.0
*c1ccc2c(c1)C(=O)N(c1ccc(-c3ccc4c(c3)C(=O)N(*)C4=O)c(OCC(F)(F)F)c1)C2=O,240.0
*c1ccc2c(c1)C(=O)N(c1ccc(-c3ccc4c(c3)C(=O)N(*)C4=O)c(OCCCCC)c1)C2=O,210.0
*c1ccc2c(c1)C(=O)N(c1ccc(-c3ccc4c(c3)C(=O)N(*)C4=O)c(-c3ccco3)c1)C2=O,283.0
*c1ccc2c(c1)C(=O)N(c1ccc(-c3ccc4c(c3)C(=O)N(*)C4=O)c(-c3cccs3)c1)C2=O,288.0
*c1ccc2c(c1)C(=O)N(c1ccc(-c3ccc4c(c3)C(=O)N(*)C4=O)c(-n3ccnc3)c1)C2=O,285.0
*c1ccc2c(c1)C(=O)N(c1ccc(-c3ccc4c(c3)C(=O)N(*)C4=O)cn1)C2=O,295.0
*c1ccc(C(C)(C)c2ccc3c(c2)C(=O)N(c2ccc(-c4ccc5c(c4)C(=O)N(*)C5=O)cc2)C3=O)cc1,268.0
*c1ccc(Cc2ccc3c(c2)C(=O)N(c2ccc(-c4ccc5c(c4)C(=O)N(*)C5=O)cc2)C3=O)cc1,250.0
*c1ccc(S(=O)(=O)c2ccc3c(c2)C(=O)N(c2ccc(-c4ccc5c(c4)C(=O)N(*)C5=O)cc2)C3=O)cc1,285.0
*c1ccc(C(C)(C)c2ccc(-c3ccc4c(c3)C(=O)N(c3ccc(-c5ccc6c(c5)C(=O)N(*)C6=O)cc3)C4=O)cc2)cc1,272.0
*c1ccc2c(c1)C(=O)N(c1ccc(-c3ccc(-c4ccc5c(c4)C(=O)N(c4ccc(-c6ccc7c(c6)C(=O)N(*)C7=O)cc4)C5=O)cc3)cc1)C2=O,440.0
*c1ccc2c(c1)C(=O)N(c1ccc(-c3ccc4c(c3)C(=O)N(*)C4=O)c(Br)c1)C2=O,268.0
*c1ccc2c(c1)C(=O)N(c1ccc(-c3ccc4c(c3)C(=O)N(*)C4=O)c(C(=O)OC)c1)C2=O,248.0
*c1ccc2c(c1)C(=O)N(c1ccc(-c3ccc4c(c3)C(=O)N(*)C4=O)c(N(CC)CC)c1)C2=O,185.0
*c1ccc2c(c1)C(=O)N(c1ccc(-c3ccc4c(c3)C(=O)N(*)C4=O)c(OC(C)=O)c1)C2=O,244.0
*c1ccc2c(c1)C(=O)N(c1ccc(-c3ccc4c(c3)C(=O)N(*)C4=O)c(OC(C)(C)C)c1)C2=O,205.0
*c1ccc2c(c1)C(=O)N(c1ccc(-c3ccc4c(c3)C(=O)N(*)C4=O)c(OC(C)C)c1)C2=O,200.0
*c1ccc2c(c1)C(=O)N(c1ccc(-c3ccc4c(c3)C(=O)N(*)C4=O)c(OC3CCCCC3)c1)C2=O,215.0
*c1ccc2c(c1)C(=O)N(c1ccc(-c3ccc4c(c3)C(=O)N(*)C4=O)c(OCC(C)C)c1)C2=O,200.0
*c1ccc2c(c1)C(=O)N(c1ccc(-c3ccc4c(c3)C(=O)N(*)C4=O)c(OCCC)c1)C2=O,210.0
*c1ccc2c(c1)C(=O)N(c1ccc(-c3ccc4c(c3)C(=O)N(*)C4=O)c(SC(F)(F)F)c1)C2=O,240.0
*c1ccc2c(c1)C(=O)N(c1ccc(-c3ccc4c(c3)C(=O)N(*)C4=O)c(Sc3ccccc3)c1)C2=O,252.0
*c1ccc(Sc2ccc3c(c2)C(=O)N(c2ccc(-c4ccc5c(c4)C(=O)N(*)C5=O)cc2)C3=O)cc1,250.0
*N1C(=O)c2ccc(-c3ccc(N4C(=O)c5ccc(-c6cc(C)cc(C)c6)cc5C4=O)cc3)cc2C1=O,280.0
*c1ccc(C(=O)c2ccc(-c3ccc4c(c3)C(=O)N(c3ccc(-c5ccc6c(c5)C(=O)N(*)C6=O)cc3)C4=O)cc2)cc1,292.0
*c1ccc(Cc2ccc(-c3ccc4c(c3)C(=O)N(c3ccc(-c5ccc6c(c5)C(=O)N(*)C6=O)cc3)C4=O)cc2)cc1,258.0
*c1ccc(S(=O)(=O)c2ccc(-c3ccc4c(c3)C(=O)N(c3ccc(-c5ccc6c(c5)C(=O)N(*)C6=O)cc3)C4=O)cc2)cc1,318.0
*c1ccc(-c2ccc(-c3ccc4c(c3)C(=O)N(c3ccc(-c5ccc6c(c5)C(=O)N(*)C6=O)cc3)C4=O)cc2)cc1,338.0
*c1cccc(-c2ccc3c(c2)C(=O)N(c2ccc(-c4ccc5c(c4)C(=O)N(*)C5=O)cc2)C3=O)c1,298.0
*c1cccc2cccc(-c3ccc4c(c3)C(=O)N(c3ccc(-c5ccc6c(c5)C(=O)N(*)C6=O)cc3)C4=O)c12,445.0
*c1cccc2c1C(=O)N(c1ccc(-c3ccc4c(c3)C(=O)N(*)C4=O)cc1)C2=O,325.0
*c1ccc2c(c1)C(=O)N(c1ccc(Nc3ccc(-c4ccc5c(c4)C(=O)N(*)C5=O)cc3)cc1)C2=O,275.0
*c1ccc(C(=O)Oc2ccc(-c3ccc4c(c3)C(=O)N(*)C4=O)cc2)cc1,315.0
*c1ccc(C(C)(C)Oc2ccc(-c3ccc4c(c3)C(=O)N(*)C4=O)cc2)cc1,205.0
*c1ccc2c(c1)C(=O)N(c1ccc(Oc3ccc(C(C)(C)Oc4ccc(-c5ccc6c(c5)C(=O)N(*)C6=O)cc4)cc3)cc1)C2=O,225.0
*c1ccc2c(c1)C(=O)N(c1cccc(C(C)(C)Oc3ccc(-c4ccc5c(c4)C(=O)N(*)C5=O)cc3)c1)C2=O,325.0
*c1ccc(OC(F)(F)C(F)(F)Oc2ccc(-c3ccc4c(c3)C(=O)N(*)C4=O)cc2)cc1,210.0
*c1ccc(C(F)(F)C(F)(F)Oc2ccc(-c3ccc4c(c3)C(=O)N(*)C4=O)cc2)cc1,228.0
*CCOc1ccc(-c2ccc3c(c2)C(=O)N(*)C3=O)cc1,180.0
*c1ccc2c(c1)C(=O)N(c1ccc(OCCOc3ccc(-c4ccc5c(c4)C(=O)N(*)C5=O)cc3)cc1)C2=O,145.0
*N1C(=O)c2ccc(-c3ccc(Oc4cc(C(F)(F)F)cc(C(F)(F)F)c4)cc3)cc2C1=O,215.0
*N1C(=O)c2ccc(-c3ccc(Oc4ccc(C(=O)N(*)c5ccccc5)cc4)cc3)cc2C1=O,290.0
*Oc1ccc(C(=O)c2ccc(Oc3ccc(-c4ccc5c(c4)C(=O)N(*)C5=O)cc3)cc2)cc1,240.0
*c1ccc(Oc2ccc(C(=O)c3ccc(Oc4ccc(-c5ccc6c(c5)C(=O)N(*)C6=O)cc4)cc3)cc2)cc1,235.0
*c1ccc2c(c1)C(=O)N(c1ccc(Oc3ccc(C(=O)c4ccc(Oc5ccc(-c6ccc7c(c6)C(=O)N(*)C7=O)cc5)cc4)cc3)cc1)C2=O,245.0
*c1ccc2c(c1)C(=O)N(c1ccc(Oc3ccc(C(c4ccc(Oc5ccc(-c6ccc7c(c6)C(=O)N(*)C7=O)cc5)cc4)(C(F)(F)F)C(F)(F)F)cc3)cc1)C2=O,250.0
*c1ccc(C(C)(C)c2ccc(Oc3ccc(-c4ccc5c(c4)C(=O)N(*)C5=O)cc3)cc2)cc1,232.0
*c1ccc2c(c1)C(=O)N(c1ccc(C(=O)c3ccc(C(C)(C)c4ccc(Oc5ccc(-c6ccc7c(c6)C(=O)N(*)C7=O)cc5)cc4)cc3)cc1)C2=O,248.0
*c1ccc2c(c1)C(=O)N(c1ccc(C(C)(C)c3ccc(Oc4ccc(-c5ccc6c(c5)C(=O)N(*)C6=O)cc4)cc3)cc1)C2=O,245.0
*c1ccc2c(c1)C(=O)N(c1ccc(Oc3ccc(C(C)(C)c4ccc(Oc5ccc(-c6ccc7c(c6)C(=O)N(*)C7=O)cc5)cc4)cc3)cc1)C2=O,200.0
*c1ccc2c(c1)C(=O)N(c1ccc(Sc3ccc(C(C)(C)c4ccc(Oc5ccc(-c6ccc7c(c6)C(=O)N(*)C7=O)cc5)cc4)cc3)cc1)C2=O,232.0
*c1ccc(C(F)(F)c2ccc(Oc3ccc(-c4ccc5c(c4)C(=O)N(*)C5=O)cc3)cc2)cc1,228.0
*c1ccc(Cc2ccc(Oc3ccc(-c4ccc5c(c4)C(=O)N(*)C5=O)cc3)cc2)cc1,218.0
*c1ccc(Oc2ccc(Cc3ccc(Oc4ccc(-c5ccc6c(c5)C(=O)N(*)C6=O)cc4)cc3)cc2)cc1,200.0
*c1ccc(-c2ccc3c(c2)C(=O)N(c2ccc(Oc4ccc(-c5ccc6c(c5)C(=O)N(*)C6=O)cc4)cc2)C3=O)cc1,225.0
*c1ccc(Oc2ccc(-c3ccc4c(c3)C(=O)N(c3ccc(Oc5ccc(-c6ccc7c(c6)C(=O)N(*)C7=O)cc5)cc3)C4=O)cc2)cc1,210.0
*N1C(=O)c2ccc(-c3ccc(Oc4ccc(N5C(=O)c6ccccc6C5=O)cc4)cc3)cc2C1=O,260.0
*c1ccc(Oc2ccc(C(=O)c3ccc(Oc4ccc(Oc5ccc(-c6ccc7c(c6)C(=O)N(*)C7=O)cc5)cc4)cc3)cc2)cc1,215.0
*c1ccc(Oc2ccc(C(C)(C)c3ccc(Oc4ccc(Oc5ccc(-c6ccc7c(c6)C(=O)N(*)C7=O)cc5)cc4)cc3)cc2)cc1,190.0
*c1ccc2c(c1)C(=O)N(c1ccc(Oc3ccc(Oc4ccc(-c5ccc6c(c5)C(=O)N(*)C6=O)cc4)cc3)cc1)C2=O,220.0
*c1ccc(S(=O)(=O)c2ccc(Oc3ccc(-c4ccc5c(c4)C(=O)N(*)C5=O)cc3)cc2)cc1,262.0
*c1ccc(Oc2ccc(S(=O)(=O)c3ccc(Oc4ccc(-c5ccc6c(c5)C(=O)N(*)C6=O)cc4)cc3)cc2)cc1,270.0
*c1ccc2c(c1)C(=O)N(c1ccc(Sc3ccc(Oc4ccc(-c5ccc6c(c5)C(=O)N(*)C6=O)cc4)cc3)cc1)C2=O,235.0
*c1ccc(Oc2ccc(Sc3ccc(Oc4ccc(-c5ccc6c(c5)C(=O)N(*)C6=O)cc4)cc3)cc2)cc1,228.0
*c1ccc2c(c1)C(=O)N(c1ccc(Oc3ccc(Sc4ccc(Oc5ccc(-c6ccc7c(c6)C(=O)N(*)C7=O)cc5)cc4)cc3)cc1)C2=O,262.0
*c1ccc2c(c1)C(=O)N(c1cccc(Oc3ccc(-c4ccc5c(c4)C(=O)N(*)C5=O)cc3)c1)C2=O,320.0
*c1ccc(Oc2cccc(Oc3ccc(-c4ccc5c(c4)C(=O)N(*)C5=O)cc3)c2)cc1,195.0
*c1ccc(S(=O)(=O)c2ccc(-c3ccc4c(c3)C(=O)N(*)C4=O)cc2)cc1,275.0
*c1ccc2c(c1)C(=O)N(C(=O)c1ccc(S(=O)(=O)c3ccc(-c4ccc5c(c4)C(=O)N(*)C5=O)cc3)cc1)C2=O,345.0
*c1ccc2c(c1)C(=O)N(c1ccc(S(=O)(=O)c3ccc(-c4ccc5c(c4)C(=O)N(*)C5=O)cc3)cc1)C2=O,290.0
*c1ccc(Oc2ccc(S(=O)(=O)c3ccc(-c4ccc5c(c4)C(=O)N(*)C5=O)cc3)cc2)cc1,265.0
*c1ccc2c(c1)C(=O)N(C(=O)c1ccc(Sc3ccc(-c4ccc5c(c4)C(=O)N(*)C5=O)cc3)cc1)C2=O,280.0
*c1ccc(C(C)(C)c2ccc(Sc3ccc(-c4ccc5c(c4)C(=O)N(*)C5=O)cc3)cc2)cc1,212.0
*c1ccc2c(c1)C(=O)N(c1ccc(Sc3ccc(C(C)(C)c4ccc(Sc5ccc(-c6ccc7c(c6)C(=O)N(*)C7=O)cc5)cc4)cc3)cc1)C2=O,200.0
*N1C(=O)c2ccc(-c3ccc(Sc4ccc(-n5c(=O)c6cc7c(=O)n(*)c(=O)c7cc6c5=O)cc4)cc3)cc2C1=O,348.0
*c1ccc2c(c1)C(=O)N(c1ccc(Oc3ccc(Sc4ccc(-c5ccc6c(c5)C(=O)N(*)C6=O)cc4)cc3)cc1)C2=O,268.0
*c1ccc(Sc2ccc(Oc3ccc(Sc4ccc(-c5ccc6c(c5)C(=O)N(*)C6=O)cc4)cc3)cc2)cc1,245.0
*c1ccc2c(c1)C(=O)N(c1ccc(Sc3ccc(S(=O)(=O)c4ccc(Sc5ccc(-c6ccc7c(c6)C(=O)N(*)C7=O)cc5)cc4)cc3)cc1)C2=O,318.0
*N1C(=O)c2ccc(Sc3ccc(-c4ccc5c(c4)C(=O)N(*)C5=O)cc3)cc2C1=O,265.0
*c1ccc2c(c1)C(=O)N(c1cccc(Sc3ccc(-c4ccc5c(c4)C(=O)N(*)C5=O)cc3)c1)C2=O,255.0
*N1C(=O)c2ccc(-c3ccc(N4C(=O)c5ccccc5C4=O)c(F)c3)cc2C1=O,315.0
*N1C(=O)c2ccc(-c3ccc(C4(c5cc(C(F)(F)F)ccc5-c5ccc6c(c5)C(=O)N(*)C6=O)c5ccccc5-c5ccccc54)c(C(F)(F)F)c3)cc2C1=O,370.0
*c1ccc(-c2ccc(-c3ccc4c(c3)C(=O)N(*)C4=O)c3ccccc23)cc1,345.0
*c1ccc(-c2ccc(-c3ccc4c(c3)C(=O)N(*)C4=O)cc2)cc1,315.0
*c1ccc(-c2ccc(-c3ccc4c(c3)C(=O)N(*)C4=O)s2)cc1,580.0
*c1ccc(C(=O)c2ccc(-c3ccc(-c4ccc5c(c4)C(=O)N(*)C5=O)cc3)cc2)cc1,280.0
*c1ccc(C(C)(C)c2ccc(-c3ccc(-c4ccc5c(c4)C(=O)N(*)C5=O)cc3)cc2)cc1,255.0
*c1ccc(Cc2ccc(-c3ccc(-c4ccc5c(c4)C(=O)N(*)C5=O)cc3)cc2)cc1,248.0
*c1ccc2c(c1)C(=O)N(c1ccc(-c3ccc(-c4ccc5c(c4)C(=O)N(*)C5=O)s3)cc1)C2=O,590.0
*c1ccc(-c2ccc3c(c2)C(=O)N(c2ccc(-c4ccc(-c5ccc6c(c5)C(=O)N(*)C6=O)cc4)cc2)C3=O)cc1,425.0
*c1ccc(Oc2ccc(-c3ccc(-c4ccc5c(c4)C(=O)N(*)C5=O)cc3)cc2)cc1,252.0
*c1ccc(S(=O)(=O)c2ccc(-c3ccc(-c4ccc5c(c4)C(=O)N(*)C5=O)cc3)cc2)cc1,278.0
*c1ccc(-c2ccc(-c3ccc(-c4ccc5c(c4)C(=O)N(*)C5=O)cc3)c3ccccc23)cc1,355.0
*c1ccc(-c2ccc(-c3ccc(-c4ccc5c(c4)C(=O)N(*)C5=O)cc3)cc2)cc1,470.0
*N1C(=O)c2ccc(-c3ccc(-c4ccc5c(c4)C(=O)N(*)C5=O)c4ccccc34)cc2C1=O,370.0
*c1ccc2c(c1)C(=O)N(c1ccc(N3C(=O)c4ccc(-c5ccc(-c6ccc7c(c6)C(=O)N(*)C7=O)cc5)cc4C3=O)cc1)C2=O,655.0
*c1cccc(-c2ccc(-c3ccc4c(c3)C(=O)N(*)C4=O)cc2)c1,355.0
*c1cccc2cccc(-c3ccc(-c4ccc5c(c4)C(=O)N(*)C5=O)cc3)c12,475.0
*C(=O)c1ccc(C(=O)N(*)c2ccc(C(=O)c3ccc(-c4ccc5c(c4)C(=O)N(*)C5=O)cc3)cc2)cc1,290.0
*N1C(=O)c2ccc(-c3ccc(C(=O)c4ccc(-n5c(=O)c6cc7c(=O)n(*)c(=O)c7cc6c5=O)cc4)cc3)cc2C1=O,355.0
*C(=O)c1ccc(C(=O)N(*)c2ccc(C(c3ccc(-c4ccc5c(c4)C(=O)N(*)C5=O)cc3)(C(F)(F)F)C(F)(F)F)cc2)cc1,280.0
*c1ccc(C(C)(C)C(C)(C)c2ccc(-c3ccc4c(c3)C(=O)N(*)C4=O)cc2)cc1,205.0
*C(=O)c1ccc(C(=O)N(*)c2ccc(C(C)(C)CC(C)(C)c3ccc(-c4ccc5c(c4)C(=O)N(*)C5=O)cc3)cc2)cc1,200.0
*C(=O)c1ccc(C(=O)N(*)c2ccc(C)cc2C(C)(C)c2ccc(-c3ccc4c(c3)C(=O)N(*)C4=O)cc2)cc1,220.0
*N1C(=O)c2ccc(Oc3ccc(C(C)(C)c4ccc(-c5ccc6c(c5)C(=O)N(*)C6=O)cc4)cc3)cc2C1=O,232.0
*N1C(=O)c2ccc(-c3ccc(C(C)(C)c4ccc(-c5ccc6c(c5)C(=O)N(*)C6=O)cc4)cc3)cc2C1=O,250.0
*C(=O)c1ccc(C(=O)N(*)c2ccc(C(C)(C)c3ccc(-c4ccc5c(c4)C(=O)N(*)C5=O)cc3)c(C(F)(F)F)c2)cc1,250.0
*C(=O)c1ccc(C(=O)N(*)c2ccc(C(C)(C)c3ccc(-c4ccc5c(c4)C(=O)N(*)C5=O)cc3)c(C)c2)cc1,230.0
*C(=O)c1ccc(C(=O)N(*)c2ccc(C(C)(C)c3ccc(-c4ccc5c(c4)C(=O)N(*)C5=O)cc3)c(CC)c2)cc1,215.0
*C(=O)c1ccc(C(=O)N(*)c2ccc(C(C)(C)c3ccc(-c4ccc5c(c4)C(=O)N(*)C5=O)cc3)c(Cl)c2)cc1,245.0
*C(=O)c1ccc(C(=O)N(*)c2ccc(C(C)(C)c3ccc(-c4ccc5c(c4)C(=O)N(*)C5=O)cc3)c(F)c2)cc1,240.0
*C(=O)c1ccc(C(=O)N(*)c2ccc(C(C)(C)c3ccc(-c4ccc5c(c4)C(=O)N(*)C5=O)cc3)c([N+](=O)[O-])c2)cc1,260.0
*C(=O)c1ccc(C(=O)N(*)c2ccc(C(C)(C)c3ccc(-c4ccc5c(c4)C(=O)N(*)C5=O)cc3)c(OC)c2)cc1,225.0
*N1C(=O)c2ccc(-c3ccc(C(C)(C)c4ccc5c(c4)C(=O)N(*)C5=O)cc3)cc2C1=O,300.0
*c1ccc2c(c1)C(=O)N(c1ccc(C(F)(F)C(F)(F)c3ccc(-c4ccc5c(c4)C(=O)N(*)C5=O)cc3)cc1)C2=O,245.0
*c1ccc(C(F)(F)c2ccc(-c3ccc4c(c3)C(=O)N(*)C4=O)cc2)cc1,295.0
*N1C(=O)c2ccc(-c3ccc(C(F)(F)c4ccc(C(F)(F)F)cc4)cc3)cc2C1=O,280.0
*c1ccc(Oc2ccc(C(F)(F)c3ccc(-c4ccc5c(c4)C(=O)N(*)C5=O)cc3)cc2)cc1,270.0
*c1ccc2c(c1)C(=O)N(c1ccc(C(c3ccccc3)(c3ccccc3)c3ccc(-c4ccc5c(c4)C(=O)N(*)C5=O)cc3)cc1)C2=O,290.0
*N1C(=O)c2ccc(-c3ccc(C(c4ccccc4)(c4ccccc4)c4ccc(-c5ccc6c(c5)C(=O)N(*)C6=O)cc4)cc3)cc2C1=O,245.0
*N1C(=O)c2ccc(-c3ccc(C(c4ccccc4)(c4ccccc4)c4ccc5c(c4)C(=O)N(*)C5=O)cc3)cc2C1=O,330.0
*c1ccc2c(c1)C(=O)N(C(=O)c1ccc(C3(c4ccc(-c5ccc6c(c5)C(=O)N(*)C6=O)cc4)c4ccccc43)cc1)C2=O,390.0
*C(=O)c1ccc(C(=O)N(*)c2ccc(C3(c4ccc(-c5ccc6c(c5)C(=O)N(*)C6=O)cc4)CC3)cc2)cc1,250.0
*C(=O)c1ccc(C(=O)N(*)c2ccc(C3(c4ccc(-c5ccc6c(c5)C(=O)N(*)C6=O)cc4)CCCCC3)cc2)cc1,235.0
*c1ccc2c(c1)C(=O)N(c1ccc(C3(c4ccc(-c5ccc6c(c5)C(=O)N(*)C6=O)cc4)CCC(C)(C)C3)cc1)C2=O,340.0
*c1ccc2c(c1)C(=O)N(c1ccc(C3(c4ccc(-c5ccc6c(c5)C(=O)N(*)C6=O)cc4)CC3)cc1)C2=O,355.0
*c1ccc2c(c1)C(=O)N(c1ccc(C3(c4ccc(-c5ccc6c(c5)C(=O)N(*)C6=O)cc4)c4ccc(C)cc43)cc1)C2=O,375.0
*N1C(=O)c2ccc(-c3ccc(C4(c5ccc6c(c5)C(=O)N(*)C6=O)c5cc(C)c(C)cc54)cc3)cc2C1=O,368.0
*N1C(=O)c2ccc(-c3ccc(C4(c5ccc6c(c5)C(=O)N(*)C6=O)c5ccc(C(F)(F)F)cc54)cc3)cc2C1=O,388.0
*N1C(=O)c2ccc(-c3ccc(C4(c5ccc6c(c5)C(=O)N(*)C6=O)c5ccc(F)cc54)cc3)cc2C1=O,382.0
*N1C(=O)c2ccc(-c3ccc(C4(c5ccc6c(c5)C(=O)N(*)C6=O)c5ccc(N)cc54)cc3)cc2C1=O,362.0
*N1C(=O)c2ccc(-c3ccc(C4(c5ccc6c(c5)C(=O)N(*)C6=O)c5ccc(OC(F)(F)F)cc54)cc3)cc2C1=O,392.0
*N1C(=O)c2ccc(-c3ccc(C4(c5ccc6c(c5)C(=O)N(*)C6=O)c5ccc(OC)cc54)cc3)cc2C1=O,355.0
*N1C(=O)c2ccc(-c3ccc(C4(c5ccc6c(c5)C(=O)N(*)C6=O)c5ccc(OCC)cc54)cc3)cc2C1=O,348.0
*N1C(=O)c2ccc(-c3ccc(C4(c5ccc6c(c5)C(=O)N(*)C6=O)c5ccccc54)cc3)cc2C1=O,370.0
*c1ccc2c(c1)C(=O)N(c1ccc(C(C)(C)c3ccc(C4(c5ccc(-c6ccc7c(c6)C(=O)N(*)C7=O)cc5)c5ccccc5-c5ccccc54)cc3)cc1)C2=O,375.0
*c1ccc2c(c1)C(=O)N(c1ccc(Oc3ccc(C4(c5ccc(-c6ccc7c(c6)C(=O)N(*)C7=O)cc5)c5ccccc5-c5ccccc54)cc3)cc1)C2=O,355.0
*c1ccc2c(c1)C(=O)N(c1ccc(S(=O)(=O)c3ccc(C4(c5ccc(-c6ccc7c(c6)C(=O)N(*)C7=O)cc5)c5ccccc5-c5ccccc54)cc3)cc1)C2=O,385.0
*c1ccc2c(c1)C(=O)N(c1ccc(-c3ccc(C4(c5ccc(-c6ccc7c(c6)C(=O)N(*)C7=O)cc5)c5ccccc5-c5ccccc54)cc3)cc1)C2=O,410.0
*N1C(=O)c2ccc(-c3ccc(C4(c5ccc(-c6ccc7c(c6)C(=O)N(*)C7=O)cc5)c5ccccc5-c5ccccc54)cc3)cc2C1=O,400.0
*c1ccc(CC(C)(C)Cc2ccc(-c3ccc4c(c3)C(=O)N(*)C4=O)cc2)cc1,185.0
*C(=O)c1ccc(C(=O)N(*)c2ccc(Cc3ccc(-c4ccc5c(c4)C(=O)N(*)C5=O)cc3)cc2)cc1,278.0
*c1ccc2c(c1)C(=O)N(c1ccc(Cc3ccc(-c4ccc5c(c4)C(=O)N(*)C5=O)cc3)cc1)C2=O,240.0
*N1C(=O)c2ccc(-c3ccc(N(C)c4ccc5c(c4)C(=O)N(*)C5=O)cc3)cc2C1=O,215.0
*N1C(=O)c2ccc(-c3ccc(-n4c(=O)c5ccc(cc5)c4=O)cc3)cc2C1=O,365.0
*c1ccc2c(c1)C(=O)N(c1ccc(OC(=O)Oc3ccc(-c4ccc5c(c4)C(=O)N(*)C5=O)cc3)cc1)C2=O,260.0
*C(=O)c1ccc(C(=O)N(*)c2ccc(C(C)(C)Oc3ccc(-c4ccc5c(c4)C(=O)N(*)C5=O)cc3)cc2)cc1,225.0
*c1ccc2c(c1)C(=O)N(c1ccc(C(C)(C)Oc3ccc(-c4ccc5c(c4)C(=O)N(*)C5=O)cc3)cc1)C2=O,290.0
*N1C(=O)c2ccc(-c3ccc(OC(F)(F)C(F)(F)C(F)(F)F)cc3)cc2C1=O,245.0
*C(=O)c1ccc(C(=O)N(*)c2ccc(OC(F)(F)C(F)(F)Oc3ccc(-c4ccc5c(c4)C(=O)N(*)C5=O)cc3)cc2)cc1,210.0
*c1ccc2c(c1)C(=O)N(c1ccc(OC(F)(F)C(F)(F)Oc3ccc(-c4ccc5c(c4)C(=O)N(*)C5=O)cc3)cc1)C2=O,235.0
*c1ccc2c(c1)C(=O)N(c1ccc(-c3ccc(OC(F)(F)C(F)(F)Oc4ccc(-c5ccc6c(c5)C(=O)N(*)C6=O)cc4)cc3)cc1)C2=O,240.0
*N1C(=O)c2ccc(OC(F)(F)C(F)(F)Oc3ccc(-c4ccc5c(c4)C(=O)N(*)C5=O)cc3)cc2C1=O,230.0
*N1C(=O)c2ccc(OCC(CO)(CO)COc3ccc(-c4ccc5c(c4)C(=O)N(*)C5=O)cc3)cc2C1=O,175.0
*C(=O)c1ccc(C(=O)N(*)c2ccc(Oc3cccc(Oc4ccc(-c5ccc6c(c5)C(=O)N(*)C6=O)cc4)c3)cc2)cc1,260.0
*c1ccc2c(c1)C(=O)N(c1ccc(C(F)(F)F)cc1Oc1ccc(-c3ccc4c(c3)C(=O)N(*)C4=O)cc1)C2=O,255.0
*c1ccc2c(c1)C(=O)N(c1ccc(Oc3ccc(C(F)(F)C(F)(F)c4ccc(Oc5ccc(-c6ccc7c(c6)C(=O)N(*)C7=O)cc5)cc4)cc3)cc1)C2=O,230.0
*c1ccc2c(c1)C(=O)N(c1ccc(Oc3ccc(Cc4ccc(Oc5ccc(-c6ccc7c(c6)C(=O)N(*)C7=O)cc5)cc4)cc3)cc1)C2=O,250.0
*N1C(=O)c2ccc(-c3ccc(Oc4ccc(-n5c(=O)c6cc7c(=O)n(*)c(=O)c7cc6c5=O)cc4)cc3)cc2C1=O,345.0
*C(=O)c1ccc(C(=O)N(*)c2ccc(Oc3ccc(Oc4ccc(-c5ccc6c(c5)C(=O)N(*)C6=O)cc4)cc3)cc2)cc1,255.0
*N1C(=O)c2ccc(Oc3ccc(Oc4ccc(-c5ccc6c(c5)C(=O)N(*)C6=O)cc4)cc3)cc2C1=O,215.0
*c1ccc2c(c1)C(=O)N(c1ccc(Oc3ccc(S(=O)(=O)c4ccc(Oc5ccc(-c6ccc7c(c6)C(=O)N(*)C7=O)cc5)cc4)cc3)cc1)C2=O,265.0
*c1ccc2c(c1)C(=O)N(c1ccc(Oc3ccc(-c4ccc(Oc5ccc(-c6ccc7c(c6)C(=O)N(*)C7=O)cc5)cc4)cc3)cc1)C2=O,275.0
*N1C(=O)c2ccc(Oc3ccc(-c4ccc5c(c4)C(=O)N(*)C5=O)cc3)cc2C1=O,295.0
*C(=O)c1ccc(C(=O)N(*)c2cccc(Oc3ccc(-c4ccc5c(c4)C(=O)N(*)C5=O)cc3)c2)cc1,272.0
*C(=O)c1ccc(C(=O)N(*)c2ccc(S(=O)(=O)c3ccc(-c4ccc5c(c4)C(=O)N(*)C5=O)cc3)cc2)cc1,310.0
*N1C(=O)c2ccc(-c3ccc(S(=O)(=O)c4ccc5c(c4)C(=O)N(*)C5=O)cc3)cc2C1=O,310.0
*c1ccc(-c2ccc(C(=O)N(*)C(=O)c3ccc(-c4ccc(-c5ccc6c(c5)C(=O)N(*)C6=O)cc4)cc3)cc2)cc1,435.0
*c1ccc2c(c1)C(=O)N(c1ccc3c(c1)C(=O)N(c1ccc(-c4ccc(-c5ccc6c(c5)C(=O)N(*)C6=O)cc4)cc1)C(=O)c1ccc-3cc1)C2=O,445.0
*c1ccc2c(c1)C(=O)N(c1ccc(Oc3ccc(-c4ccc(-c5ccc6c(c5)C(=O)N(*)C6=O)cc4)cc3)cc1)C2=O,270.0
*N1C(=O)c2ccc(Oc3ccc(-c4ccc(-c5ccc6c(c5)C(=O)N(*)C6=O)cc4)cc3)cc2C1=O,255.0
*c1ccc2c(c1)C(=O)N(c1ccc(C(=O)c3ccc(-c4ccc(-c5ccc6c(c5)C(=O)N(*)C6=O)cc4)cc3)cc1)C2=O,285.0
*N1C(=O)c2ccc(C(=O)c3ccc(-c4ccc(-c5ccc6c(c5)C(=O)N(*)C6=O)cc4)cc3)cc2C1=O,305.0
*c1ccc2c(c1)C(=O)N(c1ccc(C(C)(C)c3ccc(-c4ccc(-c5ccc6c(c5)C(=O)N(*)C6=O)cc4)cc3)cc1)C2=O,245.0
*N1C(=O)c2ccc(-c3ccc(-c4ccc(C(C)(C)c5ccc6c(c5)C(=O)N(*)C6=O)cc4)cc3)cc2C1=O,315.0
*N1C(=O)c2ccc(-c3ccc(-c4ccc(C(c5ccccc5)(c5ccccc5)c5ccc6c(c5)C(=O)N(*)C6=O)cc4)cc3)cc2C1=O,345.0
*N1C(=O)c2ccc(-c3ccc(-c4ccc(C5(c6ccc7c(c6)C(=O)N(*)C7=O)c6ccccc65)cc4)cc3)cc2C1=O,385.0
*c1ccc2c(c1)C(=O)N(c1ccc(Cc3ccc(-c4ccc(-c5ccc6c(c5)C(=O)N(*)C6=O)cc4)cc3)cc1)C2=O,265.0
*N1C(=O)c2ccc(Cc3ccc(-c4ccc(-c5ccc6c(c5)C(=O)N(*)C6=O)cc4)cc3)cc2C1=O,295.0
*N1C(=O)c2ccc(OC(F)(F)C(F)(F)Oc3ccc(-c4ccc(-c5ccc6c(c5)C(=O)N(*)C6=O)cc4)cc3)cc2C1=O,222.0
*C(=O)c1ccc(C(=O)N(*)c2ccc(Oc3ccc(-c4ccc(-c5ccc6c(c5)C(=O)N(*)C6=O)cc4)cc3)cc2)cc1,275.0
*c1ccc2c(c1)C(=O)N(c1ccc(Oc3ccc(Oc4ccc(-c5ccc(-c6ccc7c(c6)C(=O)N(*)C7=O)cc5)cc4)cc3)cc1)C2=O,215.0
*c1ccc2c(c1)C(=O)N(c1ccc(S(=O)(=O)c3ccc(-c4ccc(-c5ccc6c(c5)C(=O)N(*)C6=O)cc4)cc3)cc1)C2=O,295.0
*N1C(=O)c2ccc(-c3ccc(-c4ccc(S(=O)(=O)c5ccc6c(c5)C(=O)N(*)C6=O)cc4)cc3)cc2C1=O,355.0
*c1ccc(Sc2ccc(-c3ccc(-c4ccc5c(c4)C(=O)N(*)C5=O)cc3)cc2)cc1,248.0
*N1C(=O)c2ccc(Sc3ccc(-c4ccc(-c5ccc6c(c5)C(=O)N(*)C6=O)cc4)cc3)cc2C1=O,278.0
*C(=O)c1ccc(C(=O)N(*)c2ccc(-c3ccc(-c4ccc(-c5ccc6c(c5)C(=O)N(*)C6=O)cc4)cc3)cc2)cc1,320.0
*c1ccc2c(c1)C(=O)N(c1ccc(C(=O)c3ccc(-c4ccc(-c5ccc(-c6ccc7c(c6)C(=O)N(*)C7=O)cc5)cc4)cc3)cc1)C2=O,305.0
*c1ccc2c(c1)C(=O)N(c1ccc(C(C)(C)c3ccc(-c4ccc(-c5ccc(-c6ccc7c(c6)C(=O)N(*)C7=O)cc5)cc4)cc3)cc1)C2=O,255.0
*c1ccc2c(c1)C(=O)N(c1ccc(Cc3ccc(-c4ccc(-c5ccc(-c6ccc7c(c6)C(=O)N(*)C7=O)cc5)cc4)cc3)cc1)C2=O,275.0
*c1ccc2c(c1)C(=O)N(c1ccc(Oc3ccc(-c4ccc(-c5ccc(-c6ccc7c(c6)C(=O)N(*)C7=O)cc5)cc4)cc3)cc1)C2=O,280.0
*c1ccc2c(c1)C(=O)N(c1ccc(Oc3ccc(Oc4ccc(-c5ccc(-c6ccc(-c7ccc8c(c7)C(=O)N(*)C8=O)cc6)cc5)cc4)cc3)cc1)C2=O,225.0
*c1ccc2c(c1)C(=O)N(c1ccc(S(=O)(=O)c3ccc(-c4ccc(-c5ccc(-c6ccc7c(c6)C(=O)N(*)C7=O)cc5)cc4)cc3)cc1)C2=O,315.0
*c1ccc2c(c1)C(=O)N(c1ccc(C(=O)c3ccc(-c4ccc(-c5ccc(-c6ccc(-c7ccc8c(c7)C(=O)N(*)C8=O)cc6)cc5)cc4)cc3)cc1)C2=O,325.0
*c1ccc2c(c1)C(=O)N(c1ccc(C(C)(C)c3ccc(-c4ccc(-c5ccc(-c6ccc(-c7ccc8c(c7)C(=O)N(*)C8=O)cc6)cc5)cc4)cc3)cc1)C2=O,265.0
*c1ccc2c(c1)C(=O)N(c1ccc(Oc3ccc(-c4ccc(-c5ccc(-c6ccc(-c7ccc8c(c7)C(=O)N(*)C8=O)cc6)cc5)cc4)cc3)cc1)C2=O,300.0
*c1ccc2c(c1)C(=O)N(c1ccc(S(=O)(=O)c3ccc(-c4ccc(-c5ccc(-c6ccc(-c7ccc8c(c7)C(=O)N(*)C8=O)cc6)cc5)cc4)cc3)cc1)C2=O,335.0
*c1ccc2c(c1)C(=O)N(c1ccc(-c3ccc(-c4ccc(-c5ccc(-c6ccc(-c7ccc8c(c7)C(=O)N(*)C8=O)cc6)cc5)cc4)cc3)cc1)C2=O,370.0
*N1C(=O)c2ccc(-c3ccc(-c4ccc(-c5ccc(-c6ccc7c(c6)C(=O)N(*)C7=O)cc5)cc4)cc3)cc2C1=O,405.0
*N1C(=O)c2ccc(-c3ccc(-c4ccc(-c5ccc6c(c5)C(=O)N(*)C6=O)cc4)cc3)cc2C1=O,380.0
*c1ccc(N2C(=O)c3ccc(-c4ccc(-c5ccc6c(c5)C(=O)N(*)C6=O)cc4)cc3C2=O)cc1,410.0
*N1C(=O)c2ccc(-c3ccc(-c4ccc5c(c4)C(=O)N(c4ccc(-c6ccc7c(c6)C(=O)N(*)C7=O)cc4)C5=O)cc3)cc2C1=O,440.0
*N1C(=O)c2ccc(-c3ccc(-c4ccc5c(=O)n(*)c(=O)c6ccc(c4)c56)cc3)cc2C1=O,435.0
*c1ccc2c(c1)C(=O)N(c1cccc(-c3ccc(-c4ccc5c(c4)C(=O)N(*)C5=O)cc3)c1)C2=O,375.0
*c1cc(C)c(*N2C(=O)c3ccc(-c4ccc5c(c4)C(=O)N(*)C5=O)cc3C2=O)cc1C,230.0
*N1C(=O)c2ccc(-c3ccc4c(c3)C(=O)N(*c3ccc(C(F)(F)F)cc3)C4=O)cc2C1=O,295.0
*N1C(=O)c2ccc(-c3ccc(*N4C(=O)c5ccc(-c6ccc7c(c6)C(=O)N(*)C7=O)cc5C4=O)cc3)cc2C1=O,400.0
*c1ccc(C(C)(C)c2ccc(*N3C(=O)c4ccc(-c5ccc6c(c5)C(=O)N(*)C6=O)cc4C3=O)cc2)cc1,255.0
*c1ccc(Cc2ccc(*N3C(=O)c4ccc(-c5ccc6c(c5)C(=O)N(*)C6=O)cc4C3=O)cc2)cc1,252.0
*c1ccc(Oc2ccc(*N3C(=O)c4ccc(-c5ccc6c(c5)C(=O)N(*)C6=O)cc4C3=O)cc2)cc1,245.0
*c1ccc(S(=O)(=O)c2ccc(*N3C(=O)c4ccc(-c5ccc6c(c5)C(=O)N(*)C6=O)cc4C3=O)cc2)cc1,265.0
*c1ccc(-c2ccc(*N3C(=O)c4ccc(-c5ccc6c(c5)C(=O)N(*)C6=O)cc4C3=O)cc2)cc1,275.0
*N1C(=O)c2ccc(-c3ccc4c(c3)C(=O)N3C(=O)CC5CC6CC(C5)CC43C6)cc2C1=O,390.0
*CCCCCCCC[Si](C)(C)O[Si](C)(C)CCCCCCCCN1C(=O)c2ccc(-c3ccc4c(c3)C(=O)N(*)C4=O)cc2C1=O,145.0
*N1C(=O)c2ccc(-c3ccc4c(c3)C(=O)N([Si](C)(C)O[Si](*)(C)C)C4=O)cc2C1=O,175.0
*N1C(=O)c2ccc(-c3ccc4c(c3)C(=O)N([Si](C)(C)O[Si](C)(C)O[Si](*)(C)C)C4=O)cc2C1=O,160.0
*N1C(=O)c2ccc(-c3ccc4c(c3)C(=O)N(c3ccc(C(C)(C)c5ccc(N6C(=O)c7ccc([Si](C)(C)O[Si](*)(C)C)cc7C6=O)cc5)cc3)C4=O)cc2C1=O,205.0
*N1C(=O)c2ccc(-c3ccc4c(c3)C(=O)N(c3ccc(Oc5ccc(N6C(=O)c7ccc([Si](C)(C)O[Si](*)(C)C)cc7C6=O)cc5)cc3)C4=O)cc2C1=O,208.0
*CCCC[Si](C)(C)O[Si](C)(C)O[Si](C)(C)CCCCN1C(=O)c2ccc(-c3ccc4c(c3)C(=O)N(*)C4=O)cc2C1=O,90.0
*CCCC[Si](C)(C)O[Si](C)(C)O[Si](C)(C)O[Si](C)(C)CCCCN1C(=O)c2ccc(-c3ccc4c(c3)C(=O)N(*)C4=O)cc2C1=O,148.0
*CCCC[Si](C)(C)O[Si](C)(C)O[Si](C)(C)O[Si](C)(C)O[Si](C)(C)CCCCN1C(=O)c2ccc(-c3ccc4c(c3)C(=O)N(*)C4=O)cc2C1=O,140.0
*CC[Si](C)(C)O[Si](C)(C)CCN1C(=O)c2ccc(-c3ccc4c(c3)C(=O)N(*)C4=O)cc2C1=O,110.0
*CC[Si](C)(C)O[Si](C)(C)O[Si](C)(C)CCN1C(=O)c2ccc(-c3ccc4c(c3)C(=O)N(*)C4=O)cc2C1=O,100.0
*N1C(=O)c2ccc(-c3ccc4c(c3)C(=O)N3C(=O)CC5CC6CC(C5)CC4(C6)C(C)(C)c4ccc3cc4)cc2C1=O,375.0
*c1ccc2c(c1)C(=O)N(c1ccc(C(C)(C)c3ccc(N4C(=O)c5ccc(-c6ccc7c(c6)C(=O)N(*)C7=O)cc5C4=O)cc3)cc1)C2=O,298.0
*N1C(=O)c2ccc(-c3ccc4c(c3)C(=O)N(c3ccc(C(C)(C)c5ccc6c(c5)C5(c7ccccc7-6)c6ccccc65)cc3)C4=O)cc2C1=O,335.0
*N1C(=O)c2ccc(-c3ccc4c(c3)C(=O)N3C(=O)CC5CC6CC(C5)CC4(C6)c4ccc3cc4)cc2C1=O,370.0
*N1C(=O)c2ccc(-c3ccc4c(c3)C(=O)N3C(=O)CC5CC6CC(C5)CC4(Cc4ccc3cc4)C6)cc2C1=O,370.0
*c1ccc2c(c1)C(=O)N(c1ccc(Cc3ccc(N4C(=O)c5ccc(-c6ccc7c(c6)C(=O)N(*)C7=O)cc5C4=O)cc3)cc1)C2=O,290.0
*N1C(=O)c2ccc(-c3ccc4c(c3)C(=O)N3C(=O)CC5CC6CC(C5)CC4(C6)Oc4ccc3cc4)cc2C1=O,360.0
*N1C(=O)c2ccc(-c3ccc4c(c3)C(=O)N(c3ccc(Oc5ccc(C67CC8CC(CC(C8)C6)C7)cc5)cc3)C4=O)cc2C1=O,348.0
*c1ccc2c(c1)C(=O)N(c1ccc(Oc3ccc(N4C(=O)c5ccc(-c6ccc7c(c6)C(=O)N(*)C7=O)cc5C4=O)cc3)cc1)C2=O,305.0
*N1C(=O)c2ccc(-c3ccc4c(c3)C(=O)N(c3ccc(Oc5ccc6c(c5)C5(c7ccccc7-6)c6ccccc65)cc3)C4=O)cc2C1=O,340.0
*c1ccc2c(c1)C(=O)N(c1ccc(Sc3ccc(N4C(=O)c5ccc(-c6ccc7c(c6)C(=O)N(*)C7=O)cc5C4=O)cc3)cc1)C2=O,315.0
*N1C(=O)c2ccc(-c3ccc4c(c3)C(=O)n3c(=O)c5c(ccc-4-c4ccc-3cc4)C3=CC34C(=CC=CC=5)c3ccccc34)cc2C1=O,355.0
*c1ccc2c(c1)C(=O)N(c1ccc(C(C)(C)c3ccc(-c4ccc(N5C(=O)c6ccc(-c7ccc8c(c7)C(=O)N(*)C8=O)cc6C5=O)cc4)cc3)cc1)C2=O,310.0
*N1C(=O)c2ccc(-c3ccc4c(c3)C(=O)N(c3ccc(-c5ccc(C67CC8CC(CC(C8)C6)C7)cc5)cc3)C4=O)cc2C1=O,362.0
*N1C(=O)c2ccc(-c3ccc4c(c3)C(=O)N(c3ccc(-c5ccc(OC67CC8CC(CC(C8)C6)C7)cc5)cc3)C4=O)cc2C1=O,355.0
*N1C(=O)c2ccc(-c3ccc4c(c3)C(=O)N(c3ccc(-c5ccc6c(c5)C5(c7ccccc7-6)c6ccccc65)cc3)C4=O)cc2C1=O,360.0
*N1C(=O)c2ccc(-c3ccc4c(c3)C(=O)N(c3cc(F)c(F)c(F)c3)C4=O)cc2C1=O,320.0
*N1C(=O)c2ccc(-c3ccc4c(c3)C(=O)N(c3cc(F)cc(F)c3)C4=O)cc2C1=O,315.0
*c1ccc(N2C(=O)c3ccc(-c4ccc5c(c4)C(=O)N(*)C5=O)cc3C2=O)cc1,365.0
*c1ccc(C(c2ccc(N3C(=O)c4ccc(-c5ccc6c(c5)C(=O)N(*)C6=O)cc4C3=O)cc2)(C(F)(F)F)C(F)(F)F)cc1,305.0
*c1ccc(C(C)(C)c2ccc(N3C(=O)c4ccc(-c5ccc6c(c5)C(=O)N(*)C6=O)cc4C3=O)cc2)cc1,265.0
*c1ccc(Cc2ccc(N3C(=O)c4ccc(-c5ccc6c(c5)C(=O)N(*)C6=O)cc4C3=O)cc2)cc1,290.0
*c1ccc(Oc2ccc(N3C(=O)c4ccc(-c5ccc6c(c5)C(=O)N(*)C6=O)cc4C3=O)cc2)cc1,280.0
*c1ccc(C(C)(C)c2ccc(Oc3ccc(N4C(=O)c5ccc(-c6ccc7c(c6)C(=O)N(*)C7=O)cc5C4=O)cc3)cc2)cc1,280.0
*c1ccc(Oc2ccc(Oc3ccc(N4C(=O)c5ccc(-c6ccc7c(c6)C(=O)N(*)C7=O)cc5C4=O)cc3)cc2)cc1,235.0
*c1ccc(Sc2ccc(N3C(=O)c4ccc(-c5ccc6c(c5)C(=O)N(*)C6=O)cc4C3=O)cc2)cc1,270.0
*c1ccc(Oc2ccc(Sc3ccc(N4C(=O)c5ccc(-c6ccc7c(c6)C(=O)N(*)C7=O)cc5C4=O)cc3)cc2)cc1,295.0
*c1ccc(Sc2ccc(Sc3ccc(N4C(=O)c5ccc(-c6ccc7c(c6)C(=O)N(*)C7=O)cc5C4=O)cc3)cc2)cc1,258.0
*c1ccc(N2C(=O)c3ccc(-c4ccc5c(c4)C(=O)N(*)C5=O)cc3C2=O)cc1C(F)(F)F,375.0
*c1ccc2c(c1)C(=O)N(c1ccc(-c3ccc4c(c3)C(=O)N(c3ccc(-c5ccc(-c6ccc(N7C(=O)c8ccc(-c9ccc%10c(c9)C(=O)N(*)C%10=O)cc8C7=O)cc6)cc5)cc3)C4=O)cc1)C2=O,420.0
*c1ccc(O[Si](C)(C)O[Si](C)(C)Oc2ccc(N3C(=O)c4ccc(-c5ccc6c(c5)C(=O)N(*)C6=O)cc4C3=O)cc2)cc1,198.0
*c1ccc([Si](C)(C)O[Si](C)(C)c2ccc(N3C(=O)c4ccc(-c5ccc6c(c5)C(=O)N(*)C6=O)cc4C3=O)cc2)cc1,185.0
*c1ccc(-c2ccc(N3C(=O)c4ccc(-c5ccc6c(c5)C(=O)N(*)C6=O)cc4C3=O)cc2)cc1,385.0
*c1ccc(-c2ccc(-c3ccc(N4C(=O)c5ccc(-c6ccc7c(c6)C(=O)N(*)C7=O)cc5C4=O)cc3)cc2)cc1,415.0
*N1C(=O)c2ccc(-c3ccc(-c4ccc(N5C(=O)c6ccc(-c7ccc8c(c7)C(=O)N(*)C8=O)cc6C5=O)cc4)cc3)cc2C1=O,445.0
*N1C(=O)c2ccc(-c3ccc(N4C(=O)c5ccc(-c6ccc7c(c6)C(=O)N(*)C7=O)cc5C4=O)cc3)cc2C1=O,415.0
*c1ccc(N2C(=O)c3ccc(-c4ccc(N5C(=O)c6ccc(-c7ccc8c(c7)C(=O)N(*)C8=O)cc6C5=O)cc4)cc3C2=O)cc1,505.0
*N1C(=O)c2ccc(-c3ccc4c(c3)C(=O)N(c3ccc5c(c3)C(=O)N(*)C5=O)C4=O)cc2C1=O,440.0
*c1ccc(N2C(=O)c3ccc(N4C(=O)c5ccc(-c6ccc7c(c6)C(=O)N(*)C7=O)cc5C4=O)cc3C2=O)cc1,485.0
*c1ccc(-c2ccc(N3C(=O)c4ccc(N5C(=O)c6ccc(-c7ccc8c(c7)C(=O)N(*)C8=O)cc6C5=O)cc4C3=O)cc2)cc1,495.0
*c1ccc2cc(N3C(=O)c4ccc(-c5ccc6c(c5)C(=O)N(*)C6=O)cc4C3=O)ccc2c1,370.0
*c1ccc2ccc(N3C(=O)c4ccc(-c5ccc6c(c5)C(=O)N(*)C6=O)cc4C3=O)cc2c1,380.0
*c1cccc(Oc2cccc(N3C(=O)c4ccc(-c5ccc6c(c5)C(=O)N(*)C6=O)cc4C3=O)c2)c1,300.0
*N1C(=O)c2ccc(-c3ccc4c(c3)C(=O)N(c3cccc5c3C(=O)N(*)C5=O)C4=O)cc2C1=O,455.0
*c1cccc2c(N3C(=O)c4ccc(-c5ccc6c(c5)C(=O)N(*)C6=O)cc4C3=O)cccc12,430.0
*c1cccc2cccc(N3C(=O)c4ccc(-c5ccc6c(c5)C(=O)N(*)C6=O)cc4C3=O)c12,420.0
*c1ccc2c(c1)C(=O)N(c1ccc3c(c1)C(C)(C)c1cc(-c4ccc5c(c4)C(=O)N(*)C5=O)ccc1-3)C2=O,365.0
*c1ccc2c(c1)C(=O)N(c1ccc3c(c1)C(C)(C)c1ccc(-c4ccc5c(c4)C(=O)N(*)C5=O)cc1C3(C)C)C2=O,350.0
*c1ccc2c(c1)C(=O)N(c1ccc(C3(c4ccccc4)c4ccccc4-c4ccc(-c5ccc6c(c5)C(=O)N(*)C6=O)cc43)cc1)C2=O,425.0
*N1C(=O)c2ccc(-c3ccc4c(c3)C(c3ccccc3)c3ccccc3-4)cc2C1=O,370.0
*c1ccc2c(c1)C(=O)N(c1cc3c(cc1C)C(c1ccccc1)(c1ccccc1)c1cc(-c4ccc5c(c4)C(=O)N(*)C5=O)ccc1-3)C2=O,405.0
*c1ccc2c(c1)C(=O)N(c1ccc3c(c1)C(c1ccccc1)(c1ccccc1)c1cc(-c4ccc5c(c4)C(=O)N(*)C5=O)ccc1-3)C2=O,380.0
*c1ccc2c(c1)C(=O)N(c1ccc3c(c1)-c1ccc(-c4ccc5c(c4)C(=O)N(*)C5=O)cc1C3(c1ccccc1)c1ccccc1)C2=O,415.0
*c1ccc2c(c1)C(=O)N(c1ccc3c(c1)Cc1ccc(-c4ccc5c(c4)C(=O)N(*)C5=O)cc1C3(c1ccccc1)c1ccccc1)C2=O,400.0
*c1ccc2c(c1)C(=O)N(c1ccc3c(c1)Cc1ccc(-c4ccc5c(c4)C(=O)N(*)C5=O)cc1C31CCCC1)C2=O,360.0
*N1C(=O)c2ccc(-c3ccc4ccc5c(c4c3)C(=O)N(*)C5=O)cc2C1=O,415.0
*c1ccc2c(c1)C(=O)N(c1ccc3c4ccccc4c4ccc(-c5ccc6c(c5)C(=O)N(*)C6=O)cc4c3c1)C2=O,440.0
*c1ccc2c(c1)C(=O)N(c1ccc3c(c1)C(=O)c1ccc(-c4ccc5c(c4)C(=O)N(*)C5=O)cc1-3)C2=O,670.0
*N1C(=O)c2ccc(-c3ccc4c(c3)-c3ccc(cc3)C(=O)N4*)cc2C1=O,425.0
*N1C(=O)c2ccc(-c3ccc4c(=O)c5ccc(cc5)c4c3)cc2C1=O,460.0
*c1ccc2c(c1)C(=O)N(C(=O)c1ccc3cc(-c4ccc5c(c4)C(=O)N(*)C5=O)ccc3c1)C2=O,365.0
*c1ccc2c(c1)C(=O)N(c1ccc3cc(-c4ccc5c(c4)C(=O)N(*)C5=O)ccc3c1)C2=O,345.0
*c1cccc2ccc3cc(-c4ccc5c(c4)C(=O)N(*)C5=O)ccc3c12,375.0
*c1ccc2c(c1)C(=O)N(c1cccc3ccc4cc(-c5ccc6c(c5)C(=O)N(*)C6=O)ccc4c13)C2=O,430.0
*c1cccc2cc(-c3ccc4c(c3)C(=O)N(*)C4=O)ccc12,430.0
*N1C(=O)c2ccc(-c3ccc4c(=O)n(*)c(=O)c5ccc(c3)c45)cc2C1=O,425.0
*c1ccc(-c2ccc(-n3c(=O)c4ccc(-c5ccc6c(c5)C(=O)N(*)C6=O)cc5ccc(c3=O)c54)cc2)cc1,440.0
*c1ccc2cc3ccc(-c4ccc5c(c4)C(=O)N(*)C5=O)cc3cc2c1,690.0
*c1ccc2c(c1)C(=O)N(C(=O)c1cccc(-c3ccc4c(c3)C(=O)N(*)C4=O)c1)C2=O,355.0
*c1ccc2c(c1)C(=O)N(c1ccc(OC(=O)c3cccc(-c4ccc5c(c4)C(=O)N(*)C5=O)c3)cc1)C2=O,305.0
*c1ccc(C(=O)c2cccc(-c3ccc4c(c3)C(=O)N(*)C4=O)c2)cc1,330.0
*c1ccc2c(c1)C(=O)N(c1ccc(C(=O)c3cccc(-c4ccc5c(c4)C(=O)N(*)C5=O)c3)cc1)C2=O,345.0
*c1ccc(C(C)(C)c2cccc(-c3ccc4c(c3)C(=O)N(*)C4=O)c2)cc1,305.0
*c1ccc2c(c1)C(=O)N(c1cccc(C(C)(C)c3cccc(-c4ccc5c(c4)C(=O)N(*)C5=O)c3)c1)C2=O,342.0
*c1ccc2c(c1)C(=O)N(c1ccc(Cc3cccc(-c4ccc5c(c4)C(=O)N(*)C5=O)c3)cc1)C2=O,248.0
*c1ccc2c(c1)C(=O)N(c1cccc(-c3ccc4c(c3)C(=O)N(*)C4=O)c1)C2=O,270.0
*N1C(=O)c2ccc(-c3cccc(N4C(=O)c5ccccc5C4=O)c3)cc2C1=O,290.0
*C(=O)c1ccc(C(=O)N(*)c2ccc(Oc3cccc(-c4ccc5c(c4)C(=O)N(*)C5=O)c3)cc2)cc1,268.0
*c1ccc2c(c1)C(=O)N(c1ccc(Oc3cccc(-c4ccc5c(c4)C(=O)N(*)C5=O)c3)cc1)C2=O,265.0
*c1cccc(Oc2cccc(-c3ccc4c(c3)C(=O)N(*)C4=O)c2)c1,270.0
*C(=O)c1ccc(C(=O)N(*)c2cccc(Oc3cccc(-c4ccc5c(c4)C(=O)N(*)C5=O)c3)c2)cc1,260.0
*c1ccc(S(=O)(=O)c2cccc(-c3ccc4c(c3)C(=O)N(*)C4=O)c2)cc1,320.0
*c1ccc2c(c1)C(=O)N(c1ccc(S(=O)(=O)c3cccc(-c4ccc5c(c4)C(=O)N(*)C5=O)c3)cc1)C2=O,300.0
*c1ccc2c(c1)C(=O)N(c1cccc(S(=O)(=O)c3cccc(-c4ccc5c(c4)C(=O)N(*)C5=O)c3)c1)C2=O,310.0
*c1ccc2c(c1)C(=O)N(c1cccc(C(F)(F)c3cccc(-c4ccc5c(c4)C(=O)N(*)C5=O)c3)c1)C2=O,310.0
*c1ccc2c(c1)C(=O)N(c1cccc(Cc3cccc(-c4ccc5c(c4)C(=O)N(*)C5=O)c3)c1)C2=O,295.0
*N1C(=O)c2ccc(-c3cccc(-n4c(=O)c5cc6c(=O)n(*)c(=O)c6cc5c4=O)c3)cc2C1=O,375.0
*c1ccc(-c2cccc(-c3ccc4c(c3)C(=O)N(*)C4=O)c2)cc1,445.0
*N1C(=O)c2ccc(-c3cccc(-c4ccc5c(c4)C(=O)N(*)C5=O)c3)cc2C1=O,330.0
*c1cccc(-c2cccc(-c3ccc4c(c3)C(=O)N(*)C4=O)c2)c1,350.0
*c1ccc2c(c1)C(=O)N(c1ccc(-c3cccc(-c4ccc5c(c4)C(=O)N(*)C5=O)c3)cc1)C2=O,615.0
*N1C(=O)c2ccc(-c3cccc4c3C(=O)N(*)C4=O)cc2C1=O,410.0
*c1ccc(N2C(=O)c3cccc(-c4ccc5c(c4)C(=O)N(*)C5=O)c3C2=O)cc1,415.0
*c1cccc2c(-c3ccc4c(c3)C(=O)N(*)C4=O)cccc12,415.0
*c1ccc2c(c1)C(=O)N(c1cccc3c(-c4ccc5c(c4)C(=O)N(*)C5=O)cccc13)C2=O,425.0
*c1cccc2cccc(-c3ccc4c(c3)C(=O)N(*)C4=O)c12,405.0
*c1cccc2cccc(-c3ccc4c(c3)C(=O)N(c3cccc5cccc(-c6ccc7c(c6)C(=O)N(*)C7=O)c35)C4=O)c12,460.0
*c1ccc2c(c1)C(=O)N(c1ccc3nc(-c4ccc5c(c4)C(=O)N(*)C5=O)sc3c1)C2=O,290.0
*N1C(=O)c2ccc3c(c2C1=O)c(=O)n(*)c1ccc2c(c31)C2(c1ccccc1)c1ccccc1,385.0
*N1C(=O)c2ccc3c(c2C1=O)c(=O)n(*)c1ccccc31,440.0
*CCC(C*n1c(=O)c2ccc3c(=O)n(*)c(=O)c3c2c1=O)(C(F)(F)F)C(F)(F)F,205.0
*CCCC*n1c(=O)c2ccc3c(=O)n(*)c(=O)c3c2c1=O,120.0
*CCCCCCCC*n1c(=O)c2ccc3c(=O)n(*)c(=O)c3c2c1=O,80.0
*CCC(=O)OCCC(=O)OCC*n1c(=O)c2ccc3c(=O)n(*)c(=O)c3c2c1=O,120.0
*COCCOCC*n1c(=O)c2ccc3c(=O)n(*)c(=O)c3c2c1=O,110.0
*CCOCCOCC*n1c(=O)c2ccc3c(=O)n(*)c(=O)c3c2c1=O,95.0
*n1c(=O)c2ccc3c(=O)n(*c4ccc(CC(F)(F)F)cc4)c(=O)c3c2c1=O,258.0
*n1c(=O)c2ccc3c(=O)n(*c4cc(C(F)(F)F)cc(C(F)(F)F)c4)c(=O)c3c2c1=O,328.0
*c1ccc(Oc2c(*n3c(=O)c4ccc5c(=O)n(*)c(=O)c5c4c3=O)cc(C(F)(F)F)cc2C(F)(F)F)cc1,345.0
*c1ccc(Oc2cc(*n3c(=O)c4ccc5c(=O)n(*)c(=O)c5c4c3=O)cc(C(F)(F)F)c2)cc1,295.0
*c1ccc(Oc2ccc(C(F)(F)F)cc2*n2c(=O)c3ccc4c(=O)n(*)c(=O)c4c3c2=O)cc1,258.0
*c1cc(C)c(*n2c(=O)c3ccc4c(=O)n(*)c(=O)c4c3c2=O)cc1C,210.0
*n1c(=O)c2ccc3c(=O)n(*c4cc(F)c(F)c(F)c4F)c(=O)c3c2c1=O,205.0
*n1c(=O)c2ccc3c(=O)n(*c4cc(OC(F)(F)F)cc(OC(F)(F)F)c4)c(=O)c3c2c1=O,310.0
*c1cccc(C(=O)c2ccc(*n3c(=O)c4ccc5c(=O)n(*)c(=O)c5c4c3=O)cc2)c1,315.0
*n1c(=O)c2ccc3c(=O)n(*c4ccc(C(C(F)(F)F)C(F)(F)F)cc4)c(=O)c3c2c1=O,340.0
*n1c(=O)c2ccc3c(=O)n(*c4ccc(C(c5ccc(-n6c(=O)c7ccc8c(=O)n(*)c(=O)c8c7c6=O)cc5)(C(F)(F)F)C(F)(F)F)cc4)c(=O)c3c2c1=O,330.0
*c1ccc(Oc2ccc(C(c3ccc(*n4c(=O)c5ccc6c(=O)n(*)c(=O)c6c5c4=O)cc3)(C(F)(F)F)C(F)(F)F)cc2)cc1,245.0
*n1c(=O)c2ccc3c(=O)n(*c4ccc(C(C)(C)c5ccc(N6C(=O)c7ccccc7C6=O)cc5)cc4)c(=O)c3c2c1=O,350.0
*n1c(=O)c2ccc3c(=O)n(*c4ccc(C(F)(F)F)c(C(F)(F)F)c4)c(=O)c3c2c1=O,315.0
*n1c(=O)c2ccc3c(=O)n(*c4ccc(C(F)(F)F)c(F)c4)c(=O)c3c2c1=O,300.0
*c1ccc(Oc2cc(*n3c(=O)c4ccc5c(=O)n(*)c(=O)c5c4c3=O)ccc2C(F)(F)F)cc1,260.0
*n1c(=O)c2ccc3c(=O)n(*c4ccc(C(F)(F)F)c(Oc5ccc(C(F)(F)F)cc5)c4)c(=O)c3c2c1=O,290.0
*n1c(=O)c2ccc3c(=O)n(*c4ccc(C(F)(F)F)cc4)c(=O)c3c2c1=O,320.0
*n1c(=O)c2ccc3c(=O)n(*c4ccc(C(F)(F)F)cc4C(F)(F)F)c(=O)c3c2c1=O,360.0
*c1ccc(C(F)(F)c2ccc(*n3c(=O)c4ccc5c(=O)n(*)c(=O)c5c4c3=O)cc2)cc1,245.0
*n1c(=O)c2ccc3c(=O)n(*c4ccc(C)cc4C)c(=O)c3c2c1=O,305.0
*c1ccc(Cc2ccc(*n3c(=O)c4ccc5c(=O)n(*)c(=O)c5c4c3=O)cc2)cc1,280.0
*n1c(=O)c2ccc3c(=O)n(*c4ccc(Cc5ccc(C(F)(F)F)cc5)cc4)c(=O)c3c2c1=O,255.0
*c1cccc(Cc2ccc(*n3c(=O)c4ccc5c(=O)n(*)c(=O)c5c4c3=O)cc2)c1,285.0
*n1c(=O)c2ccc3c(=O)n(*c4ccc(Cl)cc4)c(=O)c3c2c1=O,240.0
*n1c(=O)c2ccc3c(=O)n(*c4ccc(F)c(C(F)(F)F)c4)c(=O)c3c2c1=O,310.0
*n1c(=O)c2ccc3c(=O)n(*c4ccc(F)c(F)c4)c(=O)c3c2c1=O,310.0
*n1c(=O)c2ccc3c(=O)n(*c4ccc(F)cc4)c(=O)c3c2c1=O,300.0
*c1ccc(N(c2ccc(*n3c(=O)c4ccc5c(=O)n(*)c(=O)c5c4c3=O)cc2)c2ccc(C(F)(F)F)cc2)cc1,260.0
*n1c(=O)c2ccc3c(=O)n(*c4ccc(NC(=O)c5ccc(C(F)(F)F)cc5)cc4)c(=O)c3c2c1=O,290.0
*n1c(=O)c2ccc3c(=O)n(*c4ccc(Nc5ccc(C(F)(F)F)cc5)cc4)c(=O)c3c2c1=O,255.0
*c1ccc(C(=O)Oc2ccc(*n3c(=O)c4ccc5c(=O)n(*)c(=O)c5c4c3=O)cc2)cc1,215.0
*n1c(=O)c2ccc3c(=O)n(*c4ccc(OC(=O)c5ccc(C(F)(F)F)cc5)cc4)c(=O)c3c2c1=O,270.0
*n1c(=O)c2ccc3c(=O)n(*c4ccc(OC(F)(F)F)cc4)c(=O)c3c2c1=O,270.0
*n1c(=O)c2ccc3c(=O)n(*c4ccc(OC)c(OC)c4)c(=O)c3c2c1=O,270.0
*c1ccc(Oc2ccc(*n3c(=O)c4ccc5c(=O)n(*)c(=O)c5c4c3=O)cc2)c(C(F)(F)F)c1,270.0
*n1c(=O)c2ccc3c(=O)n(*c4ccc(Oc5ccc(C(=O)n6c(=O)c7ccc8c(=O)n(*)c(=O)c8c7c6=O)cc5)cc4)c(=O)c3c2c1=O,255.0
*c1ccc(Oc2ccc(C(c3ccc(Oc4ccc(*n5c(=O)c6ccc7c(=O)n(*)c(=O)c7c6c5=O)cc4)cc3)(C(F)(F)F)C(F)(F)F)cc2)cc1,245.0
*c1ccc(C(C)(C)c2ccc(Oc3ccc(*n4c(=O)c5ccc6c(=O)n(*)c(=O)c6c5c4=O)cc3)cc2)cc1,265.0
*n1c(=O)c2ccc3c(=O)n(*c4ccc(Oc5ccc(C(F)(F)F)cc5)c(C(F)(F)F)c4)c(=O)c3c2c1=O,268.0
*n1c(=O)c2ccc3c(=O)n(*c4ccc(Oc5ccc(C(F)(F)F)cc5)cc4)c(=O)c3c2c1=O,295.0
*n1c(=O)c2ccc3c(=O)n(*c4ccc(Oc5ccc(OC(F)(F)F)cc5)cc4)c(=O)c3c2c1=O,245.0
*c1ccc(Oc2ccc(Oc3ccc(*n4c(=O)c5ccc6c(=O)n(*)c(=O)c6c5c4=O)cc3)cc2)cc1,270.0
*n1c(=O)c2ccc3c(=O)n(*c4ccc(Oc5ccc(Oc6ccc(C(F)(F)F)cc6)cc5)cc4)c(=O)c3c2c1=O,250.0
*c1ccc(S(=O)(=O)c2ccc(Oc3ccc(*n4c(=O)c5ccc6c(=O)n(*)c(=O)c6c5c4=O)cc3)cc2)cc1,335.0
*c1cccc(Oc2ccc(*n3c(=O)c4ccc5c(=O)n(*)c(=O)c5c4c3=O)cc2)c1,315.0
*c1cccc(C(C)(C)c2cccc(Oc3ccc(*n4c(=O)c5ccc6c(=O)n(*)c(=O)c6c5c4=O)cc3)c2)c1,282.0
*n1c(=O)c2ccc3c(=O)n(*c4ccc(SC(F)(F)F)cc4)c(=O)c3c2c1=O,248.0
*c1ccc(Sc2ccc(*n3c(=O)c4ccc5c(=O)n(*)c(=O)c5c4c3=O)cc2)cc1,340.0
*n1c(=O)c2ccc3c(=O)n(*c4ccc(Sc5ccc(C(F)(F)F)cc5)cc4)c(=O)c3c2c1=O,260.0
*c1cccc(Sc2ccc(*n3c(=O)c4ccc5c(=O)n(*)c(=O)c5c4c3=O)cc2)c1,310.0
*c1ccc(-c2ccc(*n3c(=O)c4ccc5c(=O)n(*)c(=O)c5c4c3=O)c(OC)c2)cc1,295.0
*n1c(=O)c2ccc3c(=O)n(*c4ccc(-c5ccc(C(F)(F)F)cc5)cc4)c(=O)c3c2c1=O,300.0
*c1cccc(-c2ccc(*n3c(=O)c4ccc5c(=O)n(*)c(=O)c5c4c3=O)c(F)c2)c1,305.0
*c1ccc(*n2c(=O)c3ccc4c(=O)n(*)c(=O)c4c3c2=O)cc1,380.0
*c1ccc(OC(=O)c2ccc(*n3c(=O)c4ccc5c(=O)n(*)c(=O)c5c4c3=O)cc2)cc1,315.0
*c1ccc(C(=O)c2ccc(*n3c(=O)c4ccc5c(=O)n(*)c(=O)c5c4c3=O)cc2)cc1,345.0
*c1ccc(Oc2ccc(C(=O)c3ccc(*n4c(=O)c5ccc6c(=O)n(*)c(=O)c6c5c4=O)cc3)cc2)cc1,310.0
*c1ccc(Oc2cccc(C(=O)c3ccc(*n4c(=O)c5ccc6c(=O)n(*)c(=O)c6c5c4=O)cc3)c2)cc1,305.0
*c1ccc(C(C)(C)c2ccc(*n3c(=O)c4ccc5c(=O)n(*)c(=O)c5c4c3=O)cc2)cc1,260.0
*c1ccc(Oc2ccc(C(C)(C)c3ccc(*n4c(=O)c5ccc6c(=O)n(*)c(=O)c6c5c4=O)cc3)cc2)cc1,285.0
*c1cccc(C(C)(C)c2ccc(*n3c(=O)c4ccc5c(=O)n(*)c(=O)c5c4c3=O)cc2)c1,320.0
*c1ccc(C2(c3ccc(*n4c(=O)c5ccc6c(=O)n(*)c(=O)c6c5c4=O)cc3)CCCCC2)cc1,195.0
*c1ccc(OC(=O)Cc2ccc(*n3c(=O)c4ccc5c(=O)n(*)c(=O)c5c4c3=O)cc2)cc1,220.0
*n1c(=O)c2ccc3c(=O)n(*c4ccc(Cc5ccc(F)cc5)cc4)c(=O)c3c2c1=O,282.0
*c1ccc(N(C)c2ccc(*n3c(=O)c4ccc5c(=O)n(*)c(=O)c5c4c3=O)cc2)cc1,200.0
*n1c(=O)c2ccc3c(=O)n(*c4ccc(-n5c(=O)c6ccc7c(=O)n(*)c(=O)c7c6c5=O)cc4)c(=O)c3c2c1=O,360.0
*n1c(=O)c2ccc3c(=O)n(*c4ccc(N5C(=O)c6ccccc6C5=O)cc4)c(=O)c3c2c1=O,400.0
*n1c(=O)c2ccc3c(=O)n(*c4ccc(OC(C)(C)C)cc4)c(=O)c3c2c1=O,235.0
*c1ccc(Oc2ccc(C(C)(C)Oc3ccc(*n4c(=O)c5ccc6c(=O)n(*)c(=O)c6c5c4=O)cc3)cc2)cc1,220.0
*n1c(=O)c2ccc3c(=O)n(*c4ccc(OC(F)(F)C(F)(F)F)cc4)c(=O)c3c2c1=O,265.0
*c1ccc(OC(F)(F)C(F)(F)Oc2ccc(*n3c(=O)c4ccc5c(=O)n(*)c(=O)c5c4c3=O)cc2)cc1,220.0
*n1c(=O)c2ccc3c(=O)n(*c4ccc(OC5CCCCC5)cc4)c(=O)c3c2c1=O,210.0
*n1c(=O)c2ccc3c(=O)n(*c4ccc(OCC(C)C)cc4)c(=O)c3c2c1=O,200.0
*N1C(=O)c2ccc(Oc3ccc(*n4c(=O)c5ccc6c(=O)n(*)c(=O)c6c5c4=O)cc3)cc2C1=O,260.0
*c1ccc(Oc2ccc(C(=O)c3ccc(Oc4ccc(*n5c(=O)c6ccc7c(=O)n(*)c(=O)c7c6c5=O)cc4)cc3)cc2)cc1,258.0
*c1ccc(Cc2ccc(Oc3ccc(*n4c(=O)c5ccc6c(=O)n(*)c(=O)c6c5c4=O)cc3)cc2)cc1,245.0
*c1ccc(Oc2ccc(Oc3ccc(Oc4ccc(*n5c(=O)c6ccc7c(=O)n(*)c(=O)c7c6c5=O)cc4)cc3)cc2)cc1,228.0
*c1ccc(Oc2ccc(S(=O)(=O)c3ccc(Oc4ccc(*n5c(=O)c6ccc7c(=O)n(*)c(=O)c7c6c5=O)cc4)cc3)cc2)cc1,268.0
*c1ccc(Oc2ccc(-c3ccc(Oc4ccc(*n5c(=O)c6ccc7c(=O)n(*)c(=O)c7c6c5=O)cc4)cc3)cc2)cc1,243.0
*c1ccc(Oc2ccc(C(C)(C)c3ccc(Oc4ccc(*n5c(=O)c6ccc7c(=O)n(*)c(=O)c7c6c5=O)cc4)cc3)cc2)cc1,245.0
*n1c(=O)c2ccc3c(=O)n(*c4ccc(Oc5cccc(F)c5)cc4)c(=O)c3c2c1=O,248.0
*n1c(=O)c2ccc3c(=O)n(*c4ccc(Oc5ccccc5)cc4)c(=O)c3c2c1=O,265.0
*c1ccc(S(=O)(=O)c2ccc(*n3c(=O)c4ccc5c(=O)n(*)c(=O)c5c4c3=O)cc2)cc1,360.0
*c1cccc(S(=O)(=O)c2ccc(*n3c(=O)c4ccc5c(=O)n(*)c(=O)c5c4c3=O)cc2)c1,330.0
*c1ccc(-c2ccc(*n3c(=O)c4ccc5c(=O)n(*)c(=O)c5c4c3=O)cc2)cc1,360.0
*c1ccc(C(=O)c2ccc(-c3ccc(*n4c(=O)c5ccc6c(=O)n(*)c(=O)c6c5c4=O)cc3)cc2)cc1,325.0
*c1ccc(C(C)(c2ccc(-c3ccc(*n4c(=O)c5ccc6c(=O)n(*)c(=O)c6c5c4=O)cc3)cc2)C(F)(F)F)cc1,265.0
*c1ccc(Oc2ccc(C(C)(C)c3ccc(-c4ccc(*n5c(=O)c6ccc7c(=O)n(*)c(=O)c7c6c5=O)cc4)cc3)cc2)cc1,258.0
*n1c(=O)c2ccc3c(=O)n(*c4ccc(-c5ccc(C(F)(F)F)c(C(F)(F)F)c5)cc4)c(=O)c3c2c1=O,235.0
*c1ccc(Cc2ccc(-c3ccc(*n4c(=O)c5ccc6c(=O)n(*)c(=O)c6c5c4=O)cc3)cc2)cc1,275.0
*n1c(=O)c2ccc3c(=O)n(*c4ccc(-c5ccc(F)cc5)cc4)c(=O)c3c2c1=O,305.0
*n1c(=O)c2ccc3c(=O)n(*c4ccc(-c5ccc(OC)cc5)cc4)c(=O)c3c2c1=O,290.0
*c1ccc(Oc2ccc(-c3ccc(*n4c(=O)c5ccc6c(=O)n(*)c(=O)c6c5c4=O)cc3)cc2)cc1,268.0
*c1ccc(S(=O)(=O)c2ccc(-c3ccc(*n4c(=O)c5ccc6c(=O)n(*)c(=O)c6c5c4=O)cc3)cc2)cc1,310.0
*n1c(=O)c2ccc3c(=O)n(*c4ccc(-c5ccc(-n6c(=O)c7ccc8c(=O)n(*)c(=O)c8c7c6=O)cc5)cc4)c(=O)c3c2c1=O,315.0
*n1c(=O)c2ccc3c(=O)n(*c4ccc(-c5ccc6ccccc6c5)cc4)c(=O)c3c2c1=O,310.0
*c1cccc(-c2ccc(*n3c(=O)c4ccc5c(=O)n(*)c(=O)c5c4c3=O)cc2)c1,320.0
*n1c(=O)c2ccc3c(=O)n(*c4ccc(-c5ccncc5)cc4)c(=O)c3c2c1=O,275.0
*n1c(=O)c2ccc3c(=O)n(*c4ccc(-c5nc6ccccc6n5*)cc4)c(=O)c3c2c1=O,330.0
*n1c(=O)c2ccc3c(=O)n(*c4ccc(-c5nc6ccccc6s5)cc4)c(=O)c3c2c1=O,290.0
*n1c(=O)c2ccc3c(=O)n(*c4ccc(-n5ccnc5)cc4)c(=O)c3c2c1=O,265.0
*N1C(=O)c2ccc(*n3c(=O)c4ccc5c(=O)n(*)c(=O)c5c4c3=O)cc2C1=O,420.0
*n1c(=O)c2ccc3c(=O)n(*c4ccc5c(c4)Oc4ccc(C(F)(F)F)cc4O5)c(=O)c3c2c1=O,285.0
*n1c(=O)c2ccc3c(=O)n(*c4ccc5ccccc5c4)c(=O)c3c2c1=O,375.0
*c1cccc(*n2c(=O)c3ccc4c(=O)n(*)c(=O)c4c3c2=O)c1,375.0
*c1cccc(Cc2cccc(*n3c(=O)c4ccc5c(=O)n(*)c(=O)c5c4c3=O)c2)c1,290.0
*n1c(=O)c2ccc3c(=O)n(*c4cccc(Cl)c4)c(=O)c3c2c1=O,302.0
*n1c(=O)c2ccc3c(=O)n(*c4cccc(F)c4)c(=O)c3c2c1=O,280.0
*n1c(=O)c2ccc3c(=O)n(*c4cccc(F)c4F)c(=O)c3c2c1=O,268.0
*c1ccc(Oc2ccc(Oc3cccc(*n4c(=O)c5ccc6c(=O)n(*)c(=O)c6c5c4=O)c3)cc2)cc1,235.0
*n1c(=O)c2ccc3c(=O)n(*c4cccc(Oc5ccc(C(F)(F)F)cc5)c4)c(=O)c3c2c1=O,260.0
*c1cccc(Oc2cccc(*n3c(=O)c4ccc5c(=O)n(*)c(=O)c5c4c3=O)c2)c1,218.0
*n1c(=O)c2ccc3c(=O)n(*c4cccc(Sc5ccccc5)c4)c(=O)c3c2c1=O,240.0
*c1ccc(C(=O)c2cccc(*n3c(=O)c4ccc5c(=O)n(*)c(=O)c5c4c3=O)c2)cc1,340.0
*c1cccc(C(=O)c2cccc(*n3c(=O)c4ccc5c(=O)n(*)c(=O)c5c4c3=O)c2)c1,355.0
*c1ccccc1C(=O)c1cccc(*n2c(=O)c3ccc4c(=O)n(*)c(=O)c4c3c2=O)c1,305.0
*c1cccc(C(c2cccc(*n3c(=O)c4ccc5c(=O)n(*)c(=O)c5c4c3=O)c2)(C(F)(F)F)C(F)(F)F)c1,200.0
*c1ccc(C(C)(C)c2cccc(*n3c(=O)c4ccc5c(=O)n(*)c(=O)c5c4c3=O)c2)cc1,325.0
*n1c(=O)c2ccc3c(=O)n(*c4cccc(C)c4)c(=O)c3c2c1=O,310.0
*c1ccc(Cc2cccc(*n3c(=O)c4ccc5c(=O)n(*)c(=O)c5c4c3=O)c2)cc1,275.0
*c1ccccc1Cc1cccc(*n2c(=O)c3ccc4c(=O)n(*)c(=O)c4c3c2=O)c1,265.0
*n1c(=O)c2ccc3c(=O)n(*c4cccc(-n5c(=O)c6ccc7c(=O)n(*)c(=O)c7c6c5=O)c4)c(=O)c3c2c1=O,345.0
*n1c(=O)c2ccc3c(=O)n(*c4cccc(N5C(=O)c6ccccc6C5=O)c4)c(=O)c3c2c1=O,390.0
*c1ccc(Oc2cccc(*n3c(=O)c4ccc5c(=O)n(*)c(=O)c5c4c3=O)c2)cc1,295.0
*n1c(=O)c2ccc3c(=O)n(*c4cccc(Oc5ccccc5)c4)c(=O)c3c2c1=O,263.0
*c1ccccc1Oc1cccc(*n2c(=O)c3ccc4c(=O)n(*)c(=O)c4c3c2=O)c1,260.0
*c1ccc(S(=O)(=O)c2cccc(*n3c(=O)c4ccc5c(=O)n(*)c(=O)c5c4c3=O)c2)cc1,358.0
*c1ccccc1S(=O)(=O)c1cccc(*n2c(=O)c3ccc4c(=O)n(*)c(=O)c4c3c2=O)c1,320.0
*c1ccc(Sc2cccc(*n3c(=O)c4ccc5c(=O)n(*)c(=O)c5c4c3=O)c2)cc1,278.0
*n1c(=O)c2ccc3c(=O)n(*c4cccc(-c5ccccc5)c4)c(=O)c3c2c1=O,320.0
*c1ccc(-c2cccc(*n3c(=O)c4ccc5c(=O)n(*)c(=O)c5c4c3=O)c2)cc1,328.0
*c1ccc(-c2cccc(*n3c(=O)c4ccc5c(=O)n(*)c(=O)c5c4c3=O)c2F)cc1,298.0
*c1ccc(-c2cccc(*n3c(=O)c4ccc5c(=O)n(*)c(=O)c5c4c3=O)c2OC)cc1,285.0
*c1cccc2cccc(*n3c(=O)c4ccc5c(=O)n(*)c(=O)c5c4c3=O)c12,300.0
*n1c(=O)c2ccc3c(=O)n(*c4cccc5ccccc45)c(=O)c3c2c1=O,365.0
*C1CC2CC3(C1)CC(n1c(=O)c4ccc5c(=O)n(*)c(=O)c5c4c1=O)(C2)C3,350.0
*n1c(=O)c2ccc3c(=O)n(C45CC6CC(CC(C6)C4)C5)c(=O)c3c2c1=O,280.0
*C1CC(C)CC(CC2(n3c(=O)c4ccc5c(=O)n(*)c(=O)c5c4c3=O)CC3CC(*)CC(C3)C2)C1,340.0
*c1ccc(OCCOCCOc2ccc(-n3c(=O)c4ccc5c(=O)n(*)c(=O)c5c4c3=O)cc2)cc1,155.0
*c1ccc(OCCOc2ccc(-n3c(=O)c4ccc5c(=O)n(*)c(=O)c5c4c3=O)cc2)cc1,185.0
*n1c(=O)c2ccc3c(=O)n(-c4ccc(Oc5ccc(C(c6ccc(Oc7ccc(-n8c(=O)c9ccc%10c(=O)n(*)c(=O)c%10c9c8=O)cc7)cc6)(C(F)(F)F)C(F)(F)F)cc5)cc4)c(=O)c3c2c1=O,265.0
*n1c(=O)c2ccc3c(=O)n(-c4ccc(-c5ccc(C(F)(F)F)cc5)cc4)c(=O)c3c2c1=O,285.0
*C(C)CCCCn1c(=O)c2ccc3c(=O)n(*)c(=O)c3c2c1=O,110.0
*CCCCCCn1c(=O)c2ccc3c(=O)n(*)c(=O)c3c2c1=O,120.0
*n1c(=O)c2ccc3c(=O)n(CCCCCCCC)c(=O)c3c2c1=O,160.0
*c1ccc(=O)n2c(=O)c3c(ccc4c(=O)n(*)c(=O)c43)c(cc1)c(=O)c1ccc2cc1,285.0
*N1C(=O)c2ccc(C(C)(C)c3ccc(-n4c(=O)c5ccc6c(=O)n(*)c(=O)c6c5c4=O)cc3)cc2C1=O,290.0
*n1c(=O)c2ccc3c(=O)n(-c4ccc(C(C)(c5ccccc5)c5ccccc5)cc4)c(=O)c3c2c1=O,285.0
*N1C(=O)c2ccc3c4ccc(-n5c(=O)c6ccc7c(=O)n(*)c(=O)c7c6c5=O)ccc(=O)n(c(=O)c3c2C1=O)-c1ccc(cc1)C4(F)F,340.0
*C1CC2CC(C1)CC(c1ccc(-n3c(=O)c4ccc5c(=O)n(*)c(=O)c5c4c3=O)cc1)C2,310.0
*n1c(=O)c2ccc3c(=O)n(-c4ccc(C5CC6CC(C5)CC(n5c(=O)c7ccc8c(=O)n(*)c(=O)c8c7c5=O)C6)cc4)c(=O)c3c2c1=O,370.0
*N1C(=O)c2ccc3c4ccc(-n5c(=O)c6ccc7c(=O)n(*)c(=O)c7c6c5=O)ccc(=O)n(c(=O)c3c2C1=O)-c1ccc(cc1)C4,295.0
*N1C(=O)c2ccc(Cc3ccc(-n4c(=O)c5ccc6c(=O)n(*)c(=O)c6c5c4=O)cc3)cc2C1=O,270.0
*c1ccc2c3ccc4c(c3c(=O)n(c(=O)cc1)-c1ccc(cc1)S2(=O)=O)C(=O)N(*)C4=O,300.0
*c1ccc(=O)n2c(=O)c3c(ccc4c(=O)n(*)c(=O)c43)c(cc1)c1ccc2cc1,270.0
*n1c(=O)c2ccc3c(=O)n(-c4ccc(=O)n5c(=O)c6c(ccc7c(=O)n(*)c(=O)c76)c(cc4)c4ccc5cc4)c(=O)c3c2c1=O,355.0
*n1c(=O)c2ccc3c(=O)n(-c4ccc5c(c4)C4(c6ccccc6)c6ccccc6C54)c(=O)c3c2c1=O,340.0
*n1c(=O)c2ccc3c(=O)n(-c4c(F)c(F)c(F)c(F)c4F)c(=O)c3c2c1=O,345.0
*n1c(=O)c2ccc3c(=O)n(-c4cc(C)c(C)c(C)c4)c(=O)c3c2c1=O,210.0
*c1ccc(C23CC4CC(CC(C4)C2)C3)cc1-n1c(=O)c2ccc3c(=O)n(*)c(=O)c3c2c1=O,410.0
*c1ccc(Oc2cc(F)c(-n3c(=O)c4ccc5c(=O)n(*)c(=O)c5c4c3=O)cc2F)cc1,300.0
*n1c(=O)c2ccc3c(=O)n(-c4cc(F)ccc4F)c(=O)c3c2c1=O,345.0
*n1c(=O)c2ccc3c(=O)n(-c4cc(OC)c(OC)c(OC)c4)c(=O)c3c2c1=O,190.0
*N1C(=O)c2ccc3cc(-n4c(=O)c5ccc6c(=O)n(*)c(=O)c6c5c4=O)ccc3c2C1=O,485.0
*c1cc2ccccc2cc1-n1c(=O)c2ccc3c(=O)n(*)c(=O)c3c2c1=O,445.0
*c1ccc(-n2c(=O)c3ccc4c(=O)n(*)c(=O)c4c3c2=O)cc1,355.0
*n1c(=O)c2ccc3c(=O)n(-c4ccc(Br)cc4)c(=O)c3c2c1=O,215.0
*CCCOC(=O)c1ccc(-n2c(=O)c3ccc4c(=O)n(*)c(=O)c4c3c2=O)cc1,165.0
*c1cccc(OC(=O)c2ccc(-n3c(=O)c4ccc5c(=O)n(*)c(=O)c5c4c3=O)cc2)c1,282.0
*c1ccc(C(=O)c2ccc(-n3c(=O)c4ccc5c(=O)n(*)c(=O)c5c4c3=O)cc2)cc1,305.0
*n1c(=O)c2ccc3c(=O)n(-c4ccc(C(=O)c5ccc(C(F)(F)F)cc5)cc4)c(=O)c3c2c1=O,310.0
*c1ccc(C(c2ccc(-n3c(=O)c4ccc5c(=O)n(*)c(=O)c5c4c3=O)cc2)(C(F)(F)F)C(F)(F)F)cc1,310.0
*n1c(=O)c2ccc3c(=O)n(-c4ccc(C(c5ccc(-n6c(=O)c7ccc8c(=O)n(*)c(=O)c8c7c6=O)cc5)(C(F)(F)F)C(F)(F)F)cc4)c(=O)c3c2c1=O,300.0
*c1ccc(C(C)(C)c2cccc(C(C)(C)c3ccc(-n4c(=O)c5ccc6c(=O)n(*)c(=O)c6c5c4=O)cc3)c2)cc1,245.0
*c1ccc(C(F)(F)F)cc1C(C)(C)c1ccc(-n2c(=O)c3ccc4c(=O)n(*)c(=O)c4c3c2=O)cc1,230.0
*c1ccc(C(=O)c2ccc(C(C)(C)c3ccc(-n4c(=O)c5ccc6c(=O)n(*)c(=O)c6c5c4=O)cc3)cc2)cc1,217.0
*c1ccc(C(C)(C)c2ccc(C(C)(C)c3ccc(-n4c(=O)c5ccc6c(=O)n(*)c(=O)c6c5c4=O)cc3)cc2)cc1,230.0
*c1ccc(Oc2ccc(C(C)(C)c3ccc(-n4c(=O)c5ccc6c(=O)n(*)c(=O)c6c5c4=O)cc3)cc2)cc1,240.0
*c1ccc(S(=O)(=O)c2ccc(C(C)(C)c3ccc(-n4c(=O)c5ccc6c(=O)n(*)c(=O)c6c5c4=O)cc3)cc2)cc1,280.0
*c1ccc(Sc2ccc(C(C)(C)c3ccc(-n4c(=O)c5ccc6c(=O)n(*)c(=O)c6c5c4=O)cc3)cc2)cc1,220.0
*n1c(=O)c2ccc3c(=O)n(-c4ccc(C(F)(F)F)c(C(F)(F)F)c4)c(=O)c3c2c1=O,310.0
*n1c(=O)c2ccc3c(=O)n(-c4ccc(C(F)(F)F)c(F)c4)c(=O)c3c2c1=O,315.0
*n1c(=O)c2ccc3c(=O)n(-c4ccc(C(F)(F)F)cc4C(F)(F)F)c(=O)c3c2c1=O,325.0
*n1c(=O)c2ccc3c(=O)n(-c4ccc(C(F)(F)F)cc4F)c(=O)c3c2c1=O,325.0
*c1ccc(Oc2ccc(C(F)(F)c3ccc(-n4c(=O)c5ccc6c(=O)n(*)c(=O)c6c5c4=O)cc3)cc2)cc1,295.0
*n1c(=O)c2ccc3c(=O)n(-c4ccc(C)cc4)c(=O)c3c2c1=O,215.0
*c1ccc(C2(c3ccc(-n4c(=O)c5ccc6c(=O)n(*)c(=O)c6c5c4=O)cc3)CC2)cc1,228.0
*n1c(=O)c2ccc3c(=O)n(-c4ccc(C5(c6ccc(-n7c(=O)c8ccc9c(=O)n(*)c(=O)c9c8c7=O)cc6)c6ccccc6-c6ccccc65)cc4)c(=O)c3c2c1=O,335.0
*n1c(=O)c2ccc3c(=O)n(-c4ccc(C5CCCCC5)cc4)c(=O)c3c2c1=O,200.0
*c1ccc(C(C)(C)c2ccc(Cc3ccc(-n4c(=O)c5ccc6c(=O)n(*)c(=O)c6c5c4=O)cc3)cc2)cc1,225.0
*n1c(=O)c2ccc3c(=O)n(-c4ccc(Cc5ccc(C(F)(F)F)cc5)cc4)c(=O)c3c2c1=O,255.0
*C(=O)c1c(C(=O)N(*)c2ccc(Cc3ccc(-n4c(=O)c5ccc6c(=O)n(*)c(=O)c6c5c4=O)cc3)cc2)ccc2c1C(=O)NC2=O,310.0
*c1ccc(Oc2ccc(Cc3ccc(-n4c(=O)c5ccc6c(=O)n(*)c(=O)c6c5c4=O)cc3)cc2)cc1,268.0
*c1cccc(Cc2ccc(-n3c(=O)c4ccc5c(=O)n(*)c(=O)c5c4c3=O)cc2)c1,265.0
*n1c(=O)c2ccc3c(=O)n(-c4ccc(Cl)cc4)c(=O)c3c2c1=O,260.0
*n1c(=O)c2ccc3c(=O)n(-c4ccc(N(C)C)cc4)c(=O)c3c2c1=O,180.0
*CCC(=O)Oc1ccc(-n2c(=O)c3ccc4c(=O)n(*)c(=O)c4c3c2=O)cc1,170.0
*n1c(=O)c2ccc3c(=O)n(-c4ccc(OC(C)(C)C)cc4)c(=O)c3c2c1=O,185.0
*c1ccc(C(C)(C)Oc2ccc(-n3c(=O)c4ccc5c(=O)n(*)c(=O)c5c4c3=O)cc2)cc1,285.0
*c1ccc(Oc2ccc(C(C)(C)Oc3ccc(-n4c(=O)c5ccc6c(=O)n(*)c(=O)c6c5c4=O)cc3)cc2)cc1,235.0
*c1ccc(OC(F)(F)C(F)(F)Oc2ccc(-n3c(=O)c4ccc5c(=O)n(*)c(=O)c5c4c3=O)cc2)cc1,220.0
*c1ccc(C(F)(F)C(F)(F)Oc2ccc(-n3c(=O)c4ccc5c(=O)n(*)c(=O)c5c4c3=O)cc2)cc1,238.0
*n1c(=O)c2ccc3c(=O)n(-c4ccc(OC56CC7CC(CC(C7)C5)C6)cc4)c(=O)c3c2c1=O,355.0
*n1c(=O)c2ccc3c(=O)n(-c4ccc(OC5CCCCC5)cc4)c(=O)c3c2c1=O,195.0
*CCOc1ccc(-n2c(=O)c3ccc4c(=O)n(*)c(=O)c4c3c2=O)cc1,175.0
*n1c(=O)c2ccc3c(=O)n(-c4ccc(Oc5cc(C(F)(F)F)cc(C(F)(F)F)c5)cc4)c(=O)c3c2c1=O,245.0
*c1ccc(Oc2ccc(C(F)(F)F)cc2Oc2ccc(-n3c(=O)c4ccc5c(=O)n(*)c(=O)c5c4c3=O)cc2)cc1,265.0
*c1ccc(Oc2ccc(-n3c(=O)c4ccc5c(=O)n(*)c(=O)c5c4c3=O)cc2F)cc1,285.0
*c1ccc(Oc2ccc(C(=O)c3ccc(Oc4ccc(-n5c(=O)c6ccc7c(=O)n(*)c(=O)c7c6c5=O)cc4)cc3)cc2)cc1,250.0
*c1ccc(C(c2ccc(Oc3ccc(-n4c(=O)c5ccc6c(=O)n(*)c(=O)c6c5c4=O)cc3)cc2)(C(F)(F)F)C(F)(F)F)cc1,268.0
*c1ccc(C(C)(C)c2ccc(Oc3ccc(-n4c(=O)c5ccc6c(=O)n(*)c(=O)c6c5c4=O)cc3)cc2)cc1,265.0
*c1ccc(Oc2ccc(C(C)(C)c3ccc(Oc4ccc(-n5c(=O)c6ccc7c(=O)n(*)c(=O)c7c6c5=O)cc4)cc3)cc2)cc1,235.0
*c1ccc(C(CF)(CF)c2ccc(Oc3ccc(-n4c(=O)c5ccc6c(=O)n(*)c(=O)c6c5c4=O)cc3)cc2)cc1,255.0
*c1ccc(Oc2ccc(C(CF)(CF)c3ccc(Oc4ccc(-n5c(=O)c6ccc7c(=O)n(*)c(=O)c7c6c5=O)cc4)cc3)cc2)cc1,230.0
*c1ccc(C(F)(F)c2ccc(Oc3ccc(-n4c(=O)c5ccc6c(=O)n(*)c(=O)c6c5c4=O)cc3)cc2)cc1,223.0
*c1ccc(Cc2ccc(Oc3ccc(-n4c(=O)c5ccc6c(=O)n(*)c(=O)c6c5c4=O)cc3)cc2)cc1,218.0
*c1ccc(Oc2ccc(Cc3ccc(Oc4ccc(-n5c(=O)c6ccc7c(=O)n(*)c(=O)c7c6c5=O)cc4)cc3)cc2)cc1,210.0
*c1ccc(Oc2ccc(Oc3ccc(Oc4ccc(-n5c(=O)c6ccc7c(=O)n(*)c(=O)c7c6c5=O)cc4)cc3)cc2)cc1,165.0
*c1ccc(S(=O)(=O)c2ccc(Oc3ccc(-n4c(=O)c5ccc6c(=O)n(*)c(=O)c6c5c4=O)cc3)cc2)cc1,265.0
*c1ccc(Oc2ccc(S(=O)(=O)c3ccc(Oc4ccc(-n5c(=O)c6ccc7c(=O)n(*)c(=O)c7c6c5=O)cc4)cc3)cc2)cc1,285.0
*c1ccc(Oc2ccc(Sc3ccc(Oc4ccc(-n5c(=O)c6ccc7c(=O)n(*)c(=O)c7c6c5=O)cc4)cc3)cc2)cc1,245.0
*c1ccc(Oc2ccc(-n3c(=O)c4ccc5c(=O)n(*)c(=O)c5c4c3=O)cc2)cc1C(F)(F)F,355.0
*c1ccc(-c2ccc(Oc3ccc(-n4c(=O)c5ccc6c(=O)n(*)c(=O)c6c5c4=O)cc3)cc2)cc1,235.0
*c1ccc(Oc2ccc(-c3ccc(Oc4ccc(-n5c(=O)c6ccc7c(=O)n(*)c(=O)c7c6c5=O)cc4)cc3)cc2)cc1,245.0
*n1c(=O)c2ccc3c(=O)n(-c4ccc(Oc5ccc6c(c5)C(*)(c5ccccc5)c5ccccc5-6)cc4)c(=O)c3c2c1=O,345.0
*n1c(=O)c2ccc3c(=O)n(-c4ccc(Oc5ccc6c(c5)C(c5ccccc5)(c5ccccc5)c5ccccc5-6)cc4)c(=O)c3c2c1=O,350.0
*c1cccc(Oc2ccc(-n3c(=O)c4ccc5c(=O)n(*)c(=O)c5c4c3=O)cc2)c1,260.0
*c1ccc(Oc2cccc(Oc3ccc(-n4c(=O)c5ccc6c(=O)n(*)c(=O)c6c5c4=O)cc3)c2)cc1,195.0
*n1c(=O)c2ccc3c(=O)n(-c4ccc(Oc5ccccc5)cc4)c(=O)c3c2c1=O,275.0
*c1ccc(S(=O)(=O)c2ccc(-n3c(=O)c4ccc5c(=O)n(*)c(=O)c5c4c3=O)cc2)cc1,285.0
*n1c(=O)c2ccc3c(=O)n(-c4ccc(S(=O)(=O)c5ccc(C(F)(F)F)cc5)cc4)c(=O)c3c2c1=O,320.0
*C(=O)c1c(C(=O)N(*)c2ccc(S(=O)(=O)c3ccc(-n4c(=O)c5ccc6c(=O)n(*)c(=O)c6c5c4=O)cc3)cc2)ccc2c1C(=O)NC2=O,290.0
*n1c(=O)c2ccc3c(=O)n(-c4ccc(S(=O)(=O)c5ccc(-n6c(=O)c7ccc8c(=O)n(*)c(=O)c8c7c6=O)cc5)cc4)c(=O)c3c2c1=O,305.0
*n1c(=O)c2ccc3c(=O)n(-c4ccc(SC(F)(F)F)cc4)c(=O)c3c2c1=O,205.0
*c1ccc(Sc2ccc(-n3c(=O)c4ccc5c(=O)n(*)c(=O)c5c4c3=O)cc2)cc1,290.0
*c1ccc(Sc2ccc(C(=O)c3ccc(Sc4ccc(-n5c(=O)c6ccc7c(=O)n(*)c(=O)c7c6c5=O)cc4)cc3)cc2)cc1,310.0
*c1ccc(C(C)(C)c2ccc(Sc3ccc(-n4c(=O)c5ccc6c(=O)n(*)c(=O)c6c5c4=O)cc3)cc2)cc1,275.0
*c1ccc(Oc2ccc(C(C)(C)c3ccc(Sc4ccc(-n5c(=O)c6ccc7c(=O)n(*)c(=O)c7c6c5=O)cc4)cc3)cc2)cc1,270.0
*c1ccc(Sc2ccc(C(C)(C)c3ccc(Sc4ccc(-n5c(=O)c6ccc7c(=O)n(*)c(=O)c7c6c5=O)cc4)cc3)cc2)cc1,270.0
*c1ccc(Sc2ccc(Cc3ccc(Sc4ccc(-n5c(=O)c6ccc7c(=O)n(*)c(=O)c7c6c5=O)cc4)cc3)cc2)cc1,268.0
*c1ccc(Oc2ccc(Sc3ccc(-n4c(=O)c5ccc6c(=O)n(*)c(=O)c6c5c4=O)cc3)cc2)cc1,265.0
*c1ccc(Sc2ccc(S(=O)(=O)c3ccc(Sc4ccc(-n5c(=O)c6ccc7c(=O)n(*)c(=O)c7c6c5=O)cc4)cc3)cc2)cc1,295.0
*c1cccc(Sc2ccc(-n3c(=O)c4ccc5c(=O)n(*)c(=O)c5c4c3=O)cc2)c1,258.0
*c1ccc(Oc2ccccc2)c(-c2ccc(-n3c(=O)c4ccc5c(=O)n(*)c(=O)c5c4c3=O)cc2)c1,238.0
*c1ccc(-c2ccc(-n3c(=O)c4ccc5c(=O)n(*)c(=O)c5c4c3=O)c3ccccc23)cc1,650.0
*c1cccc(C(=O)c2ccc(-c3ccc(-n4c(=O)c5ccc6c(=O)n(*)c(=O)c6c5c4=O)cc3)cc2)c1,288.0
*c1ccc2c(c1)C(=O)N(c1ccc(-c3ccc(-n4c(=O)c5ccc6c(=O)n(*)c(=O)c6c5c4=O)cc3)cc1)C2=O,370.0
*n1c(=O)c2ccc3c(=O)n(-c4ccc(-c5ccc(-n6c(=O)c7ccc8c(=O)n(*)c(=O)c8c7c6=O)c6ccccc56)cc4)c(=O)c3c2c1=O,690.0
*n1c(=O)c2ccc3c(=O)n(-c4ccc(-c5ccc(-n6c(=O)c7ccc8c(=O)n(*)c(=O)c8c7c6=O)cc5)cc4)c(=O)c3c2c1=O,390.0
*c1cccc(Oc2ccc(-c3ccc(-n4c(=O)c5ccc6c(=O)n(*)c(=O)c6c5c4=O)cc3)cc2)c1,272.0
*n1c(=O)c2ccc3c(=O)n(-c4ccc(-c5ccc(-c6ccc(-n7c(=O)c8ccc9c(=O)n(*)c(=O)c9c8c7=O)cc6)cc5)cc4)c(=O)c3c2c1=O,445.0
*n1c(=O)c2ccc3c(=O)n(-c4ccc(-c5ccc(-c6ccc(-c7ccc(-n8c(=O)c9ccc%10c(=O)n(*)c(=O)c%10c9c8=O)cc7)cc6)cc5)cc4)c(=O)c3c2c1=O,670.0
*n1c(=O)c2ccc3c(=O)n(-c4ccc(-c5cccc(-n6c(=O)c7ccc8c(=O)n(*)c(=O)c8c7c6=O)c5)cc4)c(=O)c3c2c1=O,390.0
*C(=O)c1c(C(=O)N(*)c2ccc(C(=O)c3ccc(-n4c(=O)c5ccc6c(=O)n(*)c(=O)c6c5c4=O)cc3)cc2)ccc2c1C(=O)NC2=O,355.0
*n1c(=O)c2ccc3c(=O)n(-c4ccc(C(=O)c5ccc(-n6c(=O)c7ccc8c(=O)n(*)c(=O)c8c7c6=O)cc5)cc4)c(=O)c3c2c1=O,365.0
*c1ccc(Oc2ccc(C(=O)c3ccc(-n4c(=O)c5ccc6c(=O)n(*)c(=O)c6c5c4=O)cc3)cc2)cc1,270.0
*C(=O)c1c(C(=O)N(*)c2ccc(C(C)(C)c3ccc(-n4c(=O)c5ccc6c(=O)n(*)c(=O)c6c5c4=O)cc3)cc2)ccc2c1C(=O)NC2=O,315.0
*c1ccc(C(F)(F)c2ccc(-n3c(=O)c4ccc5c(=O)n(*)c(=O)c5c4c3=O)cc2)cc1,305.0
*c1ccc2c(c1)C(=O)N(c1ccc(-n3c(=O)c4ccc5c(=O)n(*)c(=O)c5c4c3=O)cc1)C2=O,625.0
*c1ccc(C(=O)Oc2ccc(-n3c(=O)c4ccc5c(=O)n(*)c(=O)c5c4c3=O)cc2)cc1,235.0
*c1ccc(C(F)(F)Oc2ccc(-n3c(=O)c4ccc5c(=O)n(*)c(=O)c5c4c3=O)cc2)cc1,230.0
*n1c(=O)c2ccc3c(=O)n(-c4ccc(OCCO)cc4)c(=O)c3c2c1=O,185.0
*C(=O)c1c(C(=O)N(*)c2cccc(Oc3ccc(-n4c(=O)c5ccc6c(=O)n(*)c(=O)c6c5c4=O)cc3)c2)ccc2c1C(=O)NC2=O,305.0
*n1c(=O)c2ccc3c(=O)n(-c4ccc(-c5ccc(F)cc5)cc4)c(=O)c3c2c1=O,318.0
*n1c(=O)c2ccc3c(=O)n(-c4ccc(-c5ccc(-n6c(=O)c7ccc8c(=O)n(*)c(=O)c8c7c6=O)c(F)c5)cc4)c(=O)c3c2c1=O,375.0
*n1c(=O)c2ccc3c(=O)n(-c4ccc(-c5ccc(-n6c(=O)c7ccc8c(=O)n(*)c(=O)c8c7c6=O)cc5C)cc4)c(=O)c3c2c1=O,365.0
*c1ccc(Oc2ccc(-c3ccc(-n4c(=O)c5ccc6c(=O)n(*)c(=O)c6c5c4=O)cc3)cc2)cc1,370.0
*C(=O)c1c(C(=O)N(*)c2ccc(S(=O)(=O)c3ccc(-c4ccc(-n5c(=O)c6ccc7c(=O)n(*)c(=O)c7c6c5=O)cc4)cc3)cc2)ccc2c1C(=O)NC2=O,380.0
*c1ccc(-c2ccc(-c3ccc(-n4c(=O)c5ccc6c(=O)n(*)c(=O)c6c5c4=O)cc3)cc2)cc1,410.0
*c1ccc(-c2ccc(-c3ccc(-c4ccc(-n5c(=O)c6ccc7c(=O)n(*)c(=O)c7c6c5=O)cc4)cc3)cc2)cc1,450.0
*N1C(=O)c2ccc(-c3ccc(-c4ccc(-n5c(=O)c6ccc7c(=O)n(*)c(=O)c7c6c5=O)cc4)cc3)cc2C1=O,425.0
*c1ccc(N2C(=O)c3ccc(-c4ccc(-n5c(=O)c6ccc7c(=O)n(*)c(=O)c7c6c5=O)cc4)cc3C2=O)cc1,450.0
*c1ccc(-c2ccc(N3C(=O)c4ccc(-c5ccc(-n6c(=O)c7ccc8c(=O)n(*)c(=O)c8c7c6=O)cc5)cc4C3=O)cc2)cc1,400.0
*N1C(=O)c2ccc(-c3ccc(N4C(=O)c5ccc(-c6ccc(-n7c(=O)c8ccc9c(=O)n(*)c(=O)c9c8c7=O)cc6)cc5C4=O)cc3)cc2C1=O,410.0
*c1ccc2cc(-c3ccc(-n4c(=O)c5ccc6c(=O)n(*)c(=O)c6c5c4=O)cc3)ccc2c1,400.0
*n1c(=O)c2ccc(-c3ccc(-n4c(=O)c5ccc6c(=O)n(*)c(=O)c6c5c4=O)cc3)cc3ccc(c1=O)c32,435.0
*c1cccc(-c2ccc(-n3c(=O)c4ccc5c(=O)n(*)c(=O)c5c4c3=O)cc2)c1,285.0
*c1ccc(-c2cccc(-c3ccc(-n4c(=O)c5ccc6c(=O)n(*)c(=O)c6c5c4=O)cc3)c2)cc1,450.0
*N1C(=O)c2cccc(-c3ccc(-n4c(=O)c5ccc6c(=O)n(*)c(=O)c6c5c4=O)cc3)c2C1=O,440.0
*n1c(=O)c2ccc3c(=O)n(-c4ccc(-c5cccc6cccc(-n7c(=O)c8ccc9c(=O)n(*)c(=O)c9c8c7=O)c56)cc4)c(=O)c3c2c1=O,435.0
*n1c(=O)c2ccc3c(=O)n(-c4ccc(N5C(=O)c6ccc(-n7c(=O)c8ccc9c(=O)n(*)c(=O)c9c8c7=O)cc6C5=O)cc4)c(=O)c3c2c1=O,475.0
*n1c(=O)c2ccc3c(=O)n(-c4ccc(-c5ccc(N6C(=O)c7ccc(-n8c(=O)c9ccc%10c(=O)n(*)c(=O)c%10c9c8=O)cc7C6=O)cc5)cc4)c(=O)c3c2c1=O,415.0
*N1C(=O)c2ccc(-c3ccc(N4C(=O)c5ccc(-c6ccc(N7C(=O)c8ccc(-n9c(=O)c%10ccc%11c(=O)n(*)c(=O)c%11c%10c9=O)cc8C7=O)cc6)cc5C4=O)cc3)cc2C1=O,510.0
*N1C(=O)c2ccc(N3C(=O)c4ccc(-n5c(=O)c6ccc7c(=O)n(*)c(=O)c7c6c5=O)cc4C3=O)cc2C1=O,490.0
*c1ccc2c(c1)C(=O)c1ccc(-n3c(=O)c4ccc5c(=O)n(*)c(=O)c5c4c3=O)cc1C2=O,410.0
*n1c(=O)c2ccc3c(=O)n(-c4ccc5c(c4)C(=O)c4ccccc4-5)c(=O)c3c2c1=O,365.0
*n1c(=O)c2ccc3c(=O)n(-c4ccc5c(c4)C(c4ccc(C(F)(F)F)cc4)(c4ccc(C(F)(F)F)cc4)c4ccccc4-5)c(=O)c3c2c1=O,400.0
*n1c(=O)c2ccc3c(=O)n(-c4ccc5c(c4)C(c4ccccc4)(c4ccc(C(F)(F)F)cc4)c4ccccc4-5)c(=O)c3c2c1=O,405.0
*n1c(=O)c2ccc3c(=O)n(-c4ccc5c(c4)C(c4ccccc4)(c4ccc(F)cc4)c4ccccc4-5)c(=O)c3c2c1=O,380.0
*n1c(=O)c2ccc3c(=O)n(-c4ccc5c(c4)C(c4ccccc4)(c4ccc(OC)cc4)c4ccccc4-5)c(=O)c3c2c1=O,360.0
*c1ccc(Oc2ccc(C3(c4ccccc4)c4ccccc4-c4ccc(-n5c(=O)c6ccc7c(=O)n(*)c(=O)c7c6c5=O)cc43)cc2)cc1,350.0
*n1c(=O)c2ccc3c(=O)n(-c4ccc5c(c4)C(c4ccccc4)c4ccccc4-5)c(=O)c3c2c1=O,375.0
*n1c(=O)c2ccc3c(=O)n(-c4ccc5c(c4)C4(CCCC4)c4ccccc4-5)c(=O)c3c2c1=O,390.0
*c1ccc2c(c1)-c1ccc(-n3c(=O)c4ccc5c(=O)n(*)c(=O)c5c4c3=O)cc1C21c2ccccc21,395.0
*n1c(=O)c2ccc3c(=O)n(-c4ccc5cc6ccccc6cc5c4)c(=O)c3c2c1=O,470.0
*c1ccc2cc(-n3c(=O)c4ccc5c(=O)n(*)c(=O)c5c4c3=O)ccc2c1,445.0
*N1C(=O)c2ccc(-c3ccc4cc(-n5c(=O)c6ccc7c(=O)n(*)c(=O)c7c6c5=O)ccc4c3)cc2C1=O,445.0
*c1ccc2c(ccc3cc(-n4c(=O)c5ccc6c(=O)n(*)c(=O)c6c5c4=O)ccc32)c1,475.0
*c1ccc2ccc3cc(-n4c(=O)c5ccc6c(=O)n(*)c(=O)c6c5c4=O)ccc3c2c1,450.0
*n1c(=O)c2ccc3c(=O)n(-c4ccc5c(ccc6ccccc65)c4)c(=O)c3c2c1=O,465.0
*c1cccc2cc(-n3c(=O)c4ccc5c(=O)n(*)c(=O)c5c4c3=O)ccc12,415.0
*c1ccc2sc3cc(-n4c(=O)c5ccc6c(=O)n(*)c(=O)c6c5c4=O)ccc3c2c1,335.0
*N1C(=O)c2cc3ccc(-n4c(=O)c5ccc6c(=O)n(*)c(=O)c6c5c4=O)cc3cc2C1=O,505.0
*C1=Cc2cc3cc(-n4c(=O)c5ccc6c(=O)n(*)c(=O)c6c5c4=O)ccc3cc21,490.0
*c1ccc2cc3ccc(-n4c(=O)c5ccc6c(=O)n(*)c(=O)c6c5c4=O)cc3cc2c1,472.0
*c1cccc(-n2c(=O)c3ccc4c(=O)n(*)c(=O)c4c3c2=O)c1,290.0
*c1cccc(C(C)(C)c2cccc(-n3c(=O)c4ccc5c(=O)n(*)c(=O)c5c4c3=O)c2)c1,275.0
*c1cccc(Cc2cccc(-n3c(=O)c4ccc5c(=O)n(*)c(=O)c5c4c3=O)c2)c1,290.0
*n1c(=O)c2ccc3c(=O)n(-c4cccc(F)c4)c(=O)c3c2c1=O,265.0
*c1ccc(Oc2cccc(-n3c(=O)c4ccc5c(=O)n(*)c(=O)c5c4c3=O)c2)cc1,270.0
*n1c(=O)c2ccc3c(=O)n(-c4cccc(Oc5ccccc5)c4)c(=O)c3c2c1=O,280.0
*c1ccc(C(=O)c2cccc(-n3c(=O)c4ccc5c(=O)n(*)c(=O)c5c4c3=O)c2)cc1,308.0
*c1ccc2c(c1)C(=O)N(c1cccc(-n3c(=O)c4ccc5c(=O)n(*)c(=O)c5c4c3=O)c1)C2=O,620.0
*n1c(=O)c2ccc3c(=O)n(-c4cccc(-n5c(=O)c6ccc7c(=O)n(*)c(=O)c7c6c5=O)c4)c(=O)c3c2c1=O,395.0
*c1ccc(S(=O)(=O)c2cccc(-n3c(=O)c4ccc5c(=O)n(*)c(=O)c5c4c3=O)c2)cc1,305.0
*c1ccc(-c2cccc(-n3c(=O)c4ccc5c(=O)n(*)c(=O)c5c4c3=O)c2)cc1,315.0
*c1cccc(-c2cccc(-n3c(=O)c4ccc5c(=O)n(*)c(=O)c5c4c3=O)c2)c1,430.0
*n1c(=O)c2ccc3c(=O)n(-c4cccc(-c5cccc(-n6c(=O)c7ccc8c(=O)n(*)c(=O)c8c7c6=O)c5)c4)c(=O)c3c2c1=O,380.0
*n1c(=O)c2ccc3c(=O)n(-c4cccc(-c5ccccc5)c4)c(=O)c3c2c1=O,280.0
*N1C(=O)c2cccc(-n3c(=O)c4ccc5c(=O)n(*)c(=O)c5c4c3=O)c2C1=O,465.0
*n1c(=O)c2ccc3c(=O)n(-c4ccc(N5C(=O)c6cccc(-n7c(=O)c8ccc9c(=O)n(*)c(=O)c9c8c7=O)c6C5=O)cc4)c(=O)c3c2c1=O,450.0
*c1cccc2c(-n3c(=O)c4ccc5c(=O)n(*)c(=O)c5c4c3=O)cccc12,420.0
*n1c(=O)c2ccc3c(=O)n(-c4cccc5c(-n6c(=O)c7ccc8c(=O)n(*)c(=O)c8c7c6=O)cccc45)c(=O)c3c2c1=O,385.0
*n1c(=O)c2ccc3c(=O)n(-c4cccc5cccc(-n6c(=O)c7ccc8c(=O)n(*)c(=O)c8c7c6=O)c45)c(=O)c3c2c1=O,380.0
*c1cccc2cccc(-n3c(=O)c4ccc5c(=O)n(*)c(=O)c5c4c3=O)c12,425.0
*c1ccc(-c2cccc3cccc(-n4c(=O)c5ccc6c(=O)n(*)c(=O)c6c5c4=O)c23)cc1,460.0
*c1ccc2nc(-n3c(=O)c4ccc5c(=O)n(*)c(=O)c5c4c3=O)sc2c1,260.0
*n1c(=O)c2ccc3c(=O)c4ccc5ccccc5c4c(=O)c3c2c1=O,490.0
*n1c(=O)c2ccc3c(=O)c4cc5ccccc5cc4c(=O)c3c2c1=O,480.0
*n1c(=O)c2ccc3c(=O)c4ccccc4c(=O)c3c2c1=O,455.0
*n1c(=O)c2ccc3ccc4c(=O)n(*)c(=O)c4c3c2c1=O,430.0
*n1c(=O)c2ccc3c4cc5c(cc4c3c2c1=O)C5(c1ccccc1)c1ccccc1,420.0
*c1ccc2c(c1)c(=O)c1ccc3c(=O)n(*)c(=O)c3c12,415.0
*n1c(=O)c2ccc3c(c4ccc(cc4)c(=O)n3*)c2c1=O,490.0
*N1C(=O)c2ccc3c(=O)c4ccc(cc4)c3c2C1=O,450.0
*n1c(=O)c2ccc3c(c4ccc5c(=O)n(*)c(=O)c5c34)c2c1=O,420.0
*n1c(=O)c2ccc3c(c(=O)c4ccc5c(=O)n(*)c(=O)c5c43)c2c1=O,450.0
*c1ccc2c3c(ccc2c1)C(=O)N(*)C3=O,400.0
*c1ccc2c(ccc3c4c(ccc32)C(=O)N(*)C4=O)c1,460.0
*n1c(=O)c2ccc3c4ccc5c(=O)n(*)c(=O)c5c4ccc3c2c1=O,510.0
*N1C(=O)c2ccc3c(ccc4ccccc43)c2C1=O,460.0
*n1c(=O)c2ccc3c(ccc4c(=O)n(*)c(=O)c43)c2c1=O,450.0
*c1ccc(-n2c(=O)c3ccc4c(ccc5c(=O)n(*)c(=O)c54)c3c2=O)cc1,490.0
*c1ccc(Oc2ccc(-n3c(=O)c4ccc5c(ccc6c(=O)n(*)c(=O)c65)c4c3=O)cc2)cc1,410.0
*c1cccc2cccc(-n3c(=O)c4ccc5c(ccc6c(=O)n(*)c(=O)c65)c4c3=O)c12,500.0
*c1ccc2c(=O)n3c4c(=O)n(*)c(=O)c=4ccc-3c1-2,500.0
*c1ccc(-n2c(=O)c3ccc4c(c5ccc(c2=O)c53)C(=O)N(*)C4=O)cc1,435.0
*c1ccc(-c2ccc(-n3c(=O)c4ccc5c(c6ccc(c3=O)c64)C(=O)N(*)C5=O)cc2)cc1,445.0
*N1C(=O)c2ccc(-n3c(=O)c4ccc5c(c6ccc(c3=O)c64)C(=O)N(*)C5=O)cc2C1=O,465.0
*c1cccc2cccc(-n3c(=O)c4ccc5c(c6ccc(c3=O)c64)C(=O)N(*)C5=O)c12,460.0
*c1ccc(Oc2ccc(-n3c(=O)c4ccc5c6c(ccc3c54)C(=O)N(*)C6=O)cc2)cc1,420.0
*N1C(=O)c2ccc(-c3ccc(-n4c(=O)c5ccc6c7c(ccc4c65)C(=O)N(*)C7=O)cc3)cc2C1=O,460.0
*N1C(=O)c2ccc3c4ccccc4c(=O)n(*)c3c2C1=O,460.0
*n1c(=O)c2ccc3c4ccccc4c(=O)c3c2c1=O,465.0
*n1c(=O)c2ccc3cc4ccc5c(=O)n(*)c(=O)c5c4cc3c2c1=O,450.0
*c1ccc2c(c1)C(=O)N(c1ccc3ccc4ccc5c(c4c3c1)C(=O)N(*)C5=O)C2=O,460.0
*N1C(=O)c2ccc3ccccc3c2C1=O,360.0
*c1cccc2c1C(=O)N(c1cccc(C(=O)c3cccc4c3C(=O)N(*)C4=O)c1)C2=O,330.0
*c1cccc2c1C(=O)N(c1ccc(C(C)(C)c3cccc4c3C(=O)N(*)C4=O)cc1)C2=O,270.0
*c1cccc2c1C(=O)N(c1cccc(C(C)(C)c3cccc4c3C(=O)N(*)C4=O)c1)C2=O,275.0
*c1cccc2c1C(=O)N(c1cccc(C(CF)(CF)c3cccc4c3C(=O)N(*)C4=O)c1)C2=O,260.0
*c1cccc2c1C(=O)N(c1cccc(CC(C)Cc3cccc4c3C(=O)N(*)C4=O)c1)C2=O,260.0
*c1cccc2c1C(=O)N(c1cccc(CCCc3cccc4c3C(=O)N(*)C4=O)c1)C2=O,220.0
*c1cccc2c1C(=O)N(CCCCCCc1cccc3c1C(=O)N(*)C3=O)C2=O,195.0
*c1cccc2c1C(=O)N(CCc1cccc3c1C(=O)N(*)C3=O)C2=O,230.0
*c1cccc2c1C(=O)N(c1cccc(CCc3cccc4c3C(=O)N(*)C4=O)c1)C2=O,255.0
*c1cccc2c1C(=O)N(c1c(C)cc(C)cc1Cc1cccc3c1C(=O)N(*)C3=O)C2=O,260.0
*c1cccc2c1C(=O)N(Cc1cc(C)cc(Cc3cccc4c3C(=O)N(*)C4=O)c1)C2=O,265.0
*c1cccc2c1C(=O)N(c1cccc(Cc3cc(C)cc(Cc4cccc5c4C(=O)N(*)C5=O)c3)c1)C2=O,265.0
*c1cccc2c1C(=O)N(c1cc(C)cc(Cc3cccc4c3C(=O)N(*)C4=O)c1)C2=O,260.0
*c1cccc2c1C(=O)N(c1cc(CC)cc(Cc3cccc4c3C(=O)N(*)C4=O)c1)C2=O,260.0
*c1cccc2c1C(=O)N(c1cccc(Cc3ccc(Cc4cccc5c4C(=O)N(*)C5=O)cc3)c1)C2=O,463.0
*c1cccc2c1C(=O)N(c1cccc(Oc3ccc(Cc4cccc5c4C(=O)N(*)C5=O)cc3)c1)C2=O,258.0
*c1cccc2c1C(=O)N(c1cccc(Cc3cccc(Cc4cccc5c4C(=O)N(*)C5=O)c3)c1)C2=O,270.0
*N1C(=O)c2cccc(Cc3cccc(N4C(=O)c5ccc(C(F)(F)F)cc5C4=O)c3)c2C1=O,248.0
*c1cccc2c1C(=O)N(c1cccc(Cc3cccc4c3C(=O)N(*)C4=O)c1)C2=O,285.0
*c1cccc2c1C(=O)N(c1cccc(NC(=O)c3cccc(C(=O)Nc4cccc5c4C(=O)N(*)C5=O)c3)c1)C2=O,350.0
*c1cccc2c1C(=O)N(c1cccc(C(=O)Nc3cccc4c3C(=O)N(*)C4=O)c1)C2=O,340.0
*c1cccc2c1C(=O)N(Cc1cccc(CNc3cccc4c3C(=O)N(*)C4=O)c1)C2=O,230.0
*c1cccc2c1C(=O)N(c1cccc(C(=O)Oc3cccc4c3C(=O)N(*)C4=O)c1)C2=O,295.0
*c1cccc2c1C(=O)N(c1cccc(OC(F)(F)C(F)(F)Oc3cccc4c3C(=O)N(*)C4=O)c1)C2=O,260.0
*c1cccc2c1C(=O)N(c1cccc(OCC(O)COc3cccc4c3C(=O)N(*)C4=O)c1)C2=O,240.0
*c1cccc2c1C(=O)N(c1cccc(OCC(CO)COc3cccc4c3C(=O)N(*)C4=O)c1)C2=O,210.0
*OCC(COc1cccc(N2C(=O)c3cccc(*)c3C2=O)c1)COc1cccc2c1C(=O)N(*)C2=O,255.0
*c1cccc2c1C(=O)N(c1cccc(OCCOc3cccc4c3C(=O)N(*)C4=O)c1)C2=O,245.0
*c1cccc2c1C(=O)N(OCc1cccc(COc3cccc4c3C(=O)N(*)C4=O)c1)C2=O,240.0
*c1cccc2c1C(=O)N(c1cccc(OCc3cccc(COc4cccc5c4C(=O)N(*)C5=O)c3)c1)C2=O,265.0
*c1cccc2c1C(=O)N(c1cccc(Oc3cc(Oc4cccc5c4C(=O)N(*)C5=O)cc(C(F)(F)F)c3)c1)C2=O,285.0
*c1cc(Oc2cccc3c2C(=O)N(*)C3=O)cc(N2C(=O)c3cccc(*)c3C2=O)c1,255.0
*c1cccc2c1C(=O)N(c1cc(OC)cc(Oc3cccc4c3C(=O)N(*)C4=O)c1)C2=O,248.0
*c1cccc2c1C(=O)N(c1ccc(Oc3cccc4c3C(=O)N(*)C4=O)cc1)C2=O,280.0
*c1cccc2c1C(=O)N(c1cccc(Oc3ccc(Oc4cccc5c4C(=O)N(*)C5=O)cc3)c1)C2=O,270.0
*c1cccc2c1C(=O)N(c1cccc(Oc3cccc(Oc4cccc5c4C(=O)N(*)C5=O)c3)c1)C2=O,245.0
*c1cccc2c1C(=O)N(c1cccc(Cc3cccc(Oc4cccc5c4C(=O)N(*)C5=O)c3)c1)C2=O,260.0
*N1C(=O)c2cccc(Oc3cccc(N4C(=O)c5ccc(C(F)(F)F)cc5C4=O)c3)c2C1=O,270.0
*c1cccc2c1C(=O)N(c1cccc(Oc3cccc4c3C(=O)N(*)C4=O)c1)C2=O,265.0
*c1cccc2c1C(=O)N(c1cccc(-c3cccc(Oc4cccc5c4C(=O)N(*)C5=O)c3)c1)C2=O,300.0
*c1cccc2c1C(=O)N(c1ccc(S(=O)(=O)c3cccc4c3C(=O)N(*)C4=O)cc1)C2=O,330.0
*c1cccc2c1C(=O)N(c1cccc(S(=O)(=O)c3cccc4c3C(=O)N(*)C4=O)c1)C2=O,310.0
*c1cccc2c1C(=O)N(c1cccc(Sc3cccc4c3C(=O)N(*)C4=O)c1)C2=O,285.0
*c1cccc2c1C(=O)N(c1cc(C)c(-c3cccc4c3C(=O)N(*)C4=O)cc1C)C2=O,476.0
*c1cccc2c1C(=O)N(c1c(C)cc(C)cc1-c1cccc3c1C(=O)N(*)C3=O)C2=O,280.0
*c1cccc2c1C(=O)N(c1cc(C)cc(-c3cccc4c3C(=O)N(*)C4=O)c1)C2=O,282.0
*c1cccc2c1C(=O)N(c1ccc(C)cc1-c1cccc3c1C(=O)N(*)C3=O)C2=O,280.0
*c1cccc2c1C(=O)N(c1c(Cl)cc(Cl)cc1-c1cccc3c1C(=O)N(*)C3=O)C2=O,308.0
*c1cccc2c1C(=O)N(c1c(F)cc(F)cc1-c1cccc3c1C(=O)N(*)C3=O)C2=O,325.0
*c1cccc2c1C(=O)N(c1c(OC)cc(OC)cc1-c1cccc3c1C(=O)N(*)C3=O)C2=O,255.0
*c1cccc2c1C(=O)N(c1cc(OC)cc(-c3cccc4c3C(=O)N(*)C4=O)c1)C2=O,270.0
*c1cccc2c1C(=O)N(c1cc(-c3cccc4c3C(=O)N(*)C4=O)cc(C(C)(C)C)c1)C2=O,270.0
*c1cccc2c1C(=O)N(c1cc(-c3cccc4c3C(=O)N(*)C4=O)cc(C(F)(F)F)c1)C2=O,298.0
*c1cccc2c1C(=O)N(c1cc(OC(F)(F)F)cc(-c3cccc4c3C(=O)N(*)C4=O)c1)C2=O,290.0
*c1cccc2c1C(=O)N(c1ccc(-c3cccc4c3C(=O)N(*)C4=O)cc1)C2=O,305.0
*c1cccc2c1C(=O)N(c1ccc(Oc3ccc(-c4cccc5c4C(=O)N(*)C5=O)cc3)cc1)C2=O,295.0
*c1cccc2c1C(=O)N(c1cccc(Oc3ccc(-c4cccc5c4C(=O)N(*)C5=O)cc3)c1)C2=O,295.0
*c1cccc2c1C(=O)N(c1cccc(-c3ccc(-c4cccc5c4C(=O)N(*)C5=O)cc3)c1)C2=O,335.0
*c1cccc(N2C(=O)c3ccc(-c4cccc5c4C(=O)N(*)C5=O)cc3C2=O)c1,360.0
*c1cccc2c1C(=O)N(c1c(-c3cccc4c3C(=O)N(*)C4=O)ccc3ccccc13)C2=O,380.0
*c1cccc2c1C(=O)N(c1cccc(C(=O)c3cccc(-c4cccc5c4C(=O)N(*)C5=O)c3)c1)C2=O,330.0
*c1cccc2c1C(=O)N(c1c(Cl)cccc1-c1cccc3c1C(=O)N(*)C3=O)C2=O,322.0
*c1cccc2c1C(=O)N(c1c(F)cccc1-c1cccc3c1C(=O)N(*)C3=O)C2=O,305.0
*c1cccc2c1C(=O)N(c1c(N)cccc1-c1cccc3c1C(=O)N(*)C3=O)C2=O,345.0
*c1cccc2c1C(=O)N(c1c(OC)cccc1-c1cccc3c1C(=O)N(*)C3=O)C2=O,265.0
*c1cccc(Oc2cccc(-c3cccc4c3C(=O)N(*)C4=O)c2)c1,245.0
*c1cccc2c1C(=O)N(c1cccc(Oc3cccc(-c4cccc5c4C(=O)N(*)C5=O)c3)c1)C2=O,258.0
*c1cccc2c1C(=O)N(c1cccc(C#Cc3cccc(-c4cccc5c4C(=O)N(*)C5=O)c3)c1)C2=O,340.0
*c1cccc2c1C(=O)N(c1cccc(NNC(=O)c3cccc(-c4cccc5c4C(=O)N(*)C5=O)c3)c1)C2=O,342.0
*c1cccc2c1C(=O)N(c1cccc(OC(=O)c3cccc(-c4cccc5c4C(=O)N(*)C5=O)c3)c1)C2=O,275.0
*c1cccc2c1C(=O)N(c1cccc(C(=O)Oc3cccc(OC(=O)c4cccc(-c5cccc6c5C(=O)N(*)C6=O)c4)c3)c1)C2=O,255.0
*c1cccc2c1C(=O)N(c1ccc(C(=O)c3cccc(-c4cccc5c4C(=O)N(*)C5=O)c3)cc1)C2=O,328.0
*N1C(=O)c2ccc(C(=O)c3cccc(-c4cccc5c4C(=O)N(*)C5=O)c3)cc2C1=O,350.0
*c1cccc2c1C(=O)N(c1cccc(C(=O)c3cccc(C(=O)c4cccc(-c5cccc6c5C(=O)N(*)C6=O)c4)c3)c1)C2=O,340.0
*c1cccc2c1C(=O)N(c1cccc(Oc3cccc(C(=O)c4cccc(-c5cccc6c5C(=O)N(*)C6=O)c4)c3)c1)C2=O,328.0
*c1cccc2c1C(=O)N(c1cccc(C(C)(c3cccc(-c4cccc5c4C(=O)N(*)C5=O)c3)C(F)(F)F)c1)C2=O,278.0
*c1cccc2c1C(=O)N(c1ccc(C(C)(C)c3cccc(-c4cccc5c4C(=O)N(*)C5=O)c3)cc1)C2=O,272.0
*c1cccc2c1C(=O)N(c1cccc(C(C)(C)c3ccc(C(C)(C)c4cccc(-c5cccc6c5C(=O)N(*)C6=O)c4)cc3)c1)C2=O,260.0
*N1C(=O)c2ccc(C(C)(C)c3cccc(-c4cccc5c4C(=O)N(*)C5=O)c3)cc2C1=O,295.0
*c1cccc2c1C(=O)N(c1cccc(C(C)(C)c3cccc(C(C)(C)c4cccc(-c5cccc6c5C(=O)N(*)C6=O)c4)c3)c1)C2=O,262.0
*c1cccc2c1C(=O)N(c1cccc(C(C)(C)c3cccc(-c4cccc5c4C(=O)N(*)C5=O)c3)c1)C2=O,268.0
*c1cccc2c1C(=O)N(c1cccc(Oc3cccc(C(C)(C)c4cccc(-c5cccc6c5C(=O)N(*)C6=O)c4)c3)c1)C2=O,268.0
*c1cccc2c1C(=O)N(c1cccc(C(F)(F)C(F)(F)c3cccc(-c4cccc5c4C(=O)N(*)C5=O)c3)c1)C2=O,255.0
*c1cccc2c1C(=O)N(c1ccc(C(F)(F)c3cccc(-c4cccc5c4C(=O)N(*)C5=O)c3)cc1)C2=O,290.0
*c1cccc2c1C(=O)N(c1cccc(C3(c4cccc(-c5cccc6c5C(=O)N(*)C6=O)c4)CCCCC3)c1)C2=O,260.0
*c1cccc2c1C(=O)N(c1cccc(C(=O)Cc3cccc(-c4cccc5c4C(=O)N(*)C5=O)c3)c1)C2=O,292.0
*c1cccc2c1C(=O)N(c1cccc(CC(C)(C)Cc3cccc(-c4cccc5c4C(=O)N(*)C5=O)c3)c1)C2=O,252.0
*c1cccc2c1C(=O)N(c1cccc(CC(C)Cc3cccc(-c4cccc5c4C(=O)N(*)C5=O)c3)c1)C2=O,270.0
*c1cccc2c1C(=O)N(c1cccc(CCc3cccc(-c4cccc5c4C(=O)N(*)C5=O)c3)c1)C2=O,252.0
*c1cccc2c1C(=O)N(c1cc(Cc3cccc(-c4cccc5c4C(=O)N(*)C5=O)c3)cc(C(F)(F)F)c1)C2=O,288.0
*c1cccc2c1C(=O)N(c1cc(C)cc(Cc3cccc(-c4cccc5c4C(=O)N(*)C5=O)c3)c1)C2=O,268.0
*c1cccc2c1C(=O)N(c1cccc(Cc3ccc(Cc4cccc(-c5cccc6c5C(=O)N(*)C6=O)c4)cc3)c1)C2=O,265.0
*c1cccc2c1C(=O)N(c1cccc(-c3ccc(Cc4cccc(-c5cccc6c5C(=O)N(*)C6=O)c4)cc3)c1)C2=O,290.0
*N1C(=O)c2ccc(Cc3cccc(-c4cccc5c4C(=O)N(*)C5=O)c3)cc2C1=O,318.0
*c1cccc2c1C(=O)N(c1cccc(Cc3cccc(-c4cccc5c4C(=O)N(*)C5=O)c3)c1)C2=O,278.0
*c1cccc2c1C(=O)N(c1cccc(C(=O)N(C)c3cccc(-c4cccc5c4C(=O)N(*)C5=O)c3)c1)C2=O,308.0
*c1cccc2c1C(=O)N(c1cccc(N(C)c3cccc(-c4cccc5c4C(=O)N(*)C5=O)c3)c1)C2=O,255.0
*N1C(=O)c2cccc(-c3cccc(N4C(=O)c5c(C)ccc(C)c5C4=O)c3)c2C1=O,290.0
*N1C(=O)c2cccc(-c3cccc(N4C(=O)c5c(Cl)ccc(Cl)c5C4=O)c3)c2C1=O,330.0
*N1C(=O)c2cccc(-c3cccc(N4C(=O)c5c(OC)ccc(OC)c5C4=O)c3)c2C1=O,280.0
*N1C(=O)c2cccc(-c3cccc(N4C(=O)c5cc(Br)cc(Br)c5C4=O)c3)c2C1=O,320.0
*c1cc(Br)cc2c1C(=O)N(c1cccc(-c3cccc4c3C(=O)N(*)C4=O)c1)C2=O,320.0
*N1C(=O)c2cccc(-c3cccc(N4C(=O)c5cc(C#N)cc(C#N)c5C4=O)c3)c2C1=O,335.0
*c1cc(C(=O)OC)cc2c1C(=O)N(c1cccc(-c3cccc4c3C(=O)N(*)C4=O)c1)C2=O,270.0
*c1cc(C(C)(C)C)cc2c1C(=O)N(c1cccc(-c3cccc4c3C(=O)N(*)C4=O)c1)C2=O,250.0
*c1cc(C(F)(F)F)cc2c1C(=O)N(c1cccc(-c3cccc4c3C(=O)N(*)C4=O)c1)C2=O,330.0
*N1C(=O)c2cccc(-c3cccc(N4C(=O)c5cc(C(F)(F)F)cc(C(F)(F)F)c5C4=O)c3)c2C1=O,295.0
*N1C(=O)c2cccc(-c3cccc(N4C(=O)c5cc(C)c(C)c(C)c5C4=O)c3)c2C1=O,295.0
*N1C(=O)c2cccc(-c3cccc(N4C(=O)c5cc(C)c(C)cc5C4=O)c3)c2C1=O,300.0
*N1C(=O)c2cccc(-c3cccc(N4C(=O)c5cc(C)cc(C)c5C4=O)c3)c2C1=O,280.0
*c1cc(C)cc2c1C(=O)N(c1cccc(-c3cccc4c3C(=O)N(*)C4=O)c1)C2=O,275.0
*N1C(=O)c2cccc(-c3cccc(N4C(=O)c5cc(CC)cc(CC)c5C4=O)c3)c2C1=O,258.0
*c1cc(CC)cc2c1C(=O)N(c1cccc(-c3cccc4c3C(=O)N(*)C4=O)c1)C2=O,260.0
*N1C(=O)c2cccc(-c3cccc(N4C(=O)c5ccc(CC)cc5C4=O)c3)c2C1=O,245.0
*N1C(=O)c2cccc(-c3cccc(N4C(=O)c5ccc(CCC)cc5C4=O)c3)c2C1=O,245.0
*c1c(Cl)c(Cl)cc2c1C(=O)N(c1cccc(-c3cccc4c3C(=O)N(*)C4=O)c1)C2=O,322.0
*N1C(=O)c2cccc(-c3cccc(N4C(=O)c5cc(Cl)c(Cl)cc5C4=O)c3)c2C1=O,335.0
*N1C(=O)c2cccc(-c3cccc(N4C(=O)c5cc(Cl)cc(Cl)c5C4=O)c3)c2C1=O,315.0
*c1cc(Cl)cc2c1C(=O)N(c1cccc(-c3cccc4c3C(=O)N(*)C4=O)c1)C2=O,318.0
*c1c(F)c(F)cc2c1C(=O)N(c1cccc(-c3cccc4c3C(=O)N(*)C4=O)c1)C2=O,310.0
*N1C(=O)c2cccc(-c3cccc(N4C(=O)c5cc(F)cc(F)c5C4=O)c3)c2C1=O,310.0
*N1C(=O)c2cccc(-c3cccc(N4C(=O)c5cc6cc(c5C4=O)NOON6)c3)c2C1=O,340.0
*c1cc(OC(F)(F)F)cc2c1C(=O)N(c1cccc(-c3cccc4c3C(=O)N(*)C4=O)c1)C2=O,295.0
*N1C(=O)c2cccc(-c3cccc(N4C(=O)c5cc(OC(F)(F)F)cc(OC(F)(F)F)c5C4=O)c3)c2C1=O,310.0
*c1c(OC)c(OC)cc2c1C(=O)N(c1cccc(-c3cccc4c3C(=O)N(*)C4=O)c1)C2=O,285.0
*N1C(=O)c2cccc(-c3cccc(N4C(=O)c5cc(OC)c(OC)c(OC)c5C4=O)c3)c2C1=O,270.0
*N1C(=O)c2cccc(-c3cccc(N4C(=O)c5cc(OC)c(OC)cc5C4=O)c3)c2C1=O,295.0
*c1cc(OC)cc2c1C(=O)N(c1cccc(-c3cccc4c3C(=O)N(*)C4=O)c1)C2=O,280.0
*N1C(=O)c2cccc(-c3cccc(N4C(=O)c5cc(OCC)cc(OCC)c5C4=O)c3)c2C1=O,255.0
*c1cc(OCC)cc2c1C(=O)N(c1cccc(-c3cccc4c3C(=O)N(*)C4=O)c1)C2=O,255.0
*c1cc(OCCC)cc2c1C(=O)N(c1cccc(-c3cccc4c3C(=O)N(*)C4=O)c1)C2=O,245.0
*N1C(=O)c2cccc(-c3cccc(N4C(=O)c5ccc(OCCC)cc5C4=O)c3)c2C1=O,242.0
*c1cc(Oc2ccccc2)cc2c1C(=O)N(c1cccc(-c3cccc4c3C(=O)N(*)C4=O)c1)C2=O,300.0
*N1C(=O)c2cccc(-c3cccc(N4C(=O)c5cc(Sc6ccccc6)cc(Sc6ccccc6)c5C4=O)c3)c2C1=O,270.0
*c1cc(-c2ccc(C#N)cc2)cc2c1C(=O)N(c1cccc(-c3cccc4c3C(=O)N(*)C4=O)c1)C2=O,360.0
*c1cc(-c2ccc(C(F)(F)F)cc2)cc2c1C(=O)N(c1cccc(-c3cccc4c3C(=O)N(*)C4=O)c1)C2=O,350.0
*c1cc(-c2ccc(C)cc2)cc2c1C(=O)N(c1cccc(-c3cccc4c3C(=O)N(*)C4=O)c1)C2=O,330.0
*c1cc(-c2ccc(Cl)cc2)cc2c1C(=O)N(c1cccc(-c3cccc4c3C(=O)N(*)C4=O)c1)C2=O,340.0
*c1cc(-c2ccc(F)cc2)cc2c1C(=O)N(c1cccc(-c3cccc4c3C(=O)N(*)C4=O)c1)C2=O,335.0
*c1cc(-c2ccc(OC)cc2)cc2c1C(=O)N(c1cccc(-c3cccc4c3C(=O)N(*)C4=O)c1)C2=O,325.0
*c1cc(-c2ccccc2)cc2c1C(=O)N(c1cccc(-c3cccc4c3C(=O)N(*)C4=O)c1)C2=O,345.0
*c1cc(-c2ccccn2)cc2c1C(=O)N(c1cccc(-c3cccc4c3C(=O)N(*)C4=O)c1)C2=O,355.0
*N1C(=O)c2cccc(-c3cccc(N4C(=O)c5cc(C(=O)OC)cc(C(=O)OC)c5C4=O)c3)c2C1=O,270.0
*N1C(=O)c2cccc(-c3cccc(N4C(=O)c5cc(C(C)(C)C)cc(C(C)(C)C)c5C4=O)c3)c2C1=O,260.0
*N1C(=O)c2cccc(-c3cccc(N4C(=O)c5cc(OC)cc(OC)c5C4=O)c3)c2C1=O,275.0
*N1C(=O)c2cccc(-c3cccc(N4C(=O)c5cc(OCCC)cc(OCCC)c5C4=O)c3)c2C1=O,248.0
*N1C(=O)c2cccc(-c3cccc(N4C(=O)c5cc(Oc6ccccc6)cc(Oc6ccccc6)c5C4=O)c3)c2C1=O,295.0
*N1C(=O)c2cccc(-c3cccc(N4C(=O)c5cc(S(=O)(=O)c6ccccc6)cc(S(=O)(=O)c6ccccc6)c5C4=O)c3)c2C1=O,355.0
*N1C(=O)c2cccc(-c3cccc(N4C(=O)c5cc(-c6ccccc6)cc(-c6ccccc6)c5C4=O)c3)c2C1=O,340.0
*N1C(=O)c2cccc(-c3cccc(N4C(=O)c5cc6c(=O)*n(*)c(=O)c6cc5C4=O)c3)c2C1=O,325.0
*N1C(=O)c2cccc(-c3cccc(-n4c(=O)c5cc6c(=O)n(*)c(=O)c6cc5c4=O)c3)c2C1=O,340.0
*c1cccc(-n2c(=O)c3cc4c(=O)n(-c5cccc(-c6cccc7c6C(=O)N(*)C7=O)c5)c(=O)c4cc3c2=O)c1,355.0
*c1cccc2cc3cc4c(cc3cc12)C(=O)N(c1cccc(-c2cccc3c2C(=O)N(*)C3=O)c1)C4=O,375.0
*N1C(=O)c2cccc(-c3cccc(N4C(=O)c5cc6ccccc6cc5C4=O)c3)c2C1=O,370.0
*N1C(=O)c2cccc(-c3cccc(N4C(=O)c5ccc(Br)cc5C4=O)c3)c2C1=O,312.0
*N1C(=O)c2cccc(-c3cccc(N4C(=O)c5ccc(C#N)cc5C4=O)c3)c2C1=O,328.0
*c1c(F)ccc2c1C(=O)N(c1cccc(-c3cccc4c3C(=O)N(*)C4=O)c1)C2=O,308.0
*c1c(OC(F)(F)F)ccc2c1C(=O)N(c1cccc(-c3cccc4c3C(=O)N(*)C4=O)c1)C2=O,300.0
*N1C(=O)c2cccc(-c3cccc(N4C(=O)c5ccc(OCC)cc5C4=O)c3)c2C1=O,260.0
*N1C(=O)c2cccc(-c3cccc(N4C(=O)c5ccc(Oc6ccccc6)cc5C4=O)c3)c2C1=O,285.0
*N1C(=O)c2cccc(-c3cccc(N4C(=O)c5ccc([N+](=O)[O-])cc5C4=O)c3)c2C1=O,332.0
*c1ccc2c(c1)C(=O)N(c1cccc(-c3cccc4c3C(=O)N(*)C4=O)c1)C2=O,315.0
*c1cccc2c1C(=O)N(c1ccc(C(=O)c3ccc4c(c3)C(=O)N(c3cccc(-c5cccc6c5C(=O)N(*)C6=O)c3)C4=O)cc1)C2=O,340.0
*c1ccc(C(=O)c2ccc3c(c2)C(=O)N(c2cccc(-c4cccc5c4C(=O)N(*)C5=O)c2)C3=O)cc1,348.0
*N1C(=O)c2cccc(-c3cccc(N4C(=O)c5ccc(C(=O)c6ccccc6)cc5C4=O)c3)c2C1=O,345.0
*N1C(=O)c2cccc(-c3cccc(N4C(=O)c5ccc(C(C)(C)C)cc5C4=O)c3)c2C1=O,255.0
*c1cccc2c1C(=O)N(c1ccc(C(C)(C)c3ccc4c(c3)C(=O)N(c3cccc(-c5cccc6c5C(=O)N(*)C6=O)c3)C4=O)cc1)C2=O,255.0
*c1ccc(C(C)(C)c2ccc3c(c2)C(=O)N(c2cccc(-c4cccc5c4C(=O)N(*)C5=O)c2)C3=O)cc1,265.0
*N1C(=O)c2cccc(-c3cccc(N4C(=O)c5ccc(C(C)=O)cc5C4=O)c3)c2C1=O,295.0
*N1C(=O)c2cccc(-c3cccc(N4C(=O)c5ccc(C(F)(F)F)cc5C4=O)c3)c2C1=O,290.0
*Cc1ccc2c(c1)C(=O)N(c1cccc(-c3cccc4c3C(=O)N(*)C4=O)c1)C2=O,280.0
*c1cccc2c1C(=O)N(c1ccc(Cc3ccc4c(c3)C(=O)N(c3cccc(-c5cccc6c5C(=O)N(*)C6=O)c3)C4=O)cc1)C2=O,248.0
*c1ccc(Cc2ccc3c(c2)C(=O)N(c2cccc(-c4cccc5c4C(=O)N(*)C5=O)c2)C3=O)cc1,278.0
*N1C(=O)c2cccc(-c3cccc(N4C(=O)c5ccc(Cc6ccccc6)cc5C4=O)c3)c2C1=O,315.0
*N1C(=O)c2cccc(-c3cccc(N4C(=O)c5ccc(Cl)cc5C4=O)c3)c2C1=O,300.0
*CN(C)c1ccc2c(c1)C(=O)N(c1cccc(-c3cccc4c3C(=O)N(*)C4=O)c1)C2=O,268.0
*N1C(=O)c2cccc(-c3cccc(N4C(=O)c5ccc(N6C(=O)c7ccccc7C6=O)cc5C4=O)c3)c2C1=O,360.0
*CC(=O)Nc1ccc2c(c1)C(=O)N(c1cccc(-c3cccc4c3C(=O)N(*)C4=O)c1)C2=O,340.0
*N1C(=O)c2cccc(-c3cccc(N4C(=O)c5ccc(OC)cc5C4=O)c3)c2C1=O,280.0
*N1C(=O)c2cccc(-c3cccc(N4C(=O)c5ccc(OC(C)(C)C)cc5C4=O)c3)c2C1=O,245.0
*COc1ccc2c(c1)C(=O)N(c1cccc(-c3cccc4c3C(=O)N(*)C4=O)c1)C2=O,272.0
*N1C(=O)c2cccc(-c3cccc(N4C(=O)c5ccc(OCCO)cc5C4=O)c3)c2C1=O,235.0
*N1C(=O)c2cccc(-c3cccc(N4C(=O)c5ccc(Oc6ccc(F)cc6)cc5C4=O)c3)c2C1=O,268.0
*c1cccc2c1C(=O)N(c1ccc(Oc3ccc4c(c3)C(=O)N(c3cccc(-c5cccc6c5C(=O)N(*)C6=O)c3)C4=O)cc1)C2=O,292.0
*c1ccc(Oc2ccc3c(c2)C(=O)N(c2cccc(-c4cccc5c4C(=O)N(*)C5=O)c2)C3=O)cc1,280.0
*N1C(=O)c2cccc(-c3cccc(N4C(=O)c5ccc(Oc6cccc(F)c6)cc5C4=O)c3)c2C1=O,272.0
*N1C(=O)c2cccc(-c3cccc(N4C(=O)c5ccc(S(C)(=O)=O)cc5C4=O)c3)c2C1=O,315.0
*CS(=O)(=O)c1ccc2c(c1)C(=O)N(c1cccc(-c3cccc4c3C(=O)N(*)C4=O)c1)C2=O,328.0
*c1cccc2c1C(=O)N(c1ccc(S(=O)(=O)c3ccc4c(c3)C(=O)N(c3cccc(-c5cccc6c5C(=O)N(*)C6=O)c3)C4=O)cc1)C2=O,345.0
*CSc1ccc2c(c1)C(=O)N(c1cccc(-c3cccc4c3C(=O)N(*)C4=O)c1)C2=O,282.0
*N1C(=O)c2cccc(-c3cccc(N4C(=O)c5ccc(Sc6ccccc6)cc5C4=O)c3)c2C1=O,285.0
*c1cccc2c1C(=O)N(c1cccc(-c3ccc4c(c3)C(=O)N(c3cccc(-c5cccc6c5C(=O)N(*)C6=O)c3)C4=O)c1)C2=O,325.0
*c1cc(C(F)(F)F)ccc1-c1ccc2c(c1)C(=O)N(c1cccc(-c3cccc4c3C(=O)N(*)C4=O)c1)C2=O,325.0
*N1C(=O)c2cccc(-c3cccc(N4C(=O)c5ccc(-c6ccc(Cl)cc6)cc5C4=O)c3)c2C1=O,300.0
*c1cc(Cl)ccc1-c1ccc2c(c1)C(=O)N(c1cccc(-c3cccc4c3C(=O)N(*)C4=O)c1)C2=O,332.0
*N1C(=O)c2cccc(-c3cccc(N4C(=O)c5ccc(-c6ccc(F)cc6)cc5C4=O)c3)c2C1=O,295.0
*c1cc(F)ccc1-c1ccc2c(c1)C(=O)N(c1cccc(-c3cccc4c3C(=O)N(*)C4=O)c1)C2=O,330.0
*N1C(=O)c2cccc(-c3cccc(N4C(=O)c5ccc(-c6ccc(N)cc6)cc5C4=O)c3)c2C1=O,310.0
*c1cc(N)ccc1-c1ccc2c(c1)C(=O)N(c1cccc(-c3cccc4c3C(=O)N(*)C4=O)c1)C2=O,338.0
*c1cccc2c1C(=O)N(c1ccc(-c3ccc4c(c3)C(=O)N(c3cccc(-c5cccc6c5C(=O)N(*)C6=O)c3)C4=O)cc1)C2=O,335.0
*N1C(=O)c2cccc(-c3cccc(N4C(=O)c5ccc(-c6ccc(OC(F)(F)F)cc6)cc5C4=O)c3)c2C1=O,295.0
*N1C(=O)c2cccc(-c3cccc(N4C(=O)c5ccc(-c6ccc(OC)cc6)cc5C4=O)c3)c2C1=O,275.0
*c1cc(OC)ccc1-c1ccc2c(c1)C(=O)N(c1cccc(-c3cccc4c3C(=O)N(*)C4=O)c1)C2=O,318.0
*c1cc(Oc2ccccc2)ccc1-c1ccc2c(c1)C(=O)N(c1cccc(-c3cccc4c3C(=O)N(*)C4=O)c1)C2=O,298.0
*c1cc(S(C)(=O)=O)ccc1-c1ccc2c(c1)C(=O)N(c1cccc(-c3cccc4c3C(=O)N(*)C4=O)c1)C2=O,342.0
*c1ccc(-c2ccc3c(c2)C(=O)N(c2cccc(-c4cccc5c4C(=O)N(*)C5=O)c2)C3=O)cc1,345.0
*N1C(=O)c2cccc(-c3cccc(N4C(=O)c5ccc(-c6ccc(C(C)=O)cc6)cc5C4=O)c3)c2C1=O,315.0
*N(*)C(=O)c1ccc(-c2ccc3c(c2)C(=O)N(c2cccc(-c4cccc5c4C(=O)N(*)C5=O)c2)C3=O)cc1,325.0
*CC(C)(C)c1ccc(-c2ccc3c(c2)C(=O)N(c2cccc(-c4cccc5c4C(=O)N(*)C5=O)c2)C3=O)cc1,285.0
*N1C(=O)c2cccc(-c3cccc(N4C(=O)c5ccc(-c6ccc(C(F)(F)F)cc6)cc5C4=O)c3)c2C1=O,310.0
*CCc1ccc(-c2ccc3c(c2)C(=O)N(c2cccc(-c4cccc5c4C(=O)N(*)C5=O)c2)C3=O)cc1,278.0
*CC(=O)Nc1ccc(-c2ccc3c(c2)C(=O)N(c2cccc(-c4cccc5c4C(=O)N(*)C5=O)c2)C3=O)cc1,348.0
*CSc1ccc(-c2ccc3c(c2)C(=O)N(c2cccc(-c4cccc5c4C(=O)N(*)C5=O)c2)C3=O)cc1,290.0
*N1C(=O)c2cccc(-c3cccc(N4C(=O)c5ccc(-c6ccccc6)cc5C4=O)c3)c2C1=O,310.0
*c1ccccc1-c1ccc2c(c1)C(=O)N(c1cccc(-c3cccc4c3C(=O)N(*)C4=O)c1)C2=O,335.0
*N1C(=O)c2cccc(-c3cccc(N4C(=O)c5ccc(-c6ccncc6)cc5C4=O)c3)c2C1=O,338.0
*c1cccc(-n2c(=O)c3ccc4c(=O)n(-c5cccc(-c6cccc7c6C(=O)N(*)C7=O)c5)c(=O)c4c3c2=O)c1,348.0
*N1C(=O)c2cccc(-c3cccc(-n4c(=O)c5ccc6c(=O)c7ccccc7c(=O)c6c5c4=O)c3)c2C1=O,370.0
*N1C(=O)c2cccc(-c3cccc(N4C(=O)c5ccc6ccccc6c5C4=O)c3)c2C1=O,335.0
*N1C(=O)c2cccc(-c3cccc(-n4c(=O)c5ccc6cc7c(=O)n(*)c(=O)c7cc6c5c4=O)c3)c2C1=O,370.0
*N1C(=O)c2cccc(-c3cccc(N4C(=O)c5cccc(OC(F)(F)F)c5C4=O)c3)c2C1=O,318.0
*c1cccc2c1C(=O)N(c1cccc(-c3cccc4c3C(=O)N(*)C4=O)c1)C2=O,320.0
*N1C(=O)c2cccc(-c3cccc(N4C(=O)c5cccc(C#N)c5C4=O)c3)c2C1=O,325.0
*N1C(=O)c2cccc(-c3cccc(N4C(=O)c5cccc(C(=O)OC)c5C4=O)c3)c2C1=O,342.0
*c1cccc2c1C(=O)N(c1cccc(C(=O)c3cccc4c3C(=O)N(c3cccc(-c5cccc6c5C(=O)N(*)C6=O)c3)C4=O)c1)C2=O,325.0
*c1cccc2c1C(=O)N(c1cccc(C(C)(C)c3cccc4c3C(=O)N(c3cccc(-c5cccc6c5C(=O)N(*)C6=O)c3)C4=O)c1)C2=O,268.0
*c1cccc(C(C)(C)c2cccc3c2C(=O)N(c2cccc(-c4cccc5c4C(=O)N(*)C5=O)c2)C3=O)c1,272.0
*N1C(=O)c2cccc(-c3cccc(N4C(=O)c5cccc(C(C)=O)c5C4=O)c3)c2C1=O,308.0
*c1cccc2c1C(=O)N(c1cccc(C(F)(F)c3cccc4c3C(=O)N(c3cccc(-c5cccc6c5C(=O)N(*)C6=O)c3)C4=O)c1)C2=O,285.0
*CCc1cccc2c1C(=O)N(c1cccc(-c3cccc4c3C(=O)N(*)C4=O)c1)C2=O,195.0
*c1ccc(Cc2cccc3c2C(=O)N(c2cccc(-c4cccc5c4C(=O)N(*)C5=O)c2)C3=O)cc1,278.0
*c1cccc2c1C(=O)N(c1cccc(Cc3cccc4c3C(=O)N(c3cccc(-c5cccc6c5C(=O)N(*)C6=O)c3)C4=O)c1)C2=O,275.0
*c1cccc(Cc2cccc3c2C(=O)N(c2cccc(-c4cccc5c4C(=O)N(*)C5=O)c2)C3=O)c1,278.0
*N1C(=O)c2cccc(-c3cccc(N4C(=O)c5cccc(NC(C)=O)c5C4=O)c3)c2C1=O,312.0
*c1cccc2c1C(=O)N(c1cccc(C(=O)Nc3cccc4c3C(=O)N(c3cccc(-c5cccc6c5C(=O)N(*)C6=O)c3)C4=O)c1)C2=O,370.0
*N1C(=O)c2cccc(-c3cccc(N4C(=O)c5cccc(OC)c5C4=O)c3)c2C1=O,252.0
*N1C(=O)c2cccc(-c3cccc(N4C(=O)c5cccc(OCC)c5C4=O)c3)c2C1=O,275.0
*c1ccc(Oc2cccc3c2C(=O)N(c2cccc(-c4cccc5c4C(=O)N(*)C5=O)c2)C3=O)cc1,290.0
*c1cccc2c1C(=O)N(c1cccc(Oc3cccc4c3C(=O)N(c3cccc(-c5cccc6c5C(=O)N(*)C6=O)c3)C4=O)c1)C2=O,305.0
*c1cccc(Oc2cccc3c2C(=O)N(c2cccc(-c4cccc5c4C(=O)N(*)C5=O)c2)C3=O)c1,262.0
*c1ccc(Oc2cccc(Oc3cccc4c3C(=O)N(c3cccc(-c5cccc6c5C(=O)N(*)C6=O)c3)C4=O)c2)cc1,248.0
*N1C(=O)c2cccc(-c3cccc(N4C(=O)c5cccc(Oc6ccccc6)c5C4=O)c3)c2C1=O,338.0
*N1C(=O)c2cccc(-c3cccc(N4C(=O)c5cccc(S(C)(=O)=O)c5C4=O)c3)c2C1=O,318.0
*c1cccc2c1C(=O)N(c1cccc(S(=O)(=O)c3cccc4c3C(=O)N(c3cccc(-c5cccc6c5C(=O)N(*)C6=O)c3)C4=O)c1)C2=O,340.0
*N1C(=O)c2cccc(-c3cccc(N4C(=O)c5cccc(SC)c5C4=O)c3)c2C1=O,290.0
*c1cccc2c1C(=O)N(c1cccc(Sc3cccc4c3C(=O)N(c3cccc(-c5cccc6c5C(=O)N(*)C6=O)c3)C4=O)c1)C2=O,270.0
*c1cccc2c1C(=O)N(c1c(-c3cccc4c3C(=O)N(c3cccc(-c5cccc6c5C(=O)N(*)C6=O)c3)C4=O)cc(C(F)(F)F)cc1C(F)(F)F)C2=O,295.0
*N1C(=O)c2cccc(-c3cccc(N4C(=O)c5cccc(-c6cc(C)cc(C)c6)c5C4=O)c3)c2C1=O,302.0
*c1cccc2c1C(=O)N(c1c(C)cc(C)cc1-c1cccc3c1C(=O)N(c1cccc(-c4cccc5c4C(=O)N(*)C5=O)c1)C3=O)C2=O,268.0
*c1cccc2c1C(=O)N(c1cccc(-c3cc(C)cc(-c4cccc5c4C(=O)N(c4cccc(-c6cccc7c6C(=O)N(*)C7=O)c4)C5=O)c3)c1)C2=O,270.0
*c1cccc2c1C(=O)N(c1c(Cl)cc(Cl)cc1-c1cccc3c1C(=O)N(c1cccc(-c4cccc5c4C(=O)N(*)C5=O)c1)C3=O)C2=O,305.0
*c1cccc2c1C(=O)N(c1cccc(-c3cc(Cl)cc(-c4cccc5c4C(=O)N(c4cccc(-c6cccc7c6C(=O)N(*)C7=O)c4)C5=O)c3)c1)C2=O,325.0
*c1cccc2c1C(=O)N(c1cc(F)c(F)cc1-c1cccc3c1C(=O)N(c1cccc(-c4cccc5c4C(=O)N(*)C5=O)c1)C3=O)C2=O,315.0
*c1cccc2c1C(=O)N(c1c(F)cc(F)cc1-c1cccc3c1C(=O)N(c1cccc(-c4cccc5c4C(=O)N(*)C5=O)c1)C3=O)C2=O,315.0
*c1cccc2c1C(=O)N(c1cccc(-c3cc(F)cc(-c4cccc5c4C(=O)N(c4cccc(-c6cccc7c6C(=O)N(*)C7=O)c4)C5=O)c3)c1)C2=O,316.0
*N1C(=O)c2cccc(-c3cccc(N4C(=O)c5cccc(-c6cc(OC)cc(OC)c6)c5C4=O)c3)c2C1=O,292.0
*c1cccc2c1C(=O)N(c1cccc(-c3cc(OC)cc(-c4cccc5c4C(=O)N(c4cccc(-c6cccc7c6C(=O)N(*)C7=O)c4)C5=O)c3)c1)C2=O,262.0
*c1cc(-c2cccc3c2C(=O)N(c2cccc(-c4cccc5c4C(=O)N(*)C5=O)c2)C3=O)c(F)c(F)c1F,335.0
*N1C(=O)c2cccc(-c3cccc(N4C(=O)c5cccc(-c6cc(C(F)(F)F)cc(C(F)(F)F)c6)c5C4=O)c3)c2C1=O,295.0
*N1C(=O)c2cccc(-c3cccc(N4C(=O)c5cccc(-c6ccc(Br)cc6)c5C4=O)c3)c2C1=O,348.0
*N1C(=O)c2cccc(-c3cccc(N4C(=O)c5cccc(-c6ccc(C#N)cc6)c5C4=O)c3)c2C1=O,365.0
*c1ccc(C(C)(C)c2ccc(-c3cccc4c3C(=O)N(c3cccc(-c5cccc6c5C(=O)N(*)C6=O)c3)C4=O)cc2)cc1,270.0
*N1C(=O)c2cccc(-c3cccc(N4C(=O)c5cccc(-c6ccc(C(F)(F)F)cc6)c5C4=O)c3)c2C1=O,328.0
*c1cccc2c1C(=O)N(c1cc(C(F)(F)F)ccc1-c1cccc3c1C(=O)N(c1cccc(-c4cccc5c4C(=O)N(*)C5=O)c1)C3=O)C2=O,310.0
*c1cccc2c1C(=O)N(c1cc(CC)ccc1-c1cccc3c1C(=O)N(c1cccc(-c4cccc5c4C(=O)N(*)C5=O)c1)C3=O)C2=O,265.0
*c1cccc2c1C(=O)N(c1cc(Cl)ccc1-c1cccc3c1C(=O)N(c1cccc(-c4cccc5c4C(=O)N(*)C5=O)c1)C3=O)C2=O,300.0
*N1C(=O)c2cccc(-c3cccc(N4C(=O)c5cccc(-c6ccc(F)c(F)c6)c5C4=O)c3)c2C1=O,305.0
*N1C(=O)c2cccc(-c3cccc(N4C(=O)c5cccc(-c6ccc(F)cc6)c5C4=O)c3)c2C1=O,316.0
*c1cccc2c1C(=O)N(c1cc(F)ccc1-c1cccc3c1C(=O)N(c1cccc(-c4cccc5c4C(=O)N(*)C5=O)c1)C3=O)C2=O,290.0
*N1C(=O)c2cccc(-c3cccc(N4C(=O)c5cccc(-c6ccc(I)cc6)c5C4=O)c3)c2C1=O,345.0
*c1cccc2c1C(=O)N(c1cc(N)ccc1-c1cccc3c1C(=O)N(c1cccc(-c4cccc5c4C(=O)N(*)C5=O)c1)C3=O)C2=O,330.0
*N1C(=O)c2cccc(-c3cccc(N4C(=O)c5cccc(-c6ccc(OC(F)(F)F)cc6)c5C4=O)c3)c2C1=O,280.0
*c1cccc2c1C(=O)N(c1cc(OC)ccc1-c1cccc3c1C(=O)N(c1cccc(-c4cccc5c4C(=O)N(*)C5=O)c1)C3=O)C2=O,255.0
*c1ccc(Oc2ccc(-c3cccc4c3C(=O)N(c3cccc(-c5cccc6c5C(=O)N(*)C6=O)c3)C4=O)cc2)cc1,295.0
*c1cccc2c1C(=O)N(c1cccc(-c3ccc(Oc4ccc(-c5cccc6c5C(=O)N(c5cccc(-c7cccc8c7C(=O)N(*)C8=O)c5)C6=O)cc4)cc3)c1)C2=O,288.0
*N1C(=O)c2cccc(-c3cccc(N4C(=O)c5cccc(-c6ccc(S(C)(=O)=O)cc6)c5C4=O)c3)c2C1=O,358.0
*c1cccc2c1C(=O)N(c1cc(S(C)(=O)=O)ccc1-c1cccc3c1C(=O)N(c1cccc(-c4cccc5c4C(=O)N(*)C5=O)c1)C3=O)C2=O,320.0
*c1ccc(S(=O)(=O)c2ccc(-c3cccc4c3C(=O)N(c3cccc(-c5cccc6c5C(=O)N(*)C6=O)c3)C4=O)cc2)cc1,330.0
*c1ccc(-c2ccc(-c3cccc4c3C(=O)N(c3cccc(-c5cccc6c5C(=O)N(*)C6=O)c3)C4=O)cc2)cc1,315.0
*N1C(=O)c2cccc(-c3cccc(N4C(=O)c5cccc(-c6ccc(C(C)=O)cc6)c5C4=O)c3)c2C1=O,318.0
*N1C(=O)c2cccc(-c3cccc(N4C(=O)c5cccc(-c6ccc(C(=O)OC)cc6)c5C4=O)c3)c2C1=O,285.0
*c1cccc2c1C(=O)N(c1cccc(-c3ccc(OC(=O)c4ccc(-c5cccc6c5C(=O)N(c5cccc(-c7cccc8c7C(=O)N(*)C8=O)c5)C6=O)cc4)cc3)c1)C2=O,308.0
*c1ccc(C(=O)c2ccc(-c3cccc4c3C(=O)N(c3cccc(-c5cccc6c5C(=O)N(*)C6=O)c3)C4=O)cc2)cc1,345.0
*c1cccc2c1C(=O)N(c1ccc(C(C)(C)c3ccc(-c4cccc5c4C(=O)N(c4cccc(-c6cccc7c6C(=O)N(*)C7=O)c4)C5=O)cc3)cc1)C2=O,272.0
*c1cccc2c1C(=O)N(c1cccc(-c3ccc(C(C)(C)c4ccc(-c5cccc6c5C(=O)N(c5cccc(-c7cccc8c7C(=O)N(*)C8=O)c5)C6=O)cc4)cc3)c1)C2=O,272.0
*N1C(=O)c2cccc(-c3cccc(N4C(=O)c5cccc(-c6ccc(C(C)C)cc6)c5C4=O)c3)c2C1=O,260.0
*N1C(=O)c2cccc(-c3cccc(N4C(=O)c5cccc(-c6ccc(C(F)(CF)CF)cc6)c5C4=O)c3)c2C1=O,268.0
*c1cccc2c1C(=O)N(c1ccc(Cc3ccc(-c4cccc5c4C(=O)N(c4cccc(-c6cccc7c6C(=O)N(*)C7=O)c4)C5=O)cc3)cc1)C2=O,288.0
*c1cccc2c1C(=O)N(c1cccc(-c3ccc(Cc4ccc(-c5cccc6c5C(=O)N(c5cccc(-c7cccc8c7C(=O)N(*)C8=O)c5)C6=O)cc4)cc3)c1)C2=O,278.0
*N1C(=O)c2cccc(-c3cccc(N4C(=O)c5cccc(-c6ccc(N(C)C)cc6)c5C4=O)c3)c2C1=O,268.0
*N1C(=O)c2cccc(-c3cccc(N4C(=O)c5cccc(-c6ccc(NC(C)=O)cc6)c5C4=O)c3)c2C1=O,345.0
*c1cccc2c1C(=O)N(c1cccc(-c3ccc(C(=O)Nc4ccc(-c5cccc6c5C(=O)N(c5cccc(-c7cccc8c7C(=O)N(*)C8=O)c5)C6=O)cc4)cc3)c1)C2=O,352.0
*c1ccc(Nc2ccc(-c3cccc4c3C(=O)N(c3cccc(-c5cccc6c5C(=O)N(*)C6=O)c3)C4=O)cc2)cc1,325.0
*c1cccc2c1C(=O)N(c1ccc(C(=O)Oc3ccc(-c4cccc5c4C(=O)N(c4cccc(-c6cccc7c6C(=O)N(*)C7=O)c4)C5=O)cc3)cc1)C2=O,298.0
*N1C(=O)c2cccc(-c3cccc(N4C(=O)c5cccc(-c6ccc(OCC)cc6)c5C4=O)c3)c2C1=O,258.0
*c1cccc2c1C(=O)N(c1ccc(Oc3ccc(-c4cccc5c4C(=O)N(c4cccc(-c6cccc7c6C(=O)N(*)C7=O)c4)C5=O)cc3)cc1)C2=O,305.0
*c1cccc2c1C(=O)N(c1cccc(Oc3ccc(-c4cccc5c4C(=O)N(c4cccc(-c6cccc7c6C(=O)N(*)C7=O)c4)C5=O)cc3)c1)C2=O,245.0
*c1cccc2c1C(=O)N(c1cccc(-c3ccc(S(=O)(=O)c4ccc(-c5cccc6c5C(=O)N(c5cccc(-c7cccc8c7C(=O)N(*)C8=O)c5)C6=O)cc4)cc3)c1)C2=O,332.0
*N1C(=O)c2cccc(-c3cccc(N4C(=O)c5cccc(-c6ccc(SC)cc6)c5C4=O)c3)c2C1=O,278.0
*c1cccc2c1C(=O)N(c1ccc(-c3ccc(-c4cccc5c4C(=O)N(c4cccc(-c6cccc7c6C(=O)N(*)C7=O)c4)C5=O)cc3)cc1)C2=O,350.0
*c1cccc2c1C(=O)N(c1cccc(-c3ccc(-c4ccc(-c5cccc6c5C(=O)N(c5cccc(-c7cccc8c7C(=O)N(*)C8=O)c5)C6=O)cc4)cc3)c1)C2=O,342.0
*c1cccc2c1C(=O)N(c1cccc(-c3ccc(-c4cccc5c4C(=O)N(c4cccc(-c6cccc7c6C(=O)N(*)C7=O)c4)C5=O)cc3)c1)C2=O,328.0
*N1C(=O)c2cccc(-c3cccc(N4C(=O)c5cccc(-c6cccc(C#N)c6)c5C4=O)c3)c2C1=O,335.0
*N1C(=O)c2cccc(-c3cccc(N4C(=O)c5cccc(-c6cccc(C(=O)O)c6)c5C4=O)c3)c2C1=O,342.0
*N1C(=O)c2cccc(-c3cccc(N4C(=O)c5cccc(-c6cccc(C(C)(C)C)c6)c5C4=O)c3)c2C1=O,285.0
*N1C(=O)c2cccc(-c3cccc(N4C(=O)c5cccc(-c6cccc(CC)c6)c5C4=O)c3)c2C1=O,298.0
*N1C(=O)c2cccc(-c3cccc(N4C(=O)c5cccc(-c6cccc(Cl)c6)c5C4=O)c3)c2C1=O,321.0
*N1C(=O)c2cccc(-c3cccc(N4C(=O)c5cccc(-c6cccc(N)c6)c5C4=O)c3)c2C1=O,340.0
*N1C(=O)c2cccc(-c3cccc(N4C(=O)c5cccc(-c6cccc(NC(C)=O)c6)c5C4=O)c3)c2C1=O,326.0
*N1C(=O)c2cccc(-c3cccc(N4C(=O)c5cccc(-c6cccc(OC(F)(F)F)c6)c5C4=O)c3)c2C1=O,325.0
*N1C(=O)c2cccc(-c3cccc(N4C(=O)c5cccc(-c6cccc(OC)c6)c5C4=O)c3)c2C1=O,307.0
*N1C(=O)c2cccc(-c3cccc(N4C(=O)c5cccc(-c6cccc(OCCO)c6)c5C4=O)c3)c2C1=O,288.0
*N1C(=O)c2cccc(-c3cccc(N4C(=O)c5cccc(-c6cccc(Oc7ccccc7)c6)c5C4=O)c3)c2C1=O,318.0
*N1C(=O)c2cccc(-c3cccc(N4C(=O)c5cccc(-c6cccc(S(C)(=O)=O)c6)c5C4=O)c3)c2C1=O,332.0
*N1C(=O)c2cccc(-c3cccc(N4C(=O)c5cccc(-c6cccc(SC)c6)c5C4=O)c3)c2C1=O,305.0
*N1C(=O)c2cccc(-c3cccc(N4C(=O)c5cccc(-c6cccc(Sc7ccccc7)c6)c5C4=O)c3)c2C1=O,315.0
*N1C(=O)c2cccc(-c3cccc(N4C(=O)c5cccc(-c6cccc(C(=O)N(C)C)c6)c5C4=O)c3)c2C1=O,275.0
*N1C(=O)c2cccc(-c3cccc(N4C(=O)c5cccc(-c6cccc(C(=O)Oc7ccccc7)c6)c5C4=O)c3)c2C1=O,278.0
*N1C(=O)c2cccc(-c3cccc(N4C(=O)c5cccc(-c6cccc(C(=O)c7ccccc7)c6)c5C4=O)c3)c2C1=O,312.0
*N1C(=O)c2cccc(-c3cccc(N4C(=O)c5cccc(-c6cccc(Nc7ccccc7)c6)c5C4=O)c3)c2C1=O,328.0
*N1C(=O)c2cccc(-c3cccc(N4C(=O)c5cccc(-c6cccc(Oc7cccc(F)c7)c6)c5C4=O)c3)c2C1=O,252.0
*N1C(=O)c2cccc(-c3cccc(N4C(=O)c5cccc(-c6cccc(P(=O)(OC)OC)c6)c5C4=O)c3)c2C1=O,285.0
*N1C(=O)c2cccc(-c3cccc(N4C(=O)c5cccc(-c6cccc(S(=O)(=O)N(C)C)c6)c5C4=O)c3)c2C1=O,315.0
*c1cccc2c1C(=O)N(c1cccc(-c3cccc(-c4cccc5c4C(=O)N(c4cccc(-c6cccc7c6C(=O)N(*)C7=O)c4)C5=O)c3)c1)C2=O,355.0
*N1C(=O)c2cccc(-c3cccc(N4C(=O)c5cccc(-c6cccc(-c7ccccc7)c6)c5C4=O)c3)c2C1=O,342.0
*N1C(=O)c2cccc(-c3cccc(N4C(=O)c5cccc(-c6cccc(C)c6C)c5C4=O)c3)c2C1=O,292.0
*N1C(=O)c2cccc(-c3cccc(N4C(=O)c5cccc(-c6cccc(Cl)c6Cl)c5C4=O)c3)c2C1=O,322.0
*N1C(=O)c2cccc(-c3cccc(N4C(=O)c5cccc(-c6cccc(F)c6F)c5C4=O)c3)c2C1=O,318.0
*c1cccc(-c2cccc3c2C(=O)N(c2cccc(-c4cccc5c4C(=O)N(*)C5=O)c2)C3=O)n1,340.0
*N1C(=O)c2cccc(-c3cccc(N4C(=O)c5cccc(-c6ccccc6)c5C4=O)c3)c2C1=O,315.0
*N1C(=O)c2cccc(-c3cccc(N4C(=O)c5cccc(-c6ccncc6)c5C4=O)c3)c2C1=O,362.0
*N1C(=O)c2cccc(-c3cccc(N4C(=O)c5cccc(-n6cccc6)c5C4=O)c3)c2C1=O,370.0
*N1C(=O)c2cccc(-c3cccc(N4C(=O)c5ccccc5C4=O)c3)c2C1=O,280.0
*N1C(=O)c2cccc(-c3cccc(N4C(=O)c5ccncc5C4=O)c3)c2C1=O,345.0
*N1C(=O)c2cccc(-c3cccc(N4C(=O)c5cncnc5C4=O)c3)c2C1=O,355.0
*c1cccc2c1C(=O)N(c1cccc(N=Nc3cccc(-c4cccc5c4C(=O)N(*)C5=O)c3)c1)C2=O,308.0
*c1cccc2c1C(=O)N(c1cccc(Nc3cccc(-c4cccc5c4C(=O)N(*)C5=O)c3)c1)C2=O,322.0
*c1cccc2c1C(=O)N(c1cccc(Nc3cccc(Nc4cccc(-c5cccc6c5C(=O)N(*)C6=O)c4)c3)c1)C2=O,330.0
*c1cccc2c1C(=O)N(c1cccc(OC(=O)Oc3cccc(-c4cccc5c4C(=O)N(*)C5=O)c3)c1)C2=O,258.0
*c1cccc2c1C(=O)N(c1cccc(C(C)(C)Oc3cccc(-c4cccc5c4C(=O)N(*)C5=O)c3)c1)C2=O,262.0
*c1cccc2c1C(=O)N(c1cccc(C(F)(F)Oc3cccc(-c4cccc5c4C(=O)N(*)C5=O)c3)c1)C2=O,268.0
*c1cccc2c1C(=O)N(c1cccc(OC(=O)COc3cccc(-c4cccc5c4C(=O)N(*)C5=O)c3)c1)C2=O,255.0
*c1cccc2c1C(=O)N(c1cccc(OCC(CO)(CO)COc3cccc(-c4cccc5c4C(=O)N(*)C5=O)c3)c1)C2=O,235.0
*c1cccc2c1C(=O)N(c1cccc(OCC(O)COc3cccc(-c4cccc5c4C(=O)N(*)C5=O)c3)c1)C2=O,210.0
*c1cccc2c1C(=O)N(c1cccc(OCCOc3cccc(-c4cccc5c4C(=O)N(*)C5=O)c3)c1)C2=O,255.0
*c1cccc2c1C(=O)N(c1cccc(COc3cccc(-c4cccc5c4C(=O)N(*)C5=O)c3)c1)C2=O,268.0
*c1cccc2c1C(=O)N(c1cc(Oc3cccc(-c4cccc5c4C(=O)N(*)C5=O)c3)cc(C(F)(F)F)c1)C2=O,292.0
*c1cccc2c1C(=O)N(c1cc(OC)cc(Oc3cccc(-c4cccc5c4C(=O)N(*)C5=O)c3)c1)C2=O,260.0
*c1cccc2c1C(=O)N(c1ccc(C(C)(C)c3ccc(Oc4cccc(-c5cccc6c5C(=O)N(*)C6=O)c4)cc3)cc1)C2=O,250.0
*c1cccc2c1C(=O)N(c1ccc(Oc3cccc(-c4cccc5c4C(=O)N(*)C5=O)c3)cc1)C2=O,268.0
*c1cccc2c1C(=O)N(c1cccc(Oc3ccc(Oc4cccc(-c5cccc6c5C(=O)N(*)C6=O)c4)cc3)c1)C2=O,270.0
*c1cccc2c1C(=O)N(c1ccc(-c3ccc(Oc4cccc(-c5cccc6c5C(=O)N(*)C6=O)c4)cc3)cc1)C2=O,292.0
*c1cccc2c1C(=O)N(c1cccc(-c3ccc(Oc4cccc(-c5cccc6c5C(=O)N(*)C6=O)c4)cc3)c1)C2=O,300.0
*N1C(=O)c2ccc(Oc3cccc(-c4cccc5c4C(=O)N(*)C5=O)c3)cc2C1=O,310.0
*c1cccc2c1C(=O)N(c1cccc(C(=O)c3cccc(Oc4cccc(-c5cccc6c5C(=O)N(*)C6=O)c4)c3)c1)C2=O,305.0
*c1cccc2c1C(=O)N(c1cccc(C(C)(C)c3cccc(Oc4cccc(-c5cccc6c5C(=O)N(*)C6=O)c4)c3)c1)C2=O,265.0
*c1cccc2c1C(=O)N(c1cccc(Cc3cccc(Oc4cccc(-c5cccc6c5C(=O)N(*)C6=O)c4)c3)c1)C2=O,268.0
*c1cccc2c1C(=O)N(c1cccc(Oc3cccc(Oc4cccc(-c5cccc6c5C(=O)N(*)C6=O)c4)c3)c1)C2=O,255.0
*c1cccc2c1C(=O)N(c1cccc(S(=O)(=O)c3cccc(Oc4cccc(-c5cccc6c5C(=O)N(*)C6=O)c4)c3)c1)C2=O,325.0
*c1cccc2c1C(=O)N(c1cccc(Sc3cccc(Oc4cccc(-c5cccc6c5C(=O)N(*)C6=O)c4)c3)c1)C2=O,284.0
*c1cccc2c1C(=O)N(c1cccc(-c3cccc(Oc4cccc(-c5cccc6c5C(=O)N(*)C6=O)c4)c3)c1)C2=O,315.0
*c1cccc2c1C(=O)N(c1cccc(Oc3cccc(-c4cccc5c4C(=O)N(*)C5=O)c3)c1C(F)(F)F)C2=O,308.0
*N1C(=O)c2cccc(Oc3cccc(-c4cccc5c4C(=O)N(*)C5=O)c3)c2C1=O,305.0
*c1cccc2c1C(=O)N(c1ccc(S(=O)(=O)c3cccc(-c4cccc5c4C(=O)N(*)C5=O)c3)cc1)C2=O,348.0
*N1C(=O)c2ccc(S(=O)(=O)c3cccc(-c4cccc5c4C(=O)N(*)C5=O)c3)cc2C1=O,360.0
*c1cccc2c1C(=O)N(c1cccc(S(=O)(=O)c3cccc(-c4cccc5c4C(=O)N(*)C5=O)c3)c1)C2=O,312.0
*c1cccc2c1C(=O)N(c1cccc(S(=O)(=O)c3cccc(S(=O)(=O)c4cccc(-c5cccc6c5C(=O)N(*)C6=O)c4)c3)c1)C2=O,355.0
*c1cccc2c1C(=O)N(c1cccc(C(=O)Sc3cccc(-c4cccc5c4C(=O)N(*)C5=O)c3)c1)C2=O,312.0
*c1cccc2c1C(=O)N(c1ccc(Sc3cccc(-c4cccc5c4C(=O)N(*)C5=O)c3)cc1)C2=O,300.0
*c1cccc2c1C(=O)N(c1cccc(Sc3cccc(-c4cccc5c4C(=O)N(*)C5=O)c3)c1)C2=O,288.0
*c1cccc2c1C(=O)N(c1cccc([Si](C)(C)c3cccc(-c4cccc5c4C(=O)N(*)C5=O)c3)c1)C2=O,265.0
*c1cccc2c1C(=O)N(c1cc(C)c(-c3cccc(-c4cccc5c4C(=O)N(*)C5=O)c3)cc1C)C2=O,483.0
*c1cccc2c1C(=O)N(c1c(C)cc(C)cc1-c1cccc(-c3cccc4c3C(=O)N(*)C4=O)c1)C2=O,268.0
*c1cccc2c1C(=O)N(c1cc(Cl)cc(-c3cccc(-c4cccc5c4C(=O)N(*)C5=O)c3)c1)C2=O,305.0
*c1cccc2c1C(=O)N(c1cc(F)c(-c3cccc(-c4cccc5c4C(=O)N(*)C5=O)c3)cc1F)C2=O,318.0
*c1cccc2c1C(=O)N(c1cc(F)cc(-c3cccc(-c4cccc5c4C(=O)N(*)C5=O)c3)c1)C2=O,298.0
*c1cccc2c1C(=O)N(c1cc(OC)cc(-c3cccc(-c4cccc5c4C(=O)N(*)C5=O)c3)c1)C2=O,272.0
*c1cccc2c1C(=O)N(c1c(OC)cc(OC)cc1-c1cccc(-c3cccc4c3C(=O)N(*)C4=O)c1)C2=O,272.0
*c1cccc2c1C(=O)N(c1cc(-c3cccc(-c4cccc5c4C(=O)N(*)C5=O)c3)cc(C(C)(C)C)c1)C2=O,268.0
*c1cccc2c1C(=O)N(c1cc(-c3cccc(-c4cccc5c4C(=O)N(*)C5=O)c3)cc(C(F)(F)F)c1)C2=O,292.0
*c1cccc2c1C(=O)N(c1cc(OC(F)(F)F)cc(-c3cccc(-c4cccc5c4C(=O)N(*)C5=O)c3)c1)C2=O,288.0
*C(=O)c1cc2c(-c3cccc(-c4cccc5c4C(=O)N(*)C5=O)c3)cc1c(=O)n(*)c2=O,348.0
*c1cccc2c1C(=O)N(c1cc(Br)ccc1-c1cccc(-c3cccc4c3C(=O)N(*)C4=O)c1)C2=O,318.0
*c1cccc2c1C(=O)N(c1ccc(C(=O)c3ccc(-c4cccc(-c5cccc6c5C(=O)N(*)C6=O)c4)cc3)cc1)C2=O,335.0
*c1cccc2c1C(=O)N(c1cccc(C(=O)c3ccc(-c4cccc(-c5cccc6c5C(=O)N(*)C6=O)c4)cc3)c1)C2=O,322.0
*c1cccc2c1C(=O)N(c1ccc(C(C)(C)c3ccc(-c4cccc(-c5cccc6c5C(=O)N(*)C6=O)c4)cc3)cc1)C2=O,270.0
*c1cccc2c1C(=O)N(c1cc(C(F)(F)F)ccc1-c1cccc(-c3cccc4c3C(=O)N(*)C4=O)c1)C2=O,315.0
*c1cccc2c1C(=O)N(c1cc(C)ccc1-c1cccc(-c3cccc4c3C(=O)N(*)C4=O)c1)C2=O,295.0
*c1cccc2c1C(=O)N(c1ccc(Cc3ccc(-c4cccc(-c5cccc6c5C(=O)N(*)C6=O)c4)cc3)cc1)C2=O,285.0
*c1cccc2c1C(=O)N(c1cc(Cl)ccc1-c1cccc(-c3cccc4c3C(=O)N(*)C4=O)c1)C2=O,320.0
*c1cccc2c1C(=O)N(c1cc(F)ccc1-c1cccc(-c3cccc4c3C(=O)N(*)C4=O)c1)C2=O,325.0
*c1cccc2c1C(=O)N(c1cc(OC)ccc1-c1cccc(-c3cccc4c3C(=O)N(*)C4=O)c1)C2=O,280.0
*c1cccc2c1C(=O)N(c1ccc(Oc3ccc(-c4cccc(-c5cccc6c5C(=O)N(*)C6=O)c4)cc3)cc1)C2=O,298.0
*c1cccc2c1C(=O)N(c1cccc(Oc3ccc(-c4cccc(-c5cccc6c5C(=O)N(*)C6=O)c4)cc3)c1)C2=O,288.0
*c1cccc2c1C(=O)N(c1cc(S(C)(=O)=O)ccc1-c1cccc(-c3cccc4c3C(=O)N(*)C4=O)c1)C2=O,335.0
*c1cccc2c1C(=O)N(c1ccc(S(=O)(=O)c3ccc(-c4cccc(-c5cccc6c5C(=O)N(*)C6=O)c4)cc3)cc1)C2=O,342.0
*c1cccc2c1C(=O)N(c1cccc(Sc3ccc(-c4cccc(-c5cccc6c5C(=O)N(*)C6=O)c4)cc3)c1)C2=O,285.0
*c1cccc2c1C(=O)N(c1cccc(C(C)(C)c3ccc(-c4cccc(-c5cccc6c5C(=O)N(*)C6=O)c4)cc3)c1)C2=O,272.0
*c1cccc2c1C(=O)N(c1cccc(Cc3ccc(-c4cccc(-c5cccc6c5C(=O)N(*)C6=O)c4)cc3)c1)C2=O,262.0
*c1cccc2c1C(=O)N(c1ccc(-c3cccc(-c4cccc5c4C(=O)N(*)C5=O)c3)cc1)C2=O,322.0
*c1cccc2c1C(=O)N(c1cccc(S(=O)(=O)c3ccc(-c4cccc(-c5cccc6c5C(=O)N(*)C6=O)c4)cc3)c1)C2=O,332.0
*c1cccc2c1C(=O)N(c1ccc(-c3ccc(-c4cccc(-c5cccc6c5C(=O)N(*)C6=O)c4)cc3)cc1)C2=O,345.0
*c1cccc2c1C(=O)N(c1cccc(-c3ccc(-c4cccc(-c5cccc6c5C(=O)N(*)C6=O)c4)cc3)c1)C2=O,350.0
*N1C(=O)c2ccc(-c3cccc(-c4cccc5c4C(=O)N(*)C5=O)c3)cc2C1=O,355.0
*c1cccc2c1C(=O)N(c1ccc3cc(-c4cccc(-c5cccc6c5C(=O)N(*)C6=O)c4)ccc3c1)C2=O,345.0
*c1cccc2c1C(=O)N(c1cccc(C(C)(C)c3cccc(-c4cccc(-c5cccc6c5C(=O)N(*)C6=O)c4)c3)c1)C2=O,265.0
*c1cccc2c1C(=O)N(c1c(-c3cccc(-c4cccc5c4C(=O)N(*)C5=O)c3)cccc1C(F)(F)F)C2=O,302.0
*c1cccc2c1C(=O)N(c1cccc(Cc3cccc(-c4cccc(-c5cccc6c5C(=O)N(*)C6=O)c4)c3)c1)C2=O,278.0
*c1cccc2c1C(=O)N(c1cccc(-c3cccc(-c4cccc5c4C(=O)N(*)C5=O)c3)c1)C2=O,325.0
*c1cccc2c1C(=O)N(c1cccc(-c3cccc(-c4cccc5c4C(=O)N(*)C5=O)c3)c1C)C2=O,335.0
*c1cccc2c1C(=O)N(c1cccc(-c3cccc(-c4cccc5c4C(=O)N(*)C5=O)c3)c1C(C)=O)C2=O,320.0
*c1cccc2c1C(=O)N(c1cccc(-c3cccc(-c4cccc5c4C(=O)N(*)C5=O)c3)c1C(C)C)C2=O,282.0
*c1cccc2c1C(=O)N(c1cccc(-c3cccc(-c4cccc5c4C(=O)N(*)C5=O)c3)c1CN)C2=O,310.0
*c1cccc2c1C(=O)N(c1cccc(-c3cccc(-c4cccc5c4C(=O)N(*)C5=O)c3)c1Cl)C2=O,338.0
*c1cccc2c1C(=O)N(c1cccc(-c3cccc(-c4cccc5c4C(=O)N(*)C5=O)c3)c1F)C2=O,342.0
*c1cccc2c1C(=O)N(c1cccc(-c3cccc(-c4cccc5c4C(=O)N(*)C5=O)c3)c1N(C)C)C2=O,288.0
*c1cccc2c1C(=O)N(c1cccc(-c3cccc(-c4cccc5c4C(=O)N(*)C5=O)c3)c1S(C)(=O)=O)C2=O,315.0
*c1cccc2c1C(=O)N(c1cccc(Nc3cccc(-c4cccc(-c5cccc6c5C(=O)N(*)C6=O)c4)c3)c1)C2=O,326.0
*c1cccc2c1C(=O)N(c1c(OC)cccc1-c1cccc(-c3cccc4c3C(=O)N(*)C4=O)c1)C2=O,282.0
*c1cccc2c1C(=O)N(c1cccc(Oc3cccc(-c4cccc(-c5cccc6c5C(=O)N(*)C6=O)c4)c3)c1)C2=O,255.0
*c1cccc2c1C(=O)N(c1cccc(S(=O)(=O)c3cccc(-c4cccc(-c5cccc6c5C(=O)N(*)C6=O)c4)c3)c1)C2=O,318.0
*c1cccc2c1C(=O)N(c1cccc(NC(=O)c3cccc(-c4cccc(-c5cccc6c5C(=O)N(*)C6=O)c4)c3)c1)C2=O,563.0
*c1cccc2c1C(=O)N(c1cccc(C(=O)c3cccc(-c4cccc(-c5cccc6c5C(=O)N(*)C6=O)c4)c3)c1)C2=O,338.0
*c1cccc2c1C(=O)N(c1cccc(CCc3cccc(-c4cccc(-c5cccc6c5C(=O)N(*)C6=O)c4)c3)c1)C2=O,288.0
*c1cccc2c1C(=O)N(c1ccc(Cc3cccc(-c4cccc(-c5cccc6c5C(=O)N(*)C6=O)c4)c3)cc1)C2=O,312.0
*c1cccc2c1C(=O)N(c1cccc(N(C)c3cccc(-c4cccc(-c5cccc6c5C(=O)N(*)C6=O)c4)c3)c1)C2=O,295.0
*c1cccc2c1C(=O)N(c1cccc(N=Nc3cccc(-c4cccc(-c5cccc6c5C(=O)N(*)C6=O)c4)c3)c1)C2=O,375.0
*c1cccc2c1C(=O)N(c1cccc(C(=O)Nc3cccc(-c4cccc(-c5cccc6c5C(=O)N(*)C6=O)c4)c3)c1)C2=O,365.0
*c1cccc2c1C(=O)N(c1cccc(C(=O)Oc3cccc(-c4cccc(-c5cccc6c5C(=O)N(*)C6=O)c4)c3)c1)C2=O,338.0
*c1cccc2c1C(=O)N(c1cccc(Sc3cccc(-c4cccc(-c5cccc6c5C(=O)N(*)C6=O)c4)c3)c1)C2=O,328.0
*c1cccc2c1C(=O)N(c1cc(C)c(-c3cccc(-c4cccc(-c5cccc6c5C(=O)N(*)C6=O)c4)c3)cc1C)C2=O,487.0
*c1cccc2c1C(=O)N(c1ccc(-c3cccc(-c4cccc(-c5cccc6c5C(=O)N(*)C6=O)c4)c3)cc1)C2=O,553.0
*c1cccc2c1C(=O)N(c1cccc(-c3cccc(-c4cccc(-c5cccc6c5C(=O)N(*)C6=O)c4)c3)c1)C2=O,345.0
*c1cccc2c1C(=O)N(c1cccc(C(C)(C)c3cccc(-c4cccc(-c5cccc(-c6cccc7c6C(=O)N(*)C7=O)c5)c4)c3)c1)C2=O,481.0
*c1cccc2c1C(=O)N(c1cccc(Cc3cccc(-c4cccc(-c5cccc(-c6cccc7c6C(=O)N(*)C7=O)c5)c4)c3)c1)C2=O,519.0
*c1cccc2c1C(=O)N(c1cccc(Oc3cccc(-c4cccc(-c5cccc(-c6cccc7c6C(=O)N(*)C7=O)c5)c4)c3)c1)C2=O,537.0
*c1cccc2c1C(=O)N(c1cccc(S(=O)(=O)c3cccc(-c4cccc(-c5cccc(-c6cccc7c6C(=O)N(*)C7=O)c5)c4)c3)c1)C2=O,574.0
*c1cccc2c1C(=O)N(c1cccc(Sc3cccc(-c4cccc(-c5cccc(-c6cccc7c6C(=O)N(*)C7=O)c5)c4)c3)c1)C2=O,544.0
*c1cccc2c1C(=O)N(c1cccc(-c3cccc(-c4cccc(-c5cccc(-c6cccc7c6C(=O)N(*)C7=O)c5)c4)c3)c1)C2=O,618.0
*c1cccc2c1C(=O)N(c1cccc(-c3cccc(-c4cccc(-c5cccc6c5C(=O)N(*)C6=O)c4)c3)c1C(F)(F)F)C2=O,523.0
*c1cccc2c1C(=O)N(c1cccc(-c3cccc(-c4cccc5c4C(=O)N(*)C5=O)c3)c1CC)C2=O,278.0
*c1cccc2c1C(=O)N(c1cccc(-c3cccc(-c4cccc5c4C(=O)N(*)C5=O)c3)c1CCC)C2=O,265.0
*c1cccc2c1C(=O)N(c1cccc(-c3cccc(-c4cccc5c4C(=O)N(*)C5=O)c3)c1CCCC)C2=O,255.0
*c1cccc2c1C(=O)N(c1cccc(-c3cccc(-c4cccc5c4C(=O)N(*)C5=O)c3)c1N)C2=O,350.0
*c1cccc2c1C(=O)N(c1cccc(-c3cccc(-c4cccc5c4C(=O)N(*)C5=O)c3)c1OCC)C2=O,272.0
*c1cccc2c1C(=O)N(c1cccc(-c3cccc(-c4cccc5c4C(=O)N(*)C5=O)c3)c1OCCC)C2=O,262.0
*c1cccc2c1C(=O)N(c1cccc(-c3cccc(-c4cccc5c4C(=O)N(*)C5=O)c3)c1SC)C2=O,290.0
*N1C(=O)c2cccc(-c3cccc(-c4cccc5c4C(=O)N(*)C5=O)c3)c2C1=O,338.0
*c1cccc2c1C(=O)N(c1cccc3nc(-c4cccc(-c5cccc6c5C(=O)N(*)C6=O)c4)sc13)C2=O,355.0
*c1cccc2c1C(=O)N(c1cccc(-c3nc4ccccc4nc3-c3cccc(-c4cccc5c4C(=O)N(*)C5=O)c3)c1)C2=O,380.0
*N1C(=O)c2cccc(-c3cccc(-n4c5ccccc5c5ccccc54)c3)c2C1=O,360.0
*c1cccc2c1C(=O)N(c1cccc(-c3cccn3-c3cccc(-c4cccc5c4C(=O)N(*)C5=O)c3)c1)C2=O,350.0
*c1cccc2c1C(=O)N(c1cccc(-c3cccc4c3C(=O)N(*)C4=O)c1C(F)(F)F)C2=O,275.0
*c1cccc2c1C(=O)N(c1cccc(-c3cccc4c3C(=O)N(*)C4=O)c1C)C2=O,300.0
*c1cccc2c1C(=O)N(c1cccc(-c3cccc4c3C(=O)N(*)C4=O)c1CC)C2=O,278.0
*c1cccc2c1C(=O)N(c1cccc(-c3cccc4c3C(=O)N(*)C4=O)c1Cl)C2=O,318.0
*c1cccc2c1C(=O)N(c1cccc(-c3cccc4c3C(=O)N(*)C4=O)c1F)C2=O,305.0
*c1cccc2c1C(=O)N(c1cccc(-c3cccc4c3C(=O)N(*)C4=O)c1OC)C2=O,290.0
*CCCC[Si](C)(C)O[Si](C)(C)O[Si](C)(C)O[Si](C)(C)O[Si](C)(C)O[Si](C)(C)O[Si](C)(C)O[Si](C)(C)O[Si](C)(C)O[Si](C)(C)O[Si](C)(C)O[Si](C)(C)CCCCn1c(=O)c2ccccc2c(=O)n1*,60.0
*c1cc2ccccc2cc1-n1c(=O)c2ccccc2c(=O)n1*,420.0
*n1c(=O)c2ccccc2c(=O)n1-c1ccc(N2C(=O)c3ccccc3C2=O)cc1,362.0
*c1ccc([Si](C)(C)O[Si](C)(C)c2ccc(Oc3ccc(-n4c(=O)c5ccccc5c(=O)n4*)cc3)cc2)cc1,190.0
*c1ccc(-c2ccc(-n3c(=O)c4ccccc4c(=O)n3*)cc2)cc1,355.0
*c1ccc(C(C)(C)c2ccc([Si](C)(C)O[Si](C)(C)c3ccc(C(C)(C)c4ccc(-n5c(=O)c6ccccc6c(=O)n5*)cc4)cc3)cc2)cc1,165.0
*c1ccc(Cc2ccc([Si](C)(C)O[Si](C)(C)c3ccc(Cc4ccc(-n5c(=O)c6ccccc6c(=O)n5*)cc4)cc3)cc2)cc1,145.0
*c1ccc(O[Si](C)(C)O[Si](C)(C)Oc2ccc(-n3c(=O)c4ccccc4c(=O)n3*)cc2)cc1,180.0
*c1ccc(Oc2ccc(C(C)(C)c3ccc(Oc4ccc(-n5c(=O)c6ccccc6c(=O)n5*)cc4)cc3)cc2)cc1,230.0
*n1c(=O)c2ccccc2c(=O)n1-c1ccc(Oc2ccc(Oc3ccc(N4C(=O)c5ccccc5C4=O)cc3)cc2)cc1,220.0
*n1c(=O)c2ccccc2c(=O)n1-c1ccc(Oc2ccc([Si](C)(C)O[Si](C)(C)O[Si](C)(C)Oc3ccc(N4C(=O)c5ccccc5C4=O)cc3)cc2)cc1,175.0
*c1ccc(Oc2ccc([Si](C)(C)O[Si](C)(C)O[Si](C)(C)c3ccc(Oc4ccc(-n5c(=O)c6ccccc6c(=O)n5*)cc4)cc3)cc2)cc1,155.0
*n1c(=O)c2ccccc2c(=O)n1-c1ccc(Oc2ccc([Si](C)(C)O[Si](C)(C)Oc3ccc(N4C(=O)c5ccccc5C4=O)cc3)cc2)cc1,185.0
*c1ccc(Oc2ccc([Si](C)(C)O[Si](C)(C)c3ccc(Oc4ccc(-n5c(=O)c6ccccc6c(=O)n5*)cc4)cc3)cc2)cc1,170.0
*c1ccc([Si](C)(C)O[Si](C)(C)O[Si](C)(C)O[Si](C)(C)O[Si](C)(C)c2ccc(-n3c(=O)c4ccccc4c(=O)n3*)cc2)cc1,145.0
*c1ccc2cc(-n3c(=O)c4ccccc4c(=O)n3*)ccc2c1,375.0
*c1ccc2cc3ccc(-n4c(=O)c5ccccc5c(=O)n4*)cc3cc2c1,430.0
*c1ccc2ccc3ccc(-n4c(=O)c5ccccc5c(=O)n4*)cc3c2c1,395.0
*c1cccc(-c2cccc(-n3c(=O)c4ccccc4c(=O)n3*)c2)c1,370.0
*c1cccc2cccc(-n3c(=O)c4ccccc4c(=O)n3*)c12,385.0
*c1ccc(-n2c(=O)c3cc4c(=O)n(-c5ccc(*)cc5)c(=O)c4cc3c2=O)cc1,388.0
*c1cccc(N2C(=O)c3ccc(Oc4ccc(N5C(=O)c6ccc(*)cc6C5=O)cc4)cc3C2=O)c1,265.0
*c1cccc(N2C(=O)c3cccc(Oc4cccc(N5C(=O)c6cccc(*)c6C5=O)c4)c3C2=O)c1,278.0
*CCCC[Si](C)(C)O[Si](C)(C)O[Si](C)(C)O[Si](C)(C)CCCCn1c(=O)c2cc3c(=O)n(CCCC[Si](*)(C)C)c(=O)c3cc2c1=O,120.0
O=c1c2cc3c(=O)n(-c4cc(C(F)(F)F)cc(C(F)(F)F)c4)c(=O)c3cc2c(=O)n1-c1cc(C(F)(F)F)cc(C(F)(F)F)c1,350.0
O=C1c2ccccc2C(=O)N1c1ccc(Oc2ccc(N3C(=O)c4ccccc4C3=O)cc2C(F)(F)F)c(C(F)(F)F)c1,285.0
CC(C)(c1ccc(-n2c(=O)c3cc4c(=O)n(-c5ccc(C(F)(F)F)cc5)c(=O)c4cc3c2=O)cc1)C(F)(F)F,290.0
*c1ccc2c(c1)C(=O)N(c1ccc(C(F)(F)F)cc1)C2=O,320.0
*N(C(=O)c1ccc2c(c1)C(=O)N(c1ccc(C(F)(F)F)cc1)C2=O)c1ccc(C(F)(F)F)cc1,320.0
*c1ccc2c(c1)C(=O)N(c1ccc(Cc3ccc4c(c3)C(=O)N(c3ccc(C(F)(F)F)cc3)C4=O)cc1)C2=O,275.0
*c1ccc(Oc2ccc3c(c2)C(=O)N(c2ccc(C(F)(F)F)cc2)C3=O)cc1,260.0
O=C1c2ccc(Oc3ccc(C(F)(F)F)cc3)cc2C(=O)N1c1ccc(C(F)(F)F)cc1,300.0
*c1ccc2c(c1)C(=O)N(c1ccc(Oc3ccc4c(c3)C(=O)N(c3ccc(C(F)(F)F)cc3)C4=O)cc1)C2=O,295.0
O=c1c2ccc3c(=O)n(-c4ccc(C(F)(F)F)cc4)c(=O)c3c2c(=O)n1-c1ccc(C(F)(F)F)cc1,360.0
O=c1c2cc3c(=O)n(-c4ccc(Oc5ccc(C(F)(F)F)cc5)cc4)c(=O)c3cc2c(=O)n1-c1ccc(Oc2ccc(C(F)(F)F)cc2)cc1,265.0
O=C1c2ccc(Oc3ccc(C(F)(F)F)cc3)cc2C(=O)N1c1ccc(Oc2ccc(C(F)(F)F)cc2)cc1,240.0
O=c1c2ccc3c(=O)n(-c4ccc(Oc5ccc(C(F)(F)F)cc5)cc4)c(=O)c3c2c(=O)n1*c1ccc(Oc2ccc(C(F)(F)F)cc2)cc1,280.0
*c1ccc2c(c1)C(=O)N(c1ccc(-c3ccc(C(F)(F)F)cc3)cc1)C2=O,295.0
*n1c(=O)c2ccc3c(=O)n(-c4ccc(C(c5ccc(C(F)(F)F)cc5)(C(F)(F)F)C(F)(F)F)cc4)c(=O)c3c2c1=O,340.0
O=c1c2cc3c(=O)n(-c4ccc(C(F)(F)F)cc4)c(=O)c3cc2c(=O)n1-c1ccc(C(F)(F)F)cc1,340.0
O=c1c2cc3c(=O)n(-c4ccc(C(F)(F)F)cc4)c(=O)c3cc2c(=O)n1-c1ccc(Oc2ccc(C(F)(F)F)cc2)cc1,285.0
*N1C(=O)CC2(CCCCC2)C1=O,295.0
*N1C(=O)C(=O)C2CCC(C2)C1=O,290.0
*N1C(=O)C(=O)C2CCC(CC2)C1=O,282.0
*N1C(=O)C(=O)C2CCCC2C1=O,265.0
*N1C(=O)C(=O)C2CCCCC2C1=O,300.0
*N1C(=O)C(=O)[C@@H]2CCCC[C@H]2C1=O,230.0
*N1C(=O)[C@@H]2CCC[C@H]2C(=O)N(*)C1=O,232.0
*N1C(=O)C(=O)[C@@H]2CCC[C@H]2C1=O,220.0
*N1C(=O)N(*)[C@H]2CC[C@@H](CC2)C1=O,250.0
*N1C(=O)C(=O)[C@@H]2CC[C@H]2C1=O,310.0
*N1C(=O)C(=O)[C@@H]2[C@H]3CC[C@@H](C3)C[C@H]2C1=O,300.0
*N1C(=O)C(=O)C2CCCC[C@@H]2C1=O,305.0
*N1C(=O)C(=O)[C@@H]2CCCC[C@@H]2C1=O,308.0
*N1C(=O)C(=O)[C@H]2CCC[C@@H]2C1=O,235.0
*N1C(=O)C(=O)[C@H]2CC[C@@H]2C1=O,295.0
*N1C(=O)N(*)C(=O)[C@H]2C[C@@H](C2)C1=O,308.0
*N1C(=O)C(=O)[C@H]2[C@@H]3CC[C@H](C3)C[C@@H]2C1=O,280.0
Cc1ccc2c(c1)C(=O)N(c1ccc(Oc3ccc(N4C(=O)c5ccc(C)cc5C4=O)cc3)cc1)C2=O,270.0
O=C1c2cc(Cl)c(Cl)cc2C(=O)N1c1ccc(Oc2ccc(N3C(=O)c4cc(Cl)c(Cl)cc4C3=O)cc2)cc1,320.0
O=C1c2cc(F)c(F)c(F)c2C(=O)N1c1ccc(Oc2ccc(N3C(=O)c4cc(F)c(F)c(F)c4C3=O)cc2)cc1,285.0
O=C1c2cc(F)c(F)cc2C(=O)N1c1ccc(Oc2ccc(N3C(=O)c4cc(F)c(F)cc4C3=O)cc2)cc1,305.0
COc1cc2c(cc1OC)C(=O)N(c1ccc(Oc3ccc(N4C(=O)c5cc(OC)c(OC)cc5C4=O)cc3)cc1)C2=O,240.0
O=C1c2cc3c(cc2C(=O)N1c1ccc(Oc2ccc(N4C(=O)c5cc6c(cc5C4=O)C(F)(F)C6(F)F)cc2)cc1)C(F)(F)C3(F)F,264.0
O=C1c2cc3ccc(=O)oc3cc2C(=O)N1c1ccc(Oc2ccc(N3C(=O)c4cc5ccc(=O)oc5cc4C3=O)cc2)cc1,360.0
CC(C)(c1ccc(N2C(=O)c3cc4ccc(=O)oc4cc3C2=O)cc1)c1ccc(N2C(=O)c3cc4ccc(=O)oc4cc3C2=O)cc1,263.0
O=C1c2cc3ccccc3cc2C(=O)N1c1ccc(Oc2ccc(N3C(=O)c4cc5ccccc5cc4C3=O)cc2)cc1,360.0
CC(C)(c1ccc(N2C(=O)c3cc4ccccc4cc3C2=O)cc1)c1ccc(N2C(=O)c3cc4ccccc4cc3C2=O)cc1,263.0
O=C1c2cc3ccccc3cc2C(=O)N1c1ccc(C(F)(F)c2ccc(N3C(=O)c4cc5ccccc5cc4C3=O)cc2)cc1,350.0
O=C1c2ccccc2C(=O)N1c1ccc(Cc2ccc(N3C(=O)c4ccc(Cc5ccc(N6C(=O)c7ccccc7C6=O)cc5)cc4C3=O)cc2)cc1,220.0
O=C1c2cc(F)c(F)cc2C(=O)N1c1ccc(Oc2ccc(N3C(=O)c4ccc(F)c(F)c4C3=O)cc2)cc1,290.0
O=C1c2ccc(F)c(F)c2C(=O)N1c1ccc(Oc2ccc(N3C(=O)c4ccc(F)c(F)c4C3=O)cc2)cc1,295.0
O=C1c2ccc(F)cc2C(=O)N1c1ccc(Oc2ccc(N3C(=O)c4ccc(F)cc4C3=O)cc2)cc1,285.0
O=C1c2ccc(OC(F)(F)F)cc2C(=O)N1c1ccc(Oc2ccc(N3C(=O)c4ccc(OC(F)(F)F)cc4C3=O)cc2)cc1,285.0
COc1ccc2c(c1)C(=O)N(c1ccc(Oc3ccc(N4C(=O)c5ccc(OC)cc5C4=O)cc3)cc1)C2=O,240.0
CC(C)(C)c1ccc2c(c1)C(=O)N(c1ccc(Oc3ccc(N4C(=O)c5ccc(C(C)(C)C)cc5C4=O)cc3)cc1)C2=O,290.0
O=C1c2ccc(Oc3ccccc3)cc2C(=O)N1c1ccc(Oc2ccc(N3C(=O)c4ccc(Oc5ccccc5)cc4C3=O)cc2)cc1,255.0
O=C1c2ccc(-c3cccc4ccccc34)cc2C(=O)N1c1ccc(Oc2ccc(N3C(=O)c4ccc(-c5cccc6ccccc56)cc4C3=O)cc2)cc1,380.0
O=C1c2ccc(-c3ccccc3)cc2C(=O)N1c1ccc(Oc2ccc(N3C(=O)c4ccc(-c5ccccc5)cc4C3=O)cc2)cc1,320.0
O=C(c1ccc(N2C(=O)c3ccc4ccccc4c3C2=O)cc1)c1ccc(N2C(=O)c3ccc4ccccc4c3C2=O)cc1,390.0
CC(C)(c1ccc(N2C(=O)c3ccc4ccccc4c3C2=O)cc1)c1ccc(N2C(=O)c3ccc4ccccc4c3C2=O)cc1,263.0
O=c1oc(=O)c2c1ccc1c(=O)n(-c3ccc(C(c4ccc(-n5c(=O)c6ccc7c(=O)oc(=O)c7c6c5=O)cc4)(C(F)(F)F)C(F)(F)F)cc3)c(=O)c12,280.0
O=c1oc(=O)c2c1ccc1c(=O)n(-c3ccc(Cc4ccc(-n5c(=O)c6ccc7c(=O)oc(=O)c7c6c5=O)cc4)cc3)c(=O)c12,245.0
O=c1oc(=O)c2c1ccc1c(=O)n(-c3ccc(-n4c(=O)c5ccc6c(=O)oc(=O)c6c5c4=O)cc3)c(=O)c12,385.0
O=C1c2ccc3ccccc3c2C(=O)N1c1ccc(N2C(=O)c3ccc4ccccc4c3C2=O)cc1,420.0
O=c1oc(=O)c2c1ccc1c(=O)n(-c3ccc(Nc4ccc(-n5c(=O)c6ccc7c(=O)oc(=O)c7c6c5=O)cc4)cc3)c(=O)c12,310.0
O=C(c1ccc(Oc2ccc(-n3c(=O)c4ccc5c(=O)oc(=O)c5c4c3=O)cc2)cc1)c1ccc(Oc2ccc(-n3c(=O)c4ccc5c(=O)oc(=O)c5c4c3=O)cc2)cc1,235.0
CC(C)(c1ccc(Oc2ccc(-n3c(=O)c4ccc5c(=O)oc(=O)c5c4c3=O)cc2)cc1)c1ccc(Oc2ccc(-n3c(=O)c4ccc5c(=O)oc(=O)c5c4c3=O)cc2)cc1,240.0
CC1(C)c2ccccc2-c2ccc3c(c21)C(=O)N(c1ccc(Oc2ccc(N4C(=O)c5ccc6c(c5C4=O)C(C)(C)c4ccccc4-6)cc2)cc1)C3=O,350.0
O=C1c2ccc3c(=O)c4ccccc4sc3c2C(=O)N1c1ccc(Oc2ccc(N3C(=O)c4ccc5c(=O)c6ccccc6sc5c4C3=O)cc2)cc1,290.0
O=C1c2ccc3ccccc3c2C(=O)N1c1ccc(Oc2ccc(-n3c(=O)c4ccc5cccc(c3=O)c5c4)cc2)cc1,345.0
O=c1oc(=O)c2c1ccc1c(=O)n(-c3ccc(Oc4ccc(Oc5ccc(-n6c(=O)c7ccc8c(=O)oc(=O)c8c7c6=O)cc5)cc4)cc3)c(=O)c12,230.0
O=c1oc(=O)c2c1ccc1c(=O)n(-c3ccc(S(=O)(=O)c4ccc(-n5c(=O)c6ccc7c(=O)oc(=O)c7c6c5=O)cc4)cc3)c(=O)c12,300.0
O=C1c2ccc3ccccc3c2C(=O)N1c1ccc(S(=O)(=O)c2ccc(N3C(=O)c4ccc5ccccc5c4C3=O)cc2)cc1,350.0
CC(C)(c1ccc(-n2c(=O)c3ccc4c(=O)oc(=O)c4c3c2=O)cc1)c1ccc(-n2c(=O)c3ccc4c(=O)oc(=O)c4c3c2=O)cc1,250.0
O=c1oc(=O)c2c1ccc1c(=O)n(-c3ccc(-c4ccc(-n5c(=O)c6ccc7c(=O)oc(=O)c7c6c5=O)cc4)cc3)c(=O)c12,270.0
O=c1oc(=O)c2c1ccc1c(=O)n(-c3cccc4cccc(-n5c(=O)c6ccc7c(=O)oc(=O)c7c6c5=O)c34)c(=O)c12,360.0
O=C1c2ccc3ccccc3c2C(=O)N1c1ccc(Oc2ccc(N3C(=O)c4ccc5ccccc5c4C3=O)cc2)cc1,355.0
O=C1c2ccc3ccccc3c2C(=O)N1c1ccc(Oc2ccc(Oc3ccc(N4C(=O)c5ccc6ccccc6c5C4=O)cc3)cc2)cc1,295.0
O=C1c2ccc3ccccc3c2C(=O)N1c1ccc(-c2ccc(N3C(=O)c4ccc5ccccc5c4C3=O)cc2)cc1,450.0
O=C1c2ccc3ccccc3c2C(=O)N1c1cccc(N2C(=O)c3ccc4ccccc4c3C2=O)c1,300.0
*c1ccc(Oc2ccc(N3C(=O)c4cccc(C(=O)C(=O)c5cccc6c5C(=O)N(*)C6=O)c4C3=O)cc2)cc1,385.0
O=C(c1cccc2c(=O)c12)N1c2ccc(cc2)Oc2ccc(cc2)-n2c(=O)c3cccc1c3C2=O,385.0
CC(CN1C(=O)c2ccccc2C1=O)CN1C(=O)c2ccccc2C1=O,90.0
O=C1c2ccccc2C(=O)N1CCCCCCCCCN1C(=O)c2ccccc2C1=O,20.0
O=C1c2ccccc2C(=O)N1CCCCCCN1C(=O)c2ccccc2C1=O,36.0
O=C1c2ccccc2C(=O)N1CCCCN1C(=O)c2ccccc2C1=O,60.0
O=C1c2ccccc2C(=O)N1CCCN1C(=O)c2ccccc2C1=O,60.0
*c1ccc(C2(c3ccc(N4C(=O)c5ccccc5C4=O)cc3)c3ccccc3-c3ccccc32)cc1,405.0
O=C1c2ccccc2C(=O)N1c1ccc(C2(c3ccc(N4C(=O)c5ccccc5C4=O)cc3)c3ccccc3-c3ccccc32)cc1,400.0
O=C1c2ccccc2C(=O)N1c1ccc(Oc2ccc3c(c2)C2(c4ccccc4-3)c3ccccc32)cc1,385.0
O=C1c2ccccc2C(=O)N1c1cc(C(F)(F)F)cc(C(F)(F)F)c1,280.0
O=C1c2ccccc2C(=O)N1c1ccc(C(F)(F)F)cc1N1C(=O)c2ccccc2C1=O,280.0
O=C1c2ccccc2C(=O)N1c1cc(C(F)(F)F)ccc1Oc1ccc(N2C(=O)c3ccccc3C2=O)c(C(F)(F)F)c1,280.0
O=C1c2ccccc2C(=O)N1c1ccc(Oc2ccc(C(F)(F)F)cc2N2C(=O)c3ccccc3C2=O)cc1,265.0
Cc1cc(N2C(=O)c3ccccc3C2=O)cc(C)c1N1C(=O)c2ccccc2C1=O,355.0
Cc1cc(N2C(=O)c3ccccc3C2=O)c(C)cc1N1C(=O)c2ccccc2C1=O,255.0
Cc1cc(C)c(N2C(=O)c3ccccc3C2=O)c(N2C(=O)c3ccccc3C2=O)c1,350.0
Cc1ccc(Oc2ccc(N3C(=O)c4ccccc4C3=O)cc2)c(N2C(=O)c3ccccc3C2=O)c1,285.0
O=C1c2ccccc2C(=O)N1c1cc(F)c(N2C(=O)c3ccccc3C2=O)cc1F,310.0
O=C1c2ccccc2C(=O)N1c1cc(F)c(Oc2cc(F)c(N3C(=O)c4ccccc4C3=O)cc2F)c(F)c1,310.0
COc1ccc(N2C(=O)c3ccccc3C2=O)c(N2C(=O)c3ccccc3C2=O)c1,220.0
O=C1c2ccccc2C(=O)N1c1ccc(Cc2ccc(N3C(=O)c4ccccc4C3=O)cc2)cc1,290.0
O=C1c2ccccc2C(=O)N1c1ccc(-n2c(=O)c3cc4c(=O)c5ccccc5c(=O)c4cc3c2=O)cc1,400.0
O=C1c2ccccc2C(=O)N1c1ccc(-n2c(=O)c3ccc4c(=O)oc(=O)c4c3c2=O)cc1,320.0
Cc1cc(N2C(=O)c3ccccc3C2=O)ccc1N1C(=O)c2ccccc2C1=O,260.0
O=C1c2ccccc2C(=O)N1c1ccc(N2C(=O)c3ccccc3C2=O)c(Cl)c1,275.0
O=C1c2ccccc2C(=O)N1c1ccc(N2C(=O)c3ccccc3C2=O)nc1,330.0
O=C1c2ccccc2C(=O)N1c1ccc(OC(F)(F)C(F)(F)Oc2ccc(N3C(=O)c4ccccc4C3=O)cc2)cc1,260.0
O=C1c2ccccc2C(=O)N1c1ccc(Oc2cc(F)ccc2N2C(=O)c3ccccc3C2=O)cc1,318.0
O=C(c1ccc(Oc2ccc(N3C(=O)c4ccccc4C3=O)cc2)cc1)c1ccc(Oc2ccc(N3C(=O)c4ccccc4C3=O)cc2)cc1,300.0
CC(C)(c1ccc(Oc2ccc(N3C(=O)c4ccccc4C3=O)cc2)cc1)c1ccc(Oc2ccc(N3C(=O)c4ccccc4C3=O)cc2)cc1,238.0
O=C1c2ccccc2C(=O)N1c1ccc(Oc2ccc(N3C(=O)c4ccccc4C3=O)c(Cl)c2)cc1,325.0
N#Cc1cc(N2C(=O)c3ccccc3C2=O)ccc1Oc1ccc(N2C(=O)c3ccccc3C2=O)cc1,335.0
CC(C)c1cc(N2C(=O)c3ccccc3C2=O)ccc1Oc1ccc(N2C(=O)c3ccccc3C2=O)cc1,245.0
O=C1c2ccccc2C(=O)N1c1ccc(Oc2ccc(N3C(=O)c4ccccc4C3=O)cc2C(F)(F)F)cc1,320.0
Cc1cc(N2C(=O)c3ccccc3C2=O)ccc1Oc1ccc(N2C(=O)c3ccccc3C2=O)cc1,270.0
CCCc1cc(N2C(=O)c3ccccc3C2=O)ccc1Oc1ccc(N2C(=O)c3ccccc3C2=O)cc1,240.0
O=C1c2ccccc2C(=O)N1c1ccc(Oc2ccc(N3C(=O)c4ccccc4C3=O)cc2F)cc1,295.0
O=C1c2ccccc2C(=O)N1c1ccc(Oc2ccc(N3C(=O)c4ccccc4C3=O)c(F)c2F)cc1,290.0
COc1cc(N2C(=O)c3ccccc3C2=O)ccc1Oc1ccc(N2C(=O)c3ccccc3C2=O)cc1,255.0
O=C1c2ccccc2C(=O)N1c1ccc(Oc2ccc(N3C(=O)c4ccccc4C3=O)cc2[N+](=O)[O-])cc1,310.0
O=C1c2ccccc2C(=O)N1c1ccc(Oc2ccc(N3C(=O)c4ccccc4C3=O)cc2-c2ccccc2)cc1,330.0
O=C1c2ccccc2C(=O)N1c1ccc(Oc2ccc(N3C(=O)c4ccccc4C3=O)c(Br)c2)cc1,322.0
NC(=O)c1cc(Oc2ccc(N3C(=O)c4ccccc4C3=O)cc2)ccc1N1C(=O)c2ccccc2C1=O,350.0
CC(C)c1cc(Oc2ccc(N3C(=O)c4ccccc4C3=O)cc2)ccc1N1C(=O)c2ccccc2C1=O,290.0
NCc1cc(Oc2ccc(N3C(=O)c4ccccc4C3=O)cc2)ccc1N1C(=O)c2ccccc2C1=O,275.0
O=C1c2ccccc2C(=O)N1c1ccc(Oc2ccc(N3C(=O)c4ccccc4C3=O)c(I)c2)cc1,328.0
Nc1cc(Oc2ccc(N3C(=O)c4ccccc4C3=O)cc2)ccc1N1C(=O)c2ccccc2C1=O,270.0
COc1cc(Oc2ccc(N3C(=O)c4ccccc4C3=O)cc2)ccc1N1C(=O)c2ccccc2C1=O,280.0
CCOc1cc(Oc2ccc(N3C(=O)c4ccccc4C3=O)cc2)ccc1N1C(=O)c2ccccc2C1=O,272.0
O=C1c2ccccc2C(=O)N1c1ccc(Oc2ccc(N3C(=O)c4ccccc4C3=O)c(OCCO)c2)cc1,265.0
CS(=O)(=O)c1cc(Oc2ccc(N3C(=O)c4ccccc4C3=O)cc2)ccc1N1C(=O)c2ccccc2C1=O,345.0
NS(=O)(=O)c1cc(Oc2ccc(N3C(=O)c4ccccc4C3=O)cc2)ccc1N1C(=O)c2ccccc2C1=O,340.0
O=C1c2ccccc2C(=O)N1c1ccc(Oc2ccc(N3C(=O)c4ccccc4C3=O)c(S(=O)(=O)c3ccc(N4C(=O)c5ccccc5C4=O)cc3)c2)cc1,355.0
O=C1c2ccccc2C(=O)N1c1ccc(Oc2ccc(N3C(=O)c4ccccc4C3=O)cc2Br)cc1,326.0
O=C1c2ccccc2C(=O)N1c1ccc(Oc2ccc(Oc3ccc(N4C(=O)c5ccccc5C4=O)cc3)cc2)cc1,208.0
O=C1c2ccccc2C(=O)N1c1ccc(Oc2cccc(N3C(=O)c4ccccc4C3=O)c2)cc1,265.0
O=C1c2ccccc2C(=O)N1c1ccc(Sc2ccc(N3C(=O)c4ccccc4C3=O)cc2)cc1,300.0
O=C(c1ccc(N2C(=O)c3ccccc3C2=O)cc1)c1ccc(N2C(=O)c3ccccc3C2=O)cc1,330.0
CC(C)(c1ccc(Oc2ccc(N3C(=O)c4ccccc4C3=O)cc2)cc1)c1ccc(N2C(=O)c3ccccc3C2=O)cc1,280.0
CC(C)(c1ccc(N2C(=O)c3ccccc3C2=O)cc1)c1ccc(C(C)(C)c2ccc(N3C(=O)c4ccccc4C3=O)cc2)cc1,240.0
O=C1c2ccccc2C(=O)N1c1ccc(C(F)(F)C(F)(F)C(F)(F)C(F)(F)c2ccc(N3C(=O)c4ccccc4C3=O)cc2)cc1,220.0
O=C1c2ccccc2C(=O)N1c1ccc(C(F)(F)C(F)(F)c2ccc(N3C(=O)c4ccccc4C3=O)cc2)cc1,310.0
O=C1c2ccccc2C(=O)N1c1ccc(C(F)(F)c2ccc(N3C(=O)c4ccccc4C3=O)cc2)cc1,330.0
O=C1c2ccccc2C(=O)N1c1ccc(C(c2ccc(N3C(=O)c4ccccc4C3=O)cc2)(C(F)(F)F)C(F)(F)F)cc1,335.0
O=C1c2ccccc2C(=O)N1c1ccc(C(c2ccccc2)(c2ccccc2)c2ccc(N3C(=O)c4ccccc4C3=O)cc2)cc1,270.0
O=C1c2ccccc2C(=O)N1c1ccc(C(c2ccccc2)c2ccc(N3C(=O)c4ccccc4C3=O)cc2)cc1,330.0
O=C1c2ccccc2C(=O)N1c1ccc(OC(F)(F)c2ccc(N3C(=O)c4ccccc4C3=O)cc2)cc1,250.0
O=C1c2ccccc2C(=O)N1c1ccc(COc2ccc(N3C(=O)c4ccccc4C3=O)cc2)cc1,220.0
O=C1c2ccccc2C(=O)N1c1ccc(Oc2ccc(C(F)(F)c3ccc(Oc4ccc(N5C(=O)c6ccccc6C5=O)cc4)cc3)cc2)cc1,285.0
O=C1c2ccccc2C(=O)N1c1ccc(Oc2ccc(S(=O)(=O)c3ccc(Oc4ccc(N5C(=O)c6ccccc6C5=O)cc4)cc3)cc2)cc1,290.0
O=C1c2ccccc2C(=O)N1c1ccc(S(=O)c2ccc(N3C(=O)c4ccccc4C3=O)cc2)cc1,330.0
O=C1c2ccccc2C(=O)N1c1ccc(-c2ccc3cc(N4C(=O)c5ccccc5C4=O)ccc3c2)cc1,400.0
O=C1c2ccccc2C(=O)N1c1ccc(-c2cc3ccccc3cc2N2C(=O)c3ccccc3C2=O)cc1,420.0
O=C1c2ccccc2C(=O)N1c1ccc(-c2ccc(N3C(=O)c4ccccc4C3=O)cc2)cc1,430.0
O=C1c2ccccc2C(=O)N1c1ccc(Oc2ccc(-c3ccc(N4C(=O)c5ccccc5C4=O)cc3)cc2)cc1,270.0
O=C1c2ccccc2C(=O)N1c1ccc(-c2ccc(-c3ccc(N4C(=O)c5ccccc5C4=O)cc3)cc2)cc1,310.0
*n1c(=O)c2cc3c(=O)n(-c4ccc5c(c4)-c4ccc(N6C(=O)c7ccccc7C6=O)cc4C54c5ccccc54)c(=O)c3cc2c1=O,395.0
O=C1c2ccccc2C(=O)N1c1ccc2c(c1)C1(c3ccc(-n4c(=O)c5cc6c(=O)n(-c7ccc8c(c7)C7(c9ccccc9-8)c8ccccc87)c(=O)c6cc5c4=O)cc3-2)c2ccccc21,400.0
O=C(c1ccc(N2C(=O)c3ccccc3C2=O)cc1)c1ccc2c(c1)C(=O)N(c1ccc3c(c1)-c1ccc(N4C(=O)c5ccccc5C4=O)cc1C31c3ccccc31)C2=O,355.0
CC(C)(C)c1ccc2c(c1)C(=O)N(c1ccc3c(c1)-c1ccc(N4C(=O)c5ccccc5C4=O)cc1C31c3ccccc31)C2=O,310.0
CC(C)(c1ccc(N2C(=O)c3ccccc3C2=O)cc1)c1ccc2c(c1)C(=O)N(c1ccc3c(c1)-c1ccc(N4C(=O)c5ccccc5C4=O)cc1C31c3ccccc31)C2=O,330.0
O=C1c2ccccc2C(=O)N1c1ccc(Cc2ccc3c(c2)C(=O)N(c2ccc4c(c2)-c2ccc(N5C(=O)c6ccccc6C5=O)cc2C42c4ccccc42)C3=O)cc1,335.0
CN(C)c1ccc2c(c1)C(=O)N(c1ccc3c(c1)-c1ccc(N4C(=O)c5ccccc5C4=O)cc1C31c3ccccc31)C2=O,300.0
O=C1c2ccccc2C(=O)N1c1ccc2c(c1)C1(c3ccc(N4C(=O)c5ccc(OC(F)(F)F)cc5C4=O)cc3-2)c2ccccc21,315.0
O=C1c2ccccc2C(=O)N1c1ccc(Oc2ccc3c(c2)C(=O)N(c2ccc4c(c2)-c2ccc(N5C(=O)c6ccccc6C5=O)cc2C42c4ccccc42)C3=O)cc1,345.0
O=C1c2ccccc2C(=O)N1c1ccc(S(=O)(=O)c2ccc3c(c2)C(=O)N(c2ccc4c(c2)-c2ccc(N5C(=O)c6ccccc6C5=O)cc2C42c4ccccc42)C3=O)cc1,350.0
O=C1c2ccccc2C(=O)N1c1ccc(Sc2ccc3c(c2)C(=O)N(c2ccc4c(c2)-c2ccc(N5C(=O)c6ccccc6C5=O)cc2C42c4ccccc42)C3=O)cc1,325.0
O=C1c2ccccc2C(=O)N1c1ccc2c(c1)C1(c3ccc(N4C(=O)c5ccc(C(F)(F)F)cc5C4=O)cc3-2)c2ccccc21,360.0
O=C1c2ccccc2C(=O)N1c1ccc2c(c1)-c1ccc(N3C(=O)c4ccccc4C3=O)cc1C21c2ccccc21,380.0
O=C1c2ccccc2C(=O)N1c1ccc2ccc(N3C(=O)c4ccccc4C3=O)cc2c1,380.0
O=C1c2ccccc2C(=O)N1c1cccc(N2C(=O)c3ccccc3C2=O)c1,238.0
O=C1c2ccccc2C(=O)N1c1cccc(Oc2cccc(N3C(=O)c4ccccc4C3=O)c2)c1,228.0
O=C1c2ccccc2C(=O)N1c1cccc2cccc(N3C(=O)c4ccccc4C3=O)c12,380.0
O=C1c2ccccc2C(=O)N1c1cncc(N2C(=O)c3ccccc3C2=O)c1,320.0
*C(=O)Nc1ccc(Oc2ccc(Oc3ccc(NC(=O)c4ccc5cc6c(=O)n(-c7ccc(Cc8ccc(N9C(=O)c%10ccc(*)cc%10C9=O)cc8)cc7)c(=O)c6ccc6ccn6c(=O)c5c4)cc3)cc2)cc1,262.18
*c1ccc(CCc2ccccc2C(=O)Nc2ccc(Oc3ccc(-n4c(=O)c5cc6c(=O)n(*)c(=O)c6cc5c4=O)cc3)cc2S(c2ccccc2)(c2ccccc2)c2ccccc2)cc1,240.93
*Oc1ccc(/N=N/c2ccccc2)cc1C(=O)c1ccccc1C(=O)Oc1ccc(-c2ccc(OC(=O)c3ccc4c(c3)C(=O)N(c3ccc(Oc5ccc(N6C(=O)c7ccc(*)cc7C6=O)cc5)cc3)C4=O)cc2)cc1,191.89
*C(=O)Nc1ccc(Oc2ccccc2-c2ccccc2Oc2ccc(NC(=O)c3ccc4c(c3)C(=O)N(c3cccc(P(=O)(c5ccccc5)c5cccc(N6C(=O)c7ccc(*)cc7C6=O)c5)c3)C4=O)cc2)cc1,256.75
*C(=O)Nc1ccc(Oc2ccccc2Nc2ccc(NC(=O)c3ccc4c(c3)C(=O)N(c3ccc(Oc5cccc6c(Oc7ccc(N8C(=O)c9ccc(*)cc9C8=O)cc7)cccc56)cc3)C4=O)cc2)cc1,229.54
*C(=O)Nc1ccc(-c2ccc(NC(=O)c3ccc4c(c3)C(=O)N(c3ccc(-c5sc(-c6ccc(N7C(=O)c8ccc(*)cc8C7=O)cc6)c(-c6ccccc6)c5-c5ccccc5)cc3)C4=O)cc2)cc1,284.32
*C1=CC(c2ccc(F)cc2)c2ccccc2C(Oc2ccc(-n3c(=O)c4c(F)c5c(=O)n(*)c(=O)c5c(F)c4c3=O)cc2C)=C(Oc2ccc(P(=O)(c3ccccc3)c3ccccc3)cc2)C=C1,272.15
*c1ccc(C(=O)Nc2ccc(S(=O)(=O)c3ccc(NC(=O)c4ccc(C(=O)Nc5ccc(Oc6ccc(-n7c(=O)c8cc9c(=O)n(*)c(=O)c9cc8c7=O)cc6)cc5)cc4)cc3)cc2)cc1,250.55
*Oc1ccc(Oc2ccc(P(=O)(c3ccccc3)c3ccccc3-c3ccccc3)cc2)c(-c2ccc(-n3c(=O)c4cc5c(=O)n(*)c(=O)c5cc4c3=O)cc2C)c1,256.95
*c1ccc(-c2cc(-c3ccccc3)cc(-c3ccc(-n4c(=O)c5cc6c(=O)n(*)c(=O)c6cc5c4=O)c(-c4ccccc4)c3-c3ccccc3)c2)cc1,345.65
*c1ccc(-c2c(-c3ccccc3)cc(-c3ccc(-n4c(=O)c5cc6c(=O)n(*)c(=O)c6cc5c4=O)cc3)c(-c3ccccc3)c2-c2ccccc2)cc1,321.98
*c1ccc(Oc2ccc(-c3ccc(-n4c(=O)c5cc6c(=O)n(*)c(=O)c6cc5c4=O)c(-c4ccccc4)c3-c3ccccc3)c3ccccc23)cc1,317.52
*c1ccc(-c2ccc(-n3c(=O)c4cc5c(=O)n(*)c(=O)c5cc4c3=O)cc2OCCOc2ccc(-c3ccc(-c4ccc([N+](=O)[O-])cc4)cc3)cc2-c2ccc(OCCCCCCCCCC)cc2)cc1,143.38
*c1ccc(Oc2ccc(C(=O)c3ccc4c(c3)C(=O)N(c3ccc(Cn5c(=O)c6cc7c(=O)n(*)c(=O)c7cc6c5=O)cc3)C4=O)cc2)cc1,244.79
*C(=O)c1ccc2c(c1)C(=O)N(c1ccc(C(=O)c3ccc(C(=O)c4ccc(C(=O)c5ccc(C(=O)c6ccc(Oc7ccc(N8C(=O)c9ccc(*)cc9C8=O)cc7C(F)(F)F)cc6)cc5)cc4)cc3)cc1)C2=O,222.7
*c1ccc(Oc2ccc(-c3ccc(Oc4ccc(N5C(=O)c6ccc(Oc7c(C)cc(C(C)(C)c8cc(C)c(Oc9ccc%10c(c9)C(=O)N(*)C%10=O)c(C)c8)cc7C)cc6C5=O)cc4)cc3C(C)(C)C)cc2)cc1,241.11
*C(=O)Nc1ccc(Oc2ccccc2-c2ccccc2Oc2ccc(NC(=O)c3ccc4c(c3)C(=O)N(c3ccc(-c5ccc(N6C(=O)c7ccc(*)cc7C6=O)cc5C)c(C)c3)C4=O)cc2C(C)(C)C)cc1,269.8
*C(=O)Nc1ccc(Oc2ccccc2-c2ccccc2Oc2ccc(NC(=O)c3ccc4c(c3)C(=O)N(c3ccc(Oc5ccc(N6C(=O)c7ccc(*)cc7C6=O)cc5C)c(C)c3)C4=O)cc2OC)cc1C,270.6
*c1ccc2c(c1)c(=O)n(-c1ccc(N3C(=O)c4ccc(C5=CC=C5C5=CC(=O)N(*)C5=O)cc4C3=O)cc1OC(=O)CCCCCCCCCCCC)c1ccc(cc1)nnc1ccccc1c1ccccc21,159.835
*c1ccc(C(=O)Nc2ccc(S(=O)(=O)c3ccc(S(=O)(=O)c4ccc(Oc5ccc(NC(=O)c6ccc(N7C(=O)c8ccc(-c9cccc%10c9C(=O)N(*)C%10=O)cc8C7=O)cc6)cc5)cc4)cc3)cc2)cc1,252.34
*C(=O)Nc1ccc(Oc2ccccc2-c2ccccc2Oc2ccc(NC(=O)c3ccc4c(c3)C(=O)N(c3ccc(Oc5ccc(N6C(=O)c7ccc(*)cc7C6=O)cc5C)c(C)c3)C4=O)cc2)cc1C#N,273.07
*C(=O)c1ccccc1C(=O)Oc1ccc(C(C)(C)c2ccc(OC(=O)c3ccc4c(c3)C(=O)N(c3ccc(Oc5ccc(Oc6ccc(N7C(=O)c8ccc(*)cc8C7=O)cc6)cc5)cc3)C4=O)cc2)cc1,182.3
*C(=O)Nc1ccc(Oc2ccc(S(=O)(=O)c3ccc(Oc4ccc(NC(=O)c5ccc6c(c5)C(=O)N(c5ccc(Cc7ccc(N8C(=O)c9ccc(*)cc9C8=O)cc7)cc5)C6=O)cc4)cc3)cc2)cc1,230.59
*C(=O)Nc1ccc(S(=O)(=O)c2cccc(NC(=O)c3ccc4c(c3)C(=O)N(c3ccc(-c5cc(C)c(N6C(=O)c7ccc(*)cc7C6=O)c(-c6ccccc6)c5-c5ccccc5)cc3C)C4=O)c2)cc1,266.35
*C(=O)Nc1ccc(Oc2ccccc2-c2ccccc2Oc2ccc(NC(=O)c3ccc4c(c3)C(=O)N(c3ccc(S(=O)(=O)c5ccc(N6C(=O)c7ccc(*)cc7C6=O)cc5)cc3)C4=O)cc2)cc1,284.1
*C(=O)c1ccccc1-c1ccccc1Oc1ccc(C(C)(C)c2ccc(N(C)C(=O)c3ccc4c(c3)C(=O)N(c3ccc(Cc5ccc(N6C(=O)c7ccc(*)cc7C6=O)cc5)cc3)C4=O)cc2)cc1,210.92
*C(=O)Oc1c(C)cc(Cc2cc(C)c(OC(=O)c3ccc4c(c3)C(=O)N(c3ccc(Oc5cccc6c(Oc7ccc(N8C(=O)c9ccc(*)cc9C8=O)cc7)cccc56)cc3)C4=O)c(C)c2)cc1C,215.36
*C(=O)c1ccc(Oc2ccc(C(C)(CC)c3ccc(Oc4ccc(C(=O)c5ccc6c(c5)C(=O)N(c5ccc(Cc7ccc(N8C(=O)c9ccc(*)cc9C8=O)cc7)cc5)C6=O)cc4)cc3)cc2)cc1,222.9
*c1ccc(Oc2ccc(-c3ccc(Oc4ccc(N5C(=O)c6ccc(Oc7ccc(C(C)(C)c8ccc(Oc9ccc%10c(c9)C(=O)N(*)C%10=O)c(C)c8)cc7C)cc6C5=O)cc4)c(C)c3)cc2C)cc1,252.05
*Oc1ccc(S(=O)(=O)c2ccc(Oc3ccc(C(=O)c4ccc(C(=O)c5ccc6c(c5)C(=O)N(c5ccc(Cc7ccc(N8C(=O)c9ccc(*)cc9C8=O)cc7)cc5)C6=O)cc4)cc3)cc2)cc1,222.04
*C(=O)Oc1ccc(-c2ccc(OC(=O)c3ccc4c(c3)C(=O)N(c3ccc(Oc5ccc(C(=O)c6ccc(Oc7ccc(N8C(=O)c9ccc(*)cc9C8=O)cc7)cc6)cc5)cc3)C4=O)cc2)cc1,195.27
*c1ccc(Oc2ccc(Oc3ccc(Oc4ccc(N5C(=O)c6ccc(Oc7ccc(C(C)(C)c8ccc(Oc9ccc%10c(c9)C(=O)N(*)C%10=O)cc8)cc7)cc6C5=O)cc4)c(C)c3)cc2)cc1,222.57
*c1ccc(Oc2ccc(S(=O)(=O)c3ccc(Oc4ccc(S(=O)(=O)c5ccc(Oc6cccc(N7C(=O)c8ccc(-c9ccc%10c(c9)C(=O)N(*)C%10=O)cc8C7=O)c6)cc5)cc4)cc3)cc2)cc1,220.31
*c1ccc(Oc2ccc(C(=O)c3ccc(Oc4ccc(S(=O)(=O)c5ccc(Oc6ccc(N7C(=O)c8ccc(Oc9ccc%10c(c9)C(=O)N(*)C%10=O)cc8C7=O)cc6)cc5)cc4)cc3)cc2)cc1,234.6
*C(=O)Nc1ccc(Oc2ccccc2-c2ccccc2Oc2ccc(NC(=O)c3ccc4c(c3)C(=O)N(c3ccc(Oc5ccc(N6C(=O)c7ccc(*)cc7C6=O)cc5)[nH]3)C4=O)cc2)cc1,262.02
*c1ccc(Sc2ccc(Sc3ccc(Sc4ccc(N5C(=O)c6ccc(Oc7ccc(C(C)(C)c8ccc(Oc9ccc%10c(c9)C(=O)N(*)C%10=O)cc8)cc7)cc6C5=O)cc4)cc3)cc2)cc1,219.12
*c1ccc(Oc2ccc(Oc3ccc(Oc4ccc(N5C(=O)c6ccc(Oc7ccc(C(C)(C)c8ccc(Oc9ccc%10c(c9)C(=O)N(*)C%10=O)cc8)cc7)cc6C5=O)cc4)cc3)cc2)cc1,220.78
*C(=O)Nc1ccc(C2(c3ccc(NC(=O)c4ccc5c(c4)C(=O)N(c4ccc(-c6ccc(N7C(=O)c8ccc(*)cc8C7=O)cc6)cc4)C5=O)cc3)c3ccccc3-c3ccccc32)cc1,303.27
*c1ccc(-c2cc(-c3ccc(-c4ccccc4)cc3)cc(-c3ccc(N4C(=O)c5ccc(-c6ccc(C(=O)Nc7ccc8c(c7)C(=O)N(*)C8=O)cc6)cc5C4=O)c(C)c3)c2C#N)cc1C,287.06
*C(=O)c1ccc(Oc2ccc(C(=O)c3ccc4c(c3)C(=O)N(c3ccc(Oc5ccccc5-c5ccccc5Oc5ccc(N6C(=O)c7ccc(*)cc7C6=O)cc5)cc3)C4=O)cc2)cc1,227.44
*c1ccc(C(c2ccccc2)c2ccc(Oc3ccc(N4C(=O)c5ccc(Oc6ccc(C(C)(C)c7ccc(Oc8ccc9c(c8)C(=O)N(*)C9=O)cc7)cc6)cc5C4=O)cc3)cc2)cc1,227.83
*c1ccc(Oc2ccc(C(=O)c3ccc(Oc4ccc(N5C(=O)c6ccc(Oc7ccc(Sc8ccc(Oc9ccc%10c(c9)C(=O)N(*)C%10=O)cc8)cc7)cc6C5=O)cc4)cc3)cc2)cc1,228.48
*c1ccc(Oc2ccc(Oc3ccc(Oc4ccc(N5C(=O)c6ccc(Oc7ccc(Sc8ccc(Oc9ccc%10c(c9)C(=O)N(*)C%10=O)cc8)cc7)cc6C5=O)cc4)cc3)cc2)cc1,237.26
*C(=O)Nc1ccc(-c2ccc(NC(=O)c3ccc4c(c3)C(=O)N(c3ccc(Oc5cccc6c(Oc7ccc(N8C(=O)c9ccc(*)cc9C8=O)cc7)cccc56)cc3)C4=O)cc2)cc1,257.98
*Oc1ccc(Oc2ccc(-c3ccc(Oc4ccc(NC(=O)c5ccc6c(c5)C(=O)N(c5ccc(-c7ccc(N8C(=O)c9ccc(*)cc9C8=O)cc7)cc5)C6=O)cc4)cc3)cc2)cc1,267.54
*c1ccc2c(c1)C(=O)N(c1ccc(Cc3ccc(C(=O)c4ccc(N5C(=O)c6ccc(C(c7ccc8c(c7)C(=O)N(*)C8=O)(C(F)(F)F)C(F)(F)F)cc6C5=O)cc4)cc3)cc1)C2=O,266.02
*c1ccc(Oc2ccc(Sc3ccc(-c4ccc(Oc5ccc(N6C(=O)c7ccc(Oc8ccc(Oc9cccc%10c9C(=O)N(*)C%10=O)cc8)cc7C6=O)cc5)cc4)cc3)cc2)cc1,232.51
*c1ccc(Oc2ccc(P(=O)(c3ccccc3)c3ccc(Oc4ccc(Oc5ccc(N6C(=O)c7ccc(-c8ccc9c(c8)C(=O)N(*)C9=O)cc7C6=O)cc5)cc4)cc3)cc2)cc1,243.24
*C(=O)c1cccc(C(=O)c2ccc3c(c2)C(=O)N(c2ccc(-c4sc(-c5ccc(N6C(=O)c7ccc(*)cc7C6=O)cc5)c(-c5ccccc5)c4-c4ccccc4)cc2)C3=O)c1,255.99
*c1ccc(Oc2ccc(-c3ccc(-c4ccc(Oc5ccc(-c6ccc(N7C(=O)c8ccc(-c9cccc%10c9C(=O)N(*)C%10=O)cc8C7=O)cc6)cc5)s4)cc3)cc2)cc1,251.97
*Oc1ccc(Oc2ccc(/N=C/c3ccc(/C=C/c4ccc([N+](=O)[O-])cc4)cc3)cc2)c(-c2cccc(-n3c(=O)c4cc5c(=O)n(*)c(=O)c5cc4c3=O)c2)c1,222.07
*c1ccc(Oc2ccc(C(=O)c3ccc(NC(=O)c4cccc(C(=O)Nc5ccc(-n6c(=O)c7cc8c(=O)n(*)c(=O)c8cc7c6=O)cc5)c4)cc3)cc2)cc1,243.48
*c1ccc(C(C)(c2ccccc2)c2ccc(-n3c(=O)c4cc5c(=O)n(*)c(=O)c5cc4c3=O)cc2-c2ccc(C(=O)Oc3ccc(CCCC)cc3)cc2)cc1,256.08
*c1ccc(-c2ccc(-c3ccc(-n4c(=O)c5cc6c(=O)n(*)c(=O)c6cc5c4=O)cc3)cc2C2=NC(Nc3ccccc3)=C2c2cccnc2)cc1,330.57
*c1ccc(Nc2cc(C)c(-c3cc(C)c(-c4ccc(-n5c(=O)c6cc7c(=O)n(*)c(=O)c7cc6c5=O)cc4)c(-c4ccccc4)c3)cc2C)cc1,325.75
*C(=O)c1ccc2c(c1)C(=O)N(c1ccc(-c3c(C)cc(-n4c(=O)c5cc6c(=O)n(*)c(=O)c6cc5c4=O)cc3C(F)(F)F)c(C(F)(F)F)c1)C2=O,301.37
*c1ccc(Oc2ccc(C(C)(c3ccccc3)c3ccc(Oc4ccc(-n5c(=O)c6cc7c(=O)n(*)c(=O)c7cc6c5=O)cc4)cc3)cc2)cc1,246.45
*c1ccc(-c2cc(-c3ccc(-c4ccccc4)cc3)c(-c3ccc(-n4c(=O)c5cc6c(=O)n(*)c(=O)c6cc5c4=O)cc3)c(C(F)(F)F)c2)cc1,325.39
*c1ccc([Si](c2ccccc2)c2ccc(Oc3ccccc3)cc2Oc2ccc(-n3c(=O)c4cc5c(=O)n(*)c(=O)c5cc4c3=O)cc2)cc1,283.07
*c1ccc([PH](c2ccccc2)(c2ccccc2)c2ccc(-n3c(=O)c4cc5c(=O)n(*)c(=O)c5cc4c3=O)cc2OC)c2ccc(C)cc12,322.2
*c1ccc(Oc2ccc(Oc3ccc(-n4c(=O)c5cc6c(=O)n(*)c(=O)c6cc5c4=O)cc3)c(-c3ccccc3)c2-c2ccccc2)cc1,371.03
*c1ccc(Oc2ccc(-c3csc(-c4ccc(Oc5ccc(-n6c(=O)c7cc8c(=O)n(*)c(=O)c8cc7c6=O)cc5)cc4)c3)cc2)cc1,294.84
*c1ccc(-c2ccc(-c3ccc(N(c4ccccc4)c4ccc(-n5c(=O)c6cc7c(=O)n(*)c(=O)c7cc6c5=O)cc4)cc3)cc2)cc1,340.04
*c1ccc(-c2ccc(Sc3ccc(-n4c(=O)c5cc6c(=O)n(*)c(=O)c6cc5c4=O)cc3)c(-c3ccccc3)c2-c2ccccc2)cc1,292.12
*c1ccc(-c2ccc(-n3c(=O)c4cc5c(=O)n(*)c(=O)c5c(F)c5c(=O)n5cc4c3=O)cc2-c2ccc(-c3ccccc3)cc2)cn1,307.77
*c1ccc(-c2ccc(-c3ccc(-c4ccc(-n5c(=O)c6cc7c(=O)n(*)c(=O)c7cc6c5=O)cc4)c(-c4ccccc4)c3)cc2)cc1,350.31
*c1ccc(-c2ccc(-c3ccc([Si](c4ccccc4)n4c(=O)c5cc6c(=O)n(*)c(=O)c6cc5c4=O)cc3)cc2)c2ccccc12,331.27
*C(=O)c1ccc2c(c1)C(=O)N(c1ccc(Oc3ccc(-n4c(=O)c5cc6c(=O)n(*)c(=O)c6cc5c4=O)cc3)cc1)C2=O,305.34
*c1ccc2c(c1)C(=O)N(c1ccc(Oc3ccc(C(=O)c4ccc(C(=O)c5ccc(Oc6ccc(N7C(=O)c8ccc(C(F)(F)C(F)(F)C(F)(F)C(*)(F)F)cc8C7=O)cc6)cc5)cc4)cc3OC)cc1)C2=O,223.73
*c1ccc(Nc2ccc(Sc3ccc(Sc4ccc(Sc5ccc(N6C(=O)c7ccc(-c8ccc9c(c8)C(=O)N(*)C9=O)cc7C6=O)cc5C(F)(F)F)cc4)c(C(F)(F)F)c3)cc2C(F)(F)F)c(C(F)(F)F)c1,225.1
*c1ccc(C(=O)CCCCC(C)(C)c2ccc(C(C)(C)c3ccc(C(C)(C)c4ccc(C(C)(C)c5ccc(N6C(=O)c7ccc(C(=O)c8ccc9c(c8)C(=O)N(*)C9=O)cc7C6=O)cc5)cc4)cc3)cc2)cc1,211.01
*c1ccc(Oc2ccc(C(c3ccc(Oc4ccc(NC(=O)c5cccc(N6C(=O)c7ccc(-c8ccc9c(c8)C(=O)N(*)C9=O)cc7C6=O)c5)cc4)c(C(C)(C)C)c3)(C(F)(F)F)C(F)(F)F)cc2C)cc1,278.34
*c1ccc2c(c1)C(=O)N(c1ccc(C(=O)Nc3ccc(Oc4ccc(NC(=O)c5ccc(NC(=O)c6ccc(N7C(=O)c8ccc(C(*)(C(F)(F)F)C(F)(F)F)cc8C7=O)cc6)cc5)cc4)cc3)cc1)C2=O,287.02
*Oc1ccc(Oc2ccc(-n3c(=O)c4cc5c(=O)n(*)c(=O)c5cc4c3=O)cc2OCCCCCCOc2ccc(-c3ccc(OC(=O)c4ccc(OC)cc4)cc3)cc2)cc1,127.3
*c1ccc2c(c1)C(=O)N(c1ccc(C(=O)Nc3ccc(Oc4ccc(Oc5ccc(NC(=O)Nc6ccc(N7C(=O)c8ccc(C(*)(C(F)(F)F)C(F)(F)F)cc8C7=O)cc6)cc5)cc4)cc3)cc1)C2=O,244.29
*c1ccc2c(c1)C(=O)N(c1cccc(NC(=O)Nc3ccc(Oc4cccc(Oc5ccc(NC(=O)c6cccc(N7C(=O)c8ccc(C(*)(C(F)(F)F)C(F)(F)F)cc8C7=O)c6)cc5)c4)cc3)c1)C2=O,260.26
*C(=O)Nc1ccc(Oc2ccc(C(=O)c3ccc4c(c3)C(=O)N(c3cccc(P(=O)(c5ccccc5)c5cccc(N6C(=O)c7ccc(*)cc7C6=O)c5)c3C)C4=O)c(C(C)(C)C)c2)cc1C(C)(C)C,253.76
*OC(=O)CCCCC(=O)Oc1ccc(C(C)(CC)c2ccc(OC(=O)c3ccc4c(c3)C(=O)N(c3ccc(-c5ccc(N6C(=O)c7ccc(*)cc7C6=O)cc5)cc3)C4=O)cc2)c(-c2ccccc2)c1,150.25
*c1ccc2c(c1)C(=O)N(c1ccc(OC3=CC=C(c4ccccc4-c4ccccc4-c4ccccc4)C(c4ccc(N5C(=O)c6ccc(C(*)(C(F)(F)F)C(F)(F)F)cc6C5=O)cc4)C=C3)cc1)C2=O,290.11
*Oc1ccc(NC(=O)c2ccc(-n3c(=O)c4cc5c(=O)n(*)c(=O)c5cc4c3=O)cc2OCCCCCCOc2ccc(-c3ccc(-c4ccccc4)cc3)cc2)cc1,149.65
*C(=O)c1ccc(NC(=O)c2ccc(C(=O)NNC(=S)c3ccc4c(c3)C(=O)N(c3ccc(P(=O)(c5ccccc5)c5cccc(N6C(=O)c7ccc(*)cc7C6=O)c5)cc3)C4=O)c(C)c2)cc1O,259.71
*c1ccc(N(c2ccc(C#N)cc2)c2ccc(N3C(=O)c4ccc(Oc5ccc(C6(c7ccc(Oc8ccc9c(c8)C(=O)N(*)C9=O)cc7)CCC(C(C)(C)C)CC6)cc5)cc4C3=O)cc2)cc1,231.67
*c1ccc2c(c1)C(=O)N(c1ccc(-c3cc(C)c(-c4ccc(Oc5ccc(N6C(=O)c7ccc(C(*)(C(F)(F)F)C(F)(F)F)cc7C6=O)c(C)c5)cc4C)cc3-c3ccccc3)cc1C)C2=O,286.66
*c1ccc2c(c1)C(=O)N(c1ccc(Oc3ccc(Oc4ccc(P(=O)(c5ccccc5)c5ccc(N6C(=O)c7ccc(C(*)(C(F)(F)F)C(F)(F)F)cc7C6=O)cc5)cc4)cc3)cc1)C2=O,264.24
*C(=O)Nc1ccc(Oc2ccccc2Oc2ccc(NC(=O)c3ccc4c(c3)C(=O)N(c3ccc(Oc5ccc(N6C(=O)c7ccc(*)cc7C6=O)cc5C(F)(F)F)cc3)C4=O)cc2)cc1,303.38
*C(=O)Oc1ccc(C(C)(C)c2ccc([Si](C)(C)c3ccc(OC(=O)c4ccc5c(c4)C(=O)N(c4ccc(Oc6ccc(N7C(=O)c8ccc(*)cc8C7=O)cc6)cc4)C5=O)cc3)cc2)cc1,168.01
*c1ccc2c(c1)C(=O)N(c1ccc(Oc3ccc(C(c4ccccc4)c4ccc(Oc5ccc(N6C(=O)c7ccc(C(*)(C(F)(F)F)C(F)(F)F)cc7C6=O)cc5)cc4)cc3)cc1)C2=O,237.7
*C(=O)Nc1ccc(Oc2ccccc2Oc2ccc(NC(=O)c3ccc4c(c3)C(=O)N(c3ccc(NC(=O)Nc5ccc(N6C(=O)c7ccc(*)cc7C6=O)cc5)cc3)C4=O)cc2)cc1,264.34
*c1ccc(Oc2ccc(-c3ccc(Oc4ccc(N5C(=O)c6ccc(Oc7ccccc7Oc7ccc8c(c7)C(=O)N(*)C8=O)cc6C5=O)cc4C(F)(F)F)cc3)c(C(F)(F)F)c2)cc1,239.74
*c1ccc(OC(=O)c2ccc(NC(=O)c3ccc(C(=O)Nc4ccc(NC(=O)c5ccc(N6C(=O)c7ccc(-c8ccc9c(c8)C(=O)N(*)C9=O)cc7C6=O)cc5)cc4)cc3)cc2)cc1,255.65
*C(=O)Nc1ccc(/N=N/c2ccc(C(=O)OC(=O)c3ccc4c(c3)C(=O)N(c3ccc(P(=O)(c5ccccc5)c5ccc(N6C(=O)c7ccc(*)cc7C6=O)cc5)cc3)C4=O)cc2)cc1,253.76
*c1ccc(C(=O)NNCc2ccc(NC(=O)c3ccc(-c4ccc(NC(=O)c5ccc(N6C(=O)c7ccc(-c8ccc9c(c8)C(=O)N(*)C9=O)cc7C6=O)cc5)cc4)cc3)cc2)cc1,258.92
*C(=O)Nc1ccc(Oc2ccccc2Oc2ccc(NC(=O)c3ccc4c(c3)C(=O)N(c3ccc(Oc5ccc(N6C(=O)c7ccc(*)cc7C6=O)cc5C)c(C)c3)C4=O)cc2)cc1,294.41
*C(=O)Nc1cccc(NC(=O)c2ccc3c(c2)C(=O)N(c2ccc(Cc4ccc(C(=O)c5ccc(C(=O)c6ccc(N7C(=O)c8ccc(*)cc8C7=O)cc6)cc5)cc4)cc2)C3=O)c1,219.39
*C(=O)Nc1ccc(Oc2ccccc2Oc2ccc(NC(=O)c3ccc4c(c3)C(=O)N(c3ccc(Cc5ccc(N6C(=O)c7ccc(*)cc7C6=O)cc5)cc3)C4=O)c(C)c2)cc1C,251.05
*c1ccc(S(=O)(=O)c2ccc(N3C(=O)c4ccc(Oc5ccc(C6(c7ccc(Oc8ccc9c(c8)C(=O)N(*)C9=O)cc7)CCC(c7ccccc7)CC6)cc5)cc4C3=O)cc2)cc1,242.3
*C(=O)OC(=O)c1ccc(N(c2ccccc2)c2ccc(NC(=O)c3ccc4c(c3)C(=O)N(c3ccc(Oc5ccc(N6C(=O)c7ccc(*)cc7C6=O)cc5)cc3)C4=O)cc2)cc1,288.19
*C(=O)c1ccc2c(c1)C(=O)N(c1ccc(C(=O)Nc3ccc(Oc4ccc(Oc5ccc(NC(=O)c6ccc(N7C(=O)c8ccc(*)cc8C7=O)cc6)cc5)cc4)cc3)cc1)C2=O,266.18
*c1ccc(Oc2ccc(-c3cc(-c4ccccc4)c(Oc4ccc(N5C(=O)c6ccc(-c7ccc8c(c7)C(=O)N(*)C8=O)cc6C5=O)cc4)cc3C(F)(F)F)c(C(F)(F)F)c2)cc1,249.24
*C(=O)Nc1ccc(S(=O)(=O)c2ccc(NC(=O)c3ccc4c(c3)C(=O)N(c3ccc(Oc5ccc(N6C(=O)c7ccc(*)cc7C6=O)cc5)c(-c5ccccc5)c3)C4=O)cc2)cc1,241.78
*C(=O)Nc1ccc(S(=O)(=O)c2ccc(NC(=O)c3ccc4c(c3)C(=O)N(c3ccc(N(c5ccccc5)c5ccc(N6C(=O)c7ccc(*)cc7C6=O)cc5)cc3)C4=O)cc2)cc1,273.86
*C(=O)c1ccc2c(c1)C(=O)N(c1cccc(C(=O)Nc3ccc(Oc4ccc(Oc5ccc(NC(=O)c6cccc(N7C(=O)c8ccc(*)cc8C7=O)c6)cc5)cc4)cc3)c1)C2=O,260.16
*C(=O)c1ccc2c(c1)C(=O)N(c1cccc(C(=O)c3ccc(C(=O)c4cccc(C(=O)c5ccc(Oc6ccc(N7C(=O)c8ccc(*)cc8C7=O)cc6)cc5)c4)cc3)c1)C2=O,231.27
*C(=O)Nc1ccc(S(=O)(=O)c2ccc(NC(=O)c3ccc4c(c3)C(=O)N(c3ccc(-c5ccc(N6C(=O)c7ccc(*)cc7C6=O)cc5)c(-c5ccccc5)c3)C4=O)cc2)cc1,269.01
*C(=O)Nc1ccc(Oc2ccccc2Oc2ccc(NC(=O)c3ccc4c(c3)C(=O)N(c3ccc(Cc5ccc(N6C(=O)c7ccc(*)cc7C6=O)cc5)cc3)C4=O)cc2)cc1,231.44
*c1ccc(C(c2ccccc2)(c2ccccc2)c2ccc(N3C(=O)c4ccc(Oc5ccc6c(c5)C(=O)N(*)C6=O)cc4C3=O)cc2C(F)(F)F)c(C(=O)Oc2ccccc2)c1,258.49
*c1ccc(Oc2ccc(N3C(=O)c4ccc(Oc5ccc6c(c5)C(=O)N(*)C6=O)cc4C3=O)cc2C(=O)Nc2ccc(-c3ccc(-c4ccc(OCC)cc4)cc3)c(C)c2)cc1,248.95
*c1ccc(Oc2ccc(S(=O)(=O)c3ccc(Oc4ccc(N5C(=O)c6ccc(Oc7ccc(S(=O)(=O)c8ccc9c(c8)C(=O)N(*)C9=O)cc7)cc6C5=O)cc4)cc3)cc2)cc1,242.27
*C(=O)Nc1ccc(Oc2ccccc2Nc2ccccc2Oc2ccc(NC(=O)c3ccc4c(c3)C(=O)N(c3ccc(N5C(=O)c6ccc(*)cc6C5=O)cc3)C4=O)cc2)cc1,259.35
*C(=O)Nc1ccc(Oc2cccc(NC(=O)c3ccc4c(c3)C(=O)N(c3cccc(P(=O)(c5ccccc5)c5cccc(N6C(=O)c7ccc(*)cc7C6=O)c5)c3)C4=O)c2)cc1,261.5
*C(=O)Nc1ccc(Oc2ccccc2Oc2cccc(NC(=O)c3ccc4c(c3)C(=O)N(c3ccc(Oc5ccc(N6C(=O)c7ccc(*)cc7C6=O)cc5)cc3)C4=O)c2)cc1,251.77
*C(=O)Nc1ccc(Oc2ccccc2Nc2ccc(NC(=O)c3ccc4c(c3)C(=O)N(c3ccc(Oc5ccc(N6C(=O)c7ccc(*)cc7C6=O)cc5)cc3)C4=O)cc2)cc1,248.66
*C(=O)Nc1ccc(Oc2ccccc2)cc1Oc1ccc(NC(=O)c2ccc3c(c2)C(=O)N(c2ccc(Oc4ccc(N5C(=O)c6ccc(*)cc6C5=O)cc4)cc2)C3=O)cc1,259.2
*c1cccc(P(=O)(c2cccc(-n3c(=O)c4cc5c(=O)n(*)c(=O)c5c(-c5cc(C(F)(F)F)cc(C(F)(F)F)c5)c4c3=O)c2)c2cc(C(=O)OC(C)CC)cc(C(F)(F)F)c2)c1,248.38
*c1ccc(Oc2ccc(S(=O)(=O)c3ccc(Oc4ccc(N5C(=O)c6ccc(C(=O)c7ccc(Oc8ccc9c(c8)C(=O)N(*)C9=O)cc7)cc6C5=O)cc4)cc3)cc2)c(Br)c1,245.22
*C(=O)Nc1ccc(Oc2ccccc2Oc2cccc(NC(=O)c3ccc4c(c3)C(=O)N(c3ccc(Oc5cccc(N6C(=O)c7ccc(*)cc7C6=O)c5)cc3)C4=O)c2)cc1,243.22
*C(=O)Nc1ccc(Oc2ccc(NC(=O)c3ccc4c(c3)C(=O)N(c3ccc(Oc5ccccc5Oc5ccc(N6C(=O)c7ccc(*)cc7C6=O)cc5)cc3)C4=O)cc2)cc1,256.94
*C(=O)Nc1ccc(Oc2ccccc2Oc2ccc(NC(=O)c3ccc4c(c3)C(=O)N(c3ccc(Oc5ccc(N6C(=O)c7ccc(*)cc7C6=O)cc5)cc3)C4=O)cc2)cc1,266.57
*C(=O)Nc1ccc(/N=N/c2ccc(NC(=O)c3ccc4c(c3)C(=O)N(c3ccc(Sc5ccc(N6C(=O)c7ccc(*)cc7C6=O)cc5-c5ccccc5)cc3)C4=O)cc2)cc1,240.49
*Oc1ccccc1C(=O)Nc1ccccc1-c1cccc(NC(=O)c2ccc3c(c2)C(=O)N(c2ccc(Sc4ccc(N5C(=O)c6ccc(*)cc6C5=O)cc4)cc2)C3=O)c1C,243.18
*C(=O)c1ccc2c(c1)C(=O)N(c1ccc(Oc3ccc(C(C)(C)c4ccc(Oc5ccc(Oc6ccc(N7C(=O)c8ccc(*)cc8C7=O)cc6)cc5)cc4)cc3)cc1)C2=O,200.09
*C(=O)Oc1ccc(-c2ccc(OC(=O)c3ccc4c(c3)C(=O)N(c3ccc(Oc5ccc(Oc6ccc(N7C(=O)c8ccc(*)cc8C7=O)cc6)cc5)cc3)C4=O)cc2)cc1,181.0
*C(=O)Nc1ccc(-c2ccc(NC(=O)c3ccc4c(c3)C(=O)N(c3ccc(Oc5ccccc5Oc5ccc(N6C(=O)c7ccc(*)cc7C6=O)cc5)cc3)C4=O)cc2)cc1,255.85
*c1ccc(C(=O)Nc2ccc(Oc3ccc(NC(=O)c4ccc(Oc5ccc(N6C(=O)c7ccc(-c8ccc9c(c8)C(=O)N(*)C9=O)cc7C6=O)cc5)cc4)cc3)cc2)cc1,274.08
*C(=O)Nc1ccc(Oc2ccc(NC(=O)c3ccc4c(c3)C(=O)N(c3ccc(Oc5ccc(N6C(=O)c7ccc(*)cc7C6=O)cc5)c(-c5ccccc5)c3)C4=O)cc2)cc1,261.31
*C(=O)Nc1ccc(Oc2ccccc2NC(=O)c2ccc3c(c2)C(=O)N(c2ccc(Cc4ccc(-c5ccc(N6C(=O)c7ccc(*)cc7C6=O)cc5)cc4)cc2)C3=O)cc1,241.86
*C(=O)Nc1ccc(Oc2ccc(NC(=O)c3ccc4c(c3)C(=O)N(c3cc(-c5nc6ccccc6o5)cc(N5C(=O)c6ccc(*)cc6C5=O)c3)C4=O)c(C(C)(C)C)c2)cc1,317.64
*c1ccc(C(=O)Nc2ccc(Oc3ccc(Oc4ccc(NC(=O)c5ccc(N6C(=O)c7ccc(-c8ccc9c(c8)C(=O)N(*)C9=O)cc7C6=O)cc5)cc4)cc3)cc2)cc1,303.06
*c1cccc(C(=O)Nc2cccc(Oc3cccc(Oc4cccc(NC(=O)c5cccc(N6C(=O)c7ccc(-c8cccc9c8C(=O)N(*)C9=O)cc7C6=O)c5)c4)c3)c2)c1,252.89
*c1ccc(C(c2ccc(N3C(=O)c4ccc(Oc5ccc(Sc6ccc(Oc7ccc8c(c7)C(=O)N(*)C8=O)cc6)cc5C(C)(C)C)cc4C3=O)cc2)c2cccnc2)cc1,249.06
*C(=O)Nc1cccc(NC(=O)c2ccc3c(c2)C(=O)N(c2ccc(Oc4ccccc4-c4ccccc4Oc4ccc(N5C(=O)c6ccc(*)cc6C5=O)cc4)cc2)C3=O)c1,232.11
*c1ccc(Cc2ccc(N3C(=O)c4ccc(Oc5ccc(Oc6ccc(Sc7ccc(Oc8ccc9c(c8)C(=O)N(*)C9=O)cc7)cc6)cc5)cc4C3=O)c(C)c2)cc1C,258.1
*c1cccc(P(=O)(c2ccccc2)c2cccc(N3C(=O)c4ccc(Oc5ccc(C6(c7ccc(Oc8ccc9c(c8)C(=O)N(*)C9=O)cc7)C=C6)cc5)cc4C3=O)c2)c1,254.16
*c1ccc(Oc2ccc(Oc3ccc(N4C(=O)c5ccc(Oc6ccc(C(C)(C)c7ccc(Oc8ccc9c(c8)C(=O)N(*)C9=O)cc7)cc6)cc5C4=O)cc3)cc2)cc1,233.07
*C(=O)Nc1ccc(C2(c3ccc(NC(=O)c4ccc5c(c4)C(=O)N(c4ccc(N6C(=O)c7ccc(*)cc7C6=O)cc4)C5=O)cc3)c3ccccc3-c3ccccc32)cc1,305.8
*c1cccc(N2C(=O)c3cccc(Oc4ccc(Oc5ccc([Si](C)(C)c6ccc(Oc7ccc(Oc8ccc9c(c8)C(=O)N(*)C9=O)cc7)cc6)cc5)cc4)c3C2=O)c1,210.01
*C(=O)c1ccc([Si](c2ccccc2)c2ccc(C(=O)Nc3ccc4c(c3)C(=O)N(c3ccc(Oc5cccc(N6C(=O)c7ccc(*)cc7C6=O)c5)cc3)C4=O)cc2)cc1,263.33
*c1cccc(OP(=O)(Oc2ccccc2)c2ccc(Oc3ccc(N4C(=O)c5ccc(Oc6ccc(Oc7ccc8c(c7)C(=O)N(*)C8=O)cc6)cc5C4=O)cc3)cc2)c1,215.06
*c1ccc(Oc2ccc(Oc3ccc(N4C(=O)c5ccc(Oc6ccc([Si](C)(C)c7ccc(Oc8ccc9c(c8)C(=O)N(*)C9=O)cc7)cc6)cc5C4=O)cc3)cc2)cc1,231.09
*c1ccc(C(=O)c2ccc(Oc3ccc(C(=O)c4ccc(Oc5ccc(N6C(=O)c7ccc(Oc8ccc9c(c8)C(=O)N(*)C9=O)cc7C6=O)cc5)cc4)cc3)cc2)cc1,240.04
*c1ccc(-c2ccc(Sc3ccc(N4C(=O)c5ccc(Oc6ccc(C(C)(C)c7ccc(Oc8ccc9c(c8)C(=O)N(*)C9=O)cc7)cc6)cc5C4=O)cc3)cc2)cc1,260.29
*C(=O)c1ccc2c(c1)C(=O)N(c1ccc(Oc3ccc(P(=O)(c4ccccc4)c4ccc(Oc5ccc(N6C(=O)c7ccc(*)cc7C6=O)cc5)cc4)cc3)cc1)C2=O,249.23
*c1ccc(Oc2cccc(NC(=O)c3cccc(P(=O)(c4ccccc4)c4cccc(N5C(=O)c6ccc(-c7ccc8c(c7)C(=O)N(*)C8=O)cc6C5=O)c4)n3)c2)cc1,235.65
*C(=O)Nc1ccc(Oc2ccc(NC(=O)c3ccc4c(c3)C(=O)N(c3ccc(Oc5cccc6c(N7C(=O)c8ccc(*)cc8C7=O)cccc56)cc3)C4=O)cc2)cc1,273.92
*C(=O)c1ccc(C(=O)c2ccc(-c3ccc(C(=O)c4ccc5c(c4)C(=O)N(c4ccc(-c6ccc(N7C(=O)c8ccc(*)cc8C7=O)cc6)cc4)C5=O)cc3)cc2)cc1,258.88
*C(=O)c1ccc2c(c1)C(=O)N(c1cccc(Sc3ccc(Sc4ccc(Sc5ccc(Sc6ccc(N7C(=O)c8ccc(*)cc8C7=O)cc6)cc5)cc4)cc3)c1)C2=O,216.29
*c1ccc(Oc2ccc(-c3ccc(Oc4ccc(N5C(=O)c6ccc(S(=O)(=O)c7ccc(Oc8ccc9c(c8)C(=O)N(*)C9=O)cc7)cc6C5=O)cc4)cc3)cc2)cc1,270.45
*c1ccc(Oc2ccc(C(C)(C)c3ccc(Oc4ccc(-n5c(=O)c6cc7c(=O)n(*)c(=O)c7cc6c5=O)cc4)c(C(F)(F)F)c3)cc2C(F)(F)F)c(C(F)(F)F)c1,240.12
*c1ccc(C(C)(C)c2ccc(N3C(=O)c4ccc(Oc5ccc(-c6ccc(-c7ccc(Oc8ccc9c(c8)C(=O)N(*)C9=O)cc7)cc6)cc5)cc4C3=O)cc2)cc1,264.57
*CCCCCCCCCc1ccc(/C=C/C(=O)c2ccc(-n3c(=O)c4cc5c(=O)n(*)c(=O)c5cc4c3=O)cc2-c2ccc([N+](=O)[O-])cc2Sc2ccccc2)cc1,218.71
*c1ccc(Oc2ccc(Sc3ccc(Oc4ccc(N5C(=O)c6ccc(Oc7ccccc7Oc7ccc8c(c7)C(=O)N(*)C8=O)cc6C5=O)cc4)cc3)cc2)cc1,260.08
*c1cccc(Oc2ccc(Oc3ccc(N4C(=O)c5ccc(Oc6ccc(Sc7ccc(Oc8ccc9c(c8)C(=O)N(*)C9=O)cc7)cc6)cc5C4=O)cc3)cc2)c1,228.88
*c1ccc(Oc2ccccc2Oc2ccc(N3C(=O)c4cccc(Oc5ccc(Oc6ccc(Oc7cccc8c7C(=O)N(*)C8=O)cc6)cc5)c4C3=O)cc2)cc1,292.38
*c1ccc(C(c2ccccc2)(c2ccccc2)c2cccc(N3C(=O)c4ccc(Oc5ccc(S(=O)(=O)c6ccc7c(c6)C(=O)N(*)C7=O)cc5)cc4C3=O)c2)cc1,271.44
*c1cccc(Oc2ccccc2Oc2ccc(N3C(=O)c4ccc(Oc5ccc(Sc6ccc(Oc7ccc8c(c7)C(=O)N(*)C8=O)cc6)cc5)cc4C3=O)cc2)c1,207.31
*Nc1cc(OC(=O)c2ccc(C(C)(C)C)cc2)cc(C(c2ccccc2)c2ccc(-n3c(=O)c4cc5c(=O)n(*)c(=O)c5cc4c3=O)c(C(=O)NC(C)=C(C)C)c2)c1,272.28
*c1ccc(Oc2ccc(Oc3ccc(Sc4ccc(Oc5ccc(N6C(=O)c7ccc(Oc8ccc9c(c8)C(=O)N(*)C9=O)cc7C6=O)cc5)cc4)cc3)cc2)cc1,271.19
*c1ccc(C(=O)Nc2ccc(NC(=O)c3ccc(S(=O)(=O)c4ccc(-n5c(=O)c6cc7c(=O)n(*)c(=O)c7cc6c5=O)cc4)cc3C(F)(F)F)cc2)c(C(F)(F)F)c1,246.76
*C(=O)Nc1cc(NC(=O)c2ccc3c(c2)C(=O)N(c2ccc(Cc4ccc(N5C(=O)c6ccc(*)cc6C5=O)cc4)cc2)C3=O)cc(-c2nc3ccccc3[nH]2)c1,263.68
*c1ccc(Oc2ccc(Oc3ccc(Oc4ccc(Oc5ccc(N6C(=O)c7ccc(-c8ccc9c(c8)C(=O)N(*)C9=O)cc7C6=O)cc5)cc4)cc3)cc2)cc1,282.62
*c1ccc(Oc2cccc(Oc3ccc(N4C(=O)c5cccc(Oc6ccc(-c7ccc(Oc8ccc9c(c8)C(=O)N(*)C9=O)cc7)cc6)c5C4=O)cc3)c2)cc1,293.28
*C(=O)Oc1ccc(-n2on2-c2ccc(OC(=O)c3ccc4c(c3)C(=O)N(c3ccc(-c5ccc(N6C(=O)c7ccc(*)cc7C6=O)cc5)cc3C)C4=O)cc2)cc1,214.83
*c1ccc(Oc2cccc(N3C(=O)c4ccc(-c5ccc6c(c5)C(=O)N(*)C6=O)cc4C3=O)c2O)c(Cc2ccccc2-c2ccc(-c3ccccc3)cc2)c1,233.76
*c1ccc(Oc2ccc(C(c3ccc(Oc4ccc(-n5c(=O)c6cc7c(=O)n(*)c(=O)c7cc6c5=O)cc4)cc3)(C(F)(F)F)C(F)(F)F)cc2)c(C(F)(F)F)c1,262.26
*c1ccc(Oc2ccccc2-c2ccccc2-c2ccc(Oc3ccc(N4C(=O)c5ccc(Oc6ccc7c(c6)C(=O)N(*)C7=O)cc5C4=O)cc3)cc2)cc1,233.96
*c1ccc(Oc2cc(C(C)(C)C)c(C(C)(C)c3cc(C)c(Oc4ccc(-n5c(=O)c6cc7c(=O)n(*)c(=O)c7cc6c5=O)cc4)cc3C(F)(F)F)cc2C)cc1,283.87
*c1ccc(Oc2ccc(Oc3ccc(-c4ccc(Oc5ccc(N6C(=O)c7ccc(-c8ccc9c(c8)C(=O)N(*)C9=O)cc7C6=O)cc5)cc4)cc3)cc2)cc1,273.56
*c1ccc(Oc2ccc(C(c3ccc(Oc4ccc(-n5c(=O)c6cc7c(=O)n(*)c(=O)c7cc6c5=O)cc4)c(C(F)(F)F)c3)(C(F)(F)F)C(F)(F)F)cc2)cc1,267.22
*c1ccc2c(c1)C(=O)N(c1ccc(Cc3ccc(N4C(=O)c5ccc(Cc6ccc7c(c6)C(=O)N(*)C7=O)cc5C4=O)c(C(C)(C)C)c3)cc1C(F)(F)F)C2=O,258.63
*c1ccc(S(=O)(=O)c2ccc(-n3c(=O)c4cc5c(=O)n(*)c(=O)c5cc4c3=O)cc2-c2ccccc2)c(C(=O)OCCOC(=O)c2ccc(OCC)cc2)c1,186.46
*c1ccc(/C(C)=N/N(C)c2ccc(-n3c(=O)c4cc5c(=O)n(*)c(=O)c5cc4c3=O)cc2C)c(NC(=O)OCCOc2ccc(-c3ccc(F)cc3)cc2)c1,205.03
*c1ccc(S(=O)(=O)c2ccc(NC(=O)c3ccc(N4C(=O)c5ccc(Oc6ccccc7oc7ccc7c(=O)n(*)c(=O)c7c6)cc5C4=O)cc3)cc2)cc1,267.32
*c1ccc(C2(c3ccc(N4C(=O)c5ccc(-c6ccc7c(c6)C(=O)N(*)C7=O)cc5C4=O)cc3)c3ccccc3C(=O)c3ccccc32)c2ccccc12,371.71
*C(=O)Nc1ccc(Oc2ccc(C(C)(C)c3ccc(OC(=O)c4ccc(-n5c(=O)c6cc7c(=O)n(*)c(=O)c7cc6c5=O)cc4)c(C)c3)cc2OC)cc1,234.19
*c1ccc(C(=O)c2ccc(NC(=O)/C=C/c3ccc([N+](=O)[O-])cc3/C=C/c3ccc(Sn4c(=O)c5cc6c(=O)n(*)c(=O)c6cc5c4=O)cc3)cc2)cc1,265.84
*Oc1ccc2on(-c3ccc(Oc4ccc5c(c4)C(=O)N(c4ccc(Oc6ccc(N7C(=O)c8ccc(*)cc8C7=O)cc6)cc4)C5=O)cc3)c(=O)c2c1,288.12
*c1ccc2c(c1)C(=O)N(c1cc(OCCCC)cc(N3C(=O)c4ccc(P(=O)(c5ccccc5)c5ccc6c(c5)C(=O)N(*)C6=O)cc4C3=O)c1Br)C2=O,262.19
*c1ccc(C(=O)Oc2ccc(OC(=O)c3ccc(C(=O)Oc4ccc(-n5c(=O)c6cc7c(=O)n(*)c(=O)c7cc6c5=O)cc4)cc3)c(C(F)(F)F)c2)cc1,207.13
*c1ccc(-c2c(-c3ccccc3)cc(-c3ccc(N4C(=O)c5ccc(Oc6ccc7c(c6)C(=O)N(*)C7=O)cc5C4=O)c(C)c3)c3ccccc23)cc1C,317.02
*c1ccc(Oc2ccc(C(C)(C)c3ccc(Oc4ccc(-n5c(=O)c6cc7c(=O)n(*)c(=O)c7cc6c5=O)cc4)cc3C(F)(F)F)cc2)c(C(F)(F)F)c1,244.16
*OCCOCCOc1ccc(Oc2ccc(-n3c(=O)c4cc5c(=O)n(*)c(=O)c5cc4c3=O)cc2OC)c(OC(=O)c2cccc(-c3ccccc3)c2)c1,196.15
*c1ccc(Oc2cc(C(F)(F)F)c(-c3ccc(Oc4ccc(-n5c(=O)c6cc7c(=O)n(*)c(=O)c7cc6c5=O)cc4)cc3Br)cc2C(F)(F)F)c(C)c1,270.99
*c1cc(N(c2ccccc2)c2cc(-c3nc4ccccc4[nH]3)cc(N3C(=O)c4ccc(Oc5ccc6c(c5)C(=O)N(*)C6=O)cc4C3=O)c2)nc(C)n1,309.51
*OP(=O)(Oc1ccccc1)Oc1ccc(C(C)(c2ccc([N+](=O)[O-])cc2)c2ccc(-n3c(=O)c4cc5c(=O)n(*)c(=O)c5cc4c3=O)cc2C)c(Br)c1,238.72
*Oc1ccc(C(c2ccc(Oc3ccc(C(=O)OCC)cc3)cc2)c2ccc(-n3c(=O)c4cc5c(=O)n(*)c(=O)c5cc4c3=O)cc2C(C)CC)nc1,204.44
*Oc1ccc(NC(=O)Nc2ccc(NC(=O)Oc3ccc(C(=O)Nc4ccc(-n5c(=O)c6cc7c(=O)n(*)c(=O)c7cc6c5=O)cc4)cc3)cc2)cc1,214.84
*c1ccc(Oc2ccc(C(=O)c3ccc(Oc4ccc(-n5c(=O)c6cc7c(=O)n(*)c(=O)c7cc6c5=O)cc4C(F)(F)F)c(C(F)(F)F)c3)cc2)cc1,271.13
*c1ccc(Oc2ccc(-n3c(=O)c4cc5c(=O)n(*)c(=O)c5cc4c3=O)cc2Oc2ccc(/N=N/c3ccc(OCCCCCCC)cc3)cc2)cc1,165.14
*Oc1ccc(C(=O)Nc2ccc(-n3c(=O)c4cc5c(=O)n(*)c(=O)c5cc4c3=O)cc2Br)c(OC(=O)c2ccc(-c3ccc([N+](=O)[O-])cc3)cc2)c1,269.03
*c1ccc(Oc2ccc(Oc3ccc(-n4c(=O)c5cc6c(=O)n(*)c(=O)c6cc5c4=O)cc3)cc2S(=O)(=O)O)c(OC(=O)c2ccc(OC)cc2)c1,229.51
*CCCCCCNc1ccc(/C=C(\c2ccccc2)P(=O)(c2ccccc2)c2ccc(-n3c(=O)c4cc5c(=O)n(*)c(=O)c5cc4c3=O)cc2)cc1,226.14
*c1ccc(OC2=CC=C(c3cc(-c4ccccc4)ccc3-c3ccccc3)C=C(n3c(=O)c4cc5c(=O)n(*)c(=O)c5cc4c3=O)C(C)=C2)cc1C,306.18
*c1ccc(Oc2c(C)cc(C(C)(C)c3cc(C)c(Oc4ccc(-n5c(=O)c6cc7c(=O)n(*)c(=O)c7cc6c5=O)cc4)c(C)c3)c(C)c2C)cc1C,272.67
*c1ccc(C(=O)Nc2ccc(Oc3ccc(NC(=O)c4ccc(-n5c(=O)c6cc7c(=O)n(*)c(=O)c7cc6c5=O)cc4)cc3)c(C(=O)O)c2F)cc1,309.8
*c1ccc(-c2nc3ccccc3n2-c2ccc(N3C(=O)c4ccc(Oc5ccc(Oc6ccc7c(c6)C(=O)N(*)C7=O)cc5)cc4C3=O)cc2)cc1,309.59
*c1ccc(S(=O)(=O)c2cccc(S(=O)(=O)Nc3cccc(NC(=O)c4cccc(-n5c(=O)c6cc7c(=O)n(*)c(=O)c7cc6c5=O)c4)n3)c2)cc1,232.78
*c1cccc(NC(=O)c2cc(NC(=O)c3ccccc3)cc(C(=O)Nc3ccc(-n4c(=O)c5cc6c(=O)n(*)c(=O)c6cc5c4=O)c(O)c3)c2)c1,261.55
*c1ccccc1C(=O)Oc1ccccc1Oc1cccc2c(c1=O)=CC=2Oc1cccc(-n2c(=O)c3cc4c(=O)n(*)c(=O)c4cc3c2=O)c1,232.36
*c1ccc2c(c1)C(=O)N(c1ccc(Oc3ccc(N4C(=O)c5ccc(S(=O)(=O)c6ccc7c(c6)C(=O)N(*)C7=O)cc5C4=O)cc3)cc1)C2=O,323.34
*c1ccc([Si](c2ccccc2)(c2ccccc2)c2ccc(-n3c(=O)c4cc5c(=O)n(*)c(=O)c5cc4c3=O)cc2C(C)(C)C)c(C(F)(F)F)c1,319.13
*c1ccc(-c2ccc(-n3c(=O)c4cc5c(=O)n(*)c(=O)c5cc4c3=O)cc2-c2ccc(OC3=CC=C3C=CC3=Cc4ccccc43)cc2)cc1,294.99
*c1[nH]c(C)cc1C(=O)Nc1ccc(Cc2ccc(NC(=O)Nc3ccc(Sn4c(=O)c5cc6c(=O)n(*)c(=O)c6cc5c4=O)cc3)cc2)cc1,248.48
*Oc1ccc(NC(=O)c2ccc(NC(=O)CCCCn3c(=O)c4cc5c(=O)n(*)c(=O)c5cc4c3=O)cc2-c2ccccc2)c2ccccc12,181.66
*c1ccc(C(C)(C)c2ccc([Si](C)(C)c3ccc(C(C)(C)c4ccc(-n5c(=O)c6cc7c(=O)n(*)c(=O)c7cc6c5=O)cc4)cc3)cc2)cc1,258.02
*c1ccc(-c2cc(-c3ccc(OCCCCCCCC)cc3)cc(-c3ccc(-n4c(=O)c5cc6c(=O)n(*)c(=O)c6cc5c4=O)cc3)c2)cc1,197.65
*c1ccc(Oc2ccc(Oc3ccc(-c4ccc(-n5c(=O)c6ccc7c(=O)n(*)c(=O)c7ccc6c5=O)cc4)cc3C(F)(F)F)cc2C)cc1,301.49
*Oc1ccc(OC(=O)c2ccc(-n3c(=O)c4cc5c(=O)n(*)c(=O)c5cc4c3=O)cc2SCCCC(=O)Oc2ccc3ccccc3c2)cc1,160.67
*c1ccc(C(=O)Nc2ccc(Cc3ccc(NC(=O)c4ccc(-n5c(=O)c6cc7c(=O)n(*)c(=O)c7cc6c5=O)c(C)c4)cc3C)cc2)cc1,280.19
*Oc1ccccc1Oc1ccc(C(C)(C)c2ccc(OC(=O)c3ccc(-n4c(=O)c5cc6c(=O)n(*)c(=O)c6cc5c4=O)cc3Br)cc2)cc1,202.69
*c1ccc(Oc2ccc(NC(=O)c3cccc(C(=O)Nc4ccc(-n5c(=O)c6cc7c(=O)n(*)c(=O)c7cc6c5=O)cc4)c3)cc2)c(C)c1,302.04
*c1ccc(Oc2ccc(-c3ccc(Oc4ccc(-n5c(=O)c6cc7c(=O)n(*)c(=O)c7cc6c5=O)c(C(C)(C)C)c4)cc3C)cc2)c(C)c1,271.06
*C(=O)c1ccccc1Sc1ccccc1C(=O)Nc1ccc(Oc2ccc(Nn3c(=O)c4cc5c(=O)n(*)c(=O)c5cc4c3=O)cc2)cc1,232.3
*Oc1ccc(Oc2ccc(-n3c(=O)c4cc5c(=O)n(*)c(=O)c5cc4c3=O)cc2Oc2ccc(/N=N/c3ccc([N+](=O)[O-])cc3)cc2)cc1,232.87
*CO[CH]1C=[CH][Ge]1([CH2]CCCCC)[CH2]CCC1COCC1CC1CCCN1C1=CC=C(N(c2ccccc2)c2ccc(N3C(=O)c4ccc(Oc5ccc6c(c5)C(=O)N(*)C6=O)cc4C3=O)cc2)c2ccccc2-c2ccccc21,196.73
*c1ccc(Oc2ccc(C3(c4ccc(Oc5ccc(-n6c(=O)c7cc8c(=O)n(*)c(=O)c8cc7c6=O)cc5)cc4)C=C3C)cc2C)cc1,321.86
*c1ccc(C(C)(C)c2cccc(C(C)(C)c3ccc(Oc4ccc(-n5c(=O)c6cc7c(=O)n(*)c(=O)c7cc6c5=O)cc4)cc3)c2)cc1,240.29
*c1ccc(-c2c(C)cc(-n3c(=O)c4cc5c(=O)n(*)c(=O)c5cc4c3=O)cc2-c2ccc(/C=N/c3ccc(C(=O)OC)cc3)cc2)cc1,284.44
*c1ccc(C(=O)Nc2ccc(Oc3c(C)cc(-c4ccc(-n5c(=O)c6cc7c(=O)n(*)c(=O)c7cc6c5=O)cc4)c(F)c3F)cc2)cc1,328.87
*c1ccc(Oc2ccc(Sc3ccc(Oc4ccc(-n5c(=O)c6cc7c(=O)n(*)c(=O)c7cc6c5=O)cc4)c(C(C)(C)C)c3)cc2)cc1,232.22
*Oc1ccccc1C(=O)Oc1ccc(C(C)(c2ccccc2)c2ccc(-n3c(=O)c4cc5c(=O)n(*)c(=O)c5cc4c3=O)nc2)c(C)c1,240.73
*c1ccc2c(c1)C(=O)N(c1ccc(-c3ccc(N4C(=O)c5ccc(C(=O)c6ccc7c(c6)C(=O)N(*)C7=O)cc5C4=O)cc3)cc1)C2=O,352.78
*c1ccc2c(c1)C(=O)N(c1cccc(N3C(=O)c4ccc(-c5ccc(Oc6ccc7c(c6)C(=O)N(*)C7=O)cc5)cc4C3=O)c1C)C2=O,314.02
*c1ccc(-c2ccc(-n3c(=O)c4cc5c(=O)n(*)c(=O)c5cc4c3=O)cc2C(=O)c2ccc(-c3ccc(C(F)(F)F)cc3)cc2)c(F)c1,300.52
*c1ccc(Nc2ccc(C(=S)Nc3ccc(NC(=O)c4ccc(-n5c(=O)c6cc7c(=O)n(*)c(=O)c7cc6c5=O)cc4)cc3)cc2)cc1,243.37
*c1ccc(Oc2c(C)cc(-c3cc(C)c(Oc4ccc(-n5c(=O)c6cc7c(=O)n(*)c(=O)c7cc6c5=O)cc4)c(C)c3)cc2C)cc1,308.29
*c1cccc(C(=O)Nc2ccc(-c3ccc(NC(=O)c4ccc(-n5c(=O)c6cc7c(=O)n(*)c(=O)c7cc6c5=O)cc4)cc3)cc2)c1,270.87
*c1ccc(C(CCCCC)c2ccc(-n3c(=O)c4cc5c(=O)n(*)c(=O)c5cc4c3=O)c(-c3ccccc3)c2-c2ccccc2)cc1,241.97
*c1ccc(-c2sc(-n3c(=O)c4cc5c(=O)n(*)c(=O)c5cc4c3=O)cc2Br)c(/N=N/c2ccc(/N=N/c3ccc(C#N)cc3)cc2)c1,274.98
*c1cc(C(=O)Nc2ccc(-n3c(=O)c4cc5c(=O)n(*)c(=O)c5cc4c3=O)cc2SCCc2ccccc2)ccc1-c1ccccc1,236.55
*C(=O)c1ccc(C(c2ccccc2)(c2ccccc2)c2ccc(-n3c(=O)c4cc5c(=O)n(*)c(=O)c5cc4c3=O)cc2Br)c(C#N)c1,313.69
*c1ccc(Sc2ccc(Sc3ccc(S(=O)(=O)c4ccc(-n5c(=O)c6cc7c(=O)n(*)c(=O)c7cc6c5=O)cc4)cc3)cc2)cc1,256.13
*c1ccc(Oc2ccccc2Oc2ccc(-n3c(=O)c4cc5c(=O)n(*)c(=O)c5cc4c3=O)cc2C(=O)c2ccc(F)cc2)cc1,259.76
*c1ccc(Oc2ccc([Si](c3ccccc3)n3c(=O)c4cc5c(=O)n(*)c(=O)c5cc4c3=O)cc2)c(S(=O)(=O)c2ccccc2)c1,266.68
*c1ccc(Oc2ccc(-c3ccc(Oc4ccc(-n5c(=O)c6cc7c(=O)n(*)c(=O)c7cc6c5=O)cc4)cc3)c(C(=O)[O-])c2)cc1,257.4
*Oc1ccc(Oc2ccc(C(=O)c3ccccc3Oc3ccc(-n4c(=O)c5cc6c(=O)n(*)c(=O)c6cc5c4=O)cc3)cc2)cc1,226.54
*Oc1ccc(Oc2ccc(-n3c(=O)c4cc5c(=O)n(*)c(=O)c5cc4c3=O)cc2Oc2ccc(-c3ccc(C#N)cc3)cc2)cc1,237.35
*c1ccc([Si](C)(C)c2ccc(N(c3ccccc3)c3ccc(-n4c(=O)c5cc6c(=O)n(*)c(=O)c6c(Br)c5c4=O)cc3)nc2)cc1,297.25
*c1ccc(-c2ccc(-n3c(=O)c4cc5c(=O)n(*)c(=O)c5cc4c3=O)c(Br)c2)cc1/C=C/c1ccc(-c2ccc(OC)cc2)cc1,278.91
*c1ccc(-c2ccc(-n3c(=O)c4cc5c(=O)n(*)c(=O)c5cc4c3=O)cc2S(=O)(=O)Oc2ccccc2)cc1Sc1ccccc1,268.91
*c1ccc(Oc2ccc(Oc3ccc(C(=O)c4ccc(-n5c(=O)c6cc7c(=O)n(*)c(=O)c7cc6c5=O)cc4)cc3)cc2)cc1,295.31
*c1cccc(S(=O)(=O)c2ccccc2)c1-c1ccc(-n2c(=O)c3cc4c(=O)n(*)c(=O)c4cc3c2=O)c(Oc2ccccc2)c1,253.82
*c1ccc(C(C)(C)c2ccc([Si](c3ccc(-n4c(=O)c5cc6c(=O)n(*)c(=O)c6cc5c4=O)cc3)c3ccccn3)cc2)cc1,283.75
*/N=B/c1ccc(-c2ccc(-n3c(=O)c4cc5c(=O)n(*)c(=O)c5cc4c3=O)cc2C(=O)c2ccc(-c3ccccc3)cc2)cc1,347.24
*c1ccc(-c2ccc(C(=O)c3ccc(C(=O)c4ccc(-n5c(=O)c6cc7c(=O)n(*)c(=O)c7cc6c5=O)cc4)cc3)cc2)cc1,318.8
*c1ccc(-c2ccc(-n3c(=O)c4cc5c(=O)n(*)c(=O)c5cc4c3=O)cc2Sc2ccc(-c3ccc([N+](=O)[O-])cc3)cc2)cc1,250.0
*c1ccc(-c2ccc(-n3c(=O)c4cc5c(=O)n(*)c(=O)c5cc4c3=O)c(NC(=O)Oc3ccc(-c4ccccc4)cc3)c2)cc1,295.52
*c1ccc(-c2ccc(S(=O)(=O)c3ccc(Oc4ccc(-n5c(=O)c6cc7c(=O)n(*)c(=O)c7cc6c5=O)cc4)cc3)cc2)cc1,272.5
*c1ccc(C(C)(C)c2ccc(C(C)(C)c3ccc(-n4c(=O)c5cc6c(=O)n(*)c(=O)c6cc5c4=O)cc3)c3ccccc23)cc1,287.98
*c1ccc([Si](c2ccccc2)c2ccc(-n3c(=O)c4cc5c(=O)n(*)c(=O)c5cc4c3=O)c(C)c2)cc1-c1ccc(F)cc1,306.59
*c1ccc(-c2ccc(-n3c(=O)c4cc5c(=O)n(*)c(=O)c5cc4c3=O)cc2)c(C(=O)Oc2ccc(-c3ccccc3)cc2)c1,305.4
*Oc1ccc(C(c2ccccc2)c2ccc(Oc3ccc(-n4c(=O)c5cc6c(=O)n(*)c(=O)c6cc5c4=O)cc3)cc2)cc1,290.65
*c1ccc(-c2ccc(-n3c(=O)c4cc5c(=O)n(*)c(=O)c5cc4c3=O)cc2)cc1Oc1ccc(-c2ccc(OC)cc2)cc1,279.36
*c1ccc(C(=O)Nc2ccc(-c3ccc(-c4ccc(-n5c(=O)c6cc7c(=O)n(*)c(=O)c7cc6c5=O)cc4)nn3)cc2)cc1,302.98
*c1ccc(N(c2ccccc2)c2ccc(-c3ccc(-n4c(=O)c5cc6c(=O)n(*)c(=O)c6cc5c4=O)c(C)c3)cc2C)cc1,330.09
*c1ccc(Oc2cc3ccccc3cc2Oc2ccc(-n3c(=O)c4c(F)c5c(=O)n(*)c(=O)c5c(Cl)c4c3=O)cc2Cl)cc1,296.45
*c1ccc(-c2ccc(-c3ccc(S(=O)(=O)c4ccc(-n5c(=O)c6cc7c(=O)n(*)c(=O)c7cc6c5=O)cc4)cc3)cc2)cc1,318.35
*c1ccc(Oc2cccc(Oc3ccc(Oc4ccc(-n5c(=O)c6cc7c(=O)n(*)c(=O)c7cc6c5=O)cc4)cc3)c2)cc1,312.91
*c1ccc(Oc2cccc(P(=O)(c3ccccc3)c3ccc(-n4c(=O)c5cc6c(=O)n(*)c(=O)c6cc5c4=O)cc3)c2)cc1,275.71
*c1ccc(Oc2ccc(-n3c(=O)c4cc5c(=O)n(*)c(=O)c5cc4c3=O)cc2Oc2ccc(-c3ccccc3)cc2)cc1,294.09
*c1ccc(Oc2ccc(-n3c(=O)c4cc5c(=O)n(*)c(=O)c5cc4c3=O)c(Oc3ccccc3)c2-c2ccccc2)cc1,291.84
*c1ccc(C(c2ccccc2)c2ccc(Oc3ccc(-n4c(=O)c5cc6c(=O)n(*)c(=O)c6cc5c4=O)cc3)cc2)cc1,313.01
*c1ccc(S(=O)(=O)c2ccc(-n3nccc3-c3ccc(-n4c(=O)c5cc6c(=O)n(*)c(=O)c6cc5c4=O)cc3)cc2)cc1,313.46
*c1cccc(P(=O)(c2ccccc2)c2cccc(-n3c(=O)c4cc5c(=O)n(*)c(=O)c5c(-c5ccccc5)c4c3=O)c2)c1,310.54
*c1ccc(-c2cc(-c3ccc(-c4ccccc4)cc3)cc(-n3c(=O)c4cc5c(=O)n(*)c(=O)c5cc4c3=O)c2C)c(O)c1,324.38
*c1ccc([Si](c2ccccc2)(c2ccc(-n3c(=O)c4cc5c(=O)n(*)c(=O)c5cc4c3=O)cc2)c2ccccn2)cc1,337.33
*c1ccc(-c2ccc(-n3c(=O)c4cc5c(=O)n(*)c(=O)c5cc4c3=O)cc2-c2ccc(-c3ccc(C)cc3)cc2)cc1,340.46
*c1ccc(C(c2ccccc2)(c2ccccc2)c2ccc(-n3c(=O)c4cc5c(=O)n(*)c(=O)c5cc4c3=O)cc2)cc1,352.26
*c1ccc(C(c2ccccc2)(c2ccccc2)c2ccc(-n3c(=O)c4cc5c(=O)n(*)c(=O)c5cc4c3=O)cc2)nc1,329.33
*c1ccc(-c2ccc(-c3ccc(Oc4ccc(-n5c(=O)c6cc7c(=O)n(*)c(=O)c7cc6c5=O)cc4)cc3)cc2)cc1,382.05
*c1ccc([Si](c2ccccc2)(c2ccccc2)c2ccc(-n3c(=O)c4cc5c(=O)n(*)c(=O)c5cc4c3=O)cc2)cc1,335.8
*C(=O)NNC(=O)c1cccc(S(=O)(=O)NCCCNC(=O)c2ccc(C(=O)Nc3ccc4c(c3)C(=O)N(c3ccc(Oc5ccc(N6C(=O)c7ccc(*)cc7C6=O)cc5)cc3)C4=O)c(C(F)(F)F)c2)c1,222.69
*C(=O)N1C(=O)N(C(=O)c2ccc3c(c2)C(=O)N(c2ccc(P(=O)(c4ccccc4)c4cccc(N5C(=O)c6ccc(*)cc6C5=O)c4)cc2)C3=O)C(C)=C(C(=O)OCC)C1c1ccc(OCCCC)cc1,252.1
*c1ccc(-c2ccc(-n3c(=O)c4cc5c(=O)n(*)c(=O)c5cc4c3=O)c(-c3ccccc3)c2-c2ccccc2)cc1,353.49
*c1ccc(Oc2ccc(-n3c(=O)c4cc5c(=O)n(*)c(=O)c5cc4c3=O)cc2-c2ccccc2)c2ccccc12,463.81
*CC(=O)NNC(=O)COc1ccc(C(=O)Nc2ccc(Oc3ccc(NC(=O)CCCN4C(=O)c5ccc(C(=O)Nc6ccc(Oc7ccc8c(c7)C(=O)N(*)C8=O)cc6)cc5C4=O)cc3)cc2)cc1,206.4
*c1ccc2c(c1)C(=O)N(c1ccc(C(=O)Nc3ccc(OCCCCCCOc4ccc(NC(=O)c5cccc(N6C(=O)c7ccc(C(*)(C(F)(F)F)C(F)(F)F)cc7C6=O)c5)cc4)cc3)cc1)C2=O,182.28
*C(=P)Nc1ccc(NC(=O)c2ccc3c(c2)C(=O)N(c2ccc(Oc4ccc(N5C(=O)c6ccc(*)cc6C5=O)cc4)cc2)C3=O)c(-c2ccccc2)oc2ccc(C#Cc3ccccc3)ccc1-2,273.88
*c1ccc(C(=O)OCCCCCCOc2ccc(OC(=O)c3ccc(-n4c(=O)c5cc6c(=O)n(*)c(=O)c6cc5c4=O)cc3)c(C(C)(C)C)c2)cc1Cc1ccccc1,121.85
*c1ccc(NC(=O)CCCCC(=O)Nc2ccccc2Oc2ccc(NC(=O)CCN3C(=O)c4ccc(C(=O)c5ccc6c(c5)C(=O)N(*)C6=O)cc4C3=O)cc2)cc1Sc1ccc(OC)cc1,211.37
*c1ccc(Oc2ccc(S(=O)(=O)c3ccc(Oc4ccc(N5C(=O)c6ccc(-c7ccc8c(c7)C(=O)N(*)C8=O)cc6C5=O)cc4C(F)(F)F)c(C(C)C)n3)cc2C(F)(F)F)c(C(F)(F)F)c1,224.33
*C(=O)c1ccc2c(c1)C(=O)N(c1ccc(-n3c(=O)c4cc5c(=O)n(*)c(=O)c5cc4c3=O)c(C)c1)C2=O,311.2
*c1ccc(NC(=O)c2ccc(NC(=O)CCCCC(=O)Nc3ccc(Oc4ccc(NC(=O)CN5C(=O)c6ccc(Oc7ccc8c(c7)C(=O)N(*)C8=O)cc6C5=O)cc4)cc3)cc2)cc1,218.51
*C(=O)c1ccc2c(c1)C(=O)N(c1ccc(-n3c(=O)c4cc5c(=O)n(*)c(=O)c5cc4c3=O)cc1)C2=O,337.635
*c1ccc2c(c1)C(=O)N(c1ccc(C(=O)Nc3ccc(Sc4ccc(NC(=O)c5ccc(N6C(=O)c7ccc(C(*)(C(F)(F)F)C(F)(F)F)cc7C6=O)c(C(C)C)c5)cc4)cc3)cc1)C2=O,247.84
*c1ccc(OC(=O)CCCCCCCCCCCCCCC(=O)Oc2ccc(N3C(=O)c4ccc(-c5cc6ccccc6cc5Oc5ccc6c(c5)C(=O)N(*)C6=O)cc4C3=O)cc2)cc1,136.31
*c1cc(OCCCCCCCCCCCCCCCCCC)c(C(=O)Nc2ccc(-n3c(=O)c4cc5c(=O)n(*)c(=O)c5c(F)c4c3=O)cc2C(=O)[O][Na])cc1S(=O)(=O)c1ccc(O)cc1,168.26
*c1ccc2c(c1)C(=O)N(c1ccc(C(C)(C)C3=CC=C(C(=O)N(c4ccccc4)c4ccccc4F)C(Cc4ccc(N5C(=O)c6ccc(*)cc6C5=O)c(C)c4)=CC(C)=C3)cc1)C2=O,284.3
*C(=O)Nc1cc(NC(=O)c2ccc3c(c2)C(=O)N(c2ccc(-c4ccc(N5C(=O)c6ccc(*)cc6C5=O)cc4)cc2)C3=O)cc(-c2cc(OCCCCC)c(OCCO)cc2OC)c1,251.17
*CCCCC(=O)Nc1ccccc1C(=O)Oc1ccc(Oc2ccc(-n3c(=O)c4cc5c(=O)n(*)c(=O)c5cc4c3=O)c(OC(=O)c3ccccc3)c2)cc1,173.96
*c1ccc2c(c1)C(=O)N(c1ccc(C(=O)Nc3ccc(S(=O)(=O)c4ccc(NC(=O)c5cccc(N6C(=O)c7ccc(C(*)(C(F)(F)F)C(F)(F)F)cc7C6=O)c5)cc4)cc3)cc1)C2=O,265.26
*c1ccc2c(c1)C(=O)N(c1ccc(-n3c(=O)c4cc5c(=O)n(*)c(=O)c5cc4c3=O)c(Br)c1)C2=O,425.62
*C(=O)c1ccc2c(c1)C(=O)N(c1ccc(C(=O)Nc3ccc(Cc4ccc(NC(=O)c5cccc(N6C(=O)c7ccc(C(*)(C(F)(F)F)C(F)(F)F)cc7C6=O)c5)cc4)cc3)cc1)C2=O,250.22
*c1ccc2c(c1)C(=O)N(c1ccc(C(=O)Nc3ccc(S(=O)(=O)c4ccc(Oc5ccc(N6C(=O)c7ccc(C(*)(C(F)(F)F)C(F)(F)F)cc7C6=O)cc5)cc4)c(C)c3)cc1C)C2=O,270.41
*c1ccc2c(c1)C(=O)N(c1cc(C(F)(F)F)c(C(c3ccccc3)c3ccc(C(=O)Nc4ccc(N5C(=O)c6ccc(C(*)(C(F)(F)F)C(F)(F)F)cc6C5=O)cc4)cc3)cc1C)C2=O,285.81
*CCCCCC(=O)Nc1ccc(Oc2ccc(-c3ccc(Oc4ccc(NC(=O)CCCN5C(=O)c6ccc(C(=O)c7ccc8c(c7)C(=O)N(*)C8=O)cc6C5=O)cc4)cc3)cc2)cc1,197.68
*c1ccc2c(c1)C(=O)N(c1ccc(-n3c(=O)c4cc5c(=O)n(*)c(=O)c5cc4c3=O)cc1F)C2=O,445.22
*c1ccc2c(c1)C(=O)N(c1ccc(Oc3cccc(OC(=O)c4ccc(OC(=O)c5ccc(N6C(=O)c7ccc(C(*)(C(F)(F)F)C(F)(F)F)cc7C6=O)cc5)cc4)c3)c(O)c1)C2=O,219.32
*c1ccc2c(c1)C(=O)N(c1cccc(-n3c(=O)c4cc5c(=O)n(*)c(=O)c5cc4c3=O)c1)C2=O,368.54
*C(=O)c1ccc2c(c1)C(=O)N(c1ccc(S(=O)(=O)c3ccc(-c4ccc(S(=O)(=O)c5ccc(N6C(=O)c7ccc(C(*)(C(F)(F)F)C(F)(F)F)cc7C6=O)cc5)cc4)cc3)cc1)C2=O,258.11
*C(=O)c1ccc2c(c1)C(=O)N(c1ccc(Cc3ccc(Sc4ccc(NC(=O)Nc5ccc(N6C(=O)c7ccc(C(*)(C(F)(F)F)C(F)(F)F)cc7C6=O)cc5)cc4)cc3)cc1)C2=O,246.6
*c1ccc(-c2cc(CCCCCCCCCCCC)c(-n3c(=O)c4cc5c(=O)n(*)c(=O)c5cc4c3=O)c(-c3ccccc3)c2-c2ccccc2)c(Br)c1,163.35
*c1ccc2c(c1)C(=O)N(c1ccc(C(=O)Nc3ccc(Cc4ccc(NC(=O)c5ccc(N6C(=O)c7ccc(C(*)(C(F)(F)F)C(F)(F)F)cc7C6=O)cc5)cc4)cc3)cc1)C2=O,255.95
*c1ccc2c(c1)C(=O)N(c1ccc(Oc3ccc(C(C)(C)c4ccc(C(C)(C)c5ccc(N6C(=O)c7ccc(C(*)(C(F)(F)F)C(F)(F)F)cc7C6=O)cc5)cc4)cc3)cc1)C2=O,212.32
*c1ccc2c(c1)C(=O)N(c1cccc(C(=O)Nc3ccc(Oc4ccc(NC(=O)c5ccc(N6C(=O)c7ccc(C(*)(C(F)(F)F)C(F)(F)F)cc7C6=O)cc5)cc4)cc3)c1)C2=O,301.22
*c1ccc2c(c1)C(=O)N(c1ccc(S(=O)(=O)c3ccc(-c4ccc(NC(=O)c5ccc(N6C(=O)c7ccc(C(*)(CC(F)(F)F)C(F)(F)F)cc7C6=O)cc5)cc4)cc3)cc1)C2=O,270.58
*c1ccc2c(c1)C(=O)N(c1cccc(C(=O)Nc3ccc(Oc4cccc(NC(=O)c5cccc(N6C(=O)c7ccc(C(*)(C(F)(F)F)C(F)(F)F)cc7C6=O)c5)c4)cc3)c1)C2=O,262.92
*c1ccc(Oc2ccc(Sc3ccc(Oc4ccc(N5C(=O)c6ccc(-c7ccc8c(c7)C(=O)N(*)C8=O)cc6C5=O)cc4C(F)(F)F)cc3C)cc2C(F)(F)F)c(C(F)(F)F)c1,223.31
*c1ccc2c(c1)C(=O)N(c1ccc(-c3ccc(Oc4ccc(NC(=O)c5ccc(N6C(=O)c7ccc(C(*)(C(F)(F)F)C(F)(F)F)cc7C6=O)cc5)c(C)c4)cc3C)cc1C)C2=O,293.83
*c1ccc2c(c1)C(=O)N(c1ccc(Oc3ccc(S(=O)(=O)c4ccc(NC(=O)c5ccc(N6C(=O)c7ccc(C(*)(C(F)(F)F)C(F)(F)F)cc7C6=O)cc5)cc4)cc3)cc1)C2=O,272.55
*c1ccc2c(c1)C(=O)N(c1ccc(C(=O)Nc3ccc(Oc4ccc(NC(=O)c5cccc(N6C(=O)c7ccc(C(*)(C(F)(F)F)C(F)(F)F)cc7C6=O)c5)cc4)cc3)cc1)C2=O,265.22
*c1ccc2c(c1)C(=O)N(c1cccc(S(=O)(=O)c3ccc(Oc4ccc(S(=O)(=O)c5ccc(N6C(=O)c7ccc(C(*)(C(F)(F)F)C(F)(F)F)cc7C6=O)cc5)cc4)cc3)c1)C2=O,226.67
*c1ccc2c(c1)C(=O)N(c1cccc(C(=O)Nc3ccc(S(=O)(=O)c4ccc(Oc5ccc(N6C(=O)c7ccc(C(*)(C(F)(F)F)C(F)(F)F)cc7C6=O)cc5)cc4)cc3)c1)C2=O,254.82
*c1ccc(Oc2ccc(N3C(=O)c4ccc(S(=O)(=O)c5ccc6c(c5)C(=O)N(*)C6=O)cc4C3=O)cc2OCCCCCCOc2ccc(/N=N/c3ccc(S(=O)(=O)c4ccc([N+](=O)[O-])cc4)cc3)cc2)cc1,124.84
*c1ccc(Oc2ccccc2)cc1C(=O)Oc1ccc(-c2ccc([N+](=O)[O-])cc2)c(OCCn2c(=O)c3cc4c(=O)n(*)c(=O)c4cc3c2=O)c1C,162.65
*c1ccc2c(c1)C(=O)N(c1ccc(Cc3ccc(C(=O)c4ccc(C(=O)Nc5ccc(N6C(=O)c7ccc(C(*)(C(F)(F)F)C(F)(F)F)cc7C6=O)cc5)cc4)cc3)cc1)C2=O,257.96
*c1ccc2c(c1)C(=O)N(c1ccc(Oc3ccc(-c4ccc(Oc5ccc(N6C(=O)c7ccc(C(*)(C(F)(F)F)C(F)(F)F)cc7C6=O)cc5)cc4)cc3C(F)(F)F)cc1)C2=O,239.73
*c1ccc(Oc2ccc(S(=O)(=O)c3ccc(Oc4ccc(N5C(=O)c6ccc(Oc7ccc8c(c7)C(=O)N(*)C8=O)cc6C5=O)cc4)c(C(F)(F)F)c3)cc2C(F)(F)F)c(Br)c1,237.94
*C(=O)c1ccc2c(c1)C(=O)N(c1ccc(C(=O)Nc3ccc(C(c4ccc(Oc5ccc(N6C(=O)c7ccc(*)cc7C6=O)cc5)cc4)(C(F)(F)F)C(F)(F)F)cc3)cc1)C2=O,258.84
*c1ccc2c(c1)C(=O)N(c1ccc(C(c3ccc(N4C(=O)c5ccc(C(*)(C(F)(F)F)C(F)(F)F)cc5C4=O)cc3)c3ccccc3/C=C/c3ccc([N+](=O)[O-])cc3)cc1)C2=O,270.1
*c1ccc2c(c1)C(=O)N(c1ccc(Oc3ccc(-c4ccc(Oc5ccc(N6C(=O)c7ccc(C(*)(C(F)(F)F)C(F)(F)F)cc7C6=O)cc5)cc4)cc3C(=O)O)cc1C)C2=O,259.98
*NNC(=O)c1ccc2c(c1)C(=O)N(c1cccc(C(c3ccccc3)(c3ccccc3)c3ccc(N4C(=O)c5ccc(S(=O)(F)(Cl)C(F)(F)C(*)(F)F)cc5C4=O)cc3)c1)C2=O,274.46
*c1ccc2c(c1)C(=O)N(c1ccc(Oc3ccc(Oc4ccc(NC(=O)c5ccc(N6C(=O)c7ccc(C(*)(C(F)(F)F)C(F)(F)Cl)cc7C6=O)cc5)cc4)cc3)cc1)C2=O,292.37
*c1ccc2c(c1)C(=O)N(c1ccc(Oc3cccc(Oc4ccc(NC(=O)c5cccc(N6C(=O)c7ccc(C(*)(C(F)(F)F)C(F)(F)F)cc7C6=O)c5)cc4)c3)cc1)C2=O,258.91
*c1ccc2c(c1)C(=O)N(c1ccc(Oc3ccc(Oc4ccc(NC(=O)c5ccc(N6C(=O)c7ccc(C(*)(C(F)(F)F)C(F)(F)F)cc7C6=O)cc5)cc4)cc3)cc1)C2=O,295.81
*c1ccc2c(c1)C(=O)N(c1ccc(Oc3ccc(S(=O)(=O)c4ccc(Nc5ccc(N6C(=O)c7ccc(C(*)(C(F)(F)F)C(F)(F)F)cc7C6=O)cc5)cc4)cc3)cc1)C2=O,269.82
*C(=O)Nc1ccc(NC(=O)/C=C/C(=O)Nc2ccc(NC(=O)c3ccc4c(c3)C(=O)N(c3ccc(-c5ccc(N6C(=O)c7ccc(*)cc7C6=O)cc5)cc3)C4=O)cc2)cc1,247.51
*c1c(C)cc(C(C)(C)c2cc(C)c(N3C(=O)c4ccc(Oc5ccc(C(C)(C)c6ccc(Oc7ccc8c(c7)C(=O)N(*)C8=O)c(C)c6)cc5C)cc4C3=O)c(C)c2)cc1C,274.4
*C(=O)c1ccc(-c2ccc(C(=O)c3ccc4c(c3)C(=O)N(c3ccc(Oc5ccc(N6C(=O)c7ccc(C(*)(C(F)(F)F)C(F)(F)F)cc7C6=O)cc5)cc3)C4=O)cc2)cc1,243.4
*c1ccc2c(c1)C(=O)N(c1ccc(Nc3ccc(NC(=O)C(F)(F)C(F)(F)C(F)(F)c4ccc(Oc5ccc(N6C(=O)c7ccc(*)cc7C6=O)cc5)cc4)cc3)cc1)C2=O,233.6
*c1ccc2c(c1)C(=O)N(c1cccc(P(=O)(c3ccccc3)P(=O)(c3ccccc3)c3cccc(N4C(=O)c5ccc(C(*)(C(F)(F)F)C(F)(F)F)cc5C4=O)c3)c1C)C2=O,264.42
*Oc1ccc(C(C)(C)c2ccc(OC(=O)c3ccc4c(c3)C(=O)N(c3ccc(Oc5ccc(N6C(=O)c7ccc(*)cc7C6=O)cc5C)c(C)c3)C4=O)c(Br)c2)cc1C(C)=O,222.52
*CCCCCCOc1ccc(C(=O)c2ccc(N3C(=O)c4ccc(Oc5ccc(C(C)(C)c6ccc(Oc7ccc8c(c7)C(=O)N(*)C8=O)cc6)cc5)cc4C3=O)cc2)cc1,170.02
*c1ccc(OC(=O)c2ccc(NC(=O)CCCCCC(=O)Nc3ccccc3-c3ccccc3N3C(=O)c4ccc(-c5ccc6c(c5)C(=O)N(*)C6=O)cc4C3=O)cc2)cc1,207.09
*c1ccc(Oc2ccc(S(=O)(=O)c3ccc(Oc4ccc(N5C(=O)c6ccc(Oc7ccc8c(c7)C(=O)N(*)C8=O)cc6C5=O)cc4C(F)(F)F)cc3)cc2)c(C(F)(F)F)c1,221.64
*C(=O)Nc1ccc(OCCCCCOc2ccc(NC(=O)c3ccc4c(c3)C(=O)N(c3ccc(Oc5ccc(N6C(=O)c7ccc(*)cc7C6=O)cc5)cc3)C4=O)cc2)cc1,184.0
*c1ccc2c(c1)C(=O)N(c1cccc(C(=O)Nc3ccc(Oc4ccc(Oc5cccc(N6C(=O)c7ccc(C(*)(C(F)(F)F)C(F)(F)F)cc7C6=O)c5)cc4)cc3)c1)C2=O,272.22
*c1ccc(Oc2ccc(N3C(=O)c4ccc(Oc5ccc(C6(c7ccc(Oc8ccc9c(c8)C(=O)N(*)C9=O)cc7)CCC(C(C)(C)C)CC6)cc5)cc4C3=O)cc2)cc1,241.35
*C(=O)Oc1ccc(OC(=O)c2ccc3c(c2)C(=O)N(c2ccc(S(=O)(=O)c4ccc(NS(=O)(=O)c5ccc(N6C(=O)c7ccc(*)cc7C6=O)cc5)cc4)cc2)C3=O)cc1,224.49
*c1ccc(Oc2ccc(-c3ccc4c(c3)C(=O)N(c3ccc(S(=O)(=O)c5ccc(N6C(=O)c7ccc(C(*)(C(F)(F)F)C(F)(F)F)cc7C6=O)cc5)cc3)C4=O)cc2)cc1,269.01
*c1ccc(Oc2ccc(S(=O)(=O)c3ccc(Oc4ccc(N5C(=O)c6ccc(-c7ccc8c(c7)C(=O)N(*)C8=O)cc6C5=O)cc4C(F)(F)F)cc3)c(C(F)(F)F)c2)cc1,231.1
*CCN1C(=O)c2ccc(C(c3ccc4ccc(C(C)(C)c5ccc(N6C(=O)c7ccc(*)cc7C6=O)cc5)ccc5c(=O)n5c(=O)c4c3)(C(F)(F)F)C(F)(F)F)cc2C1=O,229.43
*C(=O)Nc1ccc(Oc2ccc(NC(=O)c3ccc4c(c3)C(=O)N(c3ccc(N5C(=O)c6ccc(*)cc6C5=O)cc3)C4=O)c(OC)c2)cc1-c1ccc(C(F)(F)F)cc1,286.36
*c1ccc(Oc2ccc(S(=O)(=O)c3ccc(Oc4ccc(N5C(=O)c6ccc(-c7ccc8c(c7)C(=O)N(*)C8=O)cc6C5=O)cc4)cc3)cc2C(F)(F)F)c(C(F)(F)F)c1,226.36
*C(=O)c1ccc2c(c1)C(=O)N(c1ccc(-c3ccc(C(=O)c4ccc(Oc5ccc(N6C(=O)c7ccc(*)cc7C6=O)cc5C(F)(F)F)cc4)cc3)c(C(F)(F)F)c1)C2=O,224.21
*c1ccc(Oc2ccc(S(=O)(=O)c3ccc(Oc4ccc(N5C(=O)c6ccc(-c7ccc8c(c7)C(=O)N(*)C8=O)cc6C5=O)cc4)cc3C(F)(F)F)c(C(F)(F)F)c2)cc1,250.91
*c1ccc2c(c1)C(=O)N(c1ccc(Oc3ccc(C(=O)c4ccc(Cc5ccc(N6C(=O)c7ccc(C(*)(C(F)(F)F)C(F)(F)F)cc7C6=O)cc5)cc4)cc3)cc1)C2=O,242.72
*c1ccc(Cc2ccc(N3C(=O)c4ccc(Oc5ccc(C6(c7ccc(Oc8ccc9c(c8)C(=O)N(*)C9=O)cc7)CCC(C(C)(C)C)CC6)cc5)cc4C3=O)cc2)cc1,243.12
*C(=O)Nc1ccc(Sc2ccc(NC(=O)c3ccc4c(c3)C(=O)N(c3ccc(C(C)(C)c5cc(C)c(N6C(=O)c7ccc(*)cc7C6=O)cc5C)c(C)c3)C4=O)cc2)cc1,265.35
*c1ccc2c(c1)C(=O)N(c1ccc(Oc3ccccc3C(=O)c3ccc(Oc4ccc(N5C(=O)c6ccc(C(*)(C(F)(F)F)C(F)(F)F)cc6C5=O)cc4)cc3)cc1)C2=O,246.18
*c1ccc(NC(=O)c2ccc(C(=O)Oc3ccc(C(C)(C)C)cc3)c(NC(=O)c3ccc(N4C(=O)c5ccc(-c6ccc7c(c6)C(=O)N(*)C7=O)cc5C4=O)cc3)c2)cc1,279.92
*c1ccc(Oc2ccc(C(C)(C)c3ccc(Oc4ccc(N5C(=O)c6ccc(-c7ccc8c(c7)C(=O)N(*)C8=O)cc6C5=O)cc4C(F)(F)F)cc3)cc2)c(C(F)(F)F)c1,197.58
*C(=O)OCCOC(=O)c1ccc2c(c1)C(=O)N(c1ccc(Oc3ccc(S(=O)(=O)c4ccc(Oc5ccc(N6C(=O)c7ccc(*)cc7C6=O)cc5)cc4)cc3)cc1)C2=O,176.51
*c1ccc(OCCOc2ccc(N3C(=O)c4ccc(Oc5cc6ccccc6cc5Oc5ccc6c(c5)C(=O)N(*)C6=O)cc4C3=O)cc2C(F)(F)F)c(C(C)(C)C)c1,186.0
*c1ccc2c(c1)C(=O)N(c1ccc(Oc3ccc(Sc4ccc(Oc5ccc(N6C(=O)c7ccc(C(*)(C(F)(F)F)C(F)(F)F)cc7C6=O)cc5)cc4)cc3)cc1)C2=O,239.79
*C(=O)Nc1ccc(Cl)cc1-c1ccc(NC(=O)c2ccc3c(c2)C(=O)N(c2ccc(Oc4ccc(N5C(=O)c6ccc(*)cc6C5=O)cc4)cc2)C3=O)c(C(C)(C)C)c1,271.31
*C(=O)c1ccc(Cc2ccc(C(=O)c3ccc4c(c3)C(=O)N(c3ccc(S(=O)(=O)c5ccc(N6C(=O)c7ccc(*)cc7C6=O)cc5)c(C)c3)C4=O)cc2C)c(C)c1N,270.19
*C(=O)Nc1ccc(Oc2ccccc2)c(NC(=O)c2ccc3c(c2)C(=O)N(c2ccc(Oc4ccc(N5C(=O)c6ccc(*)cc6C5=O)cc4)cc2)C3=O)c1C#CC#N,263.96
*C(=O)Oc1ccc(C(C)(C)c2ccc(OC(=O)c3ccc4c(c3)C(=O)N(c3ccc(Oc5ccc(N6C(=O)c7ccc(*)cc7C6=O)cc5C)c(C)c3)C4=O)cc2)cc1,203.17
*C(=O)Nc1ccc(Oc2ccc(NC(=O)c3ccc4c(c3)C(=O)N(c3ccc(S(=O)(=O)c5ccc(N6C(=O)c7ccc(*)cc7C6=O)c(C)c5)cc3C)C4=O)cc2)cc1,293.34
*c1ccc2c(c1)C(=O)N(c1ccc(-c3ccc(-c4ccc(NC(=O)c5ccc(N6C(=O)c7ccc(C(*)(C(F)(F)F)C(F)(F)F)cc7C6=O)cc5)cc4)cc3)cc1)C2=O,286.29
*c1ccc2c(c1)C(=O)N(c1cccc(Oc3cccc(P(=O)(c4ccccc4)c4cccc(N5C(=O)c6ccc(C(*)(C(F)(F)F)C(F)(F)F)cc6C5=O)c4)c3)c1)C2=O,254.34
*C1=CC=C([Si](c2ccccc2)c2ccc(Oc3ccc(N4C(=O)c5ccc(C6=CC=C6C6=CC(=O)N(*)C6=O)cc5C4=O)cc3)cc2)c2ccccc2-c2ccccc21,277.15
*C(=O)OC(=O)c1ccccc1C(=O)Oc1ccc2c(c1)C(=O)N(c1cccc(Oc3ccc(C(C)(C)c4ccc(N5C(=O)c6ccc(*)cc6C5=O)cc4)cc3)c1)C2=O,208.67
*C(=O)Nc1ccc(-c2ccc(NC(=O)c3ccc4c(c3)C(=O)N(c3ccc(S(=O)(=O)c5ccc(N6C(=O)c7ccc(*)cc7C6=O)cc5C)c(C)c3)C4=O)cc2C)cc1,251.19
*c1cc(/N=N/c2ccc(/C=N/c3ccc(OC)cc3)cc2)cc(-c2ccc(N3C(=O)c4ccc(-c5ccc6c(c5)C(=O)N(*)C6=O)cc4C3=O)c(C)c2)c1CCCCC,249.2
*C(=O)Nc1ccc(NC(=O)c2ccc(N(CC)C(=O)c3ccc4c(c3)C(=O)N(c3ccc(Oc5ccc(N6C(=O)c7ccc(*)cc7C6=O)cc5)cc3)C4=O)cc2)cc1,220.89
*C(=O)Nc1ccc(S(=O)(=O)c2ccc(NC(=O)c3ccc4c(c3)C(=O)N(c3ccc(S(=O)(=O)c5cccc(N6C(=O)c7ccc(*)cc7C6=O)c5)cc3)C4=O)cc2)cc1,249.2
*C(=O)Oc1ccc(C(C)(C)c2ccc(OC(=O)c3ccc4c(c3)C(=O)N(c3ccc(S(=O)(=O)c5ccc(N6C(=O)c7ccc(*)cc7C6=O)cc5)cc3)C4=O)cc2)cc1,201.13
*c1ccc(Oc2ccc(Oc3ccc4c(c3)C(=O)N(c3ccc(Oc5ccc(N6C(=O)c7ccc(C(*)(C(F)(F)F)C(F)(F)F)cc7C6=O)cc5)cc3)C4=O)cc2)cc1,266.86
*C(=O)Nc1cc(NC(=O)c2ccc3c(c2)C(=O)N(c2ccc(S(=O)(=O)c4ccc(N5C(=O)c6ccc(*)cc6C5=O)cc4)cc2)C3=O)cc(S(=O)(=O)c2ccccc2)c1,274.87
*Oc1ccc(/C(C)=N/c2cc(Nc3ccc(/N=N/c4ccc(C(C)(C)C)cc4)c(C)c3)cc(N3C(=O)c4ccc(-c5cccc6c5C(=O)N(*)C6=O)cc4C3=O)c2)cc1,279.55
*c1ccc2c(c1)C(=O)N(c1cccc(Cc3cccc(P(=O)(c4ccccc4)c4cccc(N5C(=O)c6ccc(C(*)(C(F)(F)F)C(F)(F)F)cc6C5=O)c4)c3)c1)C2=O,238.31
*C(=O)Nc1ccc(Cc2ccc(NC(=O)c3ccc4c(c3)C(=O)N(c3ccc(NC(=O)Nc5ccc(N6C(=O)c7ccc(*)cc7C6=O)cc5)c(Cl)c3)C4=O)cc2)cc1,239.63
*c1ccc2c(c1)C(=O)N(c1ccc(OCc3ccccc3-c3ccccc3Oc3ccc(N4C(=O)c5ccc(C(*)(C(F)(F)F)C(F)(F)F)cc5C4=O)cc3)cc1)C2=O,198.3
*c1ccc2c(c1)C(=O)N(c1ccc(Oc3ccc(Oc4ccc(Oc5ccc(N6C(=O)c7ccc(C(*)(C(F)(F)F)C(F)(F)F)cc7C6=O)cc5)cc4)cc3)cc1)C2=O,251.42
*C(=O)Nc1ccc(NC(=O)c2ccc3c(c2)C(=O)N(c2ccc(Oc4ccc(N5C(=O)c6ccc(*)cc6C5=O)cc4)c(Cl)c2)C3=O)c(-c2ccc(C(F)(F)F)cc2)c1,270.49
*C(=O)Oc1ccc(C(CC)(CC)c2ccc(OC(=O)c3ccc4c(c3)C(=O)N(c3ccc(Oc5ccc(N6C(=O)c7ccc(*)cc7C6=O)cc5)cc3)C4=O)cc2)cc1,185.88
*c1ccc(Cc2ccc(N3C(=O)c4ccc(Oc5ccc(C(c6ccc(Oc7ccc8c(c7)C(=O)N(*)C8=O)cc6)(C(F)(F)F)C(F)(F)F)cc5)cc4C3=O)cc2)cc1,267.86
*c1cc(C)c(Cc2ccc(N3C(=O)c4ccc(Oc5c(C)cc(Cc6cc(C)c(Oc7ccc8c(c7)C(=O)N(*)C8=O)c(C)c6)cc5C)cc4C3=O)c(C)c2)cc1C,282.35
*C(=O)Nc1ccc(Oc2ccc(NC(=O)c3ccc4c(c3)C(=O)N(c3ccc(OC(=O)Nc5ccc(N6C(=O)c7ccc(*)cc7C6=O)cc5)cc3)C4=O)cc2)cc1,229.12
*C(=O)c1ccc2c(c1)C(=O)N(c1cccc(C(=O)Nc3ccc(S(=O)(=O)c4ccc(NC(=O)c5cccc(N6C(=O)c7ccc(*)cc7C6=O)c5)cc4)cc3)c1)C2=O,254.48
*C(=O)Oc1ccc(C(C)(CC)c2ccc(OC(=O)c3ccc4c(c3)C(=O)N(c3ccc(Cc5ccc(N6C(=O)c7ccc(*)cc7C6=O)cc5)cc3)C4=O)cc2)cc1,195.99
*c1ccc(S(=O)(=O)c2ccc(S(=O)(=O)c3ccc(NC(=O)c4ccc(N5C(=O)c6ccc(C(=O)c7ccc8c(c7)C(=O)N(*)C8=O)cc6C5=O)cc4)cc3)cc2)cc1,253.81
*C(=O)Nc1ccc(NC(=O)c2ccc(NC(=O)c3ccc4c(c3)C(=O)N(c3ccc(-c5ccc(N6C(=O)c7ccc(*)cc7C6=O)cc5C)c(C)c3)C4=O)cc2)cc1,275.03
*c1ccc(Oc2ccc(C(c3ccc(Oc4ccc(N5C(=O)c6ccc(-c7cccc8c7C(=O)N(*)C8=O)cc6C5=O)cc4)cc3)(C(F)(F)F)C(F)(F)F)cc2)cc1,265.7
*c1ccc(Oc2ccc(Sc3ccc(Oc4ccc(N5C(=O)c6ccc(-c7ccc8c(c7)C(=O)N(*)C8=O)cc6C5=O)cc4)cc3C(F)(F)F)cc2)c(C(F)(F)F)c1,235.16
*C(=O)c1ccc(Oc2cccc(C(O)(F)F)c2)c(OC(=O)c2ccc3c(c2)C(=O)N(c2ccc(Oc4ccc(N5C(=O)c6ccc(*)cc6C5=O)cc4)cc2)C3=O)c1,213.65
*C(=O)Nn1cc(C)c(NC(=O)c2ccc3c(c2)C(=O)N(c2ccc(Oc4ccc(N5C(=O)c6ccc(*)cc6C5=O)cc4)cc2)C3=O)c1-c1ccc(S(=O)(=O)O)cc1,275.72
*c1ccc(Sc2ccc(Sc3ccc(Sc4ccc(N5C(=O)c6ccc(-c7ccc8c(c7)C(=O)N(*)C8=O)cc6C5=O)cc4C(F)(F)F)cc3)c(C(F)(F)F)c2)cc1,245.75
*c1ccc(Oc2ccc(-c3ccc(Oc4ccc(N5C(=O)c6ccc(Oc7ccc8c(c7)C(=O)N(*)C8=O)cc6C5=O)cc4C(F)(F)F)cc3)cc2)c(C(F)(F)F)c1,226.12
*C(=O)Nc1ccc(Oc2ccc(NC(=O)c3ccc4c(c3)C(=O)N(c3ccc(Oc5ccc(N6C(=O)c7ccc(*)cc7C6=O)cc5C)c(C)c3)C4=O)cc2C)cc1,283.37
*c1ccc(S(=O)(=O)c2ccc(N3C(=O)c4ccc(Oc5ccc6c(c5)C(=O)N(*)C6=O)cc4C3=O)cc2-c2ccc(B(OC)C(=O)Oc3ccc(F)cc3)cc2)cc1,237.46
*c1ccc2c(c1)C(=O)N(c1ccccc1N(c1ccccc1)c1cccc(Nc3ccc(N4C(=O)c5ccc(C(*)(C(F)(F)F)C(F)(F)F)cc5C4=O)cc3)c1)C2=O,287.03
*C(=O)Nc1ccc(Oc2cccc(NC(=O)c3ccc4c(c3)C(=O)N(c3ccc(Oc5ccc(N6C(=O)c7ccc(*)cc7C6=O)cc5C)c(C)c3)C4=O)c2)cc1C,278.14
*C(=O)Nc1ccc(-c2ccc(NC(=O)c3ccc4c(c3)C(=O)N(c3ccc(Oc5ccc(N6C(=O)c7ccc(*)cc7C6=O)cc5C(F)(F)F)cc3)C4=O)cc2)cc1,252.04
*C(=O)Oc1ccc(C(C)(CC)c2ccc(OC(=O)c3ccc4c(c3)C(=O)N(c3ccc(Oc5ccc(N6C(=O)c7ccc(*)cc7C6=O)cc5)cc3)C4=O)cc2)cc1,192.51
*c1ccc2c(c1)C(=O)N(c1ccc(Sc3ccc(-c4ccc(Oc5ccc(N6C(=O)c7ccc(C(*)(C(F)(F)F)C(F)(F)F)cc7C6=O)cc5)cc4)cc3)cc1)C2=O,253.54
*C(=O)Nc1ccc(S(=O)(=O)c2ccc(NC(=O)c3ccc4c(c3)C(=O)N(c3ccc(Oc5ccc(N6C(=O)c7ccc(*)cc7C6=O)cc5C)cc3)C4=O)cc2)cc1,253.72
*c1ccc2c(c1)C(=O)N(c1ccc(-c3ccc(-c4ccc(Oc5ccc(N6C(=O)c7ccc(C(*)(C(F)(F)F)C(F)(F)F)cc7C6=O)cc5)cc4)cc3Cl)cc1)C2=O,269.27
*c1ccc(/C=C(\C#N)C(=O)Nc2ccc(NC(=O)c3ccc4c(c3)C(=O)N(c3ccc(-c5ccc(N6C(=O)c7ccc(*)cc7C6=O)cc5)cc3)C4=O)cc2)nc1,278.29
*c1ccc2c(n1)C(=O)N(c1ccc(C3(c4ccc(N5C(=O)c6ccc(C(*)(C(F)(F)F)C(F)(F)F)cc6C5=O)cc4)c4ccccc4-c4ccccc43)cc1)C2=O,325.53
*c1ccc(Cc2ccc(N3C(=O)c4ccc(Oc5c(C)cc(C(C)(C)c6cc(C)c(Oc7ccc8c(c7)C(=O)N(*)C8=O)c(C)c6)cc5C)cc4C3=O)cc2)cc1,254.84
*C(=O)Nc1ccc(S(=O)(=O)c2ccc(NC(=O)c3ccc4c(c3)C(=O)N(c3ccc(Cc5ccc(N6C(=O)c7ccc(*)cc7C6=O)cc5)cc3)C4=O)cc2)cc1,249.55
*C(=O)Nc1cccc(S(=O)(=O)c2cccc(NC(=O)c3ccc4c(c3)C(=O)N(c3ccc(Oc5cccc(N6C(=O)c7ccc(*)cc7C6=O)c5)cc3)C4=O)c2)c1,221.71
*C(=O)Nc1cccc(S(=O)(=O)c2ccc(NC(=O)c3ccc4c(c3)C(=O)N(c3ccc(Oc5ccc(N6C(=O)c7ccc(*)cc7C6=O)cc5)cc3)C4=O)cc2)c1,221.79
*C(=O)c1ccc2c(c1)C(=O)N(c1ccc(-c3ccc(Oc4ccc(NC(=O)c5cccc(N6C(=O)c7ccc(*)cc7C6=O)c5)cc4C(F)(F)F)cc3)cc1)C2=O,259.41
*C(=O)c1ccc2c(c1)C(=O)N(c1ccc(-c3ccc4c(Br)cc(-c5ccc(N6C(=O)c7ccc(*)cc7C6=O)cc5C)ccc5n(c(=O)c4c3)C(C)=C5)cc1)C2=O,329.36
*C(=O)Nc1ccc(C(C)(C)c2ccc(NC(=O)c3ccc4c(c3)C(=O)N(c3ccc(Oc5ccc(N6C(=O)c7ccc(*)cc7C6=O)cc5)cc3)C4=O)cc2)cc1,264.91
*C(=O)c1cccc(C(=O)Oc2cccc(OC(=O)c3ccc4c(c3)C(=O)N(c3ccc(Oc5ccc(N6C(=O)c7ccc(*)cc7C6=O)cc5)c(N)c3)C4=O)c2)c1,221.56
*c1ccc(OCCCCc2ccc(N3C(=O)c4ccc(Oc5ccc(C(C)(C)c6ccc(Oc7ccc8c(c7)C(=O)N(*)C8=O)cc6)cc5)cc4C3=O)cc2)cc1,221.64
*C(=O)Nc1ccc(Oc2ccc(NC(=O)c3ccc4c(c3)C(=O)N(c3ccc(Oc5ccc(N6C(=O)c7ccc(*)cc7C6=O)c(C)c5)cc3C)C4=O)cc2)cc1,289.67
*C(=O)Nc1cccc(S(=O)(=O)c2cccc(NC(=O)c3ccc4c(c3)C(=O)N(c3ccc(Oc5ccc(N6C(=O)c7ccc(*)cc7C6=O)cc5)cc3)C4=O)c2)c1,232.23
*C(=O)Nc1ccc(Oc2ccc(NC(=O)c3ccc4c(c3)C(=O)N(c3cccc(S(=O)(=O)c5ccc(N6C(=O)c7ccc(*)cc7C6=O)cc5)c3)C4=O)cc2)cc1,260.71
*C(=O)Nc1ccc(S(=O)(=O)c2cccc(NC(=O)c3ccc4c(c3)C(=O)N(c3ccc(Oc5ccc(N6C(=O)c7ccc(*)cc7C6=O)cc5)cc3)C4=O)c2)cc1,241.93
*C(=O)Nc1cccc(NC(=O)c2ccc3c(c2)C(=O)N(c2cccc(P(=O)(c4ccccc4)c4cccc(N5C(=O)c6ccc(*)cc6C5=O)c4)c2)C3=O)c1C#N,260.79
*c1ccc(C(C(=O)c2ccccc2C(=O)O)c2ccc(N3C(=O)c4ccc(S(=O)(=O)c5ccc(Oc6ccc7c(c6)C(=O)N(*)C7=O)cc5)cc4C3=O)cc2)cc1,273.83
*C(=O)Nc1ccc(Oc2cccc(NC(=O)c3ccc4c(c3)C(=O)N(c3ccc(Oc5ccc(N6C(=O)c7ccc(*)cc7C6=O)c(C)c5)cc3C)C4=O)c2)cc1,270.17
*C(=O)Nc1ccc(C(=O)Nc2ccc(NC(=O)c3ccc4c(c3)C(=O)N(c3ccc(Oc5ccc(N6C(=O)c7ccc(*)cc7C6=O)cc5)cc3)C4=O)cc2)cc1,264.33
*c1ccc2c(c1)C(=O)N(c1ccc(Sc3ccc(N4C(=O)c5ccc(C(=O)Nc6ccc(Cc7ccc(NC(=O)C(*)C)cc7)cc6)cc5C4=O)cc3)cc1)C2=O,270.46
*C(=O)Nc1ccc(S(=O)(=O)c2ccc(NC(=O)c3ccc4c(c3)C(=O)N(c3ccc(Sc5ccc(N6C(=O)c7ccc(*)cc7C6=O)cc5)cc3)C4=O)cc2)cc1,242.38
*c1ccc(Oc2ccc(N3C(=O)c4ccc(Oc5ccc(C6(c7ccc(Oc8ccc9c(c8)C(=O)N(*)C9=O)cc7)CCCCCC6)cc5)cc4C3=O)cc2)cc1,240.94
*c1ccc2c(c1)C(=O)N(c1ccc(C(c3ccc(N4C(=O)c5ccc(C(*)(C(F)(F)F)C(F)(F)F)cc5C4=O)cc3)c3ccccc3-c3ccccc3)cc1)C2=O,286.39
*CC(=O)Nc1ccc(Oc2ccc(Oc3ccc(NC(=O)c4ccc(N5C(=O)c6ccc(-c7ccc8c(c7)C(=O)N(*)C8=O)cc6C5=O)cc4)cc3)cc2C)cc1,293.5
*C(=O)c1ccc(Oc2ccc(S(=O)(=O)c3ccc4c(c3)C(=O)N(c3ccc(-c5ccc(N6C(=O)c7ccc(*)cc7C6=O)c(OC)c5)cc3OC)C4=O)cc2)cc1,256.87
*C(=O)Nc1ccc(Oc2ccc(NC(=O)c3ccc4c(c3)C(=O)N(c3ccc(NC(=O)c5ccc(N6C(=O)c7ccc(*)cc7C6=O)cc5)cc3)C4=O)cc2)cc1,279.57
*C(=O)Nc1ccc(Oc2cccc(NC(=O)c3ccc4c(c3)C(=O)N(c3ccc(S(=O)(=O)c5ccc(N6C(=O)c7ccc(*)cc7C6=O)cc5)cc3)C4=O)c2)cc1,260.6
*c1c(C)cc(-c2cc(C)c(N3C(=O)c4cccc(Oc5c(C)cc(-c6cc(C)c(Oc7ccc8c(c7)C(=O)N(*)C8=O)c(C)c6)cc5C)c4C3=O)c(C)c2)cc1C,304.05
*c1ccc(Oc2ccc(-c3ccc(Oc4ccc(N5C(=O)c6ccc(-c7ccc8c(c7)C(=O)N(*)C8=O)cc6C5=O)cc4)cc3)cc2C(F)(F)F)c(C(F)(F)F)c1,232.62
*C(=O)Nc1ccc(Oc2ccc(NC(=O)c3ccc4c(c3)C(=O)N(c3ccc(N5C(=O)c6ccc(*)cc6C5=O)c(C)c3)C4=O)cc2/C=C/c2ccccc2)cc1,293.87
*C(=O)Nc1ccc(NC(=O)c2ccc(NC(=O)c3ccc4c(c3)C(=O)N(c3ccc(Oc5ccc(N6C(=O)c7ccc(*)cc7C6=O)cc5)cc3)C4=O)cc2)cc1,240.99
*c1ccc2c(c1)C(=O)N(c1ccc(NC(=O)C(=O)Nc3ccc(Oc4ccc(NC(=O)c5ccc(N6C(=O)c7ccc(*)cc7C6=O)cc5)cc4)cc3)cc1)C2=O,303.81
*c1ccc(C(=O)Nc2ccc(S(=O)(=O)c3ccc(NC(=O)c4ccc(N5C(=O)c6ccc(-c7ccc8c(c7)C(=O)N(*)C8=O)cc6C5=O)cc4)cc3)cc2)cc1,281.44
*C(=O)Nc1cccc(C#Cc2cccc(NC(=O)c3ccc4c(c3)C(=O)N(c3ccc(Sc5ccc(N6C(=O)c7ccc(*)cc7C6=O)cc5)cc3)C4=O)c2)c1,250.57
*C(=O)Nc1ccc(Oc2ccc(NC(=O)c3ccc4c(c3)C(=O)N(c3ccc(Oc5ccc(N6C(=O)c7ccc(*)cc7C6=O)cc5C)cc3)C4=O)cc2)cc1,292.12
*c1ccc(Oc2ccc(C(C)(C)c3ccc(Oc4ccc(N5C(=O)c6ccc(-c7ccc8c(c7)C(=O)N(*)C8=O)cc6C5=O)cc4)cc3C(F)(F)F)cc2)cc1,230.7
*C(=O)c1ccc2c(c1)C(=O)N(c1ccc(Oc3ccc(S(=O)(=O)c4ccc(OC(=O)c5ccc(N6C(=O)c7ccc(*)cc7C6=O)cc5)cc4)cc3)cc1)C2=O,219.59
*C(=O)Nc1ccc(-c2ccc(NC(=O)c3ccc4c(c3)C(=O)N(c3ccc(C(=O)Nc5ccc(N6C(=O)c7ccc(*)cc7C6=O)cc5)cc3)C4=O)cc2)cc1,229.33
*c1ccc(NC(=O)c2ccc(C(=O)Nc3ccc(C(=O)Nc4ccc(N5C(=O)c6ccc(-c7ccc8c(c7)C(=O)N(*)C8=O)cc6C5=O)cc4)cc3)cc2)cc1,251.18
*C(=O)Nc1ccc(S(=O)(=O)c2ccc(NC(=O)c3ccc4c(c3)C(=O)N(c3ccc(-c5ccc(N6C(=O)c7ccc(*)cc7C6=O)cc5)cc3)C4=O)cc2)cc1,310.88
*C(=O)c1cccc(S(=O)(=O)c2ccc(NC(=O)c3ccc4c(c3)C(=O)N(c3ccc(Oc5ccc(N6C(=O)c7ccc(*)cc7C6=O)cc5)cc3)C4=O)cc2)c1,231.86
*C(=O)Nc1cc(NC(=O)c2ccc3c(c2)C(=O)N(c2ccc(S(=O)(=O)c4ccc(N5C(=O)c6ccc(*)cc6C5=O)cc4)cc2)C3=O)cc(-c2ccccc2)c1,260.03
*C(=O)c1ccc2c(c1)C(=O)N(c1ccc(Sc3ccc(S(=O)(=O)c4ccc(NC(=O)c5ccc(N6C(=O)c7ccc(*)cc7C6=O)cc5)cc4)cc3)cc1)C2=O,248.39
*c1ccc(-c2ccc(N3C(=O)c4ccc(Oc5ccc(C(C)(C)c6ccc(Oc7ccc8c(c7)C(=O)N(*)C8=O)cc6)cc5)cc4C3=O)c(C(C)(C)C)c2)cc1,240.42
*C(=O)c1ccc2c(c1)C(=O)N(c1ccc(C(=O)Nc3ccc(Oc4ccc(NC(=O)c5ccc(N6C(=O)c7ccc(*)cc7C6=O)cc5)cc4)cc3)cc1)C2=O,274.37
*C(=O)c1ccc2c(c1)C(=O)N(c1ccc(C(=O)Nc3ccc(Oc4ccc(S(=O)(=O)c5ccc(N6C(=O)c7ccc(*)cc7C6=O)cc5)cc4)cc3)cc1)C2=O,256.0
*C(=O)Nc1ccc(-c2ccc(NC(=O)c3ccc4c(c3)C(=O)N(c3ccc(Nc5ccc(N6C(=O)c7ccc(*)cc7C6=O)cc5)cc3)C4=O)c(C)c2)cc1C,297.37
*C(=O)Nc1ccc(Oc2ccc(NC(=O)c3ccc4c(c3)C(=O)N(c3ccc(Oc5ccc(N6C(=O)c7ccc(*)cc7C6=O)cc5)c(F)c3)C4=O)cc2)cc1,291.14
*c1ccc(-c2cc(C(C)(C)C)c(-c3ccc(N4C(=O)c5ccc(Oc6ccc7c(c6)C(=O)N(*)C7=O)cc5C4=O)cc3C(F)(F)F)cc2-c2ccccc2)cc1,289.89
*C(=O)Nc1ccc(Cc2ccc(NC(=O)c3ccc4c(c3)C(=O)N(c3ccc(Oc5ccc(N6C(=O)c7ccc(*)cc7C6=O)cc5C)cc3)C4=O)cc2)cc1,274.37
*c1ccc2c(c1)C(=O)N(c1ccc(Oc3ccc(C(C)(C)c4ccc(Oc5ccc(N6C(=O)c7ccc(*)cc7C6=O)cc5)cc4C(C)(C)C)cc3)cc1)C2=O,232.54
*c1ccc(S(=O)(=O)c2ccc(N3C(=O)c4ccc(-c5ccc6c(c5)C(=O)N(*)C6=O)cc4C3=O)cc2Oc2ccc(/N=N/c3ccc([N+](=O)[O-])cc3)cc2)cc1,205.01
*c1ccc2c(c1)C(=O)N(c1ccc(C(=O)c3cccc(C(=O)c4ccc(N5C(=O)c6ccc(C(*)(c7ccccc7)C(F)(F)F)cc6C5=O)cc4)c3)cc1)C2=O,273.0
*C(=O)c1ccc2c(c1)C(=O)N(c1ccc(Oc3ccc(C(c4ccc(Oc5ccc(N6C(=O)c7ccc(*)cc7C6=O)cc5)cc4)C(F)(F)F)cc3)cc1)C2=O,237.46
*C(=O)Nc1ccc(Oc2ccccc2Nc2ccccc2NC(=O)c2ccc(N3C(=O)c4ccc(-c5ccc6c(c5)C(=O)N(*)C6=O)cc4C3=O)c(Cl)c2)cc1,269.65
*C(=O)n1cc(C(F)(F)F)cc1C(=O)c1ccc2c(c1)C(=O)N(c1ccc(P(=O)(c3ccccc3)c3ccc(N4C(=O)c5ccc(*)cc5C4=O)cc3)cc1)C2=O,295.44
*c1cccc(C(=O)Nc2ccc(S(=O)(=O)c3ccc(NC(=O)c4cccc(N5C(=O)c6ccc(-c7cccc8c7C(=O)N(*)C8=O)cc6C5=O)c4)cc3)cc2)c1,247.55
*C(=O)Oc1ccc(Cc2ccc(OC(=O)c3ccc4c(c3)C(=O)N(c3ccc(Cc5ccc(N6C(=O)c7ccc(*)cc7C6=O)cc5)cc3)C4=O)c(C)c2)cc1,203.57
*c1cccc(C(=O)Nc2ccc(S(=O)(=O)c3cccc(NC(=O)c4cccc(N5C(=O)c6ccc(-c7ccc8c(c7)C(=O)N(*)C8=O)cc6C5=O)c4)c3)cc2)c1,241.09
*C(=O)c1ccc2c(c1)C(=O)N(c1ccc(NC(=O)c3ccc(S(=O)(=O)c4ccc(Oc5ccc(N6C(=O)c7ccc(*)cc7C6=O)cc5)cc4)cc3)cc1)C2=O,257.37
*C(=O)c1ccc2c(c1)C(=O)N(c1cccc([PH](=O)c3ccc(Oc4ccc(NC(=O)Nc5ccc(N6C(=O)c7ccc(*)cc7C6=O)cc5)cc4)cc3)c1)C2=O,239.3
*c1ccc(C(C)(C)c2ccc(C(C)(C)c3ccc(C(C)(C)c4ccc(N5C(=O)c6ccc(-c7ccc8c(c7)C(=O)N(*)C8=O)cc6C5=O)cc4)cc3)cc2)cc1,265.62
*c1ccc(CC2=CC=C(n3c(=O)c4cc5c(=O)n(*)c(=O)c5cc4c3=O)Cc3ccc(OCCCCCCCCCC)cc3[SH]=C2c2ccc(OC)cc2)cc1,179.91
*c1ccc(NC(=O)c2cc(OCCCCCCCCCCCCCC)cc(C(=O)Nc3ccc(-n4c(=O)c5cc6c(=O)n(*)c(=O)c6cc5c4=O)cc3)c2)cc1,183.76
*C(=O)Oc1cccc(OC(=O)c2ccc3c(c2)C(=O)N(c2cccc(P(=O)(c4ccccc4)c4cccc(N5C(=O)c6ccc(*)cc6C5=O)c4)c2)C3=O)c1,220.11
*Oc1ccc(C(C)(C)c2ccc(Oc3ccc4c(c3)C(=O)N(c3ccc(S(=O)(=O)c5ccc(N6C(=O)c7ccc(*)cc7C6=O)cc5)cc3)C4=O)cc2)cc1,244.62
*C(=O)c1ccc2c(c1)C(=O)N(c1ccc(S(=O)(=O)c3ccc(Oc4ccc(C(=O)c5ccc(N6C(=O)c7ccc(*)cc7C6=O)cc5)cc4)cc3)cc1)C2=O,232.73
*c1ccc(Oc2ccc(Oc3ccc(Oc4ccc(N5C(=O)c6ccc(Oc7ccc8c(c7)C(=O)N(*)C8=O)cc6C5=O)cc4)cc3)c(C(F)(F)F)c2)cc1,249.25
*C(=O)c1ccc2c(c1)C(=O)N(c1ccc(C(=O)Oc3ccc(-c4ccc(OC(=O)c5ccc(N6C(=O)c7ccc(*)cc7C6=O)cc5)cc4)cc3)cc1)C2=O,197.72
*C(=O)Nc1ccc(Cc2ccc(NC(=O)c3ccc4c(c3)C(=O)N(c3ccc(Cc5ccc(N6C(=O)c7ccc(*)cc7C6=O)cc5)cc3)C4=O)cc2)cc1,293.73
*c1ccc(Oc2ccc(Sc3ccc(Oc4ccc(N5C(=O)c6ccc(Oc7ccc8c(c7)C(=O)N(*)C8=O)cc6C5=O)cc4)cc3)c(C(F)(F)F)c2)cc1,247.75
*CCCCCCCCCC(=O)Nc1ccc(CCc2ccc(-c3ccc(NC(=O)CCCn4c(=O)c5cc6c(=O)n(*)c(=O)c6cc5c4=O)cc3)cc2)cc1,197.01
*C(=O)Nc1ccc(C(=O)c2ccc(NC(=O)c3ccc4c(c3)C(=O)N(c3ccc(-c5ccc(N6C(=O)c7ccc(*)cc7C6=O)cc5)cc3)C4=O)cc2)cc1,275.25
*c1cccc(S(=O)(=O)c2ccc(N3C(=O)c4ccc(Oc5ccc(C(C)(C)c6ccc(Oc7ccc8c(c7)C(=O)N(*)C8=O)cc6)cc5)cc4C3=O)cc2)c1,237.76
*C(=O)Nc1cccc(NC(=O)c2ccc3c(c2)C(=O)N(c2cccc(P(=O)(c4ccccc4)c4cccc(N5C(=O)c6ccc(*)cc6C5=O)c4)c2)C3=O)c1,267.16
*C(=O)Nc1ccc(Oc2ccccc2NC(=O)c2ccc3c(c2)C(=O)N(c2ccc(Cc4ccc(N5C(=O)c6ccc(*)cc6C5=O)cc4)cc2)C3=O)cc1,255.96
*c1ccc(C(=O)Nc2ccc(Cc3ccc(NC(=O)c4ccc(N5C(=O)c6ccc(Oc7ccc8c(c7)C(=O)N(*)C8=O)cc6C5=O)cc4)cc3)cc2)cc1,264.18
*c1ccc(Cc2ccc(N3C(=O)c4cccc(Oc5c(C)cc(Cc6cc(C)c(Oc7cccc8c7C(=O)N(*)C8=O)c(C)c6)cc5C)c4C3=O)cc2)cc1,271.04
*C(=O)Nc1ccc(/N=N/c2ccc(C(=O)c3ccc4c(c3)C(=O)N(c3ccc(Oc5ccc(N6C(=O)c7ccc(*)cc7C6=O)cc5)cc3)C4=O)cc2)cc1,259.66
*C(=O)Nc1ccc(Oc2ccc(NC(=O)c3ccc4c(c3)C(=O)N(c3ccc(Oc5cccc(N6C(=O)c7ccc(*)cc7C6=O)c5)cc3)C4=O)cc2)cc1,291.57
*C(=O)Nc1cccc(Oc2cccc(NC(=O)c3ccc4c(c3)C(=O)N(c3ccc(Oc5ccc(N6C(=O)c7ccc(*)cc7C6=O)cc5)cc3)C4=O)c2)c1,234.8
*C(=O)Nc1ccc(-c2ccc(NC(=O)c3ccc4c(c3)C(=O)N(c3ccc(Sc5ccc(N6C(=O)c7ccc(*)cc7C6=O)cc5)cc3C)C4=O)cc2)cc1,282.87
*c1ccc(Oc2ccc(Oc3ccc(N4C(=O)c5ccc(Oc6ccc(Oc7ccc8c(c7)C(=O)N(*)C8=O)cc6)cc5C4=O)cc3)c(C(C)(C)C)c2)cc1,247.84
*c1ccc(-c2ccc([Si](C)(C)N3C(=O)c4ccc(Oc5ccc(C(C)(C)c6ccc(Oc7ccc8c(c7)C(=O)N(*)C8=O)cc6)cc5)cc4C3=O)cc2)cc1,218.32
*C(=O)Nc1ccc(Cc2ccc(NC(=O)c3ccc4c(c3)C(=O)N(c3ccc(Oc5cccc(N6C(=O)c7ccc(*)cc7C6=O)c5)cc3)C4=O)cc2)cc1,244.52
*Oc1ccc(C(=O)Nc2ccc(NC(=O)c3ccc4c(c3)C(=O)N(c3ccc(Cc5ccc(N6C(=O)c7ccc(*)cc7C6=O)cc5)cc3)C4=O)cc2)cc1,253.08
*C(=O)Nc1ccc(Cc2ccc(NC(=O)c3ccc4c(c3)C(=O)N(c3ccc(Oc5ccc(N6C(=O)c7cccc(*)c7C6=O)cc5)cc3)C4=O)cc2)cc1,267.74
*CC(=O)Nc1ccc(S(=O)(=O)c2ccc3c(c2)C(=O)N(c2ccc(N(c4ccccc4)c4cccc(N5C(=O)c6ccc(*)cc6C5=O)c4)cc2)C3=O)cc1,244.04
*c1ccc2c(c1)C(=O)N(c1ccc(NC(=O)Nc3ccc(Cc4ccc(NC(=O)c5ccc(N6C(=O)c7ccc(*)cc7C6=O)cc5)cc4)cc3)cc1)C2=O,235.19
*C(=O)c1ccc2c(c1)C(=O)N(c1ccc(NC(=O)c3cccc(C(=O)c4ccc(Oc5ccc(N6C(=O)c7ccc(*)cc7C6=O)cc5)cc4)c3)cc1)C2=O,271.48
*c1ccc(Oc2ccc(S(=O)(=O)c3ccc(OC(=O)c4ccc(N5C(=O)c6ccc(Oc7ccc8c(c7)C(=O)N(*)C8=O)cc6C5=O)cc4)cc3)cc2)cc1,231.21
*C(=O)c1ccc2c(c1)C(=O)N(c1cccc(C(=O)c3ccc(Cc4ccc(C(=O)c5ccc(N6C(=O)c7ccc(*)cc7C6=O)cc5)cc4)cc3)c1)C2=O,242.15
*c1ccc(S(=O)(=O)c2ccc(-n3c(=O)c4cc5c(=O)n(*)c(=O)c5cc4c3=O)cc2S(=O)(=O)O[N+](F)(F)F)c(Oc2ccc(OC(C)CCCC)cc2)c1,209.09
*C(=O)c1ccc2c(c1)C(=O)N(c1ccc(Cc3ccc(C(=O)c4ccc(C(=O)c5cccc(N6C(=O)c7ccc(*)cc7C6=O)c5)cc4)cc3)cc1)C2=O,242.47
*C(=O)Nc1ccc(Sc2ccc(NC(=O)c3ccc4c(c3)C(=O)N(c3ccc(-c5ccc(N6C(=O)c7ccc(*)cc7C6=O)cc5)cc3)C4=O)cc2)cc1,249.43
*c1ccc(S(=O)(=O)c2ccc(N3C(=O)c4ccc(Sc5ccc6c(c5)C(=O)N(*)C6=O)cc4C3=O)cc2OC(=O)c2ccc(-c3ccccc3)cc2)cc1,217.81
*C(=O)Nc1ccc(NC(=O)c2ccc(Oc3ccc4c(c3)C(=O)N(c3ccc(-c5ccc(N6C(=O)c7ccc(*)cc7C6=O)cc5)cc3)C4=O)cc2)cc1,263.43
*c1cccc(C(=O)Nc2ccccc2Oc2ccc(NC(=O)c3ccc(N4C(=O)c5ccc(-c6ccc7c(c6)C(=O)N(*)C7=O)cc5C4=O)cc3)cc2)c1,279.14
*/N=N/c1ccc(C(=O)c2ccc(NC(=O)c3ccc4c(c3)C(=O)N(c3ccc(-c5ccc(N6C(=O)c7ccc(*)cc7C6=O)cc5)cc3)C4=O)cc2)cc1,287.02
*C(=O)c1ccc2c(c1)C(=O)N(c1cccc(C(=O)c3cccc(P(=O)(c4ccccc4)c4cccc(N5C(=O)c6ccc(*)cc6C5=O)c4)c3)c1C)C2=O,267.53
*C(=O)Nc1ccc(NC(=O)c2ccc3c(c2)C(=O)N(c2ccc(-c4ccc(Oc5ccc(N6C(=O)c7ccc(*)cc7C6=O)cc5)cc4)cc2)C3=O)cc1,245.58
*C(=O)c1ccc2c(c1)C(=O)N(c1ccc(Oc3ccc(NC(=O)c4ccc(Oc5ccc(N6C(=O)c7ccc(*)cc7C6=O)cc5)cc4)cc3)cc1)C2=O,281.64
*C(=O)Nc1ccc(-c2ccc(NC(=O)c3ccc4c(c3)C(=O)N(c3ccc(S(=O)(=O)c5ccc(N6C(=O)c7ccc(*)cc7C6=O)cc5)cc3)C4=O)o2)o1,260.2
*C(=O)c1ccc2c(c1)C(=O)N(c1ccc(P(=O)(c3ccccc3)c3ccc(C(=O)Oc4ccc(N5C(=O)c6ccc(*)cc6C5=O)cc4)cc3)cc1)C2=O,264.04
*C(=O)Nc1ccc(Oc2ccc(C(=O)c3ccc4c(c3)C(=O)N(c3ccc(Oc5ccc(N6C(=O)c7ccc(*)cc7C6=O)cc5)cc3)C4=O)cc2)cc1,251.95
*c1ccc2c(c1)C(=O)N(c1ccc(OCc3ccc(C(=O)c4ccc(NC(=O)c5ccc(N6C(=O)c7ccc(*)cc7C6=O)cc5)cc4)cc3)cc1)C2=O,249.05
*c1ccc(-c2ccc(N3C(=O)c4cccc(Oc5c(C)cc(Cc6cc(C)c(Oc7ccc8c(c7)C(=O)N(*)C8=O)c(C)c6)cc5C)c4C3=O)cc2)cc1,286.9
*C(=O)Nc1ccc(-c2ccc(NC(=O)c3ccc4c(c3)C(=O)N(c3ccc(Oc5cccc(N6C(=O)c7ccc(*)cc7C6=O)c5)cc3)C4=O)cc2)cc1,260.58
*C(=O)Nc1ccc(Oc2cccc(NC(=O)c3ccc4c(c3)C(=O)N(c3ccc(-c5ccc(N6C(=O)c7ccc(*)cc7C6=O)cc5)cc3)C4=O)c2)cc1,302.17
*c1ccc(Oc2ccc(-c3ccc(Oc4ccc(N5C(=O)c6ccc(Oc7ccc8c(c7)C(=O)N(*)C8=O)cc6C5=O)cc4C(F)(F)F)cc3)cc2)cc1,262.61
*c1ccc(OCCCCCOc2ccc(N3C(=O)c4ccc(Oc5cccc6c(Oc7ccc8c(c7)C(=O)N(*)C8=O)cccc56)cc4C3=O)cc2)cc1,189.8
*C(=O)Nc1ccc(-c2ccc(NC(=O)c3ccc4c(c3)C(=O)N(c3ccc(Sc5ccc(N6C(=O)c7ccc(*)cc7C6=O)cc5)cc3)C4=O)cc2)cc1,246.86
*N1C(=O)c2ccc(Oc3ccc4c(c3)C(=O)N(c3c(C)cc(-c5cc(C)c(OC(*)(c6ccccc6)c6ccccc6)c(C)c5)cc3C)C4=O)cc2C1=O,277.48
*c1ccc(S(=O)(=O)c2ccc(S(=O)(=O)c3ccc(Oc4ccc(N5C(=O)c6ccc(-c7ccc8c(c7)C(=O)N(*)C8=O)cc6C5=O)cc4)cc3)cc2)cc1,259.61
*C(=O)c1ccc2c(c1)C(=O)N(c1ccc(Cc3ccc(Cc4ccc(-c5ccc(N6C(=O)c7ccc(*)cc7C6=O)cc5C)c(C)c4)cc3C)cc1)C2=O,272.13
*C(=O)c1ccc2c(c1)C(=O)N(c1ccc(C(=O)c3cccc(C(=O)c4ccc(Oc5ccc(N6C(=O)c7ccc(*)cc7C6=O)cc5)cc4)c3)cc1)C2=O,221.23
*c1ccc(-n2on2-c2ccc3c(c2)C(=O)N(c2ccc(Oc4ccc(N5C(=O)c6ccc(C(*)(C(F)(F)F)C(F)(F)F)cc6C5=O)cc4)cc2)C3=O)cc1,267.0
*C(=O)c1ccc2c(c1)C(=O)N(c1ccc(Oc3ccc(C(=O)c4ccc(C(=O)c5cccc(N6C(=O)c7ccc(*)cc7C6=O)c5)cc4)cc3)cc1)C2=O,269.18
*c1ccc(C(=O)Nc2ccc(Oc3ccc(NC(=O)c4ccc(N5C(=O)c6ccc(-c7ccc8c(c7)C(=O)N(*)C8=O)cc6C5=O)cc4)cc3)cc2)cc1,271.09
*C(=O)Nc1ccc(-c2cccc(NC(=O)c3ccc4c(c3)C(=O)N(c3ccc(Oc5ccc(N6C(=O)c7ccc(*)cc7C6=O)cc5)cc3)C4=O)c2)cc1,253.73
*C(=O)Nc1ccc(Cc2ccc(NC(=O)c3ccc4c(c3)C(=O)N(c3ccc(-c5ccc(N6C(=O)c7ccc(*)cc7C6=O)cc5)cc3)C4=O)cc2)cc1,248.45
*C(=O)c1ccc2c(c1)C(=O)N(c1ccc(Sc3ccc(S(=O)(=O)c4ccc(Oc5ccc(N6C(=O)c7ccc(*)cc7C6=O)cc5)cc4)cc3)cc1)C2=O,236.99
*C(=O)Nc1ccc(Oc2ccccc2-c2ccccc2)c(C(=O)c2ccc3c(c2)C(=O)N(c2ccc(N4C(=O)c5ccc(*)cc5C4=O)c(C)c2)C3=O)c1,269.22
*c1ccc(Oc2ccc(S(=O)(=O)c3ccc(Oc4ccc(N5C(=O)c6ccc(-c7ccc8c(c7)C(=O)N(*)C8=O)cc6C5=O)c(C)c4)cc3C)cc2)cc1,267.14
*Oc1ccc2c(c1)C(=O)N(c1cccc(Oc3ccc(C(C)(C)c4ccc(Oc5ccc(N6C(=O)c7ccc(*)cc7C6=O)cc5)cc4)cc3)c1C)C2=O,202.72
*c1ccc(-c2ccc(N3C(=O)c4ccc(Oc5ccc(C(C)(C)c6ccc(Oc7ccc8c(c7)C(=O)N(*)C8=O)cc6)cc5)cc4C3=O)c(C)c2)cc1,274.78
*c1ccc(C(=O)Nc2ccc(C(O)(c3ccccc3)c3ccc(N4C(=O)c5ccc(Oc6ccc7c(c6)C(=O)N(*)C7=O)cc5C4=O)cc3)cc2)cc1,270.95
*C(=O)c1ccc2c(c1)C(=O)N(c1ccc(C(=O)c3ccc(C(=O)c4ccc(-c5ccc(N6C(=O)c7ccc(*)cc7C6=O)cc5)cc4)cc3)cc1)C2=O,253.9
*c1ccc(Oc2ccccc2/N=N/c2ccc(C(=O)c3ccc(N4C(=O)c5ccc(-c6ccc7c(c6)C(=O)N(*)C7=O)cc5C4=O)cc3C)cc2)cc1,251.96
*c1cccc(Oc2ccc(S(=O)(=O)c3ccc(Oc4ccc(N5C(=O)c6ccc(Oc7cccc8c7C(=O)N(*)C8=O)cc6C5=O)cc4)cc3)cc2)c1,241.19
*c1ccc(Oc2cccc(N3C(=O)c4ccc(Oc5ccc(S(=O)(=O)c6ccc(Oc7ccc8c(c7)C(=O)N(*)C8=O)cc6)cc5)cc4C3=O)c2)cc1,249.4
*c1ccc2c(c1)C(=O)N(c1cccc(Oc3ccccc3[N-]c3ncccc3Oc3ccc(N4C(=O)c5ccc(*)cc5C4=O)cc3C(=O)O)c1)C2=O,250.66
*C(=O)c1cccc(C(=O)c2ccc3c(c2)C(=O)N(c2ccc(P(=O)(c4ccccc4)c4ccc(N5C(=O)c6ccc(*)cc6C5=O)cc4)cc2)C3=O)c1,284.89
*C(=O)c1ccc(C(=O)c2ccc3c(c2)C(=O)N(c2ccc(P(=O)(c4ccccc4)c4ccc(N5C(=O)c6ccc(*)cc6C5=O)cc4)cc2)C3=O)cc1,285.82
*c1ccc(Cc2ccc(N3C(=O)c4cccc(Oc5ccc(C(C)(C)c6ccc(Oc7cccc8c7C(=O)N(*)C8=O)cc6)cc5)c4C3=O)cc2)cc1,237.77
*c1nc2ccccc2c2cc(C(c3ccc(N4C(=O)c5ccc(Oc6ccc7c(c6)C(=O)N(*)C7=O)cc5C4=O)cc3)(C(F)(F)F)C(F)(F)F)ccc12,305.27
*c1cccc(Oc2cccc(N3C(=O)c4ccc(Oc5ccc(C(C)(C)c6ccc(Oc7ccc8c(c7)C(=O)N(*)C8=O)cc6)cc5)cc4C3=O)c2)c1,218.35
*c1ccc(Oc2ccc(Oc3ccc(N4C(=O)c5ccc(OC6=C(Oc7ccc8c(c7)C(=O)N(*)C8=O)c7ccccc76)cc5C4=O)cc3)cc2)cc1,251.02
*c1ccc(-c2ccc(N3C(=O)c4ccc(Oc5c(C)cc(-c6cc(C)c(Oc7ccc8c(c7)C(=O)N(*)C8=O)c(C)c6)cc5C)cc4C3=O)cc2)cc1,292.06
*C(=O)Nc1ccc(-c2ccc(NC(=O)c3ccc4c(c3)C(=O)N(c3ccc(-c5ccc(N6C(=O)c7ccc(*)cc7C6=O)cc5)cc3)C4=O)cc2)cc1,274.25
*C(=O)c1cnc2c(c1)C(=O)N(c1cccc(C(=O)Nc3ccccc3-c3ccccc3Nc3cccc(N4C(=O)c5ccc(*)cc5C4=O)c3)c1)C2=O,259.33
*c1ccc(Oc2ccc(C(C)(C)c3ccccc3)cc2)c(Oc2cccc(N3C(=O)c4ccc(Oc5ccc6c(c5)C(=O)N(*)C6=O)cc4C3=O)c2)c1,218.22
*C(=O)c1cccc(C(=O)c2ccc3c(c2)C(=O)N(c2ccc(Oc4ccc(Oc5ccc(N6C(=O)c7ccc(*)cc7C6=O)cc5)cc4)cc2)C3=O)c1,231.74
*c1c(C)cc(C(c2cc(C)c(-n3c(=O)c4cc5c(=O)n(*)c(=O)c5cc4c3=O)c(Br)c2)(C(F)(F)F)C(F)(F)F)cc1OCCCCCCOc1ccc(/C=C/c2ccccc2)cc1,128.77
*N1C(=O)c2ccc(Oc3ccc(C(C)(C)c4ccc(Oc5ccc6c(c5)C(=O)N(c5ccc(-c7ccc(N=*)cc7)cc5)C6=O)cc4)cc3)cc2C1=O,244.84
*c1ccc(C(=O)Nc2ccc(-c3ccc(NC(=O)c4ccc(N5C(=O)c6ccc(-c7ccc8c(c7)C(=O)N(*)C8=O)cc6C5=O)cc4)cc3)cc2)cc1,300.03
*c1ccc(Oc2cccc(N3C(=O)c4ccc(Oc5ccc(C(C)(C)c6ccc(Oc7ccc8c(c7)C(=O)N(*)C8=O)cc6)cc5)cc4C3=O)c2)cc1,220.68
*CCCCCC(=O)Nc1ccc(Oc2ccc(NC(=O)CCCCCOc3ccc(-n4c(=O)c5cc6c(=O)n(*)c(=O)c6cc5c4=O)cc3)cc2)cc1,163.61
*Oc1ccc2c(c1)C(=O)N(c1ccc(Oc3ccc(C(C)(C)c4ccc(Oc5ccc(N6C(=O)c7ccc(*)cc7C6=O)cc5)cc4)cc3)cc1)C2=O,214.67
*c1ccc(C(=O)Nc2ccc(NC(=O)c3ccc4c(c3)C(=O)N(c3ccc(-c5ccc(N6C(=O)c7ccc(*)cc7C6=O)cc5)cc3)C4=O)cc2)cc1,272.91
*C(=O)c1cccc(C(=O)c2ccc3c(c2)C(=O)N(c2ccc(Oc4ccc(Oc5ccc(N6C(=O)c7ccc(*)cc7C6=O)cc5)cc4)cc2)C3=O)n1,233.2
*C(=O)c1ccc2c(c1)C(=O)N(c1cccc(P(=O)(c3ccccc3)c3ccc(C(=O)c4ccc(N5C(=O)c6ccc(*)cc6C5=O)cc4)cc3)c1)C2=O,262.64
*c1ccc(Oc2ccc(S(=O)(=O)c3ccc(Oc4ccc(N5C(=O)c6ccc(Oc7cccc8c7C(=O)N(*)C8=O)cc6C5=O)cc4)cc3)cc2)cc1,259.34
*c1ccc(/C=C/c2ccc(N(c3ccc(N4C(=O)c5ccc(-c6ccc7c(c6)C(=O)N(*)C7=O)cc5C4=O)cc3)c3ccc([N+](=O)[O-])cc3)cc2)cc1,287.88
*c1ccc(C(c2ccccc2C(=O)c2ccccc2)C(C)(C)c2ccc(N3C(=O)c4ccc(-c5cccc6c5C(=O)N(*)C6=O)cc4C3=O)cc2)cc1,291.03
*c1ccc(S(=O)(=O)c2ccc(N3C(=O)c4ccc(Oc5ccc(Sc6ccc(Oc7ccc8c(c7)C(=O)N(*)C8=O)cc6)cc5)cc4C3=O)cc2)cc1,248.97
*Oc1ccc(C(C)(C)c2ccc(Oc3ccc4c(c3)C(=O)N(c3cccc(Cc5ccc(N6C(=O)c7ccc(*)cc7C6=O)cc5)c3)C4=O)cc2)cc1,215.57
*c1ccc(Oc2ccc(N3C(=O)c4ccc(Oc5ccc([Si](C)(C)c6ccc(Oc7ccc8c(c7)C(=O)N(*)C8=O)cc6)cc5)cc4C3=O)cc2)cc1,232.6
*C(=O)n1ccn(C(=O)c2ccc3c(c2)C(=O)N(c2cccc(P(=O)(c4ccccc4)c4cccc(N5C(=O)c6ccc(*)cc6C5=O)c4)c2)C3=O)c1=O,274.25
*C(=O)Oc1ccc(-c2ccc(OC(=O)c3ccc4c(c3)C(=O)N(c3ccc(-c5ccc(N6C(=O)c7ccc(*)cc7C6=O)cc5)cc3)C4=O)cc2)cc1,191.57
*C(=O)c1ccc(Oc2ccc(C(=O)c3ccc4c(c3)C(=O)N(c3ccc(Oc5ccc(N6C(=O)c7ccc(*)cc7C6=O)cc5)cc3)C4=O)cc2)cc1,244.14
*c1ccc(OCCOc2ccc(N3C(=O)c4ccc(Oc5cc6ccccc6cc5Oc5ccc6c(c5)C(=O)N(*)C6=O)cc4C3=O)c(C)c2)cc1C,191.61
*CCCCCCCCCCCCCCNC(=O)CCCCCCCCN1C(=O)c2ccc(-n3c(=O)c4cc5c(=O)n(*)c(=O)c5cc4c3=O)cc2C1=O,163.78
*C(=O)c1ccc2c(c1)C(=O)N(c1cccc(P(=O)(c3ccccc3)c3ccc(Oc4ccc(N5C(=O)c6ccc(*)cc6C5=O)cc4)cc3)c1)C2=O,257.98
*c1ccc(Oc2ccc(N3C(=O)c4ccc(Oc5ccc(-c6ccc(Oc7cccc8c7C(=O)N(*)C8=O)cc6)cc5)cc4C3=O)c(C)c2)cc1C,268.86
*c1ccc(Oc2ccc(-c3ccc(Oc4ccc(N5C(=O)c6ccc(S(=O)(=O)c7ccc8c(c7)C(=O)N(*)C8=O)cc6C5=O)cc4)cc3)cc2)cc1,386.48
*C(=O)Nc1cccc(NC(=O)c2ccc3c(c2)C(=O)N(c2cc(-c4nc5ccccc5o4)cc(N4C(=O)c5ccc(*)cc5C4=O)c2)C3=O)c1C#N,288.91
*C(=O)Nc1cccc2c(NC(=O)c3ccc4c(c3)C(=O)N(c3cccc(Oc5cccc(N6C(=O)c7ccc(*)cc7C6=O)c5)c3)C4=O)cccc12,258.55
*c1ccc(Cc2ccc(N3C(=O)c4ccc(Oc5ccc6c(c5)C(=O)N(*)C6=O)cc4C3=O)cc2Oc2ccc(/N=N/c3ccccc3)cc2)cc1,237.33
*c1ccc(Oc2ccc(-n3c(=O)c4cc5c(=O)n(*)c(=O)c5cc4c3=O)cc2)c(OC(=O)c2ccc(OCCOCCOCCOC)c(OC)c2)c1,183.255
*c1ccc(Oc2ccc(P(=O)(c3ccccc3)c3cccc(N4C(=O)c5ccc(-c6ccc7c(c6)C(=O)N(*)C7=O)cc5C4=O)c3CC)cc2)cc1,255.14
*c1ccc(Nc2ccc(S(=O)(=O)c3ccc(N4C(=O)c5ccc(Oc6ccc7c(c6)C(=O)N(*)C7=O)cc5C4=O)cc3)cc2-c2ccccc2)cc1,285.43
*c1ccc(-c2ccc(N3C(=O)c4ccc(Oc5ccc(C(C)(C)c6ccc(Oc7cccc8c7C(=O)N(*)C8=O)cc6)cc5)cc4C3=O)cc2)cc1,253.82
*c1ccc(-c2ccc(N3C(=O)c4ccc(-c5ccc6c(c5)C(=O)N(*)C6=O)cc4C3=O)cc2C(F)(F)F)c(-c2ccc(-c3ccc(F)cc3)cc2)c1,278.49
*C(=O)c1ccc2c(c1)C(=O)N(c1ccc(Oc3ccc(Cc4ccc(Oc5ccc(N6C(=O)c7ccc(*)cc7C6=O)cc5)cc4)cc3)cc1)C2=O,235.01
*c1ccc(S(=O)(=O)c2ccc(N3C(=O)c4ccc(Oc5ccc(-c6ccc(Oc7ccc8c(c7)C(=O)N(*)C8=O)cc6)cc5)cc4C3=O)cc2)cc1,258.45
*C(=O)c1ccc2c(c1)C(=O)N(c1ccc(Oc3ccc(Oc4ccc(Cc5ccc(N6C(=O)c7ccc(*)cc7C6=O)cc5)cc4)cc3)cc1)C2=O,233.23
*c1ccc(Nc2ccc(Nc3ccc(-c4ccc(N5C(=O)c6ccc([Si](C)(C)c7ccc8c(c7)C(=O)N(*)C8=O)cc6C5=O)cc4)cc3)cc2)cc1,282.45
*C(=O)c1ccc2c(c1)C(=O)N(c1ccc(Oc3ccc(Sc4ccc(Oc5ccc(N6C(=O)c7ccc(*)cc7C6=O)cc5)cc4)cc3)cc1)C2=O,237.24
*C(=O)c1ccc2c(c1)C(=O)N(c1ccc(Cc3ccc(P(=O)(c4ccccc4)c4ccc(N5C(=O)c6ccc(*)cc6C5=O)cc4)cc3)cc1)C2=O,250.67
*C(=O)c1ccc(Oc2ccc(C(=O)c3ccc4c(c3)C(=O)N(c3ccc(-c5ccc(N6C(=O)c7ccc(*)cc7C6=O)cc5)cc3)C4=O)cc2)cc1,250.73
*c1cccc(OCCOc2cccc(NC(=O)CCCCCCCC(=O)Nc3cccc(-n4c(=O)c5cc6c(=O)n(*)c(=O)c6cc5c4=O)c3)n2)c1,166.88
*c1ccc(-c2ccc(N3C(=O)c4ccc(Oc5ccc(C(C)(C)c6ccc(Oc7ccc8c(c7)C(=O)N(*)C8=O)cc6)cc5)cc4C3=O)cc2)cc1,284.23
*C(=O)c1ccc(-c2ccc(C(=O)c3ccc4c(c3)C(=O)N(c3ccc(Oc5ccc(N6C(=O)c7ccc(*)cc7C6=O)cc5)cc3)C4=O)cc2)cc1,247.87
*N1C(=O)c2cccc(Oc3ccc4c(c3)C(=O)N(c3cccc([Si](c5ccccc5)(c5ccccc5)c5ccc([Si](*)(C)C)cc5)c3)C4=O)c2C1=O,285.89
*c1ccc(OCCCCCCCCCCCCCC)nc1-c1ccc(Cc2ccc(N3C(=O)c4ccc(-c5ccc6c(c5)C(=O)N(*)C6=O)cc4C3=O)cc2Oc2ccc([SiH](CC)CCCCC)cc2)cc1,165.04
*C(=O)c1ccc2c(c1)C(=O)N(c1ccc(Oc3ccccc3Oc3ccc(Oc4ccc(N5C(=O)c6ccc(*)cc6C5=O)cc4)cc3)cc1)C2=O,229.82
*c1ccc(Oc2ccc(S(=O)(=O)c3cccc(Oc4ccc(N5C(=O)c6ccc(-c7cccc8c7C(=O)N(*)C8=O)cc6C5=O)cc4)c3)cc2)cc1,240.3
*c1ccc(S(=O)(=O)c2ccc(Sc3ccc4c(c3)C(=O)N(c3ccc(Oc5ccc(N6C(=O)c7ccc(*)cc7C6=O)cc5)cc3)C4=O)cc2)cc1,265.35
*c1ccc(/C=C/C(=O)c2ccc(-c3ccccc3)cc2-c2ccc(N3C(=O)c4ccc(Oc5ccc6c(c5)C(=O)N(*)C6=O)cc4C3=O)cc2)cc1,260.02
*c1cnccc1COc1ccc(N(c2ccccc2)c2ccc(N3C(=O)c4ccc(-c5ccc6c(c5)C(=O)N(*)C6=O)cc4C3=O)cc2C)c(C)c1,190.66
*c1ccc(-c2ccc(Nc3ccc(Cc4ccc(N5C(=O)c6ccc(-c7ccc8c(c7)C(=O)N(*)C8=O)cc6C5=O)cc4)cc3C(=O)O)cc2)cc1,270.85
*c1ccc(Oc2ccc(S(=O)(=O)c3ccc(Oc4ccc(N5C(=O)c6ccc(-c7ccc8c(c7)C(=O)N(*)C8=O)cc6C5=O)cc4)cc3)cc2)cc1,265.81
*Oc1cccc(Oc2ccccc2Oc2ccccc2Oc2cccc(N3C(=O)c4ccc(Oc5ccc6c(c5)C(=O)N(*)C6=O)cc4C3=O)c2)c1,193.35
*C(=O)c1ccc2c(c1)C(=O)N(c1ccc(Oc3ccc(Oc4ccc(Oc5cccc(N6C(=O)c7ccc(*)cc7C6=O)c5)cc4)cc3)cc1)C2=O,251.39
*c1ccc(S(=O)(=O)c2ccc(N3C(=O)c4ccc(Oc5ccc(-c6ccc(-c7ccc8c(c7)C(=O)N(*)C8=O)cc6)cc5)cc4C3=O)cc2)cc1,266.48
*Oc1ccc2c(c1)C(=O)N(c1ccc(Oc3ccccc3Oc3ccc(Oc4ccc(N5C(=O)c6ccc(*)cc6C5=O)cc4)cc3)cc1)C2=O,234.54
*c1ccc2c(c1)C(=O)N(c1ccc(Oc3ccc(/N=N/c4ccc(Oc5ccc(N6C(=O)c7ccc(*)cc7C6=O)cc5)cc4)cc3)cc1)C2=O,292.98
*c1ccc(Oc2ccc(Sc3ccc(Oc4ccc(N5C(=O)c6ccc(Oc7ccc8c(c7)C(=O)N(*)C8=O)cc6C5=O)cc4)cc3)cc2)cc1,269.8
*c1cccc(Oc2ccc(N3C(=O)c4ccc(Oc5ccc(Oc6ccc(Oc7ccc8c(c7)C(=O)N(*)C8=O)cc6)cc5)cc4C3=O)cc2)c1,269.52
*c1ccc2c(c1)C(=O)N(c1ccc(C(=O)c3ccc(Oc4ccc(N5C(=O)c6ccc(*)cc6C5=O)c(-c5cccc(Cl)c5)c4)cc3)cc1)C2=O,277.2
*c1ccc(Oc2ccccc2Oc2ccc(N3C(=O)c4ccc(Oc5ccc(Oc6ccc7c(c6)C(=O)N(*)C7=O)cc5)cc4C3=O)cc2)cc1,249.27
*c1ccc(Oc2ccc(Oc3ccc(N4C(=O)c5ccc(Sc6ccc(Oc7ccc8c(c7)C(=O)N(*)C8=O)cc6)cc5C4=O)cc3)cc2)cc1,300.29
*c1ccc(Cc2ccc(N3C(=O)c4ccc(Oc5ccc(Oc6ccc(Oc7ccc8c(c7)C(=O)N(*)C8=O)cc6)cc5)cc4C3=O)cc2)cc1,271.155
*c1ccc(Sc2ccc(N3C(=O)c4ccc(Oc5ccc(Sc6ccc(Oc7cccc8c7C(=O)N(*)C8=O)cc6)cc5)cc4C3=O)cc2)cc1,277.015
*c1ccc(Oc2ccccc2-c2ccccc2Oc2ccc(N3C(=O)c4ccc(-c5ccc6c(c5)C(=O)N(*)C6=O)cc4C3=O)c(C)c2)cc1C,237.72
*c1ccc(Oc2ccc([SH](=O)(c3ccccc3)c3ccc(N4C(=O)c5ccc(Oc6ccc7c(c6)C(=O)N(*)C7=O)cc5C4=O)cc3)cc2)cc1,289.28
*c1ccc(Oc2ccc(C(=O)c3ccc4c(c3)C(=O)N(c3ccc(Cc5ccc(N6C(=O)c7ccc(*)cc7C6=O)cc5)cc3)C4=O)cc2)cc1,256.2
*c1ccc(Cc2ccc(N3C(=O)c4ccc(Oc5ccc(Sc6ccc(Oc7ccc8c(c7)C(=O)N(*)C8=O)cc6)cc5)cc4C3=O)cc2)cc1,312.46
*C(=O)c1ccc2c(c1)C(=O)N(c1ccc(Cc3ccc(N(c4ccccc4)c4ccc(N5C(=O)c6ccc(*)cc6C5=O)cc4)cc3)cc1)C2=O,236.62
*C(=O)c1ccc2c(c1)C(=O)N(c1ccc(-c3ccc(P(=O)(c4ccccc4)c4ccc(N5C(=O)c6ccc(*)cc6C5=O)cc4)cc3)cc1)C2=O,272.93
*c1ccc(-c2ccc(N3C(=O)c4ccc(Oc5ccc(C(=O)c6ccc(Oc7ccc8c(c7)C(=O)N(*)C8=O)cc6)cc5)cc4C3=O)cc2)cc1,319.64
*C(=O)c1ccc2c(c1)C(=O)N(c1ccc(Oc3ccccc3Oc3ccc(N4C(=O)c5ccc(*)cc5C4=O)cc3-c3ccccc3)cc1)C2=O,234.9
*C(=O)c1ccc2c(c1)C(=O)N(c1ccc(Oc3ccc(Oc4ccc(-c5ccc(N6C(=O)c7ccc(*)cc7C6=O)cc5)cc4)cc3)cc1)C2=O,257.16
*c1ccc(C(=O)c2ccc(N3C(=O)c4ccc(-c5ccc(Oc6ccc(Oc7ccc8c(c7)C(=O)N(*)C8=O)cc6)cc5)cc4C3=O)cc2)cc1,263.2
*c1ccc(-c2ccc(Oc3ccc(Oc4ccc(N5C(=O)c6ccc(-c7ccc8c(c7)C(=O)N(*)C8=O)cc6C5=O)cc4)cc3)c(C)c2)cc1C,285.73
*c1ccc(-c2ccc(O[Si](C)(C)O[Si](C)(C)CCCC(C)C)cc2)c(C(=N)c2cccc(-n3c(=O)c4cc5c(=O)n(*)c(=O)c5cc4c3=O)c2)c1,172.68
*OC(=O)c1ccccc1C(=O)Oc1ccc(NC(=O)CCCCC(=O)Nc2ccc(-n3c(=O)c4cc5c(=O)n(*)c(=O)c5cc4c3=O)cc2)cc1,197.06
*c1ccc(Oc2cccnc2-c2ccccc2)c(Oc2ccc(N3C(=O)c4ccc(Oc5ccc6c(c5)C(=O)N(*)C6=O)cc4C3=O)cc2)c1,263.44
*c1ccc(-c2ccc(Oc3ccc(N4C(=O)c5ccc(Oc6ccc(Oc7ccc8c(c7)C(=O)N(*)C8=O)cc6)cc5C4=O)cc3)cc2)cc1,326.64
*c1ccc(C(=O)c2cccc(NC(=O)c3cccc(N4C(=O)c5ccc(-c6ccc7c(c6)C(=O)N(*)C7=O)cc5C4=O)c3)c2)c2ccccc12,287.88
*c1ccc(Oc2ccc(N3C(=O)c4ccc(Oc5ccc(-c6ccc(Oc7cccc8c7C(=O)N(*)C8=O)cc6)cc5)cc4C3=O)cc2)cc1,345.65
*c1cccc(C(c2ccccc2)c2cccc(N3C(=O)c4ccc(Oc5ccc(Oc6ccc7c(c6)C(=O)N(*)C7=O)cc5)cc4C3=O)c2)c1,248.05
*c1ccc(Oc2ccc(Sc3ccc(Oc4ccc(N5C(=O)c6ccc(-c7cccc8c7C(=O)N(*)C8=O)cc6C5=O)cc4)cc3)cc2)cc1,294.685
*C(=O)c1ccc2c(c1)C(=O)N(c1ccc(C(c3ccccc3)(c3ccccc3)c3ccc(N4C(=O)c5ccc(*)cc5C4=O)cc3)cc1)C2=O,300.74
*c1ccc(/N=C/c2ccc(N(c3ccccc3)c3ccc(N4C(=O)c5ccc(-c6ccc7c(c6)C(=O)N(*)C7=O)cc5C4=O)cc3)cc2)cc1,298.12
*c1ccc(C(=O)C(O)C(C)(c2ccccc2)c2ccc(-n3c(=O)c4cc5c(=O)n(*)c(=O)c5cc4c3=O)c(C(F)(F)F)c2)cc1C(=O)OCC,224.1
*c1ccc(Sc2ccc(N3C(=O)c4ccc(Oc5ccc(-c6ccc(Oc7ccc8c(c7)C(=O)N(*)C8=O)cc6)cc5)cc4C3=O)cc2)cc1,289.3
*c1ccc(-c2ccc(Sc3ccc(Sc4ccc(N5C(=O)c6ccc(Oc7cccc8c7C(=O)N(*)C8=O)cc6C5=O)cc4)cc3)cc2)cc1,320.51
*c1ccc(Oc2ccccc2-c2ccccc2Oc2ccc(N3C(=O)c4ccc(Oc5ccc6c(c5)C(=O)N(*)C6=O)cc4C3=O)cc2)cc1,266.89
*c1ccc2c(c1)C(=O)N(c1ccc(Oc3ccc(Oc4ccc(Oc5ccc(N6C(=O)c7ccc(*)cc7C6=O)cc5)cc4)cc3)cc1)C2=O,369.445
*c1ccc(Nc2ccc(P(=O)(c3ccccc3)c3ccc(N4C(=O)c5ccc(-c6ccc7c(c6)C(=O)N(*)C7=O)cc5C4=O)cc3)cc2)cc1,281.27
*Cc1ccc2c(c1)C(=O)N(c1ccc(Oc3ccc(-c4ccc(Oc5ccc(N6C(=O)c7ccc(*)cc7C6=O)cc5)cc4)cc3)cc1)C2=O,286.22
*c1cccc(P(=O)(c2ccccc2)c2ccc(Oc3ccc(N4C(=O)c5ccc(-c6ccc7c(c6)C(=O)N(*)C7=O)cc5C4=O)cc3)cc2)c1,272.87
*C(=O)c1ccc2c(c1)C(=O)N(c1cccc(-c3ccc(-c4ccc(Oc5ccc(N6C(=O)c7ccc(*)cc7C6=O)cc5)cc4)cc3)c1)C2=O,268.2
*c1ccc(Oc2ccc(-c3ccc(Oc4ccc(N5C(=O)c6ccc(Oc7cccc8c7C(=O)N(*)C8=O)cc6C5=O)cc4)cc3)cc2)cc1,314.33
*Nc1cc(C(C(=O)O)n2c(=O)c3cc4c(=O)n(*)c(=O)c4cc3c2=O)c(C(=O)OCc2ccccc2)cc1OC(=O)c1ccc(OCC)cc1,180.07
*C(=O)c1ccc2c(c1)C(=O)N(c1ccc(-c3cc(-c4ccccc4)cc(-c4ccc(N5C(=O)c6ccc(*)cc6C5=O)cc4)c3)cc1Cl)C2=O,295.57
*c1ccc(-c2ccc(Oc3ccc(Oc4ccc(N5C(=O)c6ccc(Oc7ccc8c(c7)C(=O)N(*)C8=O)cc6C5=O)cc4)cc3)cc2)cc1,307.89
*c1ccc2c(c1)C(=O)N(c1ccc(Cc3ccc(Oc4ccc(Oc5ccc(N6C(=O)c7ccc(*)cc7C6=O)cc5)cc4)cc3)cc1)C2=O,318.21
*c1ccc(Oc2ccc(Sc3ccc(Oc4ccc(N5C(=O)c6ccc(-c7ccc8c(c7)C(=O)N(*)C8=O)cc6C5=O)cc4)cc3)cc2)cc1,316.77
*c1ccc(Oc2cc(-c3ccccc3)c(N3C(=O)c4ccc(Oc5ccc6c(c5)C(=O)N(*)C6=O)cc4C3=O)cc2S)c(-c2ccccc2)c1,267.11
*/C=C/c1ccc(/C=C/c2ccc(/C=C/c3ccc(-n4c(=O)c5cc6c(=O)n(*)c(=O)c6cc5c4=O)c(Cl)c3)cc2C(F)(F)F)c(C(F)(F)F)c1,257.27
*c1ccc(-c2ccc(N3C(=O)c4ccc(Oc5cc6ccccc6cc5Oc5ccc6c(c5)C(=O)N(*)C6=O)cc4C3=O)cc2Br)c(Br)c1,261.63
*c1cccc(C(c2ccccc2)(c2ccccc2)c2cccc(N3C(=O)c4ccc(Oc5ccc6c(c5)C(=O)N(*)C6=O)cc4C3=O)c2)c1,277.02
*c1ccc(Nc2ccc(-c3ccc(-n4c(=O)c5c(F)c6c(=O)n(*)c(=O)c6c(C(F)(F)F)c5c4=O)cc3C(F)(F)F)c(C(F)(F)F)c2)cc1,267.43
*CC(=O)NC1=CC=C(C(=O)NNC(=O)c2cccc(-n3c(=O)c4cc5c(=O)n(*)c(=O)c5cc4c3=O)c2)c2ccccc2-c2ccccc21,283.04
*C(=O)c1ccc2sc(-c3ccc4c(c3)C(=O)N(c3ccc(S(=O)(=O)c5ccc(N6C(=O)c7ccc(*)cc7C6=O)cc5)cc3)C4=O)cc2c1,293.74
*c1ccc(Oc2cccc(Oc3ccccc3-c3cccc(N4C(=O)c5ccc(-c6ccc7c(c6)C(=O)N(*)C7=O)cc5C4=O)c3)c2)cc1,245.54
*c1ccc2c(c1)C(=O)N(c1ccc(Oc3ccc(N(c4ccccc4)c4ccc(N5C(=O)c6ccc(*)cc6C5=O)cc4)cc3)cc1)C2=O,315.35
*c1ccc(C(c2ccccc2)(c2ccccc2)c2ccc(N3C(=O)c4ccc(-c5ccc6c(c5)C(=O)N(*)C6=O)cc4C3=O)cc2)c(C)c1,342.85
*c1ccc2c(c1)C(=O)N(c1ccc(Cc3ccc(N(c4ccccc4)c4ccc(N5C(=O)c6ccc(*)cc6C5=O)cc4)cc3)cc1)C2=O,299.75
*c1cc(C)c(OC(=O)c2ccc(-n3c(=O)c4cc5c(=O)n(*)c(=O)c5cc4c3=O)cc2OC(C)=O)c(O[N+](=O)c2cccc(OCC)c2)c1,230.28
*c1ccc(Oc2ccc(-n3c(=O)c4cc5c(=O)n(*)c(=O)c5cc4c3=O)cc2C(=O)c2ccc(OCC(F)C(F)(F)C(F)(F)F)cc2)cc1,200.04
*c1ccc(C(=O)NCCNC(=O)c2ccc(C(=O)Nc3ccc(-n4c(=O)c5cc6c(=O)n(*)c(=O)c6cc5c4=O)cc3C)cc2)c(C)c1C,253.46
*c1ccc(-c2ccc(N3C(=O)c4ccc(Oc5cc6ccccc6cc5Oc5ccc6c(c5)C(=O)N(*)C6=O)cc4C3=O)c(C)c2)cc1C,294.205
*c1ccc(S(=O)(=O)c2ccc(N3C(=O)c4ccc(-c5ccc6ccccc6c5Oc5ccc6c(c5)C(=O)N(*)C6=O)cc4C3=O)cc2)cc1,285.81
*c1ccc(-c2ccc(-c3ccc(N4C(=O)c5ccc(-c6ccc7c(c6)C(=O)N(*)C7=O)cc5C4=O)cc3-c3ccccc3)cc2)cc1OC,305.175
*c1ccc(-c2cc(-c3ccc(C#N)cc3)cc(-c3ccc(N4C(=O)c5ccc(-c6ccc7c(c6)C(=O)N(*)C7=O)cc5C4=O)cc3)c2)cc1,304.22
*c1ccc2c(c1)C(=O)N(c1ccc(Cc3ccc(N4C(=O)c5ccc(*)cc5C4=O)c(-c4ccccc4)c3-c3ccccc3)cc1F)C2=O,286.89
*c1ccc(P(=O)(c2ccccc2)c2ccc(-n3c(=O)c4cc5c(=O)n(*)c(=O)c5cc4c3=O)cc2OCCCCCCCCCC)c(C)c1,178.87
*c1ccc(-c2ccc(N3C(=O)c4ccc(Oc5ccc6c(c5)C(=O)N(*)C6=O)cc4C3=O)cc2C(=O)Oc2ccc3ccccc3c2)cc1,288.37
*c1ccc(Oc2ccc(-c3ccc(Oc4ccc(N5C(=O)c6ccc(-c7cccc8c7C(=O)N(*)C8=O)cc6C5=O)cc4)cc3)cc2)cc1,326.485
*c1ccc(-c2ccc(-n3c(=O)c4cc5c(=O)n(*)c(=O)c5cc4c3=O)cc2S(=O)(=O)Oc2ccc(-c3cccc4nccc-4c3)cc2)cc1,257.36
*CC(CC)(CC)COC(=O)C(Cc1ccccc1)C(=O)OCCOC(=O)c1ccc2c(c1)C(=O)N(c1ccc(Oc3ccc(Oc4ccc(N5C(=O)c6ccc(*)cc6C5=O)cc4)cc3)cc1)C2=O,168.47
*c1ccc(N(c2ccccc2)c2ccc(-c3ccc(N4C(=O)c5ccc(-c6ccc7c(c6)C(=O)N(*)C7=O)cc5C4=O)cc3)cc2)cc1,319.04
*c1ccc(-c2ccc(-c3ccc(-c4ccc(N5C(=O)c6ccc(Oc7ccc8c(c7)C(=O)N(*)C8=O)cc6C5=O)cc4)cc3)cc2)cc1,326.755
*c1cccc(Cc2cccc(N3C(=O)c4ccc(Oc5cc6ccccc6cc5Oc5ccc6c(c5)C(=O)N(*)C6=O)cc4C3=O)c2)c1,234.82
*OC(=O)c1ccccc1C(=O)OC(=O)c1ccccc1NC(=O)COc1ccc(C(C)(C)c2ccc(OC(=O)CN3C(=O)c4ccc(Oc5ccc6c(c5)C(=O)N(*)C6=O)cc4C3=O)cc2)cc1,157.84
*c1ccc(Oc2ccc(-n3c(=O)c4cc5c(=O)n(*)c(=O)c5cc4c3=O)cc2)c(-c2ccc([N+](=O)[O-])cc2OCCCCCCCC)c1,187.96
*c1ccc(OCCCCOCCCCCCOc2ccc(-n3c(=O)c4cc5c(=O)n(*)c(=O)c5c(-c5ccccc5)c4c3=O)cc2)cc1,165.75
*c1ccc(N(c2ccccc2)c2ccc(N3C(=O)c4ccc(Oc5ccc6c(c5)C(=O)N(*)C6=O)cc4C3=O)c(Cl)c2)c2ccccc12,315.31
*Oc1ccc(Oc2ccc(C(=O)Nc3cccc(-n4c(=O)c5cc6c(=O)n(*)c(=O)c6cc5c4=O)c3)c(S(=O)(=O)O)c2)cc1C(C)(C)C,247.95
*C(=O)c1cccc([Si](C)(C)NC(=O)c2ccccc2C(=O)Nc2ccc(-n3c(=O)c4cc5c(=O)n(*)c(=O)c5cc4c3=O)cc2CC)c1,256.39
*c1ccc(OC(=O)c2cccc(OCCCCCC)c2)c(C(=O)Oc2ccc(-n3c(=O)c4cc5c(=O)n(*)c(=O)c5cc4c3=O)cc2)c1,183.02
*c1ccc(NC(=O)c2ccc(-n3c(=O)c4cc5c(=O)n(*)c(=O)c5cc4c3=O)cc2OCCN(CC)c2ccc(C(C)(C)C)cc2)cc1,210.59
*c1ccc(Oc2ccc(-c3ccc(-c4ccc(N5C(=O)c6ccc(-c7ccc8c(c7)C(=O)N(*)C8=O)cc6C5=O)cc4)cc3)cc2)cc1,329.05
*Oc1ccccc1OC(=O)c1ccc(Cc2ccc(OC(=O)c3ccc(C(=O)OCCCCCn4c(=O)c5cc6c(=O)n(*)c(=O)c6cc5c4=O)cc3)c(Cl)c2)cc1,125.09
*c1ccc([Si](c2ccccc2)(c2ccccc2)c2ccc(N3C(=O)c4ccc(-c5ccc6c(c5)C(=O)N(*)C6=O)cc4C3=O)cc2)cc1,321.49
*c1ccc(Cc2ccc(N3C(=O)c4ccc(Oc5cccc6c(Oc7ccc8c(c7)C(=O)N(*)C8=O)cccc56)cc4C3=O)cc2)cc1,302.8
*CCCCCCOc1ccc(CCCNP(=O)(c2ccccc2)c2ccc(-n3c(=O)c4cc5c(=O)n(*)c(=O)c5cc4c3=O)cc2)cc1,189.17
*c1ccc(Oc2ccc(-c3ccc(OCCCCCCCCCCCCCCOc4ccc(-n5c(=O)c6cc7c(=O)n(*)c(=O)c7cc6c5=O)cc4)cc3)cc2)cc1,132.955
*c1ccc(Oc2ccc3ccccc3c2Oc2ccc(N3C(=O)c4ccc(Oc5ccc6c(c5)C(=O)N(*)C6=O)cc4C3=O)cc2)cc1,292.09
*Cc1ccc2c(c1)C(=O)N(c1ccc(-c3ccc(-c4ccc(-c5ccc(N6C(=O)c7ccc(*)cc7C6=O)cc5)cc4)cc3)cc1)C2=O,402.56
*C(=O)c1ccc2c(c1)C(=O)N(c1ccc(N3C(=O)c4ccc(-c5ccc6c(c5)C(=O)N(*)C6=O)cc4C3=O)c(C[N+](C)(C)C)c1)C2=O,294.9
*c1ccc(Oc2ccc(S(=O)(=O)c3ccc(-n4c(=O)c5cc6c(=O)n(*)c(=O)c6cc5c4=O)cc3)cc2C(F)(F)F)c(C(F)(F)F)c1,257.57
*c1ccc(N(c2ccccc2)c2cccc(N3C(=O)c4ccc(Oc5ccc6c(c5)C(=O)N(*)C6=O)cc4C3=O)c2)c2ccccc12,290.58
*c1ccc(C(=O)Nc2ccc(-n3c(=O)c4cc5c(=O)n(*)c(=O)c5cc4c3=O)c(C)c2)cc1NC(=O)Oc1ccc(C(C)(C)C)cc1,276.47
*c1cccc(C(=O)NNC(=O)c2ccc(-n3c(=O)c4cc5c(=O)n(*)c(=O)c5cc4c3=O)cc2C(=O)Nc2ccc(OCC)cc2)c1,279.47
*c1ccc(-c2ccc(Oc3ccc(-n4c(=O)c5cc6c(=O)n(*)c(=O)c6cc5c4=O)cc3)cc2OC)c(OCCCCCCCC)c1,174.45
*c1ccc(S(=O)(=O)c2ccc(NC(=O)c3ccc(-n4c(=O)c5cc6c(=O)n(*)c(=O)c6c(C(F)(F)F)c5c4=O)cc3C(C)(C)C)s2)o1,263.07
*OS(=O)(=O)c1ccc(NC(=O)c2ccccc2-c2ccc(-n3c(=O)c4cc5c(=O)n(*)c(=O)c5cc4c3=O)cc2C(F)(F)F)c(C)c1,264.505
*c1ccc(OCCCCCCCCCCOc2ccc(-n3c(=O)c4cc5c(=O)n(*)c(=O)c5cc4c3=O)cc2-c2ccccc2)cc1,241.98
*CCOCCOc1ccc(C(=O)Oc2ccc(-n3c(=O)c4cc5c(=O)n(*)c(=O)c5cc4c3=O)cc2C(=O)Oc2ccccc2)cc1,166.23
*C(=O)c1ccc2c(c1)C(=O)N(c1c(C)cc(N3C(=O)c4ccc(-c5ccc6c(c5C)C(=O)N(*)C6=O)cc4C3=O)c(C)c1C)C2=O,353.18
*OC(=O)c1cc(NC(=O)c2ccc(C(=O)OC(=O)c3ccccc3)cc2)cc(-n2c(=O)c3cc4c(=O)n(*)c(=O)c4cc3c2=O)c1,226.99
*c1ccc(NS(=O)(=O)c2ccc(NC(=O)c3ccc(-n4c(=O)c5cc6c(=O)n(*)c(=O)c6cc5c4=O)cc3)c(C(F)(F)F)c2)cc1,245.44
*c1ccc(-c2ccc(-c3ccc(-n4c(=O)c5cc6c(=O)n(*)c(=O)c6cc5c4=O)cc3C(F)(F)F)cc2[N+](=O)[O-])cc1S(=O)(=O)O,285.32
*C(=O)Nc1ccc(/N=C(/NC(=O)c2ccc(-n3c(=O)c4cc5c(=O)n(*)c(=O)c5cc4c3=O)cc2)c2ccccc2)c(OCC)c1,264.38
*c1cccc(P(=O)(c2cccc(-n3c(=O)c4cc5c(=O)n(*)c(=O)c5c(F)c4c3=O)c2)c2cc(C(F)(F)F)cc(C(F)(F)F)c2)c1,277.46
*CC(O)COc1ccc(-c2ccc(-n3c(=O)c4cc5c(=O)n(*)c(=O)c5cc4c3=O)cc2C(F)(F)F)c(Oc2ccc(Cl)cc2)c1,177.32
*c1ccc(-c2ccc(-n3c(=O)c4cc5c(=O)n(*)c(=O)c5cc4c3=O)cc2)c(-c2ccc(C(C)(OC(F)(F)F)C(F)(F)F)cc2)c1,260.01
*c1ccc(OCCCCCCCOc2ccc(Oc3ccc(-n4c(=O)c5cc6c(=O)n(*)c(=O)c6cc5c4=O)cc3)c(F)c2)cc1,162.4
*c1ccc2c(c1)C(=O)N(c1cc(C)c(N3C(=O)c4ccc(Oc5ccc6c(c5)C(=O)N(*)C6=O)cc4C3=O)c(C(C)(C)C)c1)C2=O,329.17
*/C=C/c1ccc(OC(=O)c2ccc(C(=O)Oc3ccc(-n4c(=O)c5cc6c(=O)n(*)c(=O)c6cc5c4=O)c(OC)c3)cc2)cc1C,221.99
*c1ccc(OCCOc2ccc(-n3c(=O)c4cc5c(=O)n(*)c(=O)c5cc4c3=O)cc2S(=O)(=O)[O][Na])c(OCc2ccccc2)c1,181.26
*Oc1ccc(S(=O)(=O)c2ccc(Oc3ccc(-n4c(=O)c5cc6c(=O)n(*)c(=O)c6cc5c4=O)cc3)cc2C)c(C(F)(F)F)c1,249.9
*CCC(=O)c1ccc(C(=O)Nc2ccc(NC(=O)c3ccc(-n4c(=O)c5cc6c(=O)n(*)c(=O)c6cc5c4=O)cc3)cc2)cc1,255.05
*Oc1ccc(C(=O)Nn2c(=O)c3cc4c(=O)n(*)c(=O)c4cc3c2=O)cc1Oc1ccc(C(=O)Oc2ccc(OC)cc2)cc1,266.82
*c1ccc(CS(=O)(=O)O[Si](C)(C)c2ccc(-n3c(=O)c4cc5c(=O)n(*)c(=O)c5cc4c3=O)cc2Oc2ccc(C)cc2)cc1,209.4
*c1ccc(C(C)(C)c2ccc(C(C)(C)c3ccc(-n4c(=O)c5cc6c(=O)n(*)c(=O)c6cc5c4=O)cc3)c(C(C)(C)C)c2)cc1,266.24
*CCNC(=O)c1ccc(-c2ccc(-n3c(=O)c4cc5c(=O)n(*)c(=O)c5cc4c3=O)cc2S(=O)(=O)[O][Na])c(-c2ccccc2)c1,267.15
*C(=O)OCCN(CCOC(=O)c1ccc2c(c1)C(=O)N(c1ccc(-c3ccc(N4C(=O)c5ccc(*)cc5C4=O)cc3)cc1)C2=O)c1ccc(/N=N/c2ccc(OCCCC)cc2)cc1,173.05
*c1cccc(P(=O)(c2cccc(-n3c(=O)c4cc5c(=O)n(*)c(=O)c5c(C(F)(F)F)c4c3=O)c2)c2ccccc2C(=O)[O][Na])c1,278.54
*Cc1ccc(CN(C)C(=O)c2ccc(C(=O)Nc3ccc(Cn4c(=O)c5cc6c(=O)n(*)c(=O)c6cc5c4=O)cc3)cc2)cc1,220.41
*Oc1ccc(Oc2ccc(C=O)cc2Oc2ccc(-n3c(=O)c4cc5c(=O)n(*)c(=O)c5cc4c3=O)c(C(F)(F)F)c2)cc1Br,223.65
*/C=C/c1cc([SiH](c2ccc(OCC)cc2)c2ccc(-n3c(=O)c4cc5c(=O)n(*)c(=O)c5cc4c3=O)cc2[N+](=O)[O-])ccc1F,260.03
*c1ccc(C(=S)Nc2ccc(-n3c(=O)c4cc5c(=O)n(*)c(=O)c5cc4c3=O)c(S(=O)(=O)c3ccccc3)c2)c(C(F)(F)F)c1,277.9
*c1ccc(-c2ccc(-n3c(=O)c4cc5c(=O)n(*)c(=O)c5cc4c3=O)cc2S(=O)(=O)OC(C)C)c(C(=O)Nc2ccccc2)c1,269.04
*c1ccc2c(c1)C(=O)N(c1ccc(N3C(=O)c4ccc(C(=O)c5ccc6c(c5)C(=O)N(*)C6=O)cc4C3=O)c(S(=O)[O-])c1)C2=O,300.61
*Oc1ccc(C(C)(C)c2ccc(Oc3ccc(-n4c(=O)c5cc6c(=O)n(*)c(=O)c6cc5c4=O)cc3C(C)(C)C)cc2)c(F)c1[2H],247.58
*Oc1ccc(C(=O)NNC(=O)c2cccc(C(=O)Nc3cccc(-n4c(=O)c5cc6c(=O)n(*)c(=O)c6cc5c4=O)c3)c2)cc1,255.61
*c1ccc(Oc2ccc(-n3c(=O)c4cc5c(=O)n(*)c(=O)c5cc4c3=O)cc2)c(-c2ccc(OCCCCS(=O)(=O)O)cc2)c1,173.83
*Oc1ccccc1S(=O)(=O)c1ccc(C(=O)OCCOc2ccc(-n3c(=O)c4cc5c(=O)n(*)c(=O)c5cc4c3=O)cc2)cc1,180.05
*Oc1ccc(Oc2ccc(-n3c(=O)c4cc5c(=O)n(*)c(=O)c5cc4c3=O)cc2S(=O)(=O)c2ccc(CCCC)cc2)cc1,258.98
*c1ccc(Sc2ccc(-c3ccc(-n4c(=O)c5cc6c(=O)n(*)c(=O)c6cc5c4=O)cc3[N+](F)(F)F)c(C(C)(C)C)c2)cc1,260.89
*Oc1ccc(S(=O)(=O)c2ccc(Oc3ccc(-n4c(=O)c5cc6c(=O)n(*)c(=O)c6cc5c4=O)cc3)cc2)cc1C(C)(C)C,255.19
*c1ccc(-c2ccc(-n3c(=O)c4c(F)c5c(=O)n(*)c(=O)c5c(-c5cc(C(F)(F)F)cc(C(F)(F)F)c5)c4c3=O)cc2)cc1,317.42
*C(=O)c1ccc2c(c1)C(=O)N(c1c(C)cc(N3C(=O)c4ccc(-c5ccc6c(c5)C(=O)N(*)C6=O)cc4C3=O)cc1C)C2=O,345.96
*C(=O)Nc1ccc(S(=O)(=O)c2ccc(S(=O)(=O)c3ccc(-n4c(=O)c5cc6c(=O)n(*)c(=O)c6cc5c4=O)cc3)cc2)cc1,272.84
*c1ccc(-c2ccc(Oc3ccc(-n4c(=O)c5cc6c(=O)n(*)c(=O)c6cc5c4=O)cc3)cc2C(F)(F)F)c(C(F)(F)F)c1,262.52
*c1ccc(S(=O)(=O)N(C)c2cc(O)c(-n3c(=O)c4cc5c(=O)n(*)c(=O)c5cc4c3=O)cc2S(=O)(=O)c2ccccc2)cc1,285.45
*c1ccc2c(c1)C(c1ccc(Oc3ccc4c(c3)[Si](C)(C)C4=O)cc1Cn1c(=O)c3cc4c(=O)n(*)c(=O)c4cc3c1=O)=N2,244.47
*c1ccc2c(c1)C(=O)N(c1ccc(N3C(=O)c4ccc(-c5ccc6c(c5)C(=O)N(*)C6=O)cc4C3=O)c(C(F)(F)F)c1)C2=O,336.17
*c1ccc(N(c2ccc(CCCCCC)cc2)c2ccc(-n3c(=O)c4cc5c(=O)n(*)c(=O)c5cc4c3=O)cc2C)c(C)c1,260.46
*c1ccc(C(C)(c2ccccc2)c2ccc(-n3c(=O)c4cc5c(=O)n(*)c(=O)c5cc4c3=O)cc2S(=O)(=O)O)c(OCC)c1,247.87
*Nc1ccc(NC(=O)c2ccc(NC(=O)c3ccc(C(=O)n4c(=O)c5cc6c(=O)n(*)c(=O)c6cc5c4=O)cc3)cc2)cc1,263.24
*C(=O)OCCN(CCOC(=O)c1ccc2c(c1)C(=O)N(c1ccc(Oc3ccc(N4C(=O)c5ccc(*)cc5C4=O)cc3)cc1)C2=O)c1ccc(/C=C/c2ccc([N+](=O)[O-])cc2)cc1,179.25
*CSC(=O)Nc1ccc(NC(=O)c2ccc(-n3c(=O)c4cc5c(=O)n(*)c(=O)c5cc4c3=O)cc2Oc2ccccc2)cc1,228.22
*c1ccc(-c2ccc(NC(=O)CCCCCCc3ccccc3-n3c(=O)c4cc5c(=O)n(*)c(=O)c5cc4c3=O)nn2)cc1,198.14
*c1ccc(C(=O)NNC(=O)c2ccc(C(=O)NOC(=O)c3ccc(-n4c(=O)c5cc6c(=O)n(*)c(=O)c6cc5c4=O)cc3)c(C(=O)OCCCCCCCCCCCCCC)c2)cc1,169.38
*C(=O)c1ccc2c(c1)C(=O)N(c1ccc(N3C(=O)c4ccc(Oc5ccc6c(c5)C(=O)N(*)C6=O)cc4C3=O)cc1Cl)C2=O,320.74
*/C=C/c1ccc(Oc2ccc(/N=C/c3ccc(OCn4c(=O)c5cc6c(=O)n(*)c(=O)c6cc5c4=O)cc3)c(F)c2F)cc1,196.95
*c1ccc(Cc2ccc(N3C(=O)c4ccc([Si](C)(C)O[Si](C)(C)O[Si](C)(C)c5ccc([Si](C)(C)c6ccc(Oc7ccc8c(c7)C(=O)N(*)C8=O)cc6)cc5)cc4C3=O)cc2)cc1,186.76
*c1ccc2c(c1)C(=O)N(c1ccc(OCCCCOc3ccc(-c4ccc(Oc5ccc(N6C(=O)c7ccc(C(*)(C(F)(F)F)C(F)(F)F)cc7C6=O)cc5)cc4)cc3)cc1)C2=O,158.59
*c1cccc(P(C)(=O)c2cccc(-n3c(=O)c4c(F)c5c(=O)n(*)c(=O)c5c(-c5ccc(C(F)(F)F)cc5)c4c3=O)c2)c1,256.78
*c1ccc(C(=O)Nc2ccc(-n3c(=O)c4cc5c(=O)n(*)c(=O)c5cc4c3=O)cc2S(=O)(=O)Oc2ccc(I)cc2)cc1,304.35
*CC(O)COc1cc(C(=O)Oc2cccc(-n3c(=O)c4cc5c(=O)n(*)c(=O)c5cc4c3=O)c2)cc(-c2ccccc2)c1,176.03
*CC(=Cc1ccc(Cn2c(=O)c3cc4c(=O)n(*)c(=O)c4cc3c2=O)cc1)COc1ccc(-c2ccc(C#N)cc2)cc1,174.31
*C(=O)Nc1ccc(Oc2cccc(NC(=O)c3ccc(-n4c(=O)c5cc6c(=O)n(*)c(=O)c6cc5c4=O)cc3)c2C)cc1,277.99
*c1ccc(Oc2ccc(-n3c(=O)c4cc5c(=O)n(*)c(=O)c5cc4c3=O)cc2C(=O)[O][Na])c(C#Cc2ccc(F)cc2)c1,246.89
*c1ccc(OC(=O)c2ccc(-n3c(=O)c4cc5c(=O)n(*)c(=O)c5cc4c3=O)cc2)c(OC(=O)c2ccc(OC)cc2)c1,219.08
*c1ccc2c(c1)C(=O)N(c1ccc(N3C(=O)c4ccc(C(C)(C)c5ccc6c(c5)C(=O)N(*)C6=O)cc4C3=O)cc1)C2=O,266.805
*c1ccc2c(c1)C(=O)N(c1ccc(N3C(=O)c4ccc([Si](C)(C)c5ccc6c(c5)C(=O)N(*)C6=O)cc4C3=O)cc1)C2=O,360.46
*C(=O)Nc1ccc(-c2ccc(NC(=O)Cc3ccc(-n4c(=O)c5cc6c(=O)n(*)c(=O)c6cc5c4=O)cc3)c(C)c2)cc1,268.135
*c1ccc(Oc2ccccc2/N=N/c2ccc(-n3c(=O)c4cc5c(=O)n(*)c(=O)c5cc4c3=O)cc2C(F)(F)F)cc1F,275.97
*CC(O)CN(C)c1cc(-c2cc(-c3ccccc3)ccc2-n2c(=O)c3cc4c(=O)n(*)c(=O)c4cc3c2=O)c(C)cc1C,220.75
*OC(=O)Nc1ccccc1-c1cccc(NC(=O)c2cccc(-n3c(=O)c4cc5c(=O)n(*)c(=O)c5cc4c3=O)c2Cl)c1,299.95
*c1ccc(/C(C)=C/c2ccc(-n3c(=O)c4cc5c(=O)n(*)c(=O)c5cc4c3=O)cc2Cc2ccc([N+](=O)[O-])cc2C)cc1,298.99
*c1ccc(Oc2ccc(-n3c(=O)c4cc5c(=O)n(*)c(=O)c5cc4c3=O)cc2Sc2c(F)c(F)c(F)c(F)c2F)cc1Br,254.56
*c1ccc(-c2ccc(-n3c(=O)c4cc5c(=O)n(*)c(=O)c5cc4c3=O)cc2OC(=O)c2ccc(OCCCC)cc2)cc1,232.6
*c1ccc(/C=C(\C)c2ccccc2)c(OC(=O)CCCCCCOC(=O)c2ccc(N3C(=O)c4ccc(Oc5ccc6c(c5)C(=O)N(*)C6=O)cc4C3=O)cc2-c2ccccc2)n1,138.95
*C(=O)c1ccc2c(c1)C(=O)N(c1ccc(N3C(=O)c4ccc(-c5ccc6c(c5)C(=O)N(*)C6=O)cc4C3=O)c(C)c1)C2=O,312.04
*c1ccc(Oc2ccc(Cn3c(=O)c4cccc5c(=O)n(*)c(=O)c5cc4c3=O)cc2C(=O)OCc2ccccc2)cc1,199.82
*c1ccc(OP(=O)(c2ccc(OCCCCCCCCC[Si](C)(C)n3c(=O)c4cc5c(=O)n(*)c(=O)c5cc4c3=O)cc2C(C)(C)C)N(C)c2ccc(OC)cc2)c(C(C)(C)C)c1,156.17
*CCOCCOc1ccc(-c2ccc(-n3c(=O)c4cc5c(=O)n(*)c(=O)c5cc4c3=O)cc2Oc2ccccc2)cc1,161.01
*c1cccc(CC(=O)Nc2cccc(NC(=O)c3ccc(-n4c(=O)c5cc6c(=O)n(*)c(=O)c6cc5c4=O)cc3)c2)c1,263.29
*Oc1ccc(/N=C(\C)c2ccc(-c3ccc(N(CC)n4c(=O)c5cc6c(=O)n(*)c(=O)c6cc5c4=O)cc3)cc2)cc1,225.05
*C(=O)OCCN(CCOC(=O)c1ccc2c(c1)C(=O)N(c1ccc(-c3ccc(N4C(=O)c5ccc(*)cc5C4=O)cc3)cc1)C2=O)c1ccc(/N=N/c2ccc(C#N)cc2)cc1,186.51
*c1ccc(C(c2ccccc2)c2ccc(-n3c(=O)c4cc5c(=O)n(*)c(=O)c5c(C(F)(F)F)c4c3=O)c(C)c2)cc1C,314.84
*c1ccc(/C=C/c2ccc(C#Cn3c(=O)c4cc5c(=O)n(*)c(=O)c5cc4c3=O)cc2Oc2ccc(C#C)cc2)cc1,215.09
*c1ccc(Oc2ccc(Oc3ccc(-n4c(=O)c5cc6c(=O)n(*)c(=O)c6cc5c4=O)cc3)cc2)c(S(=O)(=O)[O][Na])c1,259.85
*c1ccc([Si](Oc2ccc(-n3c(=O)c4c(Cl)c5c(=O)n(*)c(=O)c5c(-c5ccccc5)c4c3=O)cc2)C(F)(F)F)cc1,273.1
*c1ccc(Oc2ccc(-n3c(=O)c4cc5c(=O)n(*)c(=O)c5cc4c3=O)cc2S(=O)(=O)[O][Na])c(Sc2ccccc2)n1,281.56
*NNC(=O)c1ccc([SH](=O)(O)c2ccc(-n3c(=O)c4cc5c(=O)n(*)c(=O)c5cc4c3=O)cc2-c2ccccc2)cc1,289.19
*C(=O)OCCN(CCOC(=O)c1ccc2c(c1)C(=O)N(c1ccc(Oc3ccc(N4C(=O)c5ccc(*)cc5C4=O)cc3)cc1)C2=O)c1ccc(/N=N/c2ccc(C)cc2)cc1,184.16
*c1ccc(Oc2ccccc2Oc2ccc(-n3c(=O)c4cc5c(=O)n(*)c(=O)c5cc4c3=O)cc2C(C)C)c(OC)c1,246.6
*Oc1ccc(C(=O)c2ccc(S(=O)(=O)c3ccc(-n4c(=O)c5cc6c(=O)n(*)c(=O)c6cc5c4=O)cc3)cc2)cc1C,294.99
*c1ccc(Oc2ccc(-n3c(=O)c4cc5c(=O)n(*)c(=O)c5c(C(F)(F)F)c4c3=O)cc2C(F)(F)F)c2ccccc12,313.4
*c1cc(C(c2ccc(OCCN(C)c3ccc(/C=C/C4=CC(=C(C#N)C#N)CC(C)(C)C4)cc3)c(N3C(=O)c4ccc(Oc5ccc6c(c5)C(=O)N(*)C6=O)cc4C3=O)c2)(C(F)(F)F)C(F)(F)F)ccc1O,200.57
*Oc1ccc(S(=O)(=O)c2ccc(OC(=O)c3ccc(-n4c(=O)c5cc6c(=O)n(*)c(=O)c6cc5c4=O)cc3)cc2)cc1,257.36
*c1ccccc1C(=O)Oc1ccc(OC(=O)c2ccc(-n3c(=O)c4cc5c(=O)n(*)c(=O)c5cc4c3=O)cc2)c(Br)c1,238.3
*Oc1ccc(C(=O)Nc2ccc(Oc3ccc(-n4c(=O)c5cc6c(=O)n(*)c(=O)c6cc5c4=O)cc3)c(C)c2)cc1F,290.53
*c1ccc(COc2ccc(-n3c(=O)c4cc5c(=O)n(*)c(=O)c5cc4c3=O)cc2S(=O)(=O)/C=C/c2ccccc2)cc1,200.19
*Oc1ccc(C(CC)=C(c2ccccc2)c2ccc(-n3c(=O)c4cc5c(=O)n(*)c(=O)c5cc4c3=O)cc2Cl)c(F)c1,304.11
*c1ccc(N2N=NC(c3cccc(-n4c(=O)c5cc6c(=O)n(*)c(=O)c6cc5c4=O)n3)=NN=C2c2ccccc2)cc1,321.79
*c1ccc(Oc2ccc(Oc3ccc(Sn4c(=O)c5cc6c(=O)n(*)c(=O)c6cc5c4=O)cc3)c(C(C)(C)C)c2)cc1,247.77
*c1ccc2c(c1)C(=O)N(c1ccc(N3C(=O)c4ccc(Oc5ccc6c(c5)C(=O)N(*)C6=O)cc4C3=O)cc1N)C2=O,349.12
*C(=O)CCCCOC(=O)c1ccc(-c2ccc(C(=O)OC(=O)c3ccc4c(c3)C(=O)N(c3ccc(Oc5ccc(N6C(=O)c7ccc(*)cc7C6=O)cc5)cc3)C4=O)cc2)cc1,163.04
*c1cccc(P(=O)(c2ccccc2)c2cccc(-n3c(=O)c4c(F)c5c(=O)n(*)c(=O)c5c(C(F)(F)F)c4c3=O)c2)c1,267.75
*Oc1ccc(C(C)(c2ccccc2)c2ccc(N(CCC)n3c(=O)c4cc5c(=O)n(*)c(=O)c5cc4c3=O)cc2)cc1,235.92
*OOC(=O)c1cccc(OCCOC)c1Oc1ccc(-n2on2-n2c(=O)c3cc4c(=O)n(*)c(=O)c4cc3c2=O)cc1,197.64
*O[Si](c1ccccc1)c1ccc(Cc2ccc(-n3c(=O)c4cc5c(=O)n(*)c(=O)c5cc4c3=O)cc2)c(C(C)(C)C)c1,248.255
*c1ccc(-n2on2-c2ccc(-n3c(=O)c4cc5c(=O)n(*)c(=O)c5cc4c3=O)cc2S(=O)(=O)[O][Na])c(C(=O)[O][Na])c1,261.33
*c1ccc(Oc2ccc(-n3c(=O)c4cc5c(=O)n(*)c(=O)c5cc4c3=O)cc2S(=O)(=O)O)c(Oc2ccccc2)c1,267.98
*c1ccc(Cc2ccc(-n3c(=O)c4cc5c(=O)n(*)c(=O)c5cc4c3=O)c(O)c2)c(Oc2ccccc2[N+](=O)[O-])c1,243.46
*c1ccc(-c2ccc(-n3c(=O)c4c(F)c5c(=O)n(*)c(=O)c5c(Oc5ccc(Cl)cc5)c4c3=O)cc2F)c(F)c1F,310.59
*c1ccc(Oc2cccc(NC(=O)c3ccc(-n4c(=O)c5cc6c(=O)n(*)c(=O)c6cc5c4=O)c(C)c3)c2)cc1C,295.77
*c1ccc(C(C)(C)c2ccc([Si](C)(C)c3ccc(-n4c(=O)c5cc6c(=O)n(*)c(=O)c6cc5c4=O)cc3)cc2)cc1,276.44
*c1ccc(C(=O)Nc2cccc(NC(=O)c3ccc(-n4c(=O)c5cc6c(=O)n(*)c(=O)c6cc5c4=O)cc3)c2)cc1,277.585
*c1ccc(Oc2ccc(Oc3ccc(-n4c(=O)c5cc6c(=O)n(*)c(=O)c6cc5c4=O)cc3)cc2)c(C(=O)OC)c1,252.64
*CCC(=O)Nc1ccc(Oc2ccc(-n3c(=O)c4cc5c(=O)n(*)c(=O)c5cc4c3=O)cc2-c2ccccc2)cc1,293.46
*c1ccc2c(c1)C(=O)N(c1ccc(N3C(=O)c4ccc(-c5ccc6c(c5)C(=O)N(*)C6=O)cc4C3=O)cc1C)C2=O,358.325
*c1ccc(OC(=O)c2cccc(C(=O)Oc3ccc(-n4c(=O)c5cc6c(=O)n(*)c(=O)c6cc5c4=O)cc3)c2)cc1,217.55
*c1cccc(P(=O)(c2cccc(C(F)(F)F)c2)c2cccc(-n3c(=O)c4cc5c(=O)n(*)c(=O)c5cc4c3=O)n2)c1,262.39
*c1cccc(P(=O)(c2ccc(C(F)(F)F)cc2)c2cccc(-n3c(=O)c4cc5c(=O)n(*)c(=O)c5cc4c3=O)n2)c1,284.39
*c1ccc(/C=C(\C#N)c2ccc(-n3c(=O)c4cc5c(=O)n(*)c(=O)c5cc4c3=O)cc2OC)c(-c2ccccc2)c1,294.12
*c1ccc(S(=O)(=O)c2ccc(-n3c(=O)c4cc5c(=O)n(*)c(=O)c5cc4c3=O)cc2C(=O)Nc2ccccc2)cc1,285.58
*c1ccc(Oc2ccc(-n3c(=O)c4cc5c(=O)n(*)c(=O)c5cc4c3=O)cc2-c2ccccc2C(F)(F)F)c(Cl)c1,300.305
*c1ccc(C(C)(C)c2ccc(-n3c(=O)c4cc5c(=O)n(*)c(=O)c5cc4c3=O)cc2S(=O)(=O)c2ccccc2)cc1,294.98
*c1ccc(OC=CC(C)[Si](c2ccccc2)c2ccc(-n3c(=O)c4cc5c(=O)n(*)c(=O)c5cc4c3=O)cc2)cc1,251.63
*Oc1ccc(Oc2ccc(-n3c(=O)c4cc5c(=O)n(*)c(=O)c5cc4c3=O)cc2S(=O)(=O)c2ccc(Br)cc2)cc1,271.99
*c1ccc(Cc2ccc(-n3c(=O)c4cc5c(=O)n(*)c(=O)c5cc4c3=O)c(C(C)(C)C)c2)cc1-c1cccc(C)c1,267.59
*c1ccc(Nc2ccc(-n3c(=O)c4cc5c(=O)n(*)c(=O)c5cc4c3=O)cc2S(=O)(=O)O)c(Oc2ccccc2)n1,317.04
*C(=O)Nc1ccc(Oc2ccc(-n3c(=O)c4cc5c(=O)n(*)c(=O)c5c(OC)c4c3=O)cc2-c2ccccc2)cc1,317.99
*c1ccc(C(C)(C)c2ccc(C(=O)Nc3ccc(-n4c(=O)c5cc6c(=O)n(*)c(=O)c6cc5c4=O)cc3)cc2)cc1,294.13
*Oc1ccc(NC(=O)c2ccccc2-c2ccc(-n3c(=O)c4cc5c(=O)n(*)c(=O)c5cc4c3=O)c(OC)c2)cc1,275.65
*Sc1ccc(-c2ccc(-n3c(=O)c4cc5c(=O)n(*)c(=O)c5cc4c3=O)cc2S(=O)(=O)O)c(Oc2ccccc2)c1,245.89
*Oc1ccc(/C=N/C=C/c2cc(-c3ccccc3)cc(-n3c(=O)c4cc5c(=O)n(*)c(=O)c5cc4c3=O)c2)c(C)c1,286.19
*Sc1ccc(NC(=O)c2ccc(-n3c(=O)c4cc5c(=O)n(*)c(=O)c5cc4c3=O)cc2/C=C/c2ccccc2)cc1,307.26
*c1ccc(C(C)(C)c2ccc(-n3c(=O)c4cc5c(=O)n(*)c(=O)c5cc4c3=O)cc2OC)c(-c2ccc(Cl)cc2)c1,320.45
*c1ccc(OC(=O)c2ccccc2Oc2cnc(-n3c(=O)c4cc5c(=O)n(*)c(=O)c5cc4c3=O)c(C)c2)cc1C,252.82
*c1ccc(Oc2ccc(Oc3ccc(-n4c(=O)c5cc6c(=O)n(*)c(=O)c6cc5c4=O)cc3)c(C(C)(C)C)c2)cc1,272.475
*CCCC(=O)Nc1ccc(-c2ccccc2-c2ccc(-n3c(=O)c4cc5c(=O)n(*)c(=O)c5cc4c3=O)cc2)nc1,271.82
*c1ccc(C(c2ccccc2)c2ccc(-n3c(=O)c4cc5c(=O)n(*)c(=O)c5cc4c3=O)cc2C(F)(F)F)cc1C,317.2
*OC(=O)c1ccc(S(=O)(=O)c2ccc(-n3c(=O)c4cc5c(=O)n(*)c(=O)c5cc4c3=O)c(-c3ccccc3)c2)cc1,251.13
*c1ccc(Oc2ccc(-n3c(=O)c4cc5c(=O)n(*)c(=O)c5cc4c3=O)cc2S(=O)(=O)c2ccccc2)c(F)c1Br,288.9
*c1ccc(OCCCCCCCCCCOc2ccc(N3C(=O)c4ccc(Oc5ccc(-c6ccc(Oc7ccc8c(c7)C(=O)N(*)C8=O)cc6)cc5)cc4C3=O)cc2)cc1,154.84
*c1ccc(C(=O)/C=C/c2ccccc2/C=C/c2ccc(-n3c(=O)c4cc5c(=O)n(*)c(=O)c5cc4c3=O)cc2)cc1,293.53
*c1ccc(Nc2ccc(-n3c(=O)c4cc5c(=O)n(*)c(=O)c5cc4c3=O)cc2Oc2ccc(C(F)(F)F)cc2)cc1,315.435
*C(=O)Nc1ccc(C(=O)c2ccc(Nn3c(=O)c4cc5c(=O)n(*)c(=O)c5cc4c3=O)cc2-c2ccccc2)cc1,299.89
*c1ccc([Si](c2ccccc2)c2ccc(-n3c(=O)c4cc5c(=O)n(*)c(=O)c5cc4c3=O)cc2OCCCC)cc1,262.47
*c1cccc(CCCCN=C(c2ccccc2)c2ccc(-n3c(=O)c4cc5c(=O)n(*)c(=O)c5cc4c3=O)cc2)n1,206.74
*c1ccc([Si](C)(C)c2ccc([Si](C)(C)c3ccc(-n4c(=O)c5cc6c(=O)n(*)c(=O)c6cc5c4=O)cc3)cc2)cc1,268.47
*c1ccc(C(C)(C)c2ccc(-n3c(=O)c4cc5c(=O)n(*)c(=O)c5cc4c3=O)cc2)c(OC(=O)c2ccccc2)c1,246.75
*Oc1ccc(OC(=O)Oc2ccc(-n3c(=O)c4cc5c(=O)n(*)c(=O)c5cc4c3=O)cc2-c2ccc(O)cc2)cc1,243.67
*c1ccc(C(=O)Nc2ccc(NC(=O)c3ccc(-n4c(=O)c5cc6c(=O)n(*)c(=O)c6cc5c4=O)cc3)cc2)cc1,328.76
*Nc1ccccc1CCc1ccc(NC(=O)c2ccc(-n3c(=O)c4cc5c(=O)n(*)c(=O)c5cc4c3=O)cc2)cc1,256.88
*c1ccc2c(c1)C(=O)N(c1ccc(C)c(N3C(=O)c4ccc(-c5ccc6c(c5)C(=O)N(*)C6=O)cc4C3=O)c1)C2=O,394.465
*Oc1ccc(COc2ccc(-n3c(=O)c4cc5c(=O)n(*)c(=O)c5cc4c3=O)cc2)cc1-c1ccc(OC)cc1,196.69
*c1ccc(-c2ccc(Oc3ccc(-n4c(=O)c5cc6c(=O)n(*)c(=O)c6cc5c4=O)cc3)cc2S(=O)(=O)O)nn1,275.07
*c1ccc(-c2ccc(-c3ccc(-n4c(=O)c5cc6c(=O)n(*)c(=O)c6cc5c4=O)cc3)cc2Br)c(C(F)(F)F)c1,301.36
*c1ccc([SiH](c2ccccc2)c2ccc(-n3c(=O)c4cc5c(=O)n(*)c(=O)c5cc4c3=O)cc2OC)c(C)c1C,312.43
*c1ccc(CCc2ccc(-n3c(=O)c4cc5c(=O)n(*)c(=O)c5cc4c3=O)cc2)c(NC(=O)c2ccccc2)c1,292.43
*Oc1ccc(NC(=O)c2ccc(-n3c(=O)c4cc5c(=O)n(*)c(=O)c5cc4c3=O)cc2Oc2ccccc2)nc1,335.68
*c1cc(Br)c(-c2cc(C)c(-n3c(=O)c4cc5c(=O)n(*)c(=O)c5c(-c5ccc(F)cc5)c4c3=O)c(C)c2)cc1C,363.99
*c1ccc(Oc2ccc(-n3c(=O)c4cc5c(=O)n(*)c(=O)c5cc4c3=O)cc2S(=O)(=O)Oc2ccccc2)cc1,277.91
*Sc1ccc(-c2ccc(-n3c(=O)c4cc5c(=O)n(*)c(=O)c5cc4c3=O)cc2)c(C(=O)OCc2ccccc2)c1,213.18
*Oc1ccc(Oc2ccc(-n3c(=O)c4cc5c(=O)n(*)c(=O)c5cc4c3=O)cc2-c2ccc([N+](=O)[O-])cc2)cc1,276.87
*c1ccc(N(c2ccc(C#N)cc2)c2ccc(-n3c(=O)c4cc5c(=O)n(*)c(=O)c5cc4c3=O)c(C)c2)cc1C,347.18
*c1ccc(Oc2ccccc2Oc2ccc(-n3c(=O)c4cc5c(=O)n(*)c(=O)c5cc4c3=O)cc2F)c(F)c1F,262.52
*c1ccc(-c2ccc(-c3ccc(-n4c(=O)c5cc6c(=O)n(*)c(=O)c6cc5c4=O)cc3)cc2C(F)(F)F)c(Br)c1,345.095
*c1ccc(Oc2ccc(S(=O)(=O)c3ccc(Cn4c(=O)c5cc6c(=O)n(*)c(=O)c6cc5c4=O)cc3)cc2)cc1,248.79
*c1ccc(-c2ccc(Oc3ccc(C(OCC)n4c(=O)c5cc6c(=O)n(*)c(=O)c6cc5c4=O)cc3)cc2)cc1,234.28
*c1ccc(Oc2ccc(-n3c(=O)c4cc5c(=O)n(*)c(=O)c5cc4c3=O)cc2-c2cc(F)cc(F)c2)c(F)c1F,294.47
*c1ccc(-n2c(=O)c3cc4c(=O)n(*)c(=O)c4cc3c2=O)cc1Sc1ccc(/N=N/c2ccc(C#N)cc2)cc1,283.65
*c1ccc(-c2ccc(Oc3ccc(-n4c(=O)c5cc6c(=O)n(*)c(=O)c6cc5c4=O)cc3)cc2)c(C(C)(C)C)c1,274.66
*c1ccc(/C=N/c2ccc(-n3c(=O)c4cc5c(=O)n(*)c(=O)c5cc4c3=O)cc2P(=O)(O)c2ccccc2)cc1,309.255
*c1ccc(S(=O)c2ccc(-c3ccc(-n4c(=O)c5cc6c(=O)n(*)c(=O)c6cc5c4=O)cc3)c(F)c2F)c(Cl)c1,277.83
*c1ccc([Si](C)(C)c2ccc(/C=C/c3ccc(-n4c(=O)c5cc6c(=O)n(*)c(=O)c6cc5c4=O)cc3)cc2)cc1,275.52
*C(=O)Nc1ccc(Oc2ccc(-n3c(=O)c4cc5c(=O)n(*)c(=O)c5cc4c3=O)cc2-c2ccc(F)cc2)cc1,317.67
*c1ccc2c(c1)C(=O)N(c1cccc(N3C(=O)c4ccc(-c5ccc6c(c5)C(=O)N(*)C6=O)cc4C3=O)c1)C2=O,385.57
*c1ccc(/C=C/c2ccc(-n3c(=O)c4cc5c(=O)n(*)c(=O)c5cc4c3=O)cc2S(=O)(=O)[O][Na])c2ccccc12,330.85
*C(=O)Nc1ccc(Oc2ccc(-n3c(=O)c4cc5c(=O)n(*)c(=O)c5cc4c3=O)cc2-c2ccccc2Br)cc1,359.245
*Oc1ccc(-c2ccc(On3c(=O)c4cc5c(=O)n(*)c(=O)c5cc4c3=O)c(C(=O)O)c2)cc1-c1ccccc1,248.33
*c1ccc(Oc2ccc(-n3c(=O)c4cc5c(=O)n(*)c(=O)c5c(-c5ccc(C(F)(F)F)cc5)c4c3=O)cc2)cc1,342.715
*c1ccc(-c2ccc(-n3c(=O)c4cc5c(=O)n(*)c(=O)c5cc4c3=O)cc2CCC(C)C)c(-c2ccccc2)n1,302.75
*Oc1ccc(Oc2ccc(-n3c(=O)c4cc5c(=O)n(*)c(=O)c5cc4c3=O)cc2C(=O)Nc2ccccc2)cc1,324.3
*c1ccc(-c2ccc(-n3c(=O)c4cc5c(=O)n(*)c(=O)c5cc4c3=O)cc2Oc2ccc(C(F)(F)F)cc2)cc1,314.725
*Oc1ccc(-c2ccc(OC(=O)Nc3ccc(-n4c(=O)c5cc6c(=O)n(*)c(=O)c6cc5c4=O)cc3)cc2)cc1,260.13
*c1ccc(Oc2ccc(S(=O)(=O)Oc3ccc(-n4c(=O)c5cc6c(=O)n(*)c(=O)c6cc5c4=O)cc3)cc2)cc1,265.98
*c1ccc(Oc2ccc(-n3c(=O)c4cc5c(=O)n(*)c(=O)c5cc4c3=O)c(S(=O)(=O)O)c2)cc1-c1ccccc1,265.52
*c1ccc(C(=O)CNc2ccc(Cn3c(=O)c4cc5c(=O)n(*)c(=O)c5cc4c3=O)c(-c3ccccc3)c2)cc1,253.98
*c1ccc(Oc2ccc(-n3c(=O)c4cc5c(=O)n(*)c(=O)c5cc4c3=O)cc2S(=O)(=O)O)cc1-c1ccccc1,305.87
*c1ccc(C(C#N)(c2ccc(CC)cc2)c2ccc(-n3c(=O)c4cc5c(=O)n(*)c(=O)c5cc4c3=O)cc2)cc1,339.4
*c1ccc(-c2ccc(-n3c(=O)c4cc5c(=O)n(*)c(=O)c5cc4c3=O)cc2OC(=O)c2ccc(OC)cc2)cc1,311.22
*Oc1ccc(C(C)(C)c2ccc(-c3ccc(-n4c(=O)c5cc6c(=O)n(*)c(=O)c6cc5c4=O)cc3)cc2Cl)cc1,281.73
*Oc1ccc(OC(=O)c2ccc(-n3c(=O)c4cc5c(=O)n(*)c(=O)c5cc4c3=O)cc2-c2ccccc2)nc1,259.19
*c1ccc(Oc2ccc(-n3c(=O)c4cc5c(=O)n(*)c(=O)c5cc4c3=O)nc2C(=O)O)c(-c2ccccc2)c1,285.425
*Oc1ccc(C(c2ccccc2)c2ccc(Cn3c(=O)c4cc5c(=O)n(*)c(=O)c5cc4c3=O)cc2Cl)cc1,233.52
*c1cccc(P(=O)(c2ccccc2)c2ccc(-n3c(=O)c4cc5c(=O)n(*)c(=O)c5cc4c3=O)cc2OC)c1,298.5
*c1ccc(Oc2ccc(-n3c(=O)c4cc5c(=O)n(*)c(=O)c5cc4c3=O)cc2Oc2ccc(OC)cc2)cc1,290.95
*c1ccc(Sc2ccc(-n3c(=O)c4cc5c(=O)n(*)c(=O)c5cc4c3=O)cc2Oc2ccc(OC)cc2)cc1,252.64
*c1ccc(-c2ccc(-c3ccc(-n4c(=O)c5cc6c(=O)n(*)c(=O)c6cc5c4=O)cc3)cc2C(C)(C)C)cc1,319.565
*c1ccc(C(C)(C)OC(=O)c2cccc(-n3c(=O)c4cc5c(=O)n(*)c(=O)c5cc4c3=O)c2)c2ccccc12,251.955
*c1ccc(-c2ccc(Oc3ccc(-n4c(=O)c5cc6c(=O)n(*)c(=O)c6cc5c4=O)cc3)c(C(C)C)c2)cc1,274.475
*c1ccc(NC(=O)c2ccc(-n3c(=O)c4cc5c(=O)n(*)c(=O)c5cc4c3=O)cc2Oc2ccccc2)nn1,298.9
*c1ccc(Oc2ccc(-n3c(=O)c4cc5c(=O)n(*)c(=O)c5cc4c3=O)cc2OC(=O)c2ccccc2)cc1,327.92
*Oc1cccc(OC(=O)c2ccc(-n3c(=O)c4cc5c(=O)n(*)c(=O)c5cc4c3=O)cc2-c2ccccc2)c1,242.48
*c1ccc(-c2ccc(-n3c(=O)c4cc5c(=O)n(*)c(=O)c5cc4c3=O)cc2Oc2ccc([N+](=O)[O-])cc2)cc1,288.13
*c1ccc(NCc2ccc(C#Sc3ccc(-n4c(=O)c5cc6c(=O)n(*)c(=O)c6cc5c4=O)cc3)cc2)cc1,252.06
*/C=C/c1ccc(/C=C(\c2ccccc2)c2ccc(-n3c(=O)c4cc5c(=O)n(*)c(=O)c5cc4c3=O)cc2)cc1,335.52
*c1ccc(Oc2ccc(-n3c(=O)c4cc5c(=O)n(*)c(=O)c5cc4c3=O)c3ccccc23)c(S(=O)(=O)[O][Na])n1,293.11
*c1ccc(Sc2ccc(-c3ccc(-n4c(=O)c5cc6c(=O)n(*)c(=O)c6cc5c4=O)cc3)c(C(=O)O)c2)cc1,275.825
*/C=N/c1ccc(/N=C(\c2ccccc2)c2ccc(-n3c(=O)c4cc5c(=O)n(*)c(=O)c5cc4c3=O)cc2)cc1,330.58
*c1ccc(-c2ccc(-n3c(=O)c4cc5c(=O)n(*)c(=O)c5cc4c3=O)cc2Sc2ccc([N+](=O)[O-])cc2)cc1,268.12
*c1ccc2c(c1)C(=O)N(c1ccc(-c3ccc(N4C(=O)c5ccc(*)cc5C4=O)cc3C(=O)OCCN(C)c3ccc(/N=N/c4ccc([N+](=O)[O-])cc4)cc3)cc1)C2=O,188.54
*Oc1ccc(C(=O)Nc2ccc(-c3ccc(-n4c(=O)c5cc6c(=O)n(*)c(=O)c6cc5c4=O)cc3)cc2)cc1,360.1
*c1ccc(-c2ccc(-n3c(=O)c4cc5c(=O)n(*)c(=O)c5cc4c3=O)cc2S(=O)(=O)O)c(-c2ccccc2)n1,318.72
*c1ccc(-c2ccc(-n3c(=O)c4cc5c(=O)n(*)c(=O)c5cc4c3=O)cc2C(F)(F)F)c(-c2ccccc2)n1,345.58
*Oc1ccccc1C(=O)Oc1nc(-c2ccccc2)nc(-n2c(=O)c3cc4c(=O)n(*)c(=O)c4cc3c2=O)n1,250.97
*c1ccc(Oc2cccc(Oc3ccc(-n4c(=O)c5cc6c(=O)n(*)c(=O)c6cc5c4=O)cc3)c2F)c(F)c1,284.505
*Oc1ccc(Oc2ccc(Oc3ccc(Cn4c(=O)c5cc6c(=O)n(*)c(=O)c6cc5c4=O)cc3)cc2)cc1,307.475
*c1ccc2c(c1)C(=O)N(c1cc(C(=O)O)cc(C(=O)Nc3ccc4c(=O)c(cc(C)c(NC(=O)c5ccc(N6C(=O)c7ccc(C(*)(C(F)(F)F)C(F)(F)F)cc7C6=O)c(C)c5)cc3C)O4)c1)C2=O,301.29
*c1ccc(Oc2ccc(-n3c(=O)c4cc5c(=O)n(*)c(=O)c5cc4c3=O)cc2S(=O)(=O)c2ccccc2)cc1,331.41
*c1ccc(C(=O)c2cccc(C(=O)c3ccc(-n4c(=O)c5cc6c(=O)n(*)c(=O)c6cc5c4=O)cc3)c2)cc1,303.67
*c1ccc(-c2ccc(-c3ccc(-n4c(=O)c5cc6c(=O)n(*)c(=O)c6cc5c4=O)cc3Br)c(F)c2F)c(F)c1[2H],327.88
*c1cc(OCCO)c(-c2ccc(-n3c(=O)c4cc5c(=O)n(*)c(=O)c5cc4c3=O)cc2)cc1-c1ccccc1,253.035
*c1ccc(Oc2ccc(-n3c(=O)c4cc5c(=O)n(*)c(=O)c5cc4c3=O)c(-c3ccc(C)cc3)c2C)c(C)c1,307.11
*c1ccc(Oc2ccc(-n3c(=O)c4cc5c(=O)n(*)c(=O)c5cc4c3=O)c(OC(=O)c3ccccc3)c2)cc1,361.82
*c1ccc(Oc2ccc(-n3c(=O)c4cc5c(=O)n(*)c(=O)c5cc4c3=O)cc2S(=O)(=O)[O][Na])c2ccccc12,306.57
*c1ccc(C(=O)Oc2ccc(Oc3ccc(-n4c(=O)c5cc6c(=O)n(*)c(=O)c6cc5c4=O)cc3)cc2)cc1,292.28
*C(=O)Oc1ccc(C(C)(C)c2ccc(OC(=O)c3ccc4c(c3)C(=O)N(c3cccc(C(=O)Nc5ccc(N6C(=O)c7ccc(*)cc7C6=O)cc5)c3)C4=O)cc2)cc1,195.33
*c1ccc([Si](C)(C)c2ccc(Oc3ccc(-n4c(=O)c5cc6c(=O)n(*)c(=O)c6cc5c4=O)cc3)cc2)cc1,286.81
*c1ccc(/C=C/C(=O)c2ccc(-n3c(=O)c4cc5c(=O)n(*)c(=O)c5cc4c3=O)cc2-c2ccccc2)cc1,292.86
*C(=O)c1ccc(Oc2ccc(Oc3ccc(-n4c(=O)c5cc6c(=O)n(*)c(=O)c6cc5c4=O)cc3)cc2)cc1,284.96
*c1ccc(C(Cc2ccccc2)c2ccc(-n3c(=O)c4cc5c(=O)n(*)c(=O)c5cc4c3=O)c(C)c2)cc1C,284.83
*Nc1ccc(C(c2ccccc2)c2ccc(-n3c(=O)c4cc5c(=O)n(*)c(=O)c5cc4c3=O)c(C)c2)cc1C,308.84
*c1ccc(Oc2ccc(-n3c(=O)c4cc5c(=O)n(*)c(=O)c5cc4c3=O)cc2Oc2ccc(F)cc2)cc1C,293.76
*c1ccc(-c2ccc(-c3ccc(-n4c(=O)c5cc6c(=O)n(*)c(=O)c6cc5c4=O)cc3)cc2)c(OC(C)=O)c1,288.81
*c1ccc(-c2ccc(-n3c(=O)c4cc5c(=O)n(*)c(=O)c5cc4c3=O)cc2Br)c(-c2ccc(F)cc2)c1C#N,340.09
*CC(=O)OCCCCCCCCCCOC(=O)c1ccc2c(c1)C(=O)N(c1ccc(N3C(=O)c4ccc(C(=O)c5ccc6c(c5)C(=O)N(*)C6=O)cc4C3=O)cc1)C2=O,158.59
*c1ccc(-c2ccc(-n3c(=O)c4cc5c(=O)n(*)c(=O)c5cc4c3=O)cc2OC)c(C)c1-c1ccc(Cl)cc1,340.46
*c1ccc(-c2ccc(-n3c(=O)c4cc5c(=O)n(*)c(=O)c5cc4c3=O)cc2-c2ccc(C(F)(F)F)cc2)cc1,343.7
*c1ccc([Si](C)(C)c2ccc(-n3c(=O)c4cc5c(=O)n(*)c(=O)c5cc4c3=O)cc2C)c(-c2ccccc2)c1,292.25
*C(=O)Nc1ccc(Oc2ccc(-n3c(=O)c4cc5c(=O)n(*)c(=O)c5cc4c3=O)cc2-c2cccnc2)cc1,324.81
*c1ccc(Oc2ccc(Oc3ccc(-n4c(=O)c5cc6c(=O)n(*)c(=O)c6cc5c4=O)cc3)cc2)cc1B,325.14
*CC(=O)Nc1ccc(Oc2ccccc2Oc2ccc(NC(=O)CCCN3C(=O)c4ccc(C(c5ccc6c(c5)C(=O)N(*)C6=O)(C(F)(F)F)C(F)(F)F)cc4C3=O)cc2S(=O)(=O)O)c(OC)c1,195.08
*c1[nH]c(-c2c(C)cc(-n3c(=O)c4cc5c(=O)n(*)c(=O)c5c(C)c4c3=O)cc2CC=CC)c2ccccc12,345.65
*c1ccc(C(C#N)(c2ccccc2)c2ccc(-n3c(=O)c4cc5c(=O)n(*)c(=O)c5cc4c3=O)cc2)cc1,341.89
*c1ccc(N(CC)c2ccc(-c3ccc(-n4c(=O)c5cc6c(=O)n(*)c(=O)c6cc5c4=O)cc3)cc2)cc1,279.48
*c1ccc(-c2ccc(-n3c(=O)c4cc5c(=O)n(*)c(=O)c5cc4c3=O)cc2S(=O)(=O)c2ccccc2)cc1,352.24
*Oc1ccc(C(=O)c2ccc(-n3c(=O)c4cc5c(=O)n(*)c(=O)c5cc4c3=O)cc2-c2ccccc2)cc1,344.17
*Nc1ccc(Oc2ccc(-n3c(=O)c4cc5c(=O)n(*)c(=O)c5cc4c3=O)cc2Sc2ccccc2)cc1,303.62
*c1cccc(P(=O)(c2ccccc2)c2ccc(-n3c(=O)c4cc5c(=O)n(*)c(=O)c5cc4c3=O)c(Br)c2)c1,300.12
*c1ccc(C(c2ccccc2)c2ccc(-n3c(=O)c4cc5c(=O)n(*)c(=O)c5cc4c3=O)cc2C)c(C)c1,326.21
*c1ccc(Sc2ccc(-n3c(=O)c4cc5c(=O)n(*)c(=O)c5cc4c3=O)cc2-c2ccccc2)c(C#N)c1,258.54
*c1cc(/N=N/c2ccc(-c3ccccc3)cc2)cc(-n2c(=O)c3cc4c(=O)n(*)c(=O)c4cc3c2=O)c1C,336.99
*c1ccc(Sc2ccc(-c3ccc(-n4c(=O)c5cc6c(=O)n(*)c(=O)c6cc5c4=O)cc3)c(C)c2)cc1Cl,282.59
*c1ccc(-c2ccc(C(=O)Nc3ccc(-n4c(=O)c5cc6c(=O)n(*)c(=O)c6cc5c4=O)cc3)cc2)cc1,383.33
*c1ccc(NC(=O)c2ccc(-c3ccc(-n4c(=O)c5cc6c(=O)n(*)c(=O)c6cc5c4=O)cc3)cc2)cc1,327.775
*c1cccc(P(=O)(c2ccccc2)c2cccc(-n3c(=O)c4cc5c(=O)n(*)c(=O)c5c(F)c4c3=O)c2)c1,289.61
*c1ccc(-c2ccc(-n3c(=O)c4cc5c(=O)n(*)c(=O)c5cc4c3=O)cc2Cl)cc1-c1ccc(OC)cc1,342.435
*c1ccc(NC(=O)c2ccc(-n3c(=O)c4cc5c(=O)n(*)c(=O)c5cc4c3=O)cc2-c2ccccc2)cc1,328.96
*c1ccc(-c2ccc(-n3c(=O)c4cc5c(=O)n(*)c(=O)c5cc4c3=O)cc2C(=O)Oc2ccccc2)cc1,342.8
*c1ccc(Nc2ccc(Nc3ccc(Nn4c(=O)c5cc6c(=O)n(*)c(=O)c6cc5c4=O)cc3)cc2)cc1,317.35
*c1ccc([Si](c2ccc(C#N)cc2)c2ccc(-n3c(=O)c4cc5c(=O)n(*)c(=O)c5cc4c3=O)cc2)cc1,315.0
*c1ccc(Oc2ccc(-n3c(=O)c4cc5c(=O)n(*)c(=O)c5cc4c3=O)c(Cl)c2Cl)cc1-c1ccccc1,298.1
*c1ccc(C(C)(C)c2ccc(-n3c(=O)c4cc5c(=O)n(*)c(=O)c5cc4c3=O)cc2-c2ccccc2)cc1,321.54
*CC(O)COc1ccc(C(=O)Oc2ccc(OC(=O)c3ccc4c(c3)C(=O)N(c3ccc(Oc5cccc(N6C(=O)c7ccc(*)cc7C6=O)c5)cc3)C4=O)o2)cc1,192.34
*c1ccc(Oc2ccc(Oc3ccc(-n4c(=O)c5cc6c(=O)n(*)c(=O)c6c(F)c5c4=O)cc3)cc2)cc1,362.36
*c1ccc(Sc2ccc(-c3ccc(-n4c(=O)c5cc6c(=O)n(*)c(=O)c6cc5c4=O)cc3)cc2)cc1C#C,266.47
*c1ccc(Sc2ccc(/N=N/c3ccc(-n4c(=O)c5cc6c(=O)n(*)c(=O)c6cc5c4=O)cc3)cc2)cc1,274.49
*c1ccc(C(=O)Nc2ccc(-c3ccc(-n4c(=O)c5cc6c(=O)n(*)c(=O)c6cc5c4=O)cc3)cc2)cc1,373.755
*c1ccc(-c2ccc(-n3c(=O)c4cc5c(=O)n(*)c(=O)c5cc4c3=O)cc2Sc2ccc(C=O)cc2)cc1,279.77
*c1ccc(Cc2ccc(-c3ccc(-n4c(=O)c5cc6c(=O)n(*)c(=O)c6cc5c4=O)cc3OC)cc2)cc1,283.18
*Nc1ccc(Cc2ccccc2Nc2ccc(-n3c(=O)c4cc5c(=O)n(*)c(=O)c5cc4c3=O)cc2)cc1,276.305
*c1ccc(Cc2ccc(-n3c(=O)c4cc5c(=O)n(*)c(=O)c5cc4c3=O)cc2C(=O)c2ccccc2)cc1,404.2
*c1ccc(P(=O)(c2ccccc2)c2ccc(-n3c(=O)c4cc5c(=O)n(*)c(=O)c5cc4c3=O)cc2)cc1,310.97
*Oc1ccccc1-c1ccc(Nc2ccc(-n3c(=O)c4cc5c(=O)n(*)c(=O)c5cc4c3=O)cc2)cc1,304.03
*c1ccc(Cc2ccc(-n3c(=O)c4cc5c(=O)n(*)c(=O)c5cc4c3=O)cc2C)c(-c2ccccn2)n1,309.53
*c1ccc(CCc2ccc(-n3c(=O)c4cc5c(=O)n(*)c(=O)c5cc4c3=O)cc2-c2ccccc2)cc1,281.89
*c1ccc(Oc2ccc(-n3c(=O)c4cc5c(=O)n(*)c(=O)c5cc4c3=O)cc2)c(-c2ccccc2)c1S,291.74
*Sc1ccc(Cc2ccc(-n3c(=O)c4cc5c(=O)n(*)c(=O)c5cc4c3=O)cc2-c2ccccc2)cc1,305.655
*c1ccc(Nc2ccc(Nn3c(=O)c4cc5c(=O)n(*)c(=O)c5cc4c3=O)cc2-c2ccccc2)cc1,333.49
*c1ccc(COc2ccc(-n3c(=O)c4cc5c(=O)n(*)c(=O)c5cc4c3=O)cc2-c2ccccc2)cc1,233.73
*c1cccc(Oc2ccc(-n3c(=O)c4cc5c(=O)n(*)c(=O)c5cc4c3=O)cc2-c2ccc(Cl)cc2)c1,296.98
*c1ccc(Oc2ccc(-n3c(=O)c4cc5c(=O)n(*)c(=O)c5cc4c3=O)cc2)cc1Oc1ccccc1,347.44
*c1ccc(C(=O)c2ccc(-n3c(=O)c4cc5c(=O)n(*)c(=O)c5cc4c3=O)cc2-c2ccccc2)cc1,338.05
*Oc1ccc(Oc2ccc(-n3c(=O)c4cc5c(=O)n(*)c(=O)c5cc4c3=O)cc2-c2ccccc2)cc1,330.87
*c1ccc(Cc2ccc(-c3ccc(-n4c(=O)c5cc6c(=O)n(*)c(=O)c6cc5c4=O)cc3C)cc2)cc1,397.36
*c1ccc(Oc2ccc(-n3c(=O)c4cc5c(=O)n(*)c(=O)c5cc4c3=O)c(C)c2)cc1-c1ccccc1,347.3
*c1ccc(Oc2ccc(-n3c(=O)c4cc5c(=O)n(*)c(=O)c5cc4c3=O)c(-c3ccc(Cl)cc3)c2)cc1,331.79
*c1ccc(-c2ccc(-n3c(=O)c4cc5c(=O)n(*)c(=O)c5cc4c3=O)cc2-c2ccc(C#N)cc2)cc1,341.355
*c1ccc(-c2ccc(-n3c(=O)c4cc5c(=O)n(*)c(=O)c5c(F)c4c3=O)c(C)c2)cc1-c1ccccc1,345.47
*c1ccc(Sc2ccc(Nc3ccc(-n4c(=O)c5cc6c(=O)n(*)c(=O)c6cc5c4=O)cc3)cc2)cc1,285.96
*c1ccc([Si](c2ccc(Br)cc2)c2ccc(-n3c(=O)c4cc5c(=O)n(*)c(=O)c5cc4c3=O)cc2)cc1,335.14
*c1ccc(-c2ccc(-c3ccc(-n4c(=O)c5cc6c(=O)n(*)c(=O)c6cc5c4=O)c(OC)c3)cc2)cc1,278.17
*c1ccc(Oc2ccc(-n3c(=O)c4c(F)c5c(=O)n(*)c(=O)c5c(-c5ccccc5)c4c3=O)cc2)cc1,343.99
*Oc1ccc(C(c2ccccc2)c2ccc(-n3c(=O)c4cc5c(=O)n(*)c(=O)c5cc4c3=O)cc2)cc1,292.45
*C(=O)c1ccc(-c2ccc(-c3ccc(-n4c(=O)c5cc6c(=O)n(*)c(=O)c6cc5c4=O)cc3)cc2)cc1,333.945
*C(=O)c1ccc(-c2ccc(-n3c(=O)c4cc5c(=O)n(*)c(=O)c5cc4c3=O)cc2-c2ccccc2)nc1,324.28
*c1ccc(OCc2ccc(-c3ccc(-n4c(=O)c5cc6c(=O)n(*)c(=O)c6cc5c4=O)cc3)cc2)cc1,275.955
*c1ccc(P(=O)(c2ccccc2)c2cccc(-n3c(=O)c4cc5c(=O)n(*)c(=O)c5cc4c3=O)c2)cc1,291.56
*c1ccc(Oc2ccc(-n3c(=O)c4cc5c(=O)n(*)c(=O)c5cc4c3=O)cc2Oc2ccccc2)cc1,360.16
*c1ccc(Oc2ccc(-c3ccc(-n4c(=O)c5cc6c(=O)n(*)c(=O)c6cc5c4=O)cc3)c(Br)c2)cc1,352.3
*c1cccc(P(=O)(c2ccccc2)c2ccc(-n3c(=O)c4cc5c(=O)n(*)c(=O)c5cc4c3=O)cc2)c1,310.1
*c1cscc1-c1ccc(-c2ccc(-n3c(=O)c4cc5c(=O)n(*)c(=O)c5cc4c3=O)c(C)c2)cc1CC,312.07
*c1ccc(N(c2ccc(C#N)cc2)c2ccc(-n3c(=O)c4cc5c(=O)n(*)c(=O)c5cc4c3=O)cc2)s1,320.64
*c1ccccc1-c1ccc(Sc2ccc(-n3c(=O)c4cc5c(=O)n(*)c(=O)c5cc4c3=O)c(O)c2)cc1,302.24
*c1ccc([Si](Sc2ccccc2)c2ccc(-n3c(=O)c4cc5c(=O)n(*)c(=O)c5cc4c3=O)cc2)cc1,258.1
*c1ccc(Cc2ccc(Sc3ccc(-n4c(=O)c5cc6c(=O)n(*)c(=O)c6cc5c4=O)cc3)cc2)cc1,296.14
*c1ccc(Oc2ccc(-n3c(=O)c4cc5c(=O)n(*)c(=O)c5c(O)c4c3=O)cc2-c2ccccc2)cc1,322.06
*Oc1ccc(-c2ccc(Oc3ccc(-n4c(=O)c5cc6c(=O)n(*)c(=O)c6cc5c4=O)cc3)cc2)cc1,361.9
*c1ccc(/C=C(\c2ccccc2)c2ccc(-n3c(=O)c4cc5c(=O)n(*)c(=O)c5cc4c3=O)cc2)cc1,421.24
*c1ccc(C(c2ccccc2)c2ccc(-n3c(=O)c4cc5c(=O)n(*)c(=O)c5cc4c3=O)cc2C)s1,333.965
*c1ccc(Sc2ccc(-n3c(=O)c4cc5c(=O)n(*)c(=O)c5cc4c3=O)cc2-c2ccccc2)nc1,288.17
*/C=C/c1ccc(/C=C(\C#N)c2cc(C#Cc3ccc(OCCCCCCCC)cc3)cc(-n3c(=O)c4cc5c(=O)n(*)c(=O)c5cc4c3=O)c2)c(C(C)(C)C)c1,156.9
*c1ccc(Oc2ccc(-n3c(=O)c4cc5c(=O)n(*)c(=O)c5cc4c3=O)cc2)c(-c2ccccc2)c1,300.25
*c1ccc(-n2on2-c2ccc(-n3c(=O)c4cc5c(=O)n(*)c(=O)c5cc4c3=O)cc2C(F)(F)F)cc1,319.69
*c1ccc(-c2ccc(Nn3c(=O)c4cc5c(=O)n(*)c(=O)c5cc4c3=O)cc2-c2ccccc2)cc1,375.91
*c1ccc(-c2ccc(-n3c(=O)c4cc5c(=O)n(*)c(=O)c5cc4c3=O)cc2Oc2ccccc2)cc1,323.38
*c1ccc(-c2ccc(Sc3ccc(-n4c(=O)c5cc6c(=O)n(*)c(=O)c6cc5c4=O)cc3)cc2)cc1,364.22
*c1ccc(-c2ccc(-n3c(=O)c4cc5c(=O)n(*)c(=O)c5cc4c3=O)cc2)cc1-c1cccc(O)c1,367.32
*c1ccc(-c2ccc(-n3c(=O)c4cc5c(=O)n(*)c(=O)c5cc4c3=O)c(Br)c2)cc1-c1ccccc1,318.81
*c1ccc([Si](c2ccccc2)c2ccc(-n3c(=O)c4cc5c(=O)n(*)c(=O)c5cc4c3=O)cc2)cc1,347.37
*c1ccc(-c2ccc(-n3c(=O)c4cc5c(=O)n(*)c(=O)c5cc4c3=O)cc2-c2ccccc2)c(Br)c1,376.52
*c1ccc([Si](c2ccccc2)c2ccc(-n3c(=O)c4cc5c(=O)n(*)c(=O)c5cc4c3=O)cc2)nc1,312.7
*c1ccc(Oc2ccc(-c3cccc(-n4c(=O)c5cc6c(=O)n(*)c(=O)c6cc5c4=O)c3)cc2)cc1,375.475
*c1ccc(Oc2ccc(-n3c(=O)c4cc5c(=O)n(*)c(=O)c5cc4c3=O)c(-c3ccccc3)n2)cc1,362.19
*c1ccc(Oc2ccc(-n3c(=O)c4cc5c(=O)n(*)c(=O)c5cc4c3=O)nc2-c2ccccc2)nc1,343.45
*c1cccc(Oc2ccc(-n3c(=O)c4cc5c(=O)n(*)c(=O)c5cc4c3=O)cc2-c2ccccc2)c1,363.36
*c1ccc(Oc2ccccc2-c2ccc(-n3c(=O)c4cc5c(=O)n(*)c(=O)c5cc4c3=O)cc2)cc1,355.03
*c1ccc(-c2sc(-n3c(=O)c4cc5c(=O)n(*)c(=O)c5cc4c3=O)cc2/C=C/c2ccccc2)cc1,364.3
*c1ccc(-c2ccc(-c3ccc(-n4c(=O)c5cc6c(=O)n(*)c(=O)c6cc5c4=O)cc3Br)cc2)cc1,368.7
*c1ccc(Oc2ccc(-n3c(=O)c4cc5c(=O)n(*)c(=O)c5cc4c3=O)c(-c3ccccc3)c2)cc1,376.97
*CCCCCCC(=O)Nc1ccc(Oc2ccc(Oc3ccc(NC(=O)CCN4C(=O)c5ccc(C(c6ccc7c(c6)C(=O)N(*)C7=O)(C(F)(F)F)C(F)(F)F)cc5C4=O)cc3)cc2)cc1,208.75
*c1ccc(Oc2ccc(-c3ccccc3-n3c(=O)c4cc5c(=O)n(*)c(=O)c5cc4c3=O)cc2)cc1,314.74
*c1ccc([Si](C)(C)[Si](C)(C)OC(=O)CCCCCCCCCC(=O)Nc2ccc(C(=O)c3ccc4c(c3)C(=O)N(c3ccc(C(=O)c5ccc6c(c5)C(=O)N(*)C6=O)cc3)C4=O)cc2)cc1,179.84
*c1cccc(-c2ccc(-n3c(=O)c4cc5c(=O)n(*)c(=O)c5cc4c3=O)cc2-c2ccccc2)c1,340.86
*c1ccc2c(c1)C(=O)N(c1ccc(Cc3cc(C(F)(F)F)c(Cc4cc(C)c(N5C(=O)c6ccc(C(*)(C(F)(F)F)C(F)(F)F)cc6C5=O)cc4C(F)(F)F)cc3C)cc1C(C)C)C2=O,273.31
*c1ccc(-c2ccc(-c3ccc(-n4c(=O)c5cc6c(=O)n(*)c(=O)c6cc5c4=O)cc3)cc2)c([2H])c1,333.64
*c1ccc(-c2ccc(-n3c(=O)c4cc5c(=O)n(*)c(=O)c5cc4c3=O)c(-c3ccccc3)c2)cc1,395.88
*c1ccc(-c2ccc(-n3c(=O)c4cc5c(=O)n(*)c(=O)c5cc4c3=O)cc2-c2ccccc2)cc1,378.02
*c1ccc(-c2ccc(-n3c(=O)c4cc5c(=O)n(*)c(=O)c5cc4c3=O)cc2)cc1-c1ccccc1,370.98
*c1ccc2c(c1)C(=O)N(c1ccc(C(=O)Nc3ccc(OCCCCCCCCCCOc4ccc(N5C(=O)c6ccc(C(*)(C(F)(F)F)C(F)(F)F)cc6C5=O)cc4)cc3)cc1)C2=O,209.06
*c1cc(-c2cccc(-n3c(=O)c4cc5c(=O)n(*)c(=O)c5cc4c3=O)c2)nc(-c2ccccc2)n1,335.14
*c1ccc(-c2ccc(-n3c(=O)c4cc5c(=O)n(*)c(=O)c5cc4c3=O)cc2-c2ccccc2)nc1,385.88
*c1cc(CC)c(-c2cccc(-n3c(=O)c4cc5c(=O)n(*)c(=O)c5cc4c3=O)c2)c2ccccc12,380.385
*C(=O)c1ccc2c(c1)C(=O)N(c1cccc(C(F)(F)C(F)(F)c3cccc(C(F)(F)C(F)(F)C(F)(F)C(F)(F)C(=O)Nc4cccc(N5C(=O)c6ccc(*)cc6C5=O)c4)c3)c1C)C2=O,216.93
*c1ccc(-c2ccc(-c3ccc(-n4c(=O)c5cc6c(=O)n(*)c(=O)c6cc5c4=O)cc3)c([2H])c2)cc1,322.49
*C(=O)NCCCCCCCCCCNC(=O)/C=C/C(=O)Nc1ccc(NC(=O)c2ccc3c(c2)C(=O)N(c2ccc(-c4ccc(N5C(=O)c6ccc(*)cc6C5=O)cc4)cc2)C3=O)cc1,192.48
*Oc1ccc2cc(Oc3ccc(-n4c(=O)c5cc6c(=O)n(*)c(=O)c6cc5c4=O)cc3)ccc2c1,337.52
*CCCCCCCCCCCCOc1ccc2c(c1)C(=O)N(c1ccc(Oc3ccc(Oc4ccc(N5C(=O)c6ccc(C(*)(C(F)(F)F)C(F)(F)F)cc6C5=O)cc4)cc3)cc1)C2=O,229.03
*C(=O)OCCNC(=O)c1ccc(C(=O)NC(C)(NCCC)C(=O)NC(=O)c2ccc3c(c2)C(=O)N(c2ccc(Sc4ccc(N5C(=O)c6ccc(*)cc6C5=O)cc4)cc2)C3=O)cc1,234.85
*c1ccc(-c2ccc(-c3ccc(-n4c(=O)c5cc6c(=O)n(*)c(=O)c6cc5c4=O)o3)cc2)cc1,401.64
*c1ccc(Oc2ccc(-n3c(=O)c4cc5c(=O)n(*)c(=O)c5cc4c3=O)c3ccccc23)cc1,373.26
*c1ccc(NC(=O)c2ccc(N3C(=O)c4ccc(-c5ccc6c(c5)C(=O)N(*)C6=O)cc4C3=O)cc2C(=O)OCCCCCCCCCCCCCCOc2ccc(/N=N/c3ccc(OCCC)cc3)cc2)cc1,127.225
*c1cc(C(F)(F)C(F)(F)C(F)(F)C(F)(F)C(F)(F)C(F)(F)C(F)(F)C(F)(F)F)cc(C(c2ccc(O)c(-n3c(=O)c4cc5c(=O)n(*)c(=O)c5cc4c3=O)c2)(C(F)(F)F)C(F)(F)F)c1,219.89
*c1ccc2c(c1)C(=O)N(c1ccc(NC(=O)c3ccc(C(=O)Nc4ccc(N5C(=O)c6ccc(C(*)(C(F)(F)F)C(F)(F)F)cc6C5=O)cc4)c(C(F)(F)F)c3)cc1C(F)(F)F)C2=O,272.79
*CC(=O)c1ccc(NC(=O)CCCCC(=O)Nc2ccc(S(=O)(=O)c3ccc(NC(=O)CCN4C(=O)c5ccc(C(=O)c6ccc7c(c6)C(=O)N(*)C7=O)cc5C4=O)cc3)cc2)cc1,201.49
*CCCCCCCCOc1ccc(C(=O)Nc2ccc(OCCSCCOc3ccc(-n4c(=O)c5cc6c(=O)n(*)c(=O)c6cc5c4=O)cc3)cc2)cc1,140.69
*CC(O)COc1ccc2c(c1)C(=O)N(c1ccc(S(=O)(=O)c3ccc(S(=O)(=O)c4ccc(N5C(=O)c6ccc(C(*)(C(F)(F)F)C(F)(F)F)cc6C5=O)cc4)c(Cl)c3)cc1Cl)C2=O,234.52
*C(=S)N1C(=S)N(C(=O)c2ccc3c(c2)C(=O)N(c2ccc(Cc4ccc(N5C(=O)c6ccc(*)cc6C5=O)cc4)cc2)C3=O)C(C)=C(C(=O)OCC)C1c1ccc(C(F)(F)F)cc1,249.95
*c1nnc(-c2cccc(-n3c(=O)c4cc5c(=O)n(*)c(=O)c5cc4c3=O)c2)c2ccccc12,355.02
*Oc1ccc(OC(=O)Nc2ccc(NC(=O)CN3C(=O)c4ccc(Oc5ccc6c(c5)C(=O)N(*)C6=O)cc4C3=O)cc2OC(=O)c2ccc(OCCCCCCCC)cc2)cc1,190.18
*CCCCCCCCCCOc1ccc(C(=O)Nc2ccc(Oc3ccc(NC(=O)CCN4C(=O)c5ccc(C(=O)c6ccc7c(c6)C(=O)N(*)C7=O)cc5C4=O)cc3)cc2)cc1,191.62
*c1ccc2c(c1)C(=O)N(c1cccc(C(F)(F)C(F)(F)C(F)(F)C(F)(F)c3ccc(Oc4cccc(N5C(=O)c6ccc(C(*)(C(F)(F)F)C(F)(F)F)cc6C5=O)c4)cc3)c1)C2=O,212.08
*CCOC(=O)Nc1ccc(NC(=O)SNc2ccc(CCc3ccc(NC(=O)CN4C(=O)c5ccc(C(=O)c6ccc7c(c6)C(=O)N(*)C7=O)cc5C4=O)c(C)c3)cc2C)cc1C,211.53
*c1ccc2c(c1)C(=O)N(c1ccc(-c3ccc(Oc4ccc(N5C(=O)c6ccc(C(*)(C(F)(F)F)C(F)(F)F)cc6C5=O)c(C(F)(F)F)c4)cc3C(F)(F)F)c(C(F)(F)F)c1)C2=O,247.86
*CCCNP(=O)(C(=O)Nc1ccc(S(=O)(=O)c2ccc(NC(=O)CCCCCN3C(=O)c4ccc(C(=O)c5ccc6c(c5)C(=O)N(*)C6=O)cc4C3=O)cc2)cc1)c1ccccc1,185.24
*CCCCCCCOc1ccc(C(=O)Nc2ccc(Oc3ccc(NC(=O)CCCCCCN4C(=O)c5ccc(Oc6ccc7c(c6)C(=O)N(*)C7=O)cc5C4=O)cc3)cc2)cc1,198.1
*c1cc(OCCCCCCCCCCCC)c(-c2ccc(C#Cc3ccc(/C=C/n4c(=O)c5cc6c(=O)n(*)c(=O)c6cc5c4=O)cc3OCCCCCCCCCCCC)c(CCCCCC)c2)cc1OC,120.56
*CC(=O)Nc1ccc(Oc2ccc(Oc3ccc(NC(=O)CCCN4C(=O)c5ccc(C(c6ccc7c(c6)C(=O)N(*)C7=O)(C(F)(F)F)C(F)(F)F)cc5C4=O)cc3)cc2)cc1,206.71
*c1ccc(C(=O)c2cc(C(=O)c3ccc(OC)cc3)c(-n3c(=O)c4cc5c(=O)n(*)c(=O)c5cc4c3=O)cc2C(=O)OCCCCCC)cc1OC,178.02
*CCCCCCCCC(=O)Nc1ccc(Oc2ccc(Oc3ccc(NC(=O)CCCN4C(=O)c5ccc(C(=O)c6ccc7c(c6)C(=O)N(*)C7=O)cc5C4=O)cc3)cc2)cc1,188.38
*c1ccc(Cc2ccc(-n3c(=O)c4cc5c(=O)n(*)c(=O)c5cc4c3=O)cc2OCCCCCCOc2ccc(C3CCC(CC)CC3)cc2)cc1,153.02
*c1cc(-c2nc3ccccc3s2)cc(-n2c(=O)c3cc4c(=O)n(*)c(=O)c4cc3c2=O)n1,369.235
*c1ccc(NC(=O)c2ccc(NC(=O)/C=C/c3ccc(OCCCCCCCCOC(=O)CCCCC(=O)OCCCCCCCCCCCCCC)c(N4C(=O)c5ccc(-c6ccc7c(c6)C(=O)N(*)C7=O)cc5C4=O)c3)cc2)cc1,156.62
*C(=O)c1ccc2c(c1)C(=O)N(c1ccc(Oc3ccc(Oc4ccc(N5C(=O)c6ccc(C(*)(C(F)(F)F)C(F)(F)F)cc6C5=O)cc4C(F)(F)F)c(C(C)(C)C)c3)cc1)C2=O,241.53
*CCCCOc1ccc(/C=C/N=C(/C#N)c2ccc(OCC(C)COc3ccc(-n4c(=O)c5cc6c(=O)n(*)c(=O)c6cc5c4=O)cc3)cc2)cc1,153.505
*OC(=O)CCC(C)C(=O)OCCCCCCCCOC(=O)c1ccc2c(c1)C(=O)N(c1ccc(Nc3ccccc3C(=O)N(c3ccccc3)c3ccc(N4C(=O)c5ccc(*)cc5C4=O)cc3)cc1)C2=O,124.05
*c1ccc(-c2ccc(-n3c(=O)c4cc5c(=O)n(*)c(=O)c5c(F)c4c3=O)cc2OCCCCCCCCCCCCCCCC)c2ccccc12,155.875
*C(=O)c1ccc2c(c1)C(=O)N(c1ccc(Cc3ccc4cc(c3=O)C4(CC(C(F)(F)F)(C(F)(F)F)C(F)(F)F)c3ccc(N4C(=O)c5ccc(*)cc5C4=O)cc3)cc1)C2=O,269.18
*CCN1C(=O)c2ccc(On3c(=O)c4cc5c(=O)n(*)c(=O)c5cc4c3=O)cc2C1=O,250.305
*c1ccc(Oc2cc(C(C)(C)C)c(Oc3ccc(N4C(=O)c5ccc(Oc6ccc7c(c6)C(=O)N(*)C7=O)cc5C4=O)cc3C(F)(F)F)cc2C(C)(C)C)c(C(C)(C)C)c1Br,250.96
*Oc1ccccc1C(=O)Oc1ccc2c(c1)C(=O)N(c1cc(C)c(Oc3ccc(N4C(=O)c5ccc(C(*)(C(F)(F)F)C(F)(F)F)cc5C4=O)cc3C(F)(F)F)cc1Br)C2=O,243.34
*c1ccc(Nc2cc(C(C)(C)C)c(OCCCCCCOc3ccc(-n4c(=O)c5cc6c(=O)n(*)c(=O)c6cc5c4=O)c(C)c3)cc2C)cc1C,150.83
*c1ccc2c(c1)C(=O)N(c1ccc([Si](C)(C)O[Si](C)(C)c3ccc([Si](C)(C)c4ccc(N5C(=O)c6ccc(C(*)(C(F)(F)F)C(F)(F)F)cc6C5=O)cc4)cc3)cc1C)C2=O,214.34
*C(=O)c1ccc(C(=O)Nc2ccc(C(=O)c3ccc4c(c3)C(=O)N(c3cc(C)c(N5C(=O)c6ccc(*)cc6C5=O)c(C)c3)C4=O)cc2C(=O)OCCCCCCCC)cc1,211.26
*c1cc(NC(=O)CCCCCCCCC(=O)Nc2ccc(Cn3c(=O)c4cc5c(=O)n(*)c(=O)c5cc4c3=O)cc2)ccc1-c1ccccc1,168.78
*c1ccc(-c2ccc3ccnc-3cc2Oc2ccc(NC(=O)Cc3ccc(N4C(=O)c5ccc(-c6ccc7c(c6)C(=O)N(*)C7=O)cc5C4=O)c(C)c3)cc2C(=O)O)cc1,256.84
*c1ccc(-c2ccc(-n3c(=O)c4cc5c(=O)n(*)c(=O)c5cc4c3=O)c(OCCCCCCCCCC)c2)cc1-c1ccc(C(=O)[O][Na])cc1,186.97
*c1ccc2c(c1)C(=O)N(c1ccc(-c3c(C)c(C)c(C(=O)c4ccc(N5C(=O)c6ccc(C(*)(C(F)(F)F)C(F)(F)F)cc6C5=O)c(C)c4C)c(F)c3F)c(C)c1C)C2=O,295.6
*c1ccc(C(=O)c2ccc3c(c2)C(=O)N(c2ccc(Oc4ccc(N5C(=O)c6ccc(C(*)(C(F)(F)F)C(F)(F)F)cc6C5=O)cc4)cc2)C3=O)c(OCCCCCC)c1,221.835
*c1ccc2c(c1)C(=O)N(c1ccc(OCCNCCCCCOc3ccc(-c4ccc(N5C(=O)c6ccc(C(*)(C(F)(F)F)C(F)(F)F)cc6C5=O)cc4)cc3)cc1)C2=O,221.29
*CCCCC(=O)Nc1ccc(Oc2ccc(Oc3ccc(NC(=O)CCCCCN4C(=O)c5ccc(C(=O)c6ccc7c(c6)C(=O)N(*)C7=O)cc5C4=O)cc3)cc2)cc1,206.8
*C(=O)c1cccc(S(=O)(=O)OCCCCCCCOc2ccc(-n3c(=O)c4cc5c(=O)n(*)c(=O)c5cc4c3=O)cc2Sc2ccccc2)c1,158.95
*c1ccc2c(c1)C(=O)N(c1c(C)cc(C(c3cccc(C(F)(F)F)c3)c3cc(C)c(N4C(=O)c5ccc(C(*)(C(F)(F)F)C(F)(F)F)cc5C4=O)c(C)c3)cc1Br)C2=O,280.16
*c1ccc(-c2ccc(-n3c(=O)c4cc5c(=O)n(*)c(=O)c5cc4c3=O)cc2OC(=O)CCCCCCCCCCCCCCCCCCCCCCCCCC#C)cc1,208.66
*c1ccc(S(=O)(=O)c2ccc(OCCCCCC)cc2)c(OCCOc2ccc(-n3c(=O)c4cc5c(=O)n(*)c(=O)c5cc4c3=O)cc2)c1,164.75
*c1ccc2c(c1)C(=O)N(c1ccc(Oc3cc(C)c(-c4cc(C)c(N5C(=O)c6ccc(C(*)(C(F)(F)F)C(F)(F)F)cc6C5=O)cc4C(F)(F)F)cc3C)cc1C)C2=O,281.39
*c1ccc(OCCCC)cc1NC(=O)c1ccc2c(c1)C(=O)N(c1ccc(Sc3cccc(N4C(=O)c5ccc(C(*)(C(F)(F)F)C(F)(F)F)cc5C4=O)c3)cc1)C2=O,256.0
*CC(O)COC(=O)c1ccccc1NC(=O)c1ccc2c(c1)C(=O)N(c1ccc(Cc3ccc(N4C(=O)c5ccc(C(*)CC(F)(F)F)cc5C4=O)cc3C)cc1)C2=O,232.54
*CCCCOC(=O)C1CC1C(=O)NC(=O)c1ccc2c(c1)C(=O)N(c1ccc(P(=O)(c3ccccc3)c3ccc(N4C(=O)c5ccc(*)cc5C4=O)cc3)cc1)C2=O,250.43
*/C=C/c1ccc2c(c1)C(=O)N(c1cc(OCCN(C)c3ccc(C#N)cc3)c(Oc3ccc(N4C(=O)c5cc(*)c(C(F)(F)F)cc5C4=O)cc3Cl)c(F)c1F)C2=O,215.74
*c1ccc2c(c1)C(=O)N(c1ccc(-c3ccc(-c4ccc(N5C(=O)c6ccc(C(*)(C(F)(F)F)C(F)(F)F)cc6C5=O)cc4C(F)(F)F)cc3)c(C(F)(F)F)c1)C2=O,266.74
*CCCCC(=O)Nc1ccc(Oc2cccc(Oc3ccc(NC(=O)CCCN4C(=O)c5ccc(C(=O)c6ccc7c(c6)C(=O)N(*)C7=O)cc5C4=O)cc3)c2)cc1,208.86
*C(=O)c1ccc2c(c1)C(=O)N(c1cccc(P(=O)(c3ccc(C(F)(F)F)cc3)c3cccc(N4C(=O)c5ccc(C(*)(C(F)(F)F)C(F)(F)F)cc5C4=O)c3)c1)C2=O,259.39
*CCCCC(=O)NNC(=O)c1ccc(S(=O)(=O)c2ccc(N3C(=O)c4ccc(Oc5ccc6c(c5)C(=O)N(*)C6=O)cc4C3=O)c(C)c2C)cc1-c1ccc(Cl)cc1,253.54
*c1ccc(Oc2ccc(-n3c(=O)c4cc5c(=O)n(*)c(=O)c5cc4c3=O)cc2S(=O)(=O)c2ccc(OCCCCCCCC)cc2)cc1,160.05
*c1ccc(Oc2cc(C(F)(F)F)c(-c3cc(C(=O)O)c(N4C(=O)c5ccc(-c6ccc7c(c6)C(=O)N(*)C7=O)cc5C4=O)cc3C(F)(F)F)cc2C)c(C(C)(C)C)c1,272.0
*c1cc(C(=O)OCC)c(S(=O)(=O)c2ccc(-c3ccc(N4C(=O)c5ccc(Sc6ccc7c(c6)C(=O)N(*)C7=O)cc5C4=O)cc3)c(C(C)(C)C)c2)cc1C(C)(C)C,224.97
*c1ccc(S(=O)(=O)NCCCCCCNC(=O)c2ccc(N3C(=O)c4ccc(Oc5ccc(Oc6ccc7c(c6)C(=O)N(*)C7=O)cc5)cc4C3=O)c(C)c2)cc1Br,210.92
*c1ccc2c(c1)C(=O)N(c1cccc(C(C(=O)Oc3ccc(C(F)(F)F)cc3)c3cccc(N4C(=O)c5ccc(C(*)(C(F)(F)F)C(F)(F)F)cc5C4=O)c3)c1)C2=O,242.24
*c1ccc2c(c1)C(=O)N(c1ccc(Oc3ccc(NC(=O)c4ccc(N5C(=O)c6ccc(C(*)(C(F)(F)F)C(F)(F)F)cc6C5=O)cc4)c(C(F)(F)F)c3)cc1)C2=O,282.77
*Oc1ccc(OC(=O)c2cccc(C(=O)OCCOCCOc3ccc(-n4c(=O)c5cc6c(=O)n(*)c(=O)c6cc5c4=O)cc3)c2)cc1,166.825
*CCCCCCCCCCCCCCOc1ccc(C(=O)Nc2ccc(-c3ccc(NC(=O)CCCCCCCN4C(=O)c5ccc(C(c6ccc7c(c6)C(=O)N(*)C7=O)(C(F)(F)F)C(F)(F)F)cc5C4=O)cc3)cc2)cc1,177.645
*c1ccc(S(=O)(=O)c2ccc(Oc3ccc(N4C(=O)c5ccc(Oc6ccc7c(c6)C(=O)N(*)C7=O)cc5C4=O)cc3C(=O)OCCCCCCCCC)cc2)cc1,204.1
*C(=O)c1ccc2c(c1)C(=O)N(c1ccc(C(=O)Nc3ccc(S(=O)(=O)c4ccc(N5C(=O)c6ccc(C(*)(C(F)(F)F)C(F)(F)F)cc6C5=O)cc4)cc3)cc1)C2=O,266.91
*c1ccc(-c2ccc(-n3c(=O)c4cc5c(=O)n(*)c(=O)c5cc4c3=O)cc2)c(-c2ccc(OCCCCCCCCCCCC)cc2)c1,160.23
*C(=O)Nc1ccc(Cc2ccc(N3C(=O)c4ccc(-c5ccc6c(c5)C(=O)N(*)C6=O)cc4C3=O)cc2C(=O)OCCCCOc2ccc(OCC(C)C)cc2)cc1,209.93
*c1ccc(CSC(=O)c2ccc(C(=O)Nc3ccc(OC(=O)CCCn4c(=O)c5cc6c(=O)n(*)c(=O)c6cc5c4=O)cc3)cc2)nc1,171.51
*CCCCCCCC(=O)Oc1ccc(-c2ccc(OC(=O)c3ccc4c(c3)C(=O)N(c3cc(N5C(=O)c6ccc(*)cc6C5=O)c(C)cc3C)C4=O)c(C)c2)cc1C,208.78
*c1cc(OCCCCCCCCCC)c(/C=C(\N)c2ccc(Nn3c(=O)c4cc5c(=O)n(*)c(=O)c5cc4c3=O)cc2C(=O)O)cc1CCCCCCCCCCC,220.69
*c1ccc(Oc2ccc(-n3c(=O)c4cc5c(=O)n(*)c(=O)c5cc4c3=O)cc2-c2ccccc2)c(OCCCCCCCCCC)c1,162.01
*c1cc(Br)c(-c2cc(C)c(-n3c(=O)c4cc5c(=O)n(*)c(=O)c5c(C(F)(F)F)c4c3=O)cc2C(F)(F)F)c(CCCCCCCCC(F)(F)C(F)(F)C(F)(F)F)c1,209.175
*c1ccc(OCC(O)COc2ccc(-n3c(=O)c4cc5c(=O)n(*)c(=O)c5cc4c3=O)cc2)c(S(=O)(=O)O[NH2+])c1Sc1ccccc1,163.4
*CCCCCCCCCCCCCCCCCCNC(=O)c1ccc(C(=O)N/C=C/c2ccc(/C=N/n3c(=O)c4cc5c(=O)n(*)c(=O)c5cc4c3=O)cc2)cc1,240.07
*c1ccc2c(c1)C(=O)N(c1cccc(Oc3cc(C)c(Cc4cc(C)c(N5C(=O)c6ccc(C(*)(C(F)(F)F)C(F)(F)F)cc6C5=O)c(C)c4)cc3C)c1C)C2=O,285.02
*c1cc(C)c(C(=O)NCCCNC(=O)c2ccc(N3C(=O)c4ccc(Sc5ccc(S(=O)(=O)c6ccc7c(c6)C(=O)N(*)C7=O)cc5)cc4C3=O)c(C)c2)cc1C,243.28
*c1ccc(Oc2ccc(N3C(=O)c4ccc(Oc5ccc6c(c5)C(=O)N(*)C6=O)cc4C3=O)c(C)c2)cc1-c1ccc(C(F)(F)C(F)(F)C(F)(F)C(F)(F)F)cc1,261.15
*c1ccc2c(c1)C(=O)N(c1ccc(Oc3ccc(NC(=O)c4ccc(N5C(=O)c6ccc(C(*)(C(F)(F)F)C(F)(F)F)cc6C5=O)c(C)c4)cc3C)cc1C)C2=O,295.38
*c1ccc2c(c1)C(=O)N(c1cccc(S(=O)(=O)Nc3ccc(NC(=O)c4cccc(N5C(=O)c6ccc(C(*)(C(F)(F)F)C(F)(F)F)cc6C5=O)c4)cc3)c1)C2=O,236.22
*c1ccc(-c2cc(C(C)(C)C)c(Oc3ccc(N4C(=O)c5ccc(S(=O)(=O)c6ccc7c(c6)C(=O)N(*)C7=O)cc5C4=O)cc3C(F)(F)F)c(C(F)(F)F)c2)cc1,290.66
*c1ccc(Oc2ccc(/N=C/C(=O)c3ccc(Oc4ccc(N5C(=O)c6ccc(OC7=CC=C7C7=CC(=O)N(*)C7=O)cc6C5=O)cc4)c(C)c3)cc2C)c(Br)c1,230.63
*C(=O)c1ccc2c(c1)C(=O)N(c1ccc(CCCSC(=O)Nc3ccc(NC(=O)NNC(=O)c4ccc(N5C(=O)c6ccc(*)cc6C5=O)cc4)cc3)cc1)C2=O,216.85
*C(=O)Oc1ccc(OC(=O)c2ccc3c(c2)C(=O)N(c2ccc(Oc4ccc(N5C(=O)c6ccc(C(*)(C(F)(F)F)C(F)(F)F)cc6C5=O)cc4)cc2)C3=O)cc1,216.915
*c1ccc(Oc2ccc(S(=O)(=O)Nc3ccc(N4C(=O)c5ccc(Oc6ccc7c(c6)C(=O)N(*)C7=O)cc5C4=O)cc3)cc2)c(C(F)(F)C(F)(F)C(F)(F)F)c1,241.21
*OCCSCC(=O)N/N=C/c1ccc2c(c1)C(=O)N(c1cc(OCCOC)cc([SH](c3ccccc3)c3cccc(N4C(=O)c5ccc(*)cc5C4=O)c3)c1)C2=O,219.52
*C(=O)Nc1ccc(NC(=O)c2ccc3c(c2)C(=O)N(c2ccc(Sc4ccc(N5C(=O)c6ccc(*)cc6C5=O)cc4)cc2)C3=O)c(C(=O)OCC(C)(C)C)c1O,235.24
*CCCCCCOC(=O)c1ccc(S(=O)(=O)NCCCOCCOC(=O)OCCOc2ccc([N+](=O)[O-])cc2)cc1OC(=O)c1ccc(-n2c(=O)c3cc4c(=O)n(*)c(=O)c4cc3c2=O)cc1,127.12
*c1ccc2c(c1)C(=O)N(c1ccc(NC(=O)c3ccc(Oc4ccc(N5C(=O)c6ccc(C(*)(C(F)(F)F)C(F)(F)F)cc6C5=O)c(C)c4)cc3C)cc1C)C2=O,282.31
*c1ccc2c(c1)C(=O)N(c1cccc(P(=O)(c3ccccc3)c3ccc(N4C(=O)c5ccc(C(*)(C(F)(F)F)C(F)(F)F)cc5C4=O)c(C(F)(F)F)c3)c1C)C2=O,287.95
*c1cccc([Si](C)(C)O[Si](C)(C)O[Si](C)(C)O[Si](C)(C)[Si](C)(C)[Si](Oc2ccc(-n3c(=O)c4cc5c(=O)n(*)c(=O)c5cc4c3=O)cc2)(C(F)(F)F)C(F)(F)F)c1,212.295
*C(=O)CCCCCCCCC(=O)Nc1ccc(-c2ccc(NC(=O)c3ccc4c(c3)C(=O)N(c3ccc(N5C(=O)c6ccc(*)cc6C5=O)cc3)C4=O)cc2)cc1,227.42
*c1ccc2c(c1)C(=O)N(c1cccc(C(=O)Nc3ccc(S(=O)(=O)c4ccc(N5C(=O)c6ccc(C(*)(C(F)(F)F)C(F)(F)F)cc6C5=O)cc4)cc3)c1)C2=O,276.45
*C(=O)c1cc(CN(CC)C(=O)C(C)NC(=O)c2ccc3c(c2)C(=O)N(c2ccc(Oc4ccc(N5C(=O)c6ccc(*)cc6C5=O)cc4)cc2)C3=O)ccc1C,240.97
*c1ccc2c(c1)C(=O)N(c1ccc(C(=O)Nc3ccc(S(=O)(=O)c4ccc(N5C(=O)c6ccc(C(*)(C(F)(F)F)C(F)(F)F)cc6C5=O)cc4)cc3)cc1)C2=O,277.47
*c1ccc2c(c1)C(=O)N(c1cccc(P(=O)(c3cccc(N4C(=O)c5ccc(C(*)(C(F)(F)F)C(F)(F)F)cc5C4=O)c3)c3cccc(C(F)(F)F)c3)c1)C2=O,264.92
*c1cc(Br)c(-c2ccc(Oc3ccc(N4C(=O)c5ccc(Oc6ccc7c(c6)C(=O)N(*)C7=O)cc5C4=O)cc3C(F)(F)F)c(C(C)(C)C)c2)c(C(F)(F)F)c1,239.55
*C(=O)NCCCCCCNC(=O)c1ccc2c(c1)C(=O)N(c1ccc(OCc3ccccc3Nc3cccc(N4C(=O)c5ccc(*)cc5C4=O)c3)cc1)C2=O,208.88
*c1ccc(Oc2cc(C(C)(C)C)c(Oc3ccc(N4C(=O)c5ccc(Oc6ccc7c(c6)C(=O)N(*)C7=O)cc5C4=O)cc3C(F)(F)F)c(C(F)(F)F)c2)cc1,246.02
*OC(=O)C(=O)OCCOc1ccc(OC(=O)c2ccc3c(c2)C(=O)N(c2ccc(S(=O)(=O)c4ccc(N5C(=O)c6ccc(*)cc6C5=O)cc4)cc2)C3=O)cc1,201.785
*C(=O)c1ccc(-c2ccc(C(=O)c3ccc4c(c3)C(=O)N(c3ccc(N5C(=O)c6ccc(*)cc6C5=O)c(C(C)C)c3)C4=O)cc2C(F)(F)F)c(C(F)(F)F)c1,257.22
*c1ccc2c(c1)C(=O)N(c1ccc(Oc3ccc(C(C)(C)c4ccc(N5C(=O)c6ccc(C(*)(C(F)(F)F)C(F)(F)F)cc6C5=O)cc4)c(C)c3)cc1C)C2=O,279.93
*c1ccc2c(c1)C(=O)N(c1ccc(S(=O)(=O)c3ccc(NC(=O)c4ccc(N5C(=O)c6ccc(C(*)(C(F)(F)F)C(F)(F)F)cc6C5=O)cc4)cc3)cc1)C2=O,261.77
*C(=O)N1CN(C(=O)c2ccc(NC(=O)c3ccc4c(c3)C(=O)N(c3ccc(S(=O)(=O)c5ccc(N6C(=O)c7ccc(*)cc7C6=O)cc5)cc3)C4=O)cc2)C1=O,280.23
*c1ccc2c(c1)C(=O)N(c1cccc(C(=O)Nc3cccc(NC(=O)c4cccc(N5C(=O)c6ccc(C(*)(C(F)(F)F)C(F)(F)F)cc6C5=O)c4)c3)c1)C2=O,261.26
*c1ccc2c(c1)C(=O)N(c1ccc(S(=O)(=O)c3ccc(C(C)(C)c4ccc(N5C(=O)c6ccc(C(*)(C(F)(F)F)C(F)(F)F)cc6C5=O)cc4)cc3)cc1)C2=O,249.48
*c1ccc2c(c1)C(=O)N(c1ccc(Oc3cc(C)c(Cc4ccc(N5C(=O)c6ccc(C(*)(C(F)(F)F)C(F)(F)F)cc6C5=O)c(C)c4)cc3C)cc1C)C2=O,278.38
*C(=O)c1ccc2c(c1)C(=O)N(c1ccc(C(=O)c3ccc(C(=O)c4ccc(N5C(=O)c6ccc(C(*)(C(F)(F)F)C(F)(F)F)cc6C5=O)cc4)cc3)cc1)C2=O,271.02
*CC(=O)Nc1ccc(Oc2cccc(Oc3ccc(NC(=O)CCN4C(=O)c5ccc(-c6ccc7c(c6)C(=O)N(*)C7=O)cc5C4=O)cc3C(F)(F)F)c2)cc1,219.99
*C(=O)c1ccc2c(c1)C(=O)N(c1ccc(Sc3ccc(NC(=O)c4ccc(N5C(=O)c6ccc(C(*)(C(F)(F)F)C(F)(F)F)cc6C5=O)cc4)cc3)cc1)C2=O,255.88
*c1ccc(-c2cc(CCCCCCCCCCCCCCCCCC)c(-c3ccc(-n4c(=O)c5cc6c(=O)n(*)c(=O)c6cc5c4=O)cc3)c(OCCCCCCCCCCCC)c2)cc1,129.53
*c1cc(OCCCCCCCCCCCCCCCC)c(/C=C(\C#N)c2ccc(-n3c(=O)c4cc5c(=O)n(*)c(=O)c5cc4c3=O)cc2C(=O)[O][Na])c(C)c1C,204.89
*CC(=O)Nc1ccc(Oc2ccc(Oc3ccc(NC(=O)CCCCN4C(=O)c5ccc(C(=O)c6ccc7c(c6)C(=O)N(*)C7=O)cc5C4=O)cc3)cc2)cc1,204.355
*c1ccc2c(c1)C(=O)N(c1cccc(P(=O)(c3ccccc3)c3ccc(N4C(=O)c5ccc(C(*)(C(F)(F)F)C(F)(F)F)cc5C4=O)cc3C(C)(C)C)c1)C2=O,266.16
*c1ccc(C(=O)NCCCCNC(=O)c2ccc(C(=O)Nc3ccc(N4C(=O)c5ccc(Oc6ccc7c(c6)C(=O)N(*)C7=O)cc5C4=O)cc3)cc2)cc1,238.8
*c1ccc(Sc2ccc(N3C(=O)c4ccc(-c5ccc6c(c5)C(=O)N(*)C6=O)cc4C3=O)cc2C(=O)OCCCCCCCCCCC(=O)c2ccc(/N=N/c3ccccc3)cc2)cc1,120.71
*NC1=CC=C[N+]=C1CCc1ccccc1/N=N/c1ccc2c(c1)C(=O)N(c1ccc(C(=O)Nc3ccc(N4C(=O)c5ccc(*)cc5C4=O)cc3)cc1)C2=O,236.23
*CC(=O)Nc1ccc(Oc2ccc(Oc3ccc(NC(=O)CCCN4C(=O)c5ccc(C(=O)c6ccc7c(c6)C(=O)N(*)C7=O)cc5C4=O)cc3)cc2)cc1,219.66
*CCCCCC(=O)Nc1ccc2c(c1)C(=O)N(c1cccc(C(=O)Oc3ccccc3C(=O)Nc3cccc(N4C(=O)c5ccc(*)cc5C4=O)c3)c1)C2=O,221.2
*CC(=O)NCc1ccc(C(C)C)cc1CN(C)C(=O)c1ccc2c(c1)C(=O)N(c1ccc(Oc3ccc(N4C(=O)c5ccc(*)cc5C4=O)cc3)cc1)C2=O,206.43
*c1ccc2c(c1)C(=O)N(P(=O)(c1ccccc1)c1cccc(C(C)(C)c3cccc(N4C(=O)c5ccc(C(*)(C(F)(F)F)C(F)(F)F)cc5C4=O)c3)c1)C2=O,251.09
*c1ccc(OCCCCCCCCN(c2ccccc2)c2ccc(-n3c(=O)c4cc5c(=O)n(*)c(=O)c5cc4c3=O)cc2)cc1,163.2
*CC#CCOc1ccccc1/C=C/c1ccc(/C=C/c2ccc(-n3c(=O)c4cc5c(=O)n(*)c(=O)c5cc4c3=O)c(C)c2)cc1,178.12
*C(=O)OC1=C(C(=O)Oc2ccc(OC(=O)c3ccc4c(c3)C(=O)N(c3ccc(Oc5ccc(N6C(=O)c7ccc(*)cc7C6=O)cc5)cc3)C4=O)cc2)C=C1,212.74
*c1ccc2c(c1)C(=O)N(c1ccc(-c3ccc(Cc4ccc(N5C(=O)c6ccc(C(*)(C(F)(F)F)C(F)(F)F)cc6C5=O)cc4C(F)(F)F)cc3)cc1)C2=O,258.2
*C(=O)Nc1ccc(-c2ccc(NC(=O)c3ccc4c(c3)C(=O)N(c3cccc(N5C(=O)c6ccc(*)cc6C5=O)c3)C4=O)cc2C(F)(F)F)cc1C(F)(F)F,277.11
*c1ccc(OCCCCCCOC(=O)c2ccc(-n3c(=O)c4cc5c(=O)n(*)c(=O)c5cc4c3=O)cc2-c2ccccc2)cc1,173.75
*C(=O)c1ccc2c(c1)C(=O)N(c1ccc(Oc3ccc(Nc4ccc(N5C(=O)c6ccc(C(*)(C(F)(F)F)C(F)(F)F)c(F)c6C5=O)cc4)cc3)cc1)C2=O,290.59
*c1ccc2c(c1)C(=O)N(c1ccc(/N=N/c3ccc(S(=O)(=O)c4ccc(N5C(=O)c6ccc(C(*)(C(F)(F)F)C(F)(F)F)cc6C5=O)cc4)cc3)cc1)C2=O,259.02
*C(=O)NCCCCCCNC(=O)c1ccc2c(c1)C(=O)N(c1ccc(Sc3ccc(Oc4ccc(N5C(=O)c6ccc(*)cc6C5=O)cc4)cc3)cc1)C2=O,297.54
*C(=O)c1ccc2c(c1)C(=O)N(c1ccc(Cc3ccc(C(=O)c4ccc(N5C(=O)c6ccc(C(*)(C(F)(F)F)C(F)(F)F)cc6C5=O)cc4)cc3)cc1)C2=O,248.73
*c1cccc(P(=O)(c2ccccc2)c2cccc(N3C(=O)c4ccc(Oc5ccc6cc(Oc7ccc8c(c7)C(=O)N(*)C8=O)cccc5-6)cc4C3=O)c2)c1,248.39
*c1ccc2c(c1)C(=O)N(c1ccc(Oc3ccc(Oc4ccc(N5C(=O)c6ccc(C(*)(C(F)(F)F)C(F)(F)F)cc6C5=O)cc4)cc3)cc1C(C)C)C2=O,259.51
*CCC(=O)Nc1ccc(Oc2ccc(Oc3ccc(NC(=O)CN4C(=O)c5ccc(C(=O)c6ccc7c(c6)C(=O)N(*)C7=O)cc5C4=O)cc3)cc2[N-])cc1,217.14
*CCCCCC(=O)Oc1ccc(OC(=O)c2ccc3c(c2)C(=O)N(c2ccc(-c4ccc(N5C(=O)c6ccc(*)cc6C5=O)cc4)c(C)c2)C3=O)cc1OC,222.09
*C(=O)c1ccc(C(=O)OCCOC(=O)c2ccc3c(c2)C(=O)N(c2ccc(Oc4ccc(N5C(=O)c6ccc(*)cc6C5=O)cc4)cc2)C3=O)c(C(=O)O)c1,217.23
*c1ccc2c(c1)C(=O)N(c1ccc(Oc3ccc(N4C(=O)c5ccc(C(*)(CCCCCC(F)(F)F)Oc6ccc(F)cc6)cc5C4=O)cc3)cc1)C2=O,219.355
*C(=O)c1ccc2c(c1)C(=O)N(c1ccc(Oc3ccc(Cc4ccc(N5C(=O)c6ccc(C(*)(C(F)(F)F)C(F)(F)F)cc6C5=O)cc4)cc3)cc1)C2=O,240.76
*C(=O)C(C)NC(=O)c1cccc(C(=O)NC(=O)Nc2ccc3c(c2)C(=O)N(c2ccc(-c4ccc(N5C(=O)c6ccc(*)cc6C5=O)cc4)cc2)C3=O)c1,246.66
*c1ccc2c(c1)C(=O)N(c1ccc(S(=O)(=O)c3ccc(Oc4ccc(N5C(=O)c6ccc(C(*)(C(F)(F)F)C(F)(F)F)cc6C5=O)cc4)cc3)cc1)C2=O,259.79
*C(=O)N1C(=O)N(C(=O)c2ccc3c(c2)C(=O)N(c2cccc(P(=O)(c4ccccc4)c4cccc(N5C(=O)c6ccc(*)cc6C5=O)c4)c2)C3=O)C1C#N,292.34
*c1ccc2c(c1)C(=O)N(c1ccc(Oc3ccc(S(=O)(=O)c4ccc(N5C(=O)c6ccc(C(*)(C(F)(F)F)C(F)(F)F)cc6C5=O)cc4)cc3)cc1)C2=O,255.97
*CC(=O)Nc1ccc(Oc2ccc(Oc3cccc(NC(=O)CCN4C(=O)c5ccc(C(=O)c6ccc7c(c6)C(=O)N(*)C7=O)cc5C4=O)c3)cc2)cc1,229.57
*Oc1ccc(-c2ccc(-n3c(=O)c4cc5c(=O)n(*)c(=O)c5cc4c3=O)cc2C(=O)O)c(C(=O)OCc2ccc(Cl)cc2)c1,195.12
*CC(=O)Nc1ccc(Oc2ccccc2Oc2cccc(NC(=O)CCN3C(=O)c4ccc(C(=O)c5ccc6c(c5)C(=O)N(*)C6=O)cc4C3=O)c2)cc1,230.96
*c1ccc(OCCCCCOc2ccc(-n3c(=O)c4cc5c(=O)n(*)c(=O)c5cc4c3=O)cc2-c2ccc(C)c(C)c2)cc1,159.165
*c1ccc2c(c1)C(=O)N(c1ccc(Oc3ccc(C(=O)c4ccc(Br)cc4)cc3)c(N3C(=O)c4ccc(C(*)(C(F)(F)F)C(F)(F)F)cc4C3=O)c1)C2=O,272.59
*c1ccc2c(c1)C(=O)N(c1ccc(Cc3ccc(C(=O)Nc4ccc(N5C(=O)c6ccc(C(*)(C(F)(F)F)C(F)(F)F)cc6C5=O)cc4)cc3)cc1)C2=O,265.66
*CCCCCCCCOc1ccc(-c2ccc(-n3c(=O)c4cc5c(=O)n(*)c(=O)c5cc4c3=O)cc2-c2ccccc2)cc1,175.7
*c1ccc(Oc2ccc(-n3c4cc(c5cc6cc(c3=O)C(=O)C6=C5)C4=O)c(N3C(=O)c4ccc(Oc5ccc6c(c5)C(=O)N(*)C6=O)cc4C3=O)c2)cc1,282.97
*CCOc1cc2ccc(OCCN(C)CCCCn3c(=O)c4cc5c(=O)n(*)c(=O)c5cc4c3=O)ccc3cn3c(=O)c2c1,183.77
*CCCCCCCC(=O)Nc1ccc(NC(=O)/C=C/C(=O)NNC(=O)c2ccc(-n3c(=O)c4cc5c(=O)n(*)c(=O)c5cc4c3=O)cc2)c(S(=O)(=O)O)c1,224.1
*c1ccc2c(c1)C(=O)N(c1cccc(Oc3ccc(S(=O)(=O)c4cccc(N5C(=O)c6ccc(C(*)(C(F)(F)F)C(F)(F)F)cc6C5=O)c4)cc3)c1)C2=O,265.33
*C(=O)c1ccc2c(c1)C(=O)N(c1cccc(OC(=O)c3ccc4ccc(N5C(=O)c6ccc(*)cc6C5=O)ccc5n(c(=O)c4c3)C(C)=C5C)c1C)C2=O,291.7
*CC(=O)Nc1ccc(Oc2ccc(Oc3ccc(NC(=O)CCN4C(=O)c5ccc(C(=O)c6ccc7c(c6)C(=O)N(*)C7=O)cc5C4=O)cc3)cc2)cc1,222.73
*c1ccc(NC(=O)CCCCC(=O)Nc2ccc(C(=O)Nc3ccc(N4C(=O)c5ccc(-c6ccc7c(c6)C(=O)N(*)C7=O)cc5C4=O)cc3)cc2)cc1,221.68
*c1ccc(C2=NC3=CC=C(C=C2C(F)(F)F)[Si](C)(Oc2ccc(-n4c(=O)c5cc6c(=O)n(*)c(=O)c6cc5c4=O)cc2)C(C(F)(F)F)=C3)c(C(F)(F)F)c1,271.25
*c1ccc2c(c1)C(=O)N(c1ccc(Oc3ccc(Oc4ccc(N5C(=O)c6ccc(C(*)(C(F)(F)F)C(F)(F)F)cc6C5=O)cc4)c(C)c3)cc1C)C2=O,271.61
*c1ccc2c(c1)C(=O)N(c1ccc(Sc3ccc(S(=O)(=O)c4ccc(N5C(=O)c6ccc(C(*)(C(F)(F)F)C(F)(F)F)cc6C5=O)cc4)cc3)cc1)C2=O,258.565
*c1ccc2c(c1)C(=O)N(c1ccc(Oc3ccc(NC(=O)c4ccc(N5C(=O)c6ccc(C(*)(C(F)(F)F)C(F)(F)F)cc6C5=O)cc4)cc3)cc1)C2=O,298.62
*c1ccc(Oc2ccc(N3C(=O)c4ccc(Oc5ccc6c(c5)C(=O)N(*)C6=O)cc4C3=O)cc2)c(NC(=O)c2ccc(S(=O)(=O)O)cc2C(C)(C)C)c1,267.99
*Oc1ccc2c(c1)C(=O)N(c1ccc(Cc3ccc(Oc4ccc(N5C(=O)c6ccc(C(*)(C(F)(F)F)C(F)(F)F)cc6C5=O)cc4)cc3)cc1C)C2=O,251.19
*c1ccc2c(c1)C(=O)N(c1ccc(C(=O)c3ccc(C(=O)c4ccc(N5C(=O)c6ccc(C(*)(C(F)(F)F)C(F)(F)F)cc6C5=O)cc4)cc3)cc1)C2=O,276.85
*c1ccc(-c2ccc(Sc3ccc(N4C(=O)c5ccc(Oc6ccc7c(c6)C(=O)N(*)C7=O)cc5C4=O)cc3)c(C(C)(C)C)c2)c(C(=O)OC(C)(C)C)c1,235.22
*c1ccc(P(=O)(c2ccccc2)c2ccc(N3C(=O)c4ccc(Oc5ccc6c(c5)C(=O)N(*)C6=O)c(C(F)(F)F)c4C3=O)cc2OCC(F)(F)F)cc1,220.61
*C(=S)Oc1ccc(OC(=O)OC(C)OC(=O)c2ccc3c(c2)C(=O)N(c2ccc(Oc4ccc(N5C(=O)c6ccc(*)cc6C5=O)cc4)cc2)C3=O)cc1,206.74
*c1ccc2c(c1)C(=O)N(c1cccc(Oc3ccc(NC(=O)c4cccc(N5C(=O)c6ccc(C(*)(C(F)(F)F)C(F)(F)F)cc6C5=O)c4)cc3)c1)C2=O,281.59
*C(=O)c1ccc2c(c1)C(=O)N(c1ccc(S(=O)(=O)c3ccc(N4C(=O)c5ccc(*)cc5C4=O)cc3S(=O)(=O)O)c(S(=O)(=O)c3ccccc3)c1)C2=O,252.17
*c1ccc2c(c1)C(=O)N(c1ccc(Oc3ccc(C(=O)c4ccc(N5C(=O)c6ccc(C(*)(C(F)(F)F)C(F)(F)F)cc6C5=O)cc4)cc3)cc1)C2=O,260.81
*c1ccc2c(c1)C(=O)N(c1c(C)cc(Cc3cc(C)c(N4C(=O)c5ccc(C(*)C(C)(c6ccccc6)C(F)(F)F)cc5C4=O)c(C)c3)cc1C)C2=O,297.42
*c1ccc(Oc2ccc(Oc3ccc(N4C(=O)c5ccc(-c6ccc7c(c6)C(=O)N(*)C7=O)cc5C4=O)c(S(=O)(=O)O)c3)cc2C(=O)OCCO)cc1,222.36
*c1ccc(Cc2ccc(N3C(=O)CC(Nc4ccc(NC(=O)Nc5ccc(-c6ccc(NC7CC(=O)N(*)C7=O)cc6)cc5)c(C)c4)C3=O)cc2)cc1,259.05
*C(=O)c1cc(Br)c(C(=O)c2ccc3c(c2)C(=O)N(c2ccc(Sc4ccc(N5C(=O)c6ccc(*)cc6C5=O)c(C)c4)cc2C)C3=O)c(C(C)(C)C)c1,265.76
*C(=O)N1CN(C(=O)c2ccc3c(c2)C(=O)N(c2ccc(Oc4ccc(C(=O)c5ccc(N6C(=O)c7ccc(*)cc7C6=O)cc5)cc4)cc2)C3=O)C1=O,256.79
*c1ccc(/C=C/c2cccc(/C=N/[Si](C)(C)c3ccc(N4C(=O)c5ccc(-c6ccc7c(c6)C(=O)N(*)C7=O)cc5C4=O)cc3)c2)c(OCCCC)c1,222.07
*c1ccc2c(c1)C(=O)N(c1ccc(Sc3ccc(Oc4ccc(N5C(=O)c6ccc(C(*)(C(F)(F)F)C(F)(F)F)cc6C5=O)cc4)cc3)c(C)c1)C2=O,264.76
*C(=O)c1ccc2c(c1)C(=O)N(c1ccc(-c3ccc(Oc4ccc(N5C(=O)c6ccc(C(*)(C(F)(F)F)C(F)(F)F)cc6C5=O)cc4)cc3)cc1)C2=O,258.66
*c1ccc(OCCOCCOCCCCOc2ccc(N3C(=O)c4ccc(-c5ccc6c(c5)C(=O)N(*)C6=O)cc4C3=O)cc2-c2ccccc2)cc1,274.475
*C(=O)Oc1ccc(OC(=O)c2ccc3c(c2)C(=O)N(c2ccc(Oc4ccc(N5C(=O)c6ccc(*)cc6C5=O)cc4)c(C(C)C)c2)C3=O)c(F)c1F,226.04
*c1ccc(Nc2ccc(Cc3ccc(N4C(=O)c5ccc(S(=O)(=O)c6ccc7c(c6)C(=O)N(*)C7=O)cc5C4=O)cc3OCCCCCC)cc2)cc1,224.165
*c1ccc2c(c1)C(=O)N(c1ccc(C(=O)NNC(=O)c3ccccc3C#Cc3ccc(N4C(=O)c5ccc(*)cc5C4=O)cc3C(C)(C)C)cc1)C2=O,282.13
*c1cc(OC(=O)c2ccc(C#N)cc2)c(Cc2cc(C)c(N3C(=O)c4ccc(Oc5ccc6c(c5)C(=O)N(*)C6=O)cc4C3=O)cc2C(=O)O)cc1C,257.53
*c1ccc(Oc2ccc(C(=O)c3ccc(Oc4ccc(N5C(=O)c6ccc(C7=CC=C7C7=CC(=O)N(*)C7=O)cc6C5=O)cc4)cc3)c(F)c2F)cc1,243.32
*C(=S)c1cc(C)c(C(=O)Nc2ccc(NC(=O)c3ccc4c(c3)C(=O)N(c3ccc(N5C(=O)c6ccc(*)cc6C5=O)cc3C)C4=O)cc2C)c(Cl)c1,284.06
*C(=O)c1ccc2c(c1)C(=O)N(c1ccc(S(=O)(=O)c3ccc(Oc4ccc(N5C(=O)c6ccc(*)cc6C5=O)cc4C(F)(F)F)cc3)c(Cl)c1Cl)C2=O,250.83
*OC(=O)Nc1ccccc1CNC(=O)OCCCCCOc1ccc2c(c1)C(=O)N(c1ccc(Oc3ccc(N4C(=O)c5ccc(*)cc5C4=O)cc3-c3ccccc3)cc1)C2=O,138.7
*c1ccc(Oc2ccc(Oc3ccc(N4C(=O)c5ccc(Oc6ccc7c(c6)C(=O)N(*)C7=O)cc5C4=O)cc3C(F)(F)F)c(C(F)(F)F)c2F)cc1,267.62
*c1ccc(C(C)(C)c2cc(C)c(Oc3ccc(N4C(=O)c5ccc(S(=O)(=O)c6ccc7c(c6)C(=O)N(*)C7=O)cc5C4=O)cc3Br)c(F)c2Cl)cc1C,268.21
*c1ccc(-c2ccc3c(c2)C(=O)N(c2ccc(S(=O)(=O)c4ccc(N5C(=O)c6ccc(C(*)(C(F)(F)F)C(F)(F)F)cc6C5=O)cc4)cc2)C3=O)cc1,283.04
*c1ccc2c(c1)-c1ccc(N3C(=O)c4ccc(Cl)cc4C3=O)c(c1)NC(=O)C1=CC=CC(=C2)c2ccc(-c3ccc4c(c3)C(=O)N(*)C4=O)cc2C1=O,355.2
*CCCCc1ccc(C#Cc2ccccc2CNc2ccc(N3C(=O)c4ccc(-c5ccc6c(c5)C(=O)N(*)C6=O)cc4C3=O)c(CCCC)c2)cc1,218.46
*C(=O)NN1C=C1Nc1ccc(C)c(NC(=O)c2ccc3c(c2)C(=O)N(c2ccc(-c4ccc(N5C(=O)c6ccc(*)cc6C5=O)cc4)c(C)c2)C3=O)c1,275.86
*c1ccc2c(c1)C(=O)N(c1cc(-c3ccccc3)c(Cc3ccc(N4C(=O)c5ccc(C(*)(C(F)(F)F)C(F)(F)F)cc5C4=O)c(C)c3)cc1C)C2=O,285.83
*c1ccc(C(=O)NNC(=O)c2ccc(C(=O)NNC(=O)c3ccc(N4C(=O)c5ccc(-c6ccc7c(c6)C(=O)N(*)C7=O)cc5C4=O)cc3)cc2)cc1,261.7
*c1ccc2c(c1)C(=O)N(c1cccc(Oc3ccc(C(=O)c4cccc(N5C(=O)c6ccc(C(*)(C(F)(F)F)C(F)(F)F)cc6C5=O)c4)cc3)c1)C2=O,252.19
*c1ccc2c(c1)C(=O)N(c1cccc(C(=O)c3ccc(Oc4ccc(N5C(=O)c6ccc(C(*)(C(F)(F)F)C(F)(F)F)cc6C5=O)cc4)cc3)c1)C2=O,250.23
*CCCNC(=O)c1ccc2c(c1)C(=O)N(c1ccc(-c3ccc(S(=O)(=O)c4ccc(N5C(=O)c6ccc(*)cc6C5=O)cc4)cc3)c(C(C)C)c1)C2=O,263.72
*C(=O)c1ccc(Oc2ccc(C(C)(C)c3ccc(N4C(=O)c5ccc(C(=O)c6ccc7c(c6)C(=O)N(*)C7=O)cc5C4=O)cc3)c(C(F)(F)F)c2)cc1,223.41
*Oc1ccc2c(c1)C(=O)N(c1ccc(-c3ccc(Sc4ccc(N5C(=O)c6ccc(C(*)(C(F)(F)F)C(F)(F)F)cc6C5=O)cc4)cc3)c(C)c1)C2=O,252.78
*CCCCCCCCCCCC(=O)Nc1ccc(OCCCCCCCCOc2ccc(-n3c(=O)c4cc5c(=O)n(*)c(=O)c5cc4c3=O)cc2)cc1,245.74
*C(=O)Oc1ccc(OC(=O)c2ccc3c(c2)C(=O)N(c2ccc(-c4ccc(N5C(=O)c6ccc(*)cc6C5=O)cc4)cc2)C3=O)c(OCCCCC)c1,203.265
*C(=O)Nc1ccc(NC(=O)c2ccc3c(c2)C(=O)N(c2ccc(Oc4ccc(N5C(=O)c6ccc(*)cc6C5=O)cc4)cc2C)C3=O)c(C(F)(F)F)c1,285.17
*c1ccc2c(c1)C(=O)N(c1ccc(-c3ccc(NC(=O)c4ccc(N5C(=O)c6ccc(C(*)(C(F)(F)F)C(F)(F)F)cc6C5=O)cc4)cc3)cc1)C2=O,281.87
*C(=O)Oc1ccc(OC(=O)c2ccc3c(c2)C(=O)N(c2ccc(Oc4ccc(N5C(=O)c6ccc(*)cc6C5=O)cc4C(F)(F)F)c(Cl)c2)C3=O)cc1,227.51
*CCCCCCOc1ccc2c(c1)C(=O)N(c1ccc(Oc3ccc(C(C)(C)c4ccc(Oc5ccc6c(c5)C(=O)N(*)C6=O)cc4)cc3)cc1)C2=O,256.61
*c1ccc2c(c1)C(=O)N(c1ccc(NC(=O)c3ccc(N4C(=O)c5ccc(C(*)(C(F)(F)F)C(F)(F)F)cc5C4=O)cc3-c3ccccc3)cc1)C2=O,283.76
*c1cccc(OCCCCCCOc2cccc(NC(=O)c3cccc(N4C(=O)c5ccc(-c6ccc7c(c6)C(=O)N(*)C7=O)cc5C4=O)c3)c2C)c1,214.32
*CCCc1ccc(COC(=O)CCCCCCCCCC(=O)OCCCCOc2ccc(-n3c(=O)c4cc5c(=O)n(*)c(=O)c5cc4c3=O)cc2)cc1,245.63
*c1ccc(-c2ccc(N3C(=O)c4ccc(-c5ccc6c(c5)C(=O)N(*)C6=O)cc4C3=O)cc2C(=O)OCCCCCCOC(=O)c2ccccc2)cc1,231.45
*c1ccc([Si](C)(C)c2cc(C)c(N3C(=O)c4ccc(Oc5ccc6c(c5)C(=O)N(*)C6=O)cc4C3=O)c(C(C)C)c2)cc1C(=O)Oc1ccccc1,255.65
*c1ccc2c(c1)C(=O)N(c1ccc(-c3ccc(Oc4ccc(N5C(=O)c6ccc(C(*)(C(F)(F)F)C(F)(F)F)cc6C5=O)cc4)cc3)cc1Cl)C2=O,285.35
*c1ccc2c(c1)C(=O)N(c1ccc(C[SiH](c3ccccc3)c3ccc(N4C(=O)c5ccc(C(*)(C(F)(F)F)C(F)(F)F)cc5C4=O)cc3)cc1)C2=O,266.11
*c1ccc2c(c1)C(=O)N(c1ccc([SH](=O)(c3ccccc3)c3ccccc3)c(N3C(=O)c4ccc(C(*)(C(F)(F)F)C(F)(F)F)cc4C3=O)c1)C2=O,295.25
*C(=O)Nc1cc(NC(=O)c2ccc3c(c2)C(=O)N(c2ccc(Oc4ccc(N5C(=O)c6ccc(*)cc6C5=O)cc4)cc2)C3=O)cc(C(F)(F)F)c1,251.61
*C(=O)Oc1ccc(S(=O)(=O)c2ccc(Oc3ccc(N4C(=O)c5ccc(-c6ccc7c(c6)C(=O)N(*)C7=O)cc5C4=O)cc3C(F)(F)F)cc2)cc1,212.87
*c1ccc2c(c1)C(=O)N(c1cccc(P(=O)(c3ccccc3)c3ccc(N4C(=O)c5ccc(C(*)(C(F)(F)F)C(F)(F)F)cc5C4=O)cc3)c1)C2=O,282.04
*c1ccc(Sc2ccc(Sc3ccc(N4C(=O)c5ccc(Oc6ccc7c(c6)C(=O)N(*)C7=O)cc5C4=O)cc3C(F)(F)F)cc2)c(C(F)(F)F)c1,218.89
*C(=O)Nc1ccc(Oc2ccc(NC(=O)c3ccc4c(c3)C(=O)N(c3cc(N5C(=O)c6ccc(*)cc6C5=O)c(C)cc3C)C4=O)c(C)c2)cc1C,300.375
*c1ccc2c(c1)C(=O)N(c1ccc(Sc3ccc(Oc4ccc(N5C(=O)c6ccc(C(*)(C(F)(F)F)C(F)(F)F)cc6C5=O)cc4)cc3)cc1)C2=O,243.27
*c1ccc2c(c1)C(=O)N(c1ccc(C3(c4ccc(N5C(=O)c6ccc(C(*)(C(F)(F)F)C(F)(F)F)cc6C5=O)cc4)Oc4ccccc43)cc1)C2=O,307.88
*c1cc(N2C(=O)c3ccc(Oc4ccc(C(C)(C)c5ccc(Oc6ccc7c(c6)C(=O)N(*)C7=O)cc5)cc4)cc3C2=O)cc(S(F)(F)(F)(F)F)c1,229.04
*c1ccc([Si](C)(C)[Si](C)(C)c2ccc(N3C(=O)c4ccc(-c5ccc6c(c5)C(=O)N(*)C6=O)cc4C3=O)cc2C(=O)Nc2ccc(C#N)cc2)cc1,278.94
*c1ccc2c(c1)C(=O)N(c1cccc(C(O)(c3ccccc3)c3cccc(N4C(=O)c5ccc(C(*)(C(F)(F)F)C(F)(F)F)cc5C4=O)c3)c1)C2=O,282.33
*C(=O)Nc1ccc(NC(=O)c2ccc3c(c2)C(=O)N(c2ccc(Cc4ccc(N5C(=O)c6ccc(*)cc6C5=O)cc4)cc2)C3=O)c(C(C)(C)C)c1,245.96
*c1ccc2c(c1)C(=O)N(c1ccc(Oc3cccc(Oc4cccc(N5C(=O)c6ccc(C(*)(C(F)(F)F)C(F)(F)F)cc6C5=O)c4)c3)cc1)C2=O,276.33
*c1ccc2c(c1)C(=O)N(c1ccc(Cc3ccc(Cc4ccc(N5C(=O)c6ccc(C(*)(C(F)(F)F)C(F)(F)F)cc6C5=O)cc4)cc3)cc1)C2=O,260.12
*c1ccc2c(c1)C(=O)N(c1ccc(Oc3ccc(Oc4cccc(N5C(=O)c6ccc(C(*)(C(F)(F)F)C(F)(F)F)cc6C5=O)c4)cc3)cc1)C2=O,271.13
*c1ccc(N2C(=O)c3ccc(Oc4ccc(C(c5ccc(Oc6ccc7c(c6)C(=O)N(*)C7=O)cc5)(C(F)(F)F)C(F)(F)F)cc4)cc3C2=O)cc1,276.65
*c1ccc(C(C)(C)c2ccc(C(C)(C)c3ccc(N4C(=O)c5ccc(-c6ccc7c(c6)C(=O)N(*)C7=O)cc5C4=O)cc3C(F)(F)F)cc2)c(F)c1,264.1
*c1ccc(CCc2cc(-c3ccccc3)c(N3C(=O)c4ccc(-c5ccc6c(c5)C(=O)N(*)C6=O)c(CC)c4C3=O)cc2CCCCCC)cc1C,244.51
*c1cc(N2C(=O)c3cccc(Oc4c(C)cc(Cc5ccc(Oc6ccc7c(c6)C(=O)N(*)C7=O)c(C)c5)c(C)c4C)c3C2=O)cc(C(F)(F)F)c1,271.24
*Cc1ccc(COc2ccc(N3C(=O)c4ccc(-c5ccc6c(c5)C(=O)N(*)C6=O)cc4C3=O)cc2OCCCCNC(=O)c2ccccc2)cc1,224.26
*c1ccc2c(c1)C(=O)N(c1ccc(Cc3ccc(N4C(=O)c5ccc(C(*)(C(F)(F)F)C(F)(F)F)cc5C4=O)cc3)c(Oc3ccccc3)c1)C2=O,285.76
*c1ccc(NC(=O)Nc2ccc(Cc3ccc(NC(=O)CN4C(=O)c5ccc(C(=O)c6ccc7c(c6)C(=O)N(*)C7=O)cc5C4=O)cc3)cc2)cc1,241.97
*CC(=O)OC(=O)c1ccc(NC(=O)CCCCCn2c(=O)c3cc4c(=O)n(*)c(=O)c4cc3c2=O)cc1OCCCCCCOc1ccc(/C=C/c2ccc([N+](=O)[O-])cc2)cc1,142.36
*CCCCCOc1ccc(CCCNC(=O)CCCCCCCCC(=O)Nc2ccc(-n3c(=O)c4cc5c(=O)n(*)c(=O)c5cc4c3=O)cc2)cc1,279.53
*c1ccc2c(c1)C(=O)N(c1ccc(Oc3ccc(N4C(=O)c5ccc(C(*)(C(F)(F)F)C(F)(F)F)cc5C4=O)cc3Oc3ccccc3)cc1)C2=O,265.91
*C(=O)c1ccc2c(c1)C(=O)N(c1ccc(S(=O)(=O)c3ccc(S(=O)(=O)c4ccc(N5C(=O)c6ccc(*)cc6C5=O)cc4)cc3)cc1C(C)C)C2=O,256.45
*c1ccc(Oc2ccc(Oc3ccc(N4C(=O)c5ccc(Oc6ccc7c(c6)C(=O)N(*)C7=O)cc5C4=O)cc3C(F)(F)F)cc2)c(OC(C)=O)c1,231.39
*c1ccc(S(=O)(=O)NCCN(C)C(=O)CCCCCCCCCCC(=O)Nc2ccc(-n3c(=O)c4cc5c(=O)n(*)c(=O)c5cc4c3=O)cc2)cc1,214.01
*CCc1ccc(CCOC(=O)NCCCCCCNC(=O)OCCCCOc2ccc(-n3c(=O)c4cc5c(=O)n(*)c(=O)c5cc4c3=O)cc2)cc1,290.74
*CCCN(CCCCCCCC)c1ccc(/C=C/c2ccc([IH]n3c(=O)c4cc5c(=O)n(*)c(=O)c5cc4c3=O)cc2C(F)(F)F)c(C(F)(F)F)c1,206.865
*c1ccc(Oc2ccc(Oc3ccc(N4C(=O)c5ccc(Oc6ccc7c(c6)C(=O)N(*)C7=O)cc5C4=O)cc3C(F)(F)F)c(C(F)(F)F)c2)cc1,233.68
*CCNC(=O)c1ccc(C(=O)NNC(=O)CCCC(=O)NCCCNC(=O)c2ccc(-n3c(=O)c4cc5c(=O)n(*)c(=O)c5cc4c3=O)cc2)cc1,204.83
*c1ccc(-c2ccc3c(c2)C(=O)N(c2ccc(Cc4ccc(N5C(=O)c6ccc(C(*)(C(F)(F)F)C(F)(F)F)cc6C5=O)cc4)cc2)C3=O)cc1,275.27
*c1ccc(Nc2ccc(-c3ccc(N4C(=O)c5ccc(Oc6ccc7c(c6)C(=O)N(*)C7=O)cc5C4=O)cc3C(F)(F)F)c(C(F)(F)F)c2)cc1,251.57
*c1ccc(C(C)(C)c2ccc(C(C)(C)c3ccc(N4C(=O)c5ccc(-c6ccc7c(c6)C(=O)N(*)C7=O)cc5C4=O)cc3)c(C(C)(C)C)c2)cc1,256.48
*CCC(=O)Nc1cccc(NC(=O)c2ccc3c(c2)C(=O)N(c2ccc(Oc4ccc(N5C(=O)c6ccc(*)cc6C5=O)cc4)cc2)C3=O)c1O,254.52
*C(=O)c1cc(C(=O)c2ccc3c(c2)C(=O)N(c2ccc(Oc4ccc(N5C(=O)c6ccc(*)cc6C5=O)cc4)cc2)C3=O)c(C(F)(F)F)cc1C,275.8
*c1ccc2c(c1)C(=O)N(c1ccc(C(c3ccccc3)c3ccc(N4C(=O)c5ccc(C(*)(C(F)(F)F)C(F)(F)F)cc5C4=O)cc3)cc1)C2=O,288.73
*C(=O)Nc1ccc(Cc2ccc(NC(=O)c3ccc4c(c3)C(=O)N(c3ccc(N5C(=O)c6ccc(*)cc6C5=O)cc3C)C4=O)c(C)c2)cc1C,293.79
*C(=O)c1ccc2c(c1)C(=O)N(c1c(C)cc(Cc3cc(Br)c(Oc4cc(C)c(N5C(=O)c6ccc(*)cc6C5=O)c(C)c4)cc3C)cc1Br)C2=O,276.14
*c1ccc2c(c1)C(=O)N(c1ccc(-c3ccc(Oc4ccc(N5C(=O)c6ccc(C(*)(C(F)(F)F)C(F)(F)F)cc6C5=O)cc4)cc3)cc1)C2=O,269.41
*c1ccc(Oc2ccc(Oc3ccc(N4C(=O)c5ccc(-c6ccc7c(c6)C(=O)N(*)C7=O)cc5C4=O)c(C(F)(F)F)c3)cc2C(F)(F)F)cc1,265.68
*c1ccc(Oc2cc(C(C)(C)C)c(Oc3ccc(N4C(=O)c5ccc(Oc6ccc7c(c6)C(=O)N(*)C7=O)cc5C4=O)c(C)c3)cc2C)cc1C,260.09
*c1ccc2c(c1)C(=O)N(c1ccc(Oc3ccc(N4C(=O)c5ccc(C(*)(C(F)(F)F)C(F)(F)F)cc5C4=O)cc3-c3ccccc3)cc1)C2=O,262.45
*c1ccc(C(=O)Nc2ccc(NC(=O)c3ccc(N4C(=O)c5ccc(-c6ccc7c(c6)C(=O)N(*)C7=O)cc5C4=O)cc3C(C)(C)C)cc2)cc1,291.96
*c1ccc(Oc2ccccc2Oc2ccc(N3C(=O)c4ccc(Oc5ccc6c(c5)C(=O)N(*)C6=O)cc4C3=O)c(C(C)(C)C)c2)cc1C(C)C,217.48
*c1ccc(Oc2ccc(N3C(=O)c4ccc(Oc5ccc(-c6ccc7c(c6)C(=O)N(*)C7=O)cc5)cc4C3=O)cc2C(F)(F)F)c(C(F)(F)F)c1,247.875
*c1ccc(Oc2ccc(Oc3ccc(N4C(=O)c5ccc(Oc6ccc7c(c6)C(=O)N(*)C7=O)cc5C4=O)s3)c(C(F)(F)F)c2)cc1C(F)(F)F,243.35
*C(=O)N/C=C/c1ccc(CSC(=O)c2ccc3c(c2)C(=O)N(c2ccc(Oc4cccc(N5C(=O)c6ccc(*)cc6C5=O)c4)cc2)C3=O)cc1,217.32
*c1ccc(OCCC(=O)Nc2cc(C)c(N3C(=O)c4ccc(Oc5ccc6c(c5)C(=O)N(*)C6=O)cc4C3=O)cc2C(C)(C)C)c2ccccc12,254.94
*c1ccc2c(c1)C(=O)N(c1cc[c]([Sn]([c]3ccccc3)[c]3ccc(N4C(=O)c5ccc(C(*)(C(F)(F)F)C(F)(F)F)cc5C4=O)cc3)cc1)C2=O,307.32
*c1ccc(-c2ccc(Oc3ccc(N4C(=O)c5ccc(Oc6ccc7c(c6)C(=O)N(*)C7=O)cc5C4=O)cc3C(F)(F)F)c(C(C)(C)C)c2)cc1,251.02
*c1c(C)cc(-c2cc(C)c(N3C(=O)c4ccc(Sc5ccc6c(c5)C(=O)N(*)C6=O)cc4C3=O)c(C(F)(F)F)c2)cc1C(C)(C)c1ccccc1,291.93
*c1ccc(N(CCCC)C(=O)CNc2ccc(Sc3ccc(N4C(=O)c5ccc(-c6ccc7c(c6)C(=O)N(*)C7=O)cc5C4=O)cc3)cc2)cc1,216.79
*c1ccc(Oc2ccc(Oc3ccc(N4C(=O)c5ccc(-c6ccc7c(c6)C(=O)N(*)C7=O)cc5C4=O)cc3C(F)(F)F)c(C(C)(C)C)c2)cc1,242.6
*C(=O)c1cccc(C(=O)OC(=O)c2ccc(C(=O)c3ccc4c(c3)C(=O)N(c3ccc(N5C(=O)c6ccc(*)cc6C5=O)cc3)C4=O)cc2C)c1,221.89
*CC(=O)c1ccc2c(c1)C(=O)N(c1ccc(C(=O)Oc3ccc(S(=O)(=O)c4ccc(C)c(N5C(=O)c6ccc(*)cc6C5=O)c4)cc3)cc1)C2=O,222.08
*c1ccc2c(c1)C(=O)N(c1ccc(Cc3ccc(-c4ccc(N5C(=O)c6ccc(C(*)(C(F)(F)F)C(F)(F)F)cc6C5=O)cc4)cc3)cc1)C2=O,271.47
*c1ccc(C(=O)CCCCCCCCCCCCCCCCCC(=O)Nc2ccc(-n3c(=O)c4cc5c(=O)n(*)c(=O)c5cc4c3=O)cc2)cc1,206.82
*c1ccc(S(=O)(=O)c2ccc(S(=O)(=O)c3ccc(N4C(=O)c5ccc(Oc6ccc7c(c6)C(=O)N(*)C7=O)cc5C4=O)cc3Cl)c(F)c2F)cc1,253.56
*c1ccc2c(c1)C(=O)N(c1ccc(NC(=O)c3ccc(Oc4ccc(N5C(=O)c6ccc(*)cc6C5=O)c(F)c4F)c(C(F)(F)F)c3)cc1)C2=O,288.3
*c1ccc2c(c1)C(=O)N(c1ccc(Sc3ccc(N4C(=O)c5ccc(C(*)(C(F)(F)F)C(F)(F)F)cc5C4=O)cc3)c(-c3ccccc3)c1)C2=O,264.305
*C(=O)c1ccc2c(c1)C(=O)N(c1ccc(Sc3ccc(S(=O)(=O)c4ccc(N5C(=O)c6ccc(*)cc6C5=O)cc4C(F)(F)F)cc3)cc1)C2=O,229.85
*c1ccc(C(C)(C)c2cccc(C(F)(F)F)c2)c(OC(=O)c2cccc(N3C(=O)c4ccc(-c5ccc6c(c5)C(=O)N(*)C6=O)cc4C3=O)c2)c1,219.71
*C(=O)Nc1cccc(NC(=O)c2ccc3c(c2)C(=O)N(c2ccc(OCCOc4ccc(N5C(=O)c6ccc(*)cc6C5=O)cc4)cc2)C3=O)c1,205.69
*C(=O)Nc1ccc(S(=O)(=O)c2ccc(NC(=O)c3ccc4c(c3)C(=O)N(c3ccc(N5C(=O)c6ccc(*)cc6C5=O)cc3C)C4=O)cc2)cc1,303.77
*c1ccc2c(c1)C(=O)N(c1ccc(Cc3cc(C)c(NC(=O)c4ccc(N5C(=O)c6ccc(C(*)(F)F)cc6C5=O)cc4)c(C)c3)cc1C)C2=O,287.14
*c1ccc(Oc2ccc(Oc3ccc(N4C(=O)c5ccc(-c6ccc7c(c6)C(=O)N(*)C7=O)cc5C4=O)cc3C(F)(F)F)c(C(F)(F)F)c2)cc1,255.18
*C(=O)Nc1ccc(NC(=O)c2ccc3c(c2)C(=O)N(c2ccc(-c4ccc(N5C(=O)c6ccc(*)cc6C5=O)cc4)cc2)C3=O)c(C(C)(C)C)c1,243.62
*c1ccc2c(c1)C(=O)N(c1cccc(C(=O)Oc3ccc(C(=O)c4ccc(N5C(=O)c6ccc(*)cc6C5=O)cc4C)c(C(C)(C)C)c3)c1)C2=O,240.41
*C(=O)n1cc(C(=O)c2ccc3c(c2)C(=O)N(c2ccc(Sc4ccc(N5C(=O)c6ccc(*)cc6C5=O)c(C)c4)cc2C)C3=O)c(C(F)(F)F)c1,257.46
*CCCSC(=O)c1ccc2c(c1)C(=O)N(c1ccc(S(=O)(=O)c3ccc(Oc4ccc(N5C(=O)c6ccc(*)cc6C5=O)cc4)cc3)cc1)C2=O,219.255
*C(=O)Nc1ccc(Oc2ccc(C(=O)c3ccc4c(c3)C(=O)N(c3cccc(N5C(=O)c6ccc(*)cc6C5=O)c3)C4=O)cc2C(=O)[O][Na])cc1,261.52
*C(=O)c1ccc2c(c1)C(=O)N(c1ccc(C(=O)c3ccc(C(F)(F)C(F)(F)c4ccc(N5C(=O)c6ccc(*)cc6C5=O)cc4)cc3)cc1)C2=O,221.985
*CCCCNC(=O)SN(c1ccccc1)c1ccc(-c2ccc(CN3C(=O)c4ccc(-c5ccc6c(c5)C(=O)N(*)C6=O)cc4C3=O)cc2)cc1,202.31
*c1ccc(C(=O)Nc2ccc(S(=O)(=O)c3ccc(N4C(=O)c5ccc(-c6ccc7c(c6)C(=O)N(*)C7=O)cc5C4=O)cc3)cc2SC)c(Br)c1,294.16
*c1ccc2c(c1)C(=O)N(c1cccc(C(=O)Nc3ccc(S(=O)(=O)c4ccc(NC(=O)c5ccc6c(c5)C(=O)N(*)C6=O)cc4)cc3)c1)C2=O,294.3
*Nc1cc(NC(=O)c2ccc3c(c2)C(=O)N(c2ccc(Cc4ccc(N5C(=O)c6ccc(*)cc6C5=O)cc4)cc2)C3=O)cc(C(F)(F)F)c1,254.89
*c1ccc(OC(=O)CCCCCCCCCCCCCCC(=O)OC2=CC=S(C(=O)OCCc3ccc(OC(=O)CC(C)CCCCn4c(=O)c5cc6c(=O)n(*)c(=O)c6cc5c4=O)cc3)C=C2)cc1,151.08
*C(=O)c1ccc2c(c1)C(=O)N(c1ccc(Oc3ccc(C(=O)c4ccc(N5C(=O)c6ccc(*)cc6C5=O)cc4)cc3)c(S(C)(C)C)c1)C2=O,238.52
*c1cc(OCC(CC)CC)cc(N2C(=O)c3ccc(P(=O)(c4ccccc4)c4ccc5c(c4)C(=O)N(*)C5=O)cc3C2=O)c1-c1ccccc1,253.84
*c1ccc(OCc2ccc(OCC(O)COc3ccc(N4C(=O)c5ccc(-c6ccc7c(c6)C(=O)N(*)C7=O)cc5C4=O)cc3)c(C)c2)cc1,202.29
*c1ccc2c(c1)C(=O)N(c1ccc(-c3ccc(-c4cccc(N5C(=O)c6ccc(C(*)(C(F)(F)F)C(F)(F)F)cc6C5=O)c4)cc3)cc1)C2=O,281.89
*c1ccc(Oc2ccc(Oc3ccc(N4C(=O)c5ccc(S(=O)(=O)c6ccc7c(c6)C(=O)N(*)C7=O)cc5C4=O)cc3C(F)(F)F)cc2)cc1,258.68
*c1ccc(N2C(=O)c3ccc([Si](C)(C)c4ccc(C(C)(C)c5ccc(C(C)(C)c6ccc7c(c6)C(=O)N(*)C7=O)cc5)cc4)cc3C2=O)cc1,264.195
*c1ccc(C(=O)NNC(=O)CCCCCCCCCCCCC(=O)Nc2ccc(-n3c(=O)c4cc5c(=O)n(*)c(=O)c5cc4c3=O)cc2)cc1,204.005
*C(=O)Nc1cc(NC(=O)c2ccc3c(c2)C(=O)N(c2cccc(N4C(=O)c5ccc(*)cc5C4=O)c2)C3=O)ccc1/N=N/c1ccc(C)cc1,262.55
*C1=C(C)C=C(c2cc(C)nc(N3C(=O)c4ccc(Sc5ccc6c(c5)C(=O)N(*)C6=O)cc4C3=O)c2)c2ccccc2-c2ccccc2C1=O,303.15
*C(=O)Nc1ccc(S(=O)(=O)c2cccc(NC(=O)c3ccc4c(c3)C(=O)N(c3cccc(N5C(=O)c6ccc(*)cc6C5=O)c3)C4=O)c2)cc1,223.41
*C(=O)Nc1ccc(NC(=O)c2ccc3c(c2)C(=O)N(c2ccc(C(C)(C)c4ccc(N5C(=O)c6ccc(*)cc6C5=O)cc4)cc2)C3=O)cc1,237.32
*c1cccc(P(=O)(c2ccc(C(F)(F)F)cc2)c2cccc(N3C(=O)c4ccc(S(=O)(=O)c5ccc6c(c5)C(=O)N(*)C6=O)cc4C3=O)c2)c1,262.32
*c1ccc(-c2ccc(Oc3ccc(N4C(=O)c5ccc(-c6ccc7c(c6)C(=O)N(*)C7=O)cc5C4=O)cc3C(F)(F)F)c(C(F)(F)F)c2)cc1,253.81
*C(=O)Nc1ccc(S(=O)(=O)c2ccc(NC(=O)c3ccc4c(c3)C(=O)N(c3ccc(N5C(=O)c6ccc(*)cc6C5=O)cc3)C4=O)cc2)cc1,242.365
*c1cc(NC(=O)Nc2ccc(Br)cc2)c(-c2cc(C)c(N3C(=O)c4ccc(Oc5ccc6c(c5)C(=O)N(*)C6=O)cc4C3=O)c(C)c2)cc1C,296.835
*c1ccc(Oc2cccc(Oc3ccc(N4C(=O)c5ccc(S(=O)(=O)c6ccc7c(c6)C(=O)N(*)C7=O)cc5C4=O)cc3S(=O)(=O)O)c2)cc1,227.38
*c1ccc2c(c1)C(=O)N(c1ccc(NC(=O)c3ccc(C(=O)NNC(=O)c4ccc(N5C(=O)c6ccc(*)cc6C5=O)cc4)cc3)cc1)C2=O,281.62
*C(=O)c1ccc2c(c1)C(=O)N(c1ccc(OCCOc3ccc(NC(=O)c4ccc(N5C(=O)c6ccc(*)cc6C5=O)cc4)cc3)cc1)C2=O,245.55
*C(=O)Nc1ccc(OC(=O)c2ccc3c(c2)C(=O)N(c2ccc(Oc4cccc(N5C(=O)c6ccc(*)cc6C5=O)c4)cc2)C3=O)cc1OC,231.47
*C(=O)OC(=O)c1ccc(/N=N/c2ccc(C(=O)c3ccc4c(c3)C(=O)N(c3ccc(N5C(=O)c6ccc(*)cc6C5=O)cc3)C4=O)cc2)cc1,240.11
*c1ccc(OCCCCCOc2ccccc2Oc2ccc(N3C(=O)c4ccc(Oc5ccc6c(c5)C(=O)N(*)C6=O)cc4C3=O)cc2)cc1,205.44
*c1ccc(Cc2ccc(N3C(=O)c4ccc(-c5ccc6c(c5)C(=O)N(*)C6=O)cc4C3=O)cc2C(F)(F)F)c(S(=O)(=O)Oc2ccccc2)c1,235.765
*C(=O)Nc1cccc(NC(=O)c2ccc3c(c2)C(=O)N(c2ccc(Cc4ccc(N5C(=O)c6ccc(*)cc6C5=O)cc4)cc2)C3=O)c1C#N,272.33
*c1ccc(C(c2ccc(N3C(=O)c4ccc(-c5ccc(-c6ccc7c(c6)C(=O)N(*)C7=O)cc5)cc4C3=O)cc2)(C(F)(F)F)C(F)(F)F)cc1,340.405
*C#C/C(C#N)=C(\c1ccccc1)c1ccc(C)c(-c2cc(C)c(N3C(=O)c4ccc(-c5ccc6c(c5)C(=O)N(*)C6=O)cc4C3=O)c(Cl)c2)c1,319.08
*C(=O)Nc1ccc(NC(=O)c2ccc3c(c2)C(=O)N(c2ccc(Sc4ccc(N5C(=O)c6ccc(*)cc6C5=O)c(C)c4)cc2C)C3=O)cc1,300.18
*c1ccc2c(c1)C(=O)N(c1ccc(N(C)[SH](C)(C)c3ccc(C(C)(CC)c4ccc(N5C(=O)c6ccc(*)cc6C5=O)cc4)cc3)cc1)C2=O,252.16
*c1ccc(Oc2ccc(N3C(=O)c4ccc(Oc5ccc6c(c5)C(=O)N(*)C6=O)cc4C3=O)cc2OC(=O)c2ccc(OCCC)cc2)cc1,228.39
*C(=O)Nc1ccc(NC(=O)c2ccc3c(c2)C(=O)N(c2ccc(Sc4ccc(N5C(=O)c6ccc(*)cc6C5=O)cc4)cc2)C3=O)cc1OC,247.47
*c1ccc2c(c1)C(=O)N(c1ccc(OCCC[PH](C)(C)c3ccc(-c4ccc(N5C(=O)c6ccc(*)cc6C5=O)c(C)c4C)cc3)cc1)C2=O,253.39
*CCCCCCNC(=O)c1ccc(C(=O)NCCCCCCNC(=O)c2ccc(-n3c(=O)c4cc5c(=O)n(*)c(=O)c5cc4c3=O)cc2)cc1,213.915
*c1cccc(NC(=O)c2ccc(C(=O)Nc3ccc(N4C(=O)c5ccc(S(=O)(=O)c6ccc7c(c6)C(=O)N(*)C7=O)cc5C4=O)cc3)cc2)c1,261.26
*CCCCCCn1on(C(=O)c2ccc3c(c2)C(=O)N(c2ccc(-c4ccc(N5C(=O)c6ccc(*)cc6C5=O)cc4)cc2)C3=O)c(=O)c1=O,377.48
*c1ccc(SSS(=O)(=O)c2ccc(Sc3ccc(N4C(=O)c5ccc(S(=O)(=O)c6ccc7c(c6)C(=O)N(*)C7=O)cc5C4=O)cc3)cc2)cc1,222.11
*CC(O)CNC(Oc1ccc(Cl)cc1)SC(=O)Nc1ccc(NC(=O)CCCCCCn2c(=O)c3cc4c(=O)n(*)c(=O)c4cc3c2=O)cc1,274.09
*c1ccc(-c2cc(CCCCCCCC)c(C#Cn3c(=O)c4cc5c(=O)n(*)c(=O)c5cc4c3=O)cc2C(F)(F)F)c(CCN(CC)CC)c1,218.185
*CCCCCCCCCc1ccc(-c2ccc(/C=C/C(=O)C(CC(C)C)n3c(=O)c4cc5c(=O)n(*)c(=O)c5cc4c3=O)cc2)cc1CCC,217.95
*c1ccc(N(c2ccccc2)c2ccc(N3C(=O)c4ccc(C(C)(C)c5ccc6c(c5)C(=O)N(*)C6=O)cc4C3=O)cc2)c(C(C)(C)C)c1,264.87
*C(=O)c1ccc2c(c1)C(=O)N(c1cccc(P(=O)(c3ccccc3)c3ccc(N4C(=O)c5ccc(*)cc5C4=O)cc3C(F)(F)F)c1)C2=O,269.22
*c1ccc(N(c2ccccc2)c2ccc(N3C(=O)c4ccc(C(C)(C)c5ccc6c(c5)C(=O)N(*)C6=O)cc4C3=O)cc2C(C)CC)cc1,267.09
*c1ccc(-c2cc(C(=O)O)c(N3C(=O)c4ccc(-c5ccc6c(c5)C(=O)N(*)C6=O)cc4C3=O)cc2OC(=O)c2ccc(OC)cc2)cc1,268.48
*C(=O)Nc1ccc(NC(=O)c2ccc3c(c2)C(=O)N(c2ccc(Oc4ccc(N5C(=O)c6ccc(*)cc6C5=O)cc4)cc2)C3=O)c(C)c1,303.88
*CCCCCCCNC(=O)c1ccc(C(=O)NCCCCCCOc2ccc(-n3c(=O)c4cc5c(=O)n(*)c(=O)c5cc4c3=O)cc2)cc1,201.5
*OC(=O)Oc1ccc2c(c1)C(=O)N(c1cccc(C(=O)Nc3ccc(Oc4ccc(N5C(=O)c6ccc(*)cc6C5=O)cc4)cc3)c1)C2=O,238.59
*c1ccc(Oc2cc(C(C)(C)C)c(Oc3ccc(N4C(=O)c5ccc(-c6ccc7c(c6)C(=O)N(*)C7=O)cc5C4=O)c(C)c3)cc2C)cc1,299.94
*c1ccc2c(c1)C(=O)N(c1ccc(C(=O)c3ccc(-c4ccc(N5C(=O)c6ccc(C(F)(F)C(*)(F)F)cc6C5=O)cc4)cc3)cc1)C2=O,290.13
*C(=O)Nc1ccc(Oc2ccc(NC(=O)c3ccc4c(c3)C(=O)N(c3ccc(C)c(N5C(=O)c6ccc(*)cc6C5=O)c3)C4=O)cc2)cc1,295.76
*c1ccc(Oc2ccc(Oc3ccc(N4C(=O)c5ccc(Oc6ccc7c(c6)C(=O)N(*)C7=O)cc5C4=O)cc3[N+](=O)[O-])c(C)c2)cc1C,257.19
*C(=O)c1ccc(C(=O)NC(=O)c2ccc3c(c2)C(=O)N(c2ccc(Oc4ccc(N5C(=O)c6ccc(*)cc6C5=O)cc4)cc2)C3=O)cc1,281.75
*C(=O)c1ccc2c(c1)C(=O)N(c1ccc(P(=O)(c3ccccc3)c3ccc(N4C(=O)c5ccc(*)cc5C4=O)cc3C(F)(F)F)cc1)C2=O,280.38
*C(=O)c1ccc2c(c1)C(=O)N(Cc1ccccc1CC(=O)Nc1ccc(Oc3ccc(N4C(=O)c5ccc(*)cc5C4=O)cc3)cc1)C2=O,232.28
*c1ccc(C(=O)Nc2ccc(NC(=O)c3ccc(N4C(=O)c5ccc(Oc6ccc7c(c6)C(=O)N(*)C7=O)cc5C4=O)cc3C)cc2)cc1,296.01
*C(=O)Oc1ccc(OC(=O)c2ccc3c(c2)C(=O)N(c2ccc(Oc4ccc(N5C(=O)c6ccc(*)cc6C5=O)cc4)cc2)C3=O)c(O)c1,237.93
*CCCCCC(=O)c1ccc2c(c1)C(=O)N(c1ccc(Cc3ccc(-c4ccc(N5C(=O)c6ccc(*)cc6C5=O)cc4)cc3)cc1)C2=O,229.61
*C(=O)c1ccc2c(c1)C(=O)N(c1cccc(S(=O)(=O)c3ccc(S(=O)(=O)c4ccc(N5C(=O)c6ccc(*)cc6C5=O)cc4)cc3)c1)C2=O,246.08
*C(=O)c1ccc2c(c1)C(=O)N(c1cccc(C(=O)Nc3ccc(S(=O)(=O)c4ccc(N5C(=O)c6ccc(*)cc6C5=O)cc4)cc3)c1)C2=O,273.37
*c1ccc(C(C(=O)OCCCC)c2cccc(N3C(=O)c4ccc(-c5ccc6c(c5)C(=O)N(*)C6=O)cc4C3=O)c2)nc1-c1ccccc1,224.605
*C(=O)Nc1cccc(NC(=O)c2ccc3c(c2)C(=O)N(c2ccc(Oc4ccc(N5C(=O)c6ccc(*)cc6C5=O)cc4)cc2)C3=O)c1C,231.77
*C(=O)Nc1ccc(Cc2ccc(NC(=O)c3ccc4c(c3)C(=O)N(c3ccc(N5C(=O)c6ccc(*)cc6C5=O)cc3C)C4=O)cc2)cc1,275.06
*CCCC(=O)Oc1ccc(Oc2ccccc2Oc2ccc(N3C(=O)c4ccc(-c5ccc6c(c5)C(=O)N(*)C6=O)cc4C3=O)cc2)cc1,288.045
*c1ccc(Oc2ccccc2Sc2ccc(N3C(=O)c4ccc(Oc5ccc6c(c5)C(=O)N(*)C6=O)cc4C3=O)cc2C(F)(F)F)c(C)c1,224.65
*c1ccc(C(=O)c2cccc(S(=O)(=O)c3ccc(N4C(=O)c5ccc(S(=O)(=O)c6ccc7c(c6)C(=O)N(*)C7=O)cc5C4=O)cc3)c2)cc1,251.25
*N1C(=O)c2ccc(S(=O)(=O)c3ccc4c(c3)C(=O)N(c3ccc(C(=O)c5ccc(C(=O)c6ccc(N=*)cc6)cc5)cc3)C4=O)cc2C1=O,275.69
*C(=O)Nc1ccc(C)c(NC(=O)c2ccc3c(c2)C(=O)N(c2ccc(Oc4ccc(N5C(=O)c6ccc(*)cc6C5=O)cc4)cc2)C3=O)c1,234.78
*c1ccc(Cc2ccc(N3C(=O)c4ccc([Si](C)(C)c5ccc6c(c5)C(=O)N(*)C6=O)cc4C3=O)c(C#C)c2)cc1-c1ccc(N(C)C)s1,250.85
*C(=O)c1ccc2c(c1)C(=O)N(c1ccc(C(=O)c3ccc(C(=O)c4ccc(N5C(=O)c6ccc(*)cc6C5=O)c(C)c4)cc3C)cc1)C2=O,285.7
*c1ccc(OCCCCCCCCCCCCCCOc2ccc(-n3c(=O)c4cc5c(=O)n(*)c(=O)c5c(C(F)(F)F)c4c3=O)cc2)cc1,316.06
*CCCCCCCCCCCCCCC(=O)Nc1ccc(Oc2ccc(Oc3ccc(NC(=O)CCCCN4C(=O)c5ccc(C(=O)c6ccc7c(c6)C(=O)N(*)C7=O)cc5C4=O)cc3)cc2)cc1,169.75
*c1ccc(N(c2ccc(C#N)cc2)c2cc(C)c(N3C(=O)c4ccc(-c5ccc6c(c5)C(=O)N(*)C6=O)cc4C3=O)cc2C(C)(C)C)cc1,327.45
*CC(=O)Oc1ccc(OC(=O)c2ccc3c(c2)C(=O)N(c2ccc(Oc4ccc(N5C(=O)c6ccc(*)cc6C5=O)cc4)cc2)C3=O)cc1,224.075
*C(=O)c1ccc2c(c1)C(=O)N(c1ccc(C(=O)Nc3ccc(NC(=O)c4ccc(N5C(=O)c6ccc(*)cc6C5=O)cc4)cc3)cc1)C2=O,269.39
*C(=O)c1ccc2c(c1)C(=O)N(c1cccc(NC(=O)c3ccc(C(=O)c4ccc(N5C(=O)c6ccc(*)cc6C5=O)cc4)cc3)c1C)C2=O,273.95
*c1ccc(S(=O)(=O)c2ccc(N3C(=O)c4ccc(-c5ccc6c(c5)C(=O)N(*)C6=O)cc4C3=O)cc2C(=O)Oc2ccc(C#N)cc2)cc1,244.13
*c1ccc(C(=O)c2ccc3cc(N4C(=O)c5ccc(Oc6ccc7c(c6)C(=O)N(*)C7=O)cc5C4=O)cccc4n(c(=O)c3c2)C=C4)cc1,279.54
*C(=O)Nc1ccc2c(c1)C(=O)N(c1cccc(C(=O)c3ccc(S(=O)(=O)c4ccc(N5C(=O)c6ccc(*)cc6C5=O)cc4)cc3)c1)C2=O,273.89
*C(=O)Nc1ccc(NC(=O)c2ccc3c(c2)C(=O)N(c2ccc(-c4ccc(N5C(=O)c6ccc(*)cc6C5=O)cc4)cc2)C3=O)cc1C#N,267.77
*C(=O)Nc1ccc(NC(=O)c2ccc3c(c2)C(=O)N(c2ccc(C(=O)c4ccc(N5C(=O)c6ccc(*)cc6C5=O)cc4)cc2)C3=O)cc1,229.61
*c1ccc(C(=O)c2ccc(Oc3ccc(N4C(=O)c5ccc(S(=O)(=O)c6ccc7c(c6)C(=O)N(*)C7=O)cc5C4=O)c(C)c3)cc2C)cc1,285.3
*C(=O)c1ccc2c(c1)C(=O)N(c1ccc(OCCN(C)c3ccc(Oc4ccc(N5C(=O)c6ccc(*)cc6C5=O)cc4)cc3)cc1)C2=O,211.475
*CC(=O)NCCCCCCNC(=O)c1ccc(C(=O)NC(=O)c2ccc(-n3c(=O)c4cc5c(=O)n(*)c(=O)c5cc4c3=O)cc2C)c(C)c1,210.65
*CCCCCCCOc1ccc(C(=O)NCCCCCCNC(=O)c2ccc(-n3c(=O)c4cc5c(=O)n(*)c(=O)c5cc4c3=O)cc2)cc1,213.33
*c1ccc(Oc2ccc(-n3c(=O)c4cc5c(=O)n(*)c(=O)c5cc4c3=O)cc2OC(=O)C(C)=O)c(SCCCCCCCCCCCC)c1,239.28
*CC(=O)Nc1ccc(NC(=O)c2ccc3c(c2)C(=O)N(c2ccc(Oc4ccc(N5C(=O)c6ccc(*)cc6C5=O)cc4)cc2)C3=O)cc1,261.94
*C(=O)Nc1ccc(NC(=O)c2ccc3c(c2)C(=O)N(c2ccc(Sc4ccc(N5C(=O)c6ccc(*)cc6C5=O)cc4)cc2)C3=O)c(C)c1,267.51
*CCCCS(=O)(=O)c1ccc(Cc2ccc(-n3c(=O)c4cc5c(=O)n(*)c(=O)c5cc4c3=O)cc2OCCCCC)c(CCCCCC)c1,201.88
*Oc1ccc(Oc2ccc(-n3c(=O)c4cc5c(=O)n(*)c(=O)c5cc4c3=O)cc2C(F)(F)F)c(OC(F)(F)C(F)(F)C(F)(F)C(F)(F)F)c1,220.5
*C(=O)Nc1ccc(NC(=O)c2ccc3c(c2)C(=O)N(c2ccc(Oc4ccc(N5C(=O)c6ccc(*)cc6C5=O)cc4C)cc2)C3=O)cc1,301.71
*C(=O)c1ccc2c(c1)C(=O)N(c1cccc(NC(=O)c3ccc(S(=O)(=O)c4ccc(N5C(=O)c6ccc(*)cc6C5=O)cc4)cc3)c1)C2=O,269.13
*C(=O)Oc1ccc(C(=O)OC(=O)c2ccc3c(c2)C(=O)N(c2ccc(-c4ccc(N5C(=O)c6ccc(*)cc6C5=O)cc4)cc2)C3=O)cc1,216.475
*CCCCC(=O)NCc1ccc(COc2ccc(-n3c(=O)c4cc5c(=O)n(*)c(=O)c5cc4c3=O)cc2S(=O)(=O)O)c(OCCCCC)c1,200.17
*c1ccc(CC(=O)NCCCCCCNC(=O)c2ccc(-n3c(=O)c4cc5c(=O)n(*)c(=O)c5cc4c3=O)cc2S(=O)(=O)[O][Na])c(F)c1F,221.62
*CCCCOC(=O)c1ccc(NC(=O)CCCCCCCC(=O)Nc2ccc(-n3c(=O)c4cc5c(=O)n(*)c(=O)c5cc4c3=O)cc2)cc1,213.38
*c1ccc(C(=O)NNC(=O)c2ccc(NC(=O)CCCCCCn3c(=O)c4cc5c(=O)n(*)c(=O)c5cc4c3=O)c(CCCCC)c2)cc1,226.01
*c1ccc(C(=O)NCCCCCCNC(=O)c2ccc(NC(=O)CCCCCn3c(=O)c4cc5c(=O)n(*)c(=O)c5cc4c3=O)cc2)cc1,206.99
*Oc1ccc(N(CCCCCCCCCCCCC)c2ccc(-n3c(=O)c4cc5c(=O)n(*)c(=O)c5cc4c3=O)cc2C(F)(F)F)c(F)c1,204.83
*c1ccc([Si](C)(C)O[Si](C)(C)O[Si](C)(C)O[Si](C)(C)O[Si](C)(C)c2ccc(-n3c(=O)c4cc5c(=O)n(*)c(=O)c5c(F)c4c3=O)cc2)cc1,211.37
*O[Si](C)(C)O[Si](C)(C)O[Si](C)(C)O[Si](C)(C)Oc1ccc(C(C)(C)c2ccc(-n3c(=O)c4cc5c(=O)n(*)c(=O)c5cc4c3=O)cc2)cc1,202.88
*c1ccc(C(=O)c2ccc(S(=O)(=O)c3ccc(N4C(=O)c5ccc(Oc6ccc7c(c6)C(=O)N(*)C7=O)cc5C4=O)cc3C)cc2)cc1,254.35
*c1ccc(S(=O)(=O)c2ccc(S(=O)(=O)c3cccc(N4C(=O)c5ccc(Oc6ccc7c(c6)C(=O)N(*)C7=O)cc5C4=O)c3)cc2)cc1,247.65
*C(=S)Nc1ccc(NC(=O)c2ccc3c(c2)C(=O)N(c2ccc(-c4ccc(N5C(=O)c6ccc(*)cc6C5=O)cc4)cc2)C3=O)cc1C,282.75
*c1ccc(Nc2ccc(Sc3ccc(N4C(=O)c5ccc(Sc6ccc7c(c6)C(=O)N(*)C7=O)cc5C4=O)cc3)c(OCC=C)c2)cc1,243.9
*c1ccc(Oc2ccc([Si](C)(C)c3ccc(N4C(=O)c5ccc(-c6ccc7c(c6)C(=O)N(*)C7=O)cc5C4=O)c([N+](=O)[O-])c3)cc2)cc1,270.8
*c1sc(-c2ccccc2-c2ccc(N3C(=O)c4ccc(-c5ccc6c(c5)C(=O)N(*)C6=O)cc4C3=O)cc2C(F)(F)F)cc1C(F)(F)F,267.5
*C(=O)Nc1ccc(NC(=O)c2ccc3c(c2)C(=O)N(c2ccc(-c4ccc(N5C(=O)c6ccc(*)cc6C5=O)cc4)c(C)c2)C3=O)cc1,274.45
*c1ccc(/C(C)=N/c2ccc([N+](=O)[O-])cc2)c(Oc2cccc(N3C(=O)c4ccc(-c5ccc6c(c5)C(=O)N(*)C6=O)cc4C3=O)c2)c1,231.43
*c1ccc2c(c1)C(=O)N(c1ccc(C(C)(C)c3ccccc3C(C)(C)c3ccc(N4C(=O)c5ccc(*)cc5C4=O)cc3Cl)cc1)C2=O,289.02
*C(=O)c1ccc2c(c1)C(=O)N(c1cccc(NC(=O)Nc3cccc(Oc4ccc(N5C(=O)c6ccc(*)cc6C5=O)cc4)c3)c1)C2=O,247.07
*c1ccc(N(c2ccccc2)c2ccc(N3C(=O)c4ccc([Si](C)(C)c5ccc6c(c5)C(=O)N(*)C6=O)cc4C3=O)c(C(C)C)c2)cc1,277.12
*c1ccc([Si](C)(C)c2ccc(C)c(N3C(=O)c4ccc(-c5ccc(S(=O)(=O)c6ccc7c(c6)C(=O)N(*)C7=O)cc5)cc4C3=O)c2)cc1,316.88
*C(=O)Nc1ccc(NC(=O)c2ccc3c(c2)C(=O)N(c2ccc(Sc4ccc(N5C(=O)c6ccc(*)cc6C5=O)cc4)cc2)C3=O)cc1,248.14
*CC(=O)Oc1ccc2c(c1)C(=O)N(c1ccc(Oc3ccc(C(=O)c4ccc(N5C(=O)c6ccc(*)cc6C5=O)cc4)cc3)cc1)C2=O,239.0
*c1ccc(P(=O)(c2ccccc2)c2ccc(N3C(=O)c4ccc(-c5ccc6c(c5)C(=O)N(*)C6=O)cc4C3=O)cc2S(=O)(=O)[O][Na])cc1,264.29
*c1ccc2c(c1)C(=O)N(c1ccc(P(=O)(c3ccccc3)c3ccc(N4C(=O)c5ccc(*)cc5C4=O)c(C)c3)c(C(F)(F)F)c1)C2=O,314.9
*c1ccc(-c2ccc([Si](C)(C)c3ccc(N4C(=O)c5ccc(-c6ccc7c(c6)C(=O)N(*)C7=O)cc5C4=O)cc3)c(C(C)(C)C)c2)cc1,274.72
*c1ccc2c(c1)C(=O)N(c1cccc(C(=O)c3cccc(N4C(=O)c5ccc(C(*)(c6ccccc6)C(F)(F)F)cc5C4=O)c3)c1)C2=O,285.46
*c1ccc(S(=O)(=O)c2ccc(N3C(=O)c4ccc(-c5ccc6c(c5)C(=O)N(*)C6=O)cc4C3=O)cc2C(=O)Nc2cccc(C)c2)cc1,253.99
*CCCCCCCC(=O)NCCc1cc(OCCCCCC)c(-c2ccc(-n3c(=O)c4cc5c(=O)n(*)c(=O)c5cc4c3=O)cc2)nn1,300.51
*C(=O)c1ccc2c(c1)C(=O)N(c1ccc(C(=O)c3ccc(C(=O)c4ccc(N5C(=O)c6ccc(*)cc6C5=O)cc4)cc3C)cc1)C2=O,283.46
*C(=O)Oc1ccc(NC(=O)c2ccc3c(c2)C(=O)N(c2ccc(Oc4ccc(N5C(=O)c6ccc(*)cc6C5=O)cc4)cc2)C3=O)cc1,247.46
*c1ccc2c(c1)C(=O)N(c1ccc(S(=O)(=O)c3ccc(S(=O)(=O)c4ccc(N5C(=O)c6ccc(*)cc6C5=O)cc4)c(C)c3)cc1)C2=O,284.63
*c1ccc([Si](C)(C)[Si](C)(C)c2ccc(N3C(=O)c4ccc(S(=O)(=O)c5ccc6c(c5)C(=O)N(*)C6=O)cc4C3=O)c3ccccc23)cc1,299.44
*CCCCCCOc1ccc(OCCCCCCCCCOc2ccc(-n3c(=O)c4cc5c(=O)n(*)c(=O)c5cc4c3=O)c(C)c2)cc1,281.74
*C(=O)c1cc(C(=O)c2ccc3c(c2)C(=O)N(c2ccc(Oc4ccc(N5C(=O)c6ccc(*)cc6C5=O)cc4)cc2)C3=O)c(C)cc1C,276.54
*c1ccc(Sc2ccc(OC(=S)C#N)cc2Sc2ccc(N3C(=O)c4ccc(-c5ccc6c(c5)C(=O)N(*)C6=O)cc4C3=O)cc2)cc1,227.29
*C(=O)c1ccc2c(c1)C(=O)N(c1ccc(C(=O)c3ccc(S(=O)(=O)c4ccc(N5C(=O)c6ccc(*)cc6C5=O)cc4)cc3)cc1)C2=O,266.05
*c1ccc(Oc2ccc(S(=O)(=O)c3ccc(N4C(=O)c5ccc(S(=O)(=O)c6ccc7c(c6)C(=O)N(*)C7=O)cc5C4=O)cc3)cc2)cc1,266.03
*c1ccc(CCc2ccc(N3C(=O)c4ccc(Oc5ccc6c(c5)C(=O)N(*)C6=O)cc4C3=O)c(C(C)(C)C)c2)cc1-c1ccccc1,251.53
*c1cccc(P(=O)(c2ccccc2)c2ccc(N3C(=O)c4ccc(-c5ccc6c(c5)C(=O)N(*)C6=O)cc4C3=O)cc2S(=O)(=O)[O][Na])c1,253.27
*c1ccc(Oc2ccc(Oc3ccc(N4C(=O)c5ccc(-c6ccc7c(c6)C(=O)N(*)C7=O)cc5C4=O)cc3OC(=O)CO)cc2)cc1,237.81
*c1ccc2c(c1)C(=O)N(c1ccc(N3C(=O)c4ccc(NC(=O)c5ccc(C(=O)Nc6ccc(N=*)cc6)cc5)cc4C3=O)cc1)C2=O,287.35
*c1c(C)c(C)c(-c2cc(C)c(N3C(=O)c4ccc(-c5ccc6c(c5)C(=O)N(*)C6=O)cc4C3=O)cc2C)c(-c2ccccc2)c1[N+](=O)[O-],358.92
*c1ccc(Cc2ccc(N3C(=O)c4ccc(Oc5ccc6c(c5)C(=O)N(*)C6=O)cc4C3=O)cc2Oc2ccc(C(F)(F)F)cc2)cc1,249.19
*c1ccc(Oc2ccc(C(=O)c3ccc(N4C(=O)c5ccc(-c6cccc7c6C(=O)N(*)C7=O)cc5C4=O)cc3C(F)(F)F)cc2)cc1,264.98
*c1ccc(C(=O)Nc2ccc(S(=O)(=O)c3ccc(N4C(=O)c5ccc(Oc6ccc7c(c6)C(=O)N(*)C7=O)cc5C4=O)cc3)cc2)cc1,291.74
*c1cccc(Oc2ccc(Oc3ccc(N4C(=O)c5ccc(S(=O)(=O)c6ccc7c(c6)C(=O)N(*)C7=O)cc5C4=O)c(C)c3)cc2C)c1,270.34
*C(=O)c1ccc2c(c1)C(=O)N(c1ccc(NC(=O)c3ccccc3C(=O)c3ccc(N4C(=O)c5ccc(*)cc5C4=O)cc3)cc1)C2=O,279.92
*c1ccc(/C=N/c2ccc(Cc3ccccc3N3C(=O)c4ccc(C(=O)c5ccc6c(c5)C(=O)N(*)C6=O)cc4C3=O)c(C)c2)cc1C,260.82
*C(=O)Nc1ccc(Oc2ccc(NC(=O)c3ccc4c(c3)C(=O)N(c3ccc(N5C(=O)c6ccc(*)cc6C5=O)cc3)C4=O)cc2)cc1,262.06
*CCCCCCCCCCCCCCCCCCOc1ccc(-c2ccc(-n3c(=O)c4cc5c(=O)n(*)c(=O)c5cc4c3=O)cc2)cc1,293.26
*C(=O)c1ccc2c(c1)C(=O)N(c1cccc(P(=O)(c3ccccc3)c3cccc(N4C(=O)c5ccc(*)cc5C4=O)c3C(C)C)c1)C2=O,270.23
*C(=S)Nc1ccc(NC(=O)c2ccc3c(c2)C(=O)N(c2ccc(Oc4ccc(N5C(=O)c6ccc(*)cc6C5=O)cc4)cc2)C3=O)cc1,253.62
*C(=O)Nc1ccc(NC(=O)c2ccc3c(c2)C(=O)N(c2ccc(Cc4ccc(N5C(=O)c6ccc(*)cc6C5=O)cc4)cc2)C3=O)cc1,247.72
*c1ccc(CCC2=CC=C(N3C(=O)c4ccc(Oc5ccc6c(c5)C(=O)N(*)C6=O)cc4C3=O)c3ccccc3-c3ccccc32)cc1,252.94
*c1ccc(CCCc2ccc(N3C(=O)c4ccc(-c5ccc6c(c5)C(=O)N(*)C6=O)cc4C3=O)cc2S(=O)(=O)Oc2ccccc2)cc1,213.945
*c1ccc(-c2ccc(-n3c(=O)c4cc5c(=O)n(*)c(=O)c5cc4c3=O)cc2)c(C(CCCC)(CCCCCC)CCCCCCCC)c1,204.89
*c1ccccc1C(=O)Oc1ccc(NC(=O)c2cccc(N3C(=O)c4ccc(Oc5ccc6c(c5)C(=O)N(*)C6=O)cc4C3=O)c2)cc1,239.54
*C(=O)c1ccc2c(c1)C(=O)N(c1ccc(C(C)(C)c3ccc(C(=O)c4ccc(N5C(=O)c6ccc(*)cc6C5=O)cc4)cc3)cc1)C2=O,234.34
*C(=O)c1ccc(C(=O)c2ccc3c(c2)C(=O)N(c2ccc(S(=O)(=O)c4ccc(N5C(=O)c6ccc(*)cc6C5=O)cc4)cc2)C3=O)cc1,265.66
*c1ccc(Oc2ccc(Oc3ccc(N4C(=O)c5ccc(Oc6ccc7c(c6)C(=O)N(*)C7=O)cc5C4=O)cc3)cc2)c(C(C)(C)C)c1,245.81
*C(=O)Nc1cccc(NC(=O)c2ccc3c(c2)C(=O)N(c2ccc(Oc4ccc(N5C(=O)c6ccc(*)cc6C5=O)cc4)cc2)C3=O)c1,233.92
*c1ccc(Oc2ccc(C(=O)c3ccc(N4C(=O)c5ccc(-c6ccc7c(c6)C(=O)N(*)C7=O)cc5C4=O)cc3)c(C(F)(F)F)c2)cc1,260.3
*C(=O)c1cccc(C(=O)c2ccc3c(c2)C(=O)N(c2ccc(S(=O)(=O)c4ccc(N5C(=O)c6ccc(*)cc6C5=O)cc4)cc2)C3=O)c1,271.26
*CCCCCCCCCCCC(=O)NCc1ccc(C)c(NC(=O)c2cccc(-n3c(=O)c4cc5c(=O)n(*)c(=O)c5cc4c3=O)c2)c1,211.95
*C(=O)c1ccc2c(c1)C(=O)N(c1ccc(Cc3ccc(NC(=O)c4ccc(N5C(=O)c6ccc(*)cc6C5=O)cc4)cc3)c(C)c1)C2=O,293.47
*c1ccc(Oc2cccc(Oc3ccc(N4C(=O)c5ccc(Oc6ccc7c(c6)C(=O)N(*)C7=O)cc5C4=O)cc3)c2)c(C(C)(C)C)c1,232.78
*C(=O)c1ccc2c(c1)C(=O)N(c1ccc(Sc3ccc(-c4ccc(N5C(=O)c6ccc(*)cc6C5=O)cc4)cc3)c(C(F)(F)F)c1)C2=O,244.41
*Oc1ccc(OC(=O)c2ccc3c(c2)C(=O)N(c2ccc(S(=O)(=O)c4ccc(N5C(=O)c6ccc(*)cc6C5=O)cc4)cc2)C3=O)cc1,215.56
*C(=O)c1ccc2c(c1)C(=O)N(c1ccc(N(C)c3ccc(N4C(=O)c5ccc(*)cc5C4=O)cc3NC(=O)c3ccccc3)cc1)C2=O,275.48
*c1ccc(CC(=O)Nc2cccc(S(=O)(=O)c3ccc(N4C(=O)c5ccc(-c6ccc7c(c6)C(=O)N(*)C7=O)cc5C4=O)cc3)c2)cc1,264.47
*c1ccc(Oc2ccc(N3C(=O)c4ccc(-c5ccccc5Oc5ccc6c(c5)C(=O)N(*)C6=O)cc4C3=O)cc2C(F)(F)F)cc1F,255.045
*C(=O)c1ccc2c(c1)C(=O)N(c1ccc(Oc3ccc(S(=O)(=O)Oc4ccc(N5C(=O)c6ccc(*)cc6C5=O)cc4)cc3)cc1)C2=O,231.47
*c1ccc(Oc2ccc(-c3ccc(N4C(=O)c5ccc(Oc6ccc7c(c6)C(=O)N(*)C7=O)cc5C4=O)c(C)c3)c(C(F)(F)F)c2)cc1,284.67
*C(=O)Nc1ccc(Cc2ccc(NC(=O)c3ccc4c(c3)C(=O)N(c3cccc(N5C(=O)c6ccc(*)cc6C5=O)c3)C4=O)cc2)cc1,231.52
*C(=O)Oc1ccc(OC(=O)c2ccc3c(c2)C(=O)N(c2cccc(Oc4ccc(N5C(=O)c6ccc(*)cc6C5=O)cc4)c2)C3=O)cc1,207.795
*c1ccc(-c2ccc(N3C(=O)c4ccc(C(=O)c5ccc6c(c5)C(=O)N(*)C6=O)cc4C3=O)c(C)c2)cc1S(=O)(=O)c1cccc(C)c1,307.02
*c1ccc(Oc2ccc(Oc3ccc(N4C(=O)c5ccc(-c6ccc7c(c6)C(=O)N(*)C7=O)cc5C4=O)cc3)c(C(C)(C)C)c2)cc1C,250.87
*c1cccc(C(C)(C)c2ccccc2Oc2ccc(N3C(=O)c4ccc(Oc5ccc6c(c5)C(=O)N(*)C6=O)cc4C3=O)cc2OC)c1,220.49
*C(=O)Nc1ccc(Cc2ccc(NC(=O)c3ccc4c(c3)C(=O)N(c3ccc(N5C(=O)c6ccc(*)cc6C5=O)cc3)C4=O)cc2)cc1,261.14
*c1ccc(OCCCCCCCCCOc2ccc(-n3c(=O)c4cc5c(=O)n(*)c(=O)c5cc4c3=O)cc2OC(F)(F)C(F)(F)F)cc1,257.77
*c1ccc(Oc2ccc(Oc3ccc(N4C(=O)c5ccc(Oc6ccc7c(c6)C(=O)N(*)C7=O)cc5C4=O)cc3C(C)(C)C)cc2)cc1,252.78
*c1cc(C)c(Oc2ccc(N3C(=O)c4ccc([Si](C)(C)c5ccc6c(c5)C(=O)N(*)C6=O)cc4C3=O)cc2OC)c(-c2ccccc2)c1,249.75
*c1ccc(S(=O)(=O)c2ccc(N3C(=O)c4ccc(-c5ccc6c(c5)C(=O)N(*)C6=O)cc4C3=O)cc2-c2ccc(C(F)(F)F)cc2)cc1,248.89
*C(=O)c1ccc2c(c1)C(=O)N(c1ccc(Oc3ccc(NC(=O)c4ccc(Oc5ccc6c(c5)C(=O)N(*)C6=O)cc4)cc3)cc1)C2=O,285.7
*C(=O)Oc1ccc(OC(=O)c2ccc3c(c2)C(=O)N(c2ccc(Cc4cccc(N5C(=O)c6ccc(*)cc6C5=O)c4)cc2)C3=O)cc1,202.145
*C(=O)NCCCCCCCCCCNC(=O)c1ccc(C(=O)Nc2ccc(-n3c(=O)c4cc5c(=O)n(*)c(=O)c5cc4c3=O)cc2)cc1,210.11
*C(=O)c1ccc2c(c1)C(=O)N(c1ccc(Oc3ccc(N4C(=O)c5ccc(*)cc5C4=O)cc3)c(C(=O)Nc3ccccc3C)c1)C2=O,272.18
*c1ccc([Si](C)(C)c2ccc(N(CC)c3ccc(N4C(=O)c5ccc(Sc6ccc7c(c6)C(=O)N(*)C7=O)cc5C4=O)cc3)cc2)cc1,244.15
*C(=O)c1ccc2c(c1)C(=O)N(c1ccc(C(=O)c3ccc(C(=O)Nc4ccc(N5C(=O)c6ccc(*)cc6C5=O)cc4)cc3)cc1)C2=O,246.13
*C(=O)c1ccc2c(c1)C(=O)N(c1cccc(C(=O)c3ccc(S(=O)(=O)c4ccc(N5C(=O)c6ccc(*)cc6C5=O)cc4)cc3)c1)C2=O,254.21
*C(=O)Nc1cccc(NC(=O)c2ccc3c(c2)C(=O)N(c2ccc(-c4ccc(N5C(=O)c6ccc(*)cc6C5=O)cc4)cc2)C3=O)c1C,280.02
*c1ccc(-c2ccc(-n3c(=O)c4cc5c(=O)n(*)c(=O)c5cc4c3=O)cc2S(=O)(=O)O)c(C(C#N)(CCCCCC)CCCCCC)c1,240.13
*C(=O)c1ccc2c(c1)C(=O)N(c1ccc(C(c3ccccc3)c3cccc(N4C(=O)c5ccc(*)cc5C4=O)c3)c(C(C)(C)C)c1)C2=O,269.86
*c1ccc(Oc2ccc(NC(=O)c3ccc(N4C(=O)c5ccc(S(=O)(=O)c6ccc7c(c6)C(=O)N(*)C7=O)cc5C4=O)cc3)cc2)cc1,292.63
*C(=O)Oc1cccc(OC(=O)c2ccc3c(c2)C(=O)N(c2ccc(Oc4ccc(N5C(=O)c6ccc(*)cc6C5=O)cc4)cc2)C3=O)n1,314.695
*CCCC(=O)NCCCCCCCCCCNC(=O)c1ccc(-c2ccc(-n3c(=O)c4cc5c(=O)n(*)c(=O)c5cc4c3=O)cc2)cc1,205.915
*c1ccc(C(=O)CCCCCCCCCCCCCCCCC(=O)c2ccc(C(=O)Oc3ccc(-n4c(=O)c5cc6c(=O)n(*)c(=O)c6cc5c4=O)cc3)cc2)cc1,126.08
*C(=O)c1ccc2c(c1)C(=O)N(c1ccc(C(=O)c3ccc(NC(=O)c4ccc(N5C(=O)c6ccc(*)cc6C5=O)cc4)cc3)cc1)C2=O,290.8
*c1ccc(S(=O)(=O)NCCS(=O)(=O)NCCCCCCNC(=O)c2cccc(-n3c(=O)c4cc5c(=O)n(*)c(=O)c5cc4c3=O)c2)cc1,205.32
*Cc1ccc(CN(C)C(=O)CCCCCCCCC(=O)Nc2ccc(CCn3c(=O)c4cc5c(=O)n(*)c(=O)c5cc4c3=O)cc2)cc1,208.01
*c1cc(OC(=O)c2ccccc2)c(C(=O)OCCCCCCCCCCCCCCOc2ccc(-n3c(=O)c4cc5c(=O)n(*)c(=O)c5cc4c3=O)cc2C)cc1Cl,131.89
*CCOCCOc1cc(CCCCCC)cc(CCC(=O)Oc2ccc(-n3c(=O)c4cc5c(=O)n(*)c(=O)c5cc4c3=O)c(C)c2)c1O,200.89
*c1ccc(/C=C/c2ccc(/C=C/c3ccc(N4C(=O)c5ccc(S(=O)(=O)c6ccc7c(c6)C(=O)N(*)C7=O)cc5C4=O)cc3)cc2)cc1,307.1
*C(=O)NCc1ccc(Cc2ccc(NC(=O)CCCCCCCCCCCn3c(=O)c4cc5c(=O)n(*)c(=O)c5cc4c3=O)cc2)cc1,258.9
*c1ccc(Oc2ccc(N3C(=O)c4ccc(-c5ccc6c(c5)C(=O)N(*)C6=O)cc4C3=O)cc2OC)c(-c2cc(C)c(C)cc2C)c1,283.605
*C(=O)c1ccc2c(c1)C(=O)N(c1ccc(C(=O)c3ccc(Oc4ccc(N5C(=O)c6ccc(*)cc6C5=O)cc4C)cc3)cc1)C2=O,265.6
*C(=O)c1ccc2c(c1)C(=O)N(c1ccc(Nc3ccc(NC(=O)c4ccc(N5C(=O)c6ccc(*)cc6C5=O)cc4)cc3)cc1)C2=O,287.46
*c1cc[n+](C(=O)c2ccc(S(=O)(=O)c3ccc(N4C(=O)c5ccc(Oc6ccc7c(c6)C(=O)N(*)C7=O)cc5C4=O)cc3)cc2)cc1,271.655
*C(=S)Nc1ccc(-c2ccc(NC(=O)c3ccc4c(c3)C(=O)N(c3ccc(N5C(=O)c6ccc(*)cc6C5=O)cc3)C4=O)cc2)cc1,278.185
*c1ccccc1OC(=O)c1ccc(S(=O)(=O)c2ccc(N3C(=O)c4ccc(-c5ccc6c(c5)C(=O)N(*)C6=O)cc4C3=O)cc2)cc1,245.46
*C(=O)c1ccc2c(c1)C(=O)N(c1ccc(Nc3ccc(S(=O)(=O)c4ccc(N5C(=O)c6ccc(*)cc6C5=O)cc4)cc3)cc1)C2=O,274.57
*C(=O)c1ccc2c(c1)C(=O)N(c1ccc(Sc3ccc(S(=O)(=O)c4ccc(N5C(=O)c6ccc(*)cc6C5=O)cc4)cc3)cc1)C2=O,240.54
*c1ccc(Oc2ccc(-n3c(=O)c4cc5c(=O)n(*)c(=O)c5cc4c3=O)cc2C(=O)N(CCC(F)(F)F)C(F)(F)F)c(C(F)(F)F)c1,236.255
*C(=O)c1ccc2c(c1)C(=O)N(c1ccc(Oc3ccc(NC(=O)c4cccc(N5C(=O)c6ccc(*)cc6C5=O)c4)cc3)cc1)C2=O,284.245
*C(=O)c1ccc2c(c1)C(=O)N(c1ccc(Oc3ccc(C(C)(C)c4ccc(N5C(=O)c6ccc(*)cc6C5=O)cc4)cc3)cc1)C2=O,223.55
*c1ccc(Oc2ccc(Oc3ccc(N4C(=O)c5ccc(S(=O)(=O)c6ccc7c(c6)C(=O)N(*)C7=O)cc5C4=O)cc3F)cc2)cc1,291.92
*c1ccc([Si](C)(C)O[Si](C)(C)c2ccc(C(F)(F)C(F)(F)C(F)(F)C(F)(F)C(F)(F)C(F)(F)c3ccc(N4C(=O)c5ccc(Oc6ccc7c(c6)C(=O)N(*)C7=O)cc5C4=O)cc3)cc2)cc1,184.52
*c1ccc(C(C)(C)c2cccc(C(C)(C)c3ccc(N4C(=O)c5ccc(-c6ccc7c(c6)C(=O)N(*)C7=O)cc5C4=O)cc3)c2)cc1,248.44
*c1ccc(Oc2ccccc2Oc2ccc(N3C(=O)c4ccc(Oc5ccc6c(c5)C(=O)N(*)C6=O)cc4C3=O)cc2F)c(F)c1F,246.41
*C(=O)Nc1ccc(NC(=O)c2ccc3c(c2)C(=O)N(c2ccc(-c4ccc(N5C(=O)c6ccc(*)cc6C5=O)cc4)cc2)C3=O)cc1,256.38
*c1cc(OCCN(C)c2ccc(N3C(=O)c4ccc(Oc5ccc6c(c5)C(=O)N(*)C6=O)cc4C3=O)cc2)ccc1-c1ccccc1,218.485
*c1ccc(C(=O)Nc2ccc(NC(=O)c3ccc(N4C(=O)c5ccc(-c6ccc7c(c6)C(=O)N(*)C7=O)cc5C4=O)cc3)cc2)cc1,270.82
*c1ccc(Nc2ccc(Nc3ccc(N4C(=O)c5ccc(S(=O)(=O)c6ccc7c(c6)C(=O)N(*)C7=O)cc5C4=O)c(C)c3)cc2)cc1,297.7
*C(=O)NCc1ccc(NC(=O)CCCCCCC(=O)Nc2ccc(Cn3c(=O)c4cc5c(=O)n(*)c(=O)c5cc4c3=O)cc2)c(C)c1,203.35
*c1cc(Cl)c(-c2ccc(N3C(=O)c4ccc(-c5ccc6c(c5)C(=O)N(*)C6=O)cc4C3=O)cc2S(=O)(=O)[O][Na])c(-c2ccccc2)c1,289.3
*C(=O)c1ccc2c(c1)C(=O)N(c1ccc(Cc3ccc(S(=O)(=O)c4ccc(N5C(=O)c6ccc(*)cc6C5=O)cc4)cc3)cc1)C2=O,254.83
*c1ccc(C(C)(C)c2ccc(C(C)(C)c3ccc(N4C(=O)c5ccc(-c6ccc7c(c6)C(=O)N(*)C7=O)cc5C4=O)cc3)cc2)cc1,271.6
*/N=N/c1cc(C(C)(C)C)c(Oc2ccc(-n3c(=O)c4cc5c(=O)n(*)c(=O)c5c(C(F)(F)F)c4c3=O)c(C(F)(F)F)c2)cc1[N+](=O)[O-],280.16
*c1ccc(Oc2ccc(N3C(=O)c4ccc(Oc5ccc6c(c5)C(=O)N(*)C6=O)cc4C3=O)c(C(F)(F)F)c2)cc1-c1ccccc1,257.265
*c1cccc(S(=O)(=O)NCCCCCCNC(=O)c2ccc(-n3c(=O)c4cc5c(=O)n(*)c(=O)c5cc4c3=O)cc2S(=O)(=O)[O][Na])c1,207.245
*c1cccc(C(=O)Nc2cccc(NC(=O)c3cccc(N4C(=O)c5ccc(-c6ccc7c(c6)C(=O)N(*)C7=O)cc5C4=O)c3)c2)c1,259.51
*CC(=O)NC(=O)CCCCCCCCC(=O)Nc1ccc(Oc2ccc(-n3c(=O)c4cc5c(=O)n(*)c(=O)c5cc4c3=O)cc2)cc1,209.31
*c1ccc(Oc2ccc(N3C(=O)c4ccc(Oc5ccc6c(c5)C(=O)N(*)C6=O)cc4C3=O)cc2-c2ccc(C(F)(F)F)cc2)cc1,277.28
*c1ccc(Oc2ccc(N3C(=O)c4ccc(Oc5ccc6c(c5)C(=O)N(*)C6=O)cc4C3=O)cc2C(F)(F)F)c(-c2ccccc2)c1,248.06
*c1cccc(N2C(=O)c3cccc(Oc4c(C)cc(-c5ccc(Oc6cccc7c6C(=O)N(*)C7=O)c(C)c5)c(C)c4C)c3C2=O)c1,288.63
*c1ccc(C(=O)Nc2cccc(S(=O)(=O)c3cccc(N4C(=O)c5ccc(-c6ccc7c(c6)C(=O)N(*)C7=O)cc5C4=O)c3)c2)cc1,254.57
*c1ccc2c(c1)C(=O)N(c1ccc(Oc3ccc(N4C(=O)c5ccc(N(*)c6ccccc6)cc5C4=O)cc3)c(C(F)(F)F)c1)C2=O,270.01
*C(=O)c1ccc2c(c1)C(=O)N(c1ccc(S(=O)(=O)c3ccc(Oc4ccc(N5C(=O)c6ccc(*)cc6C5=O)cc4)cc3)cc1)C2=O,262.26
*c1ccc(Sc2ccc(Sc3ccc(N4C(=O)c5ccc(-c6ccc7c(c6)C(=O)N(*)C7=O)cc5C4=O)cc3F)c(F)c2F)c(F)c1,228.97
*C(=O)c1ccc2c(c1)C(=O)N(c1cccc(C(=O)Nc3ccc(Oc4ccc(N5C(=O)c6ccc(*)cc6C5=O)cc4)cc3)c1)C2=O,267.86
*C(=O)c1ccc2c(c1)C(=O)N(c1ccc(Oc3ccccc3Oc3ccc(N4C(=O)c5ccc(*)cc5C4=O)c(C)c3)cc1C)C2=O,257.08
*c1ccc(Oc2ccc(Oc3ccc(N4C(=O)c5ccc(Oc6ccc7c(c6)C(=O)N(*)C7=O)cc5C4=O)cc3C)c(C)c2)cc1C,276.755
*C(=O)c1ccc2c(c1)C(=O)N(c1ccc(Oc3ccc(Oc4ccc(N5C(=O)c6ccc(*)cc6C5=O)cc4)cc3)cc1CC)C2=O,253.97
*c1cccc(P(=O)(c2ccccc2)c2ccc(N3C(=O)c4ccc(-c5ccc6c(c5)C(=O)N(*)C6=O)cc4C3=O)cc2C(=O)[O][Na])c1,264.18
*c1cccc(OC(=O)c2ccccc2Oc2cccc(N3C(=O)c4ccc(C(=O)c5ccc6c(c5)C(=O)N(*)C6=O)cc4C3=O)c2)c1,215.69
*C(=O)c1ccc2c(c1)C(=O)N(c1ccc(Sc3ccc(C(C)(C)c4ccc(N5C(=O)c6ccc(*)cc6C5=O)cc4)cc3)cc1)C2=O,224.75
*C(=O)c1ccc2c(c1)C(=O)N(c1ccc(S(=O)(=O)c3ccc(Oc4cccc(N5C(=O)c6ccc(*)cc6C5=O)c4)cc3)cc1)C2=O,257.34
*c1cccc(NC(=O)c2cccc(C(=O)Nc3cccc(N4C(=O)c5ccc(-c6cccc7c6C(=O)N(*)C7=O)cc5C4=O)c3)c2)c1,251.26
*C(=O)Oc1ccc(OC(=O)c2ccc3c(c2)C(=O)N(c2ccc(-c4ccc(N5C(=O)c6ccc(*)cc6C5=O)cc4)cc2)C3=O)cc1,211.89
*C(=O)c1cc2c(cc1-c1ccccc1Cl)C(=O)N(c1ccc(Cc3ccc(N4C(=O)c5ccc(*)cc5C4=O)cc3C)c(C)c1)C2=O,289.18
*/C=C/c1ccc2c(c1)C(=O)N(c1ccc(Oc3ccc(S(=O)(=O)c4ccc(N5C(=O)c6ccc(*)cc6C5=O)cc4)cc3)cc1)C2=O,250.97
*c1ccc(Oc2ccc(C(=O)c3ccc(N4C(=O)c5ccc(N(CC)c6ccc7c(c6)C(=O)N(*)C7=O)cc5C4=O)cc3)cc2)cc1,217.19
*C#Cc1ccc(C=C(C#C[Si](C)(C)CCC(=O)NCCc2ccc(-n3c(=O)c4cc5c(=O)n(*)c(=O)c5cc4c3=O)cc2)C=C)cc1,216.905
*Cc1ccccc1-c1ccc(-c2ccc(C(=O)CN3C(=O)c4ccc(C(=O)c5ccc6c(c5)C(=O)N(*)C6=O)cc4C3=O)cc2)cc1,230.09
*c1ccc(/C=C/c2ccc(N3C(=O)c4ccc(-c5ccc6c(c5)C(=O)N(*)C6=O)cc4C3=O)c(C(C)(C)C)c2)cc1-c1ccccc1,300.63
*C(=O)NC(=O)c1ccc2c(c1)C(=O)N(c1ccc(C(c3ccccc3)c3ccc(N4C(=O)c5ccc(*)cc5C4=O)cc3)cc1)C2=O,280.14
*c1ccc(-c2ccc(N3C(=O)c4ccc(-c5ccc6c(c5)C(=O)N(*)C6=O)cc4C3=O)cc2C(=O)c2ccc(C(C)(C)C)cc2)cc1,325.63
*C(=O)Nc1ccc(-c2cccc(S(=O)(=O)c3ccc(N4C(=O)c5ccc(-c6ccc7c(c6)C(=O)N(*)C7=O)cc5C4=O)cc3)c2)cc1,288.43
*C(=O)c1ccc(C(=O)c2ccc(Oc3ccc4c(c3)C(=O)N(Oc3ccc(N5C(=O)c6ccc(*)cc6C5=O)cc3)C4=O)cc2)cc1,245.93
*c1ccc(Oc2cccc(Oc3ccc(N4C(=O)c5ccc(-c6ccc7c(c6)C(=O)N(*)C7=O)cc5C4=O)cc3C(F)(F)F)c2)cc1,233.63
*C(=O)Nc1ccc(NC(=O)c2ccc3c(c2)C(=O)N(c2ccc(-c4ccc(N5C(=O)c6ccc(*)cc6C5=O)cc4)cc2)C3=O)nc1,246.03
*C(=O)c1ccc2c(c1)C(=O)N(c1ccc(C(C)(C)c3ccc(Nc4ccc(N5C(=O)c6ccc(*)cc6C5=O)cc4)cc3)cc1)C2=O,247.16
*C(=O)c1ccc2c(c1)C(=O)N(c1ccc(C(C)(C)c3ccc(Cc4ccc(N5C(=O)c6ccc(*)cc6C5=O)cc4)cc3)cc1)C2=O,233.75
*C(=O)Oc1cccc(OC(=O)c2ccc3c(c2)C(=O)N(c2ccc(-c4ccc(N5C(=O)c6ccc(*)cc6C5=O)cc4)cc2)C3=O)c1,219.44
*CCc1ccc(-c2ccc(CN3C(=O)c4ccc(S(=O)(=O)c5ccc6c(c5)C(=O)N(*)C6=O)cc4C3=O)cc2-c2ccccc2)cc1,233.285
*c1ccc(Nc2ccc(N3C(=O)c4ccc(Oc5ccc6c(c5)C(=O)N(*)C6=O)cc4C3=O)cc2C(=O)Oc2ccccc2C)cc1,306.64
*C(=O)c1ccc2c(c1)C(=O)N(c1ccc(C(=O)Nc3ccc(Oc4ccc(N5C(=O)c6ccc(*)cc6C5=O)cc4)cc3)cc1)C2=O,273.43
*C(=O)c1ccc2c(c1)C(=O)N(c1cccc(C(=O)c3cccc(C(=O)c4cccc(N5C(=O)c6ccc(*)cc6C5=O)c4)c3)c1)C2=O,259.505
*C(=O)c1ccc2c(c1)C(=O)N(c1ccc(Oc3ccccc3Oc3ccc(N4C(=O)c5ccc(*)cc5C4=O)cc3C)cc1C)C2=O,254.64
*C(=O)c1ccc2c(c1)C(=O)N(c1ccc(Cc3ccc(Oc4ccc(N5C(=O)c6ccc(*)cc6C5=O)cc4)c(C)c3)cc1C)C2=O,273.25
*c1ccc([Si](c2ccccc2)c2ccc(N3C(=O)c4ccc(-c5ccc6c(c5)C(=O)N(*)C6=O)cc4C3=O)cc2C(F)(F)F)c(Br)c1,293.15
*C(=O)Nc1cccc(NC(=O)c2ccc3c(c2)C(=O)N(c2ccc(-c4ccc(N5C(=O)c6ccc(*)cc6C5=O)cc4)cc2)C3=O)n1,247.85
*c1ccc(Oc2ccc(N3C(=O)c4ccc(Oc5ccc(Oc6ccc7c(c6)C(=O)N(*)C7=O)cc5)cc4C3=O)c([N+](=O)[O-])c2)cc1,262.14
*c1ccc2c(c1)C(=O)N(c1ccc(C(=O)Oc3ccc(C(C)(C)c4ccc(N5C(=O)c6ccc(*)cc6C5=O)cc4)cc3)cc1)C2=O,219.46
*Oc1ccc(OC(=O)c2ccc3c(c2)C(=O)N(c2ccc(-c4ccc(N5C(=O)c6ccc(*)cc6C5=O)cc4)cc2)C3=O)cc1CC,221.11
*c1cccc(Oc2ccccc2NC(=O)c2ccc(N3C(=O)c4ccc(Cc5ccc6c(c5)C(=O)N(*)C6=O)cc4C3=O)c(O)c2)c1,269.035
*c1ccc(Oc2ccccc2Oc2ccc(N3C(=O)c4ccc(-c5ccc6c(c5)C(=O)N(*)C6=O)cc4C3=O)cc2C(C)(C)C)cc1,241.87
*c1ccc2c(c1)C(=O)N(c1ccc(Cc3ccc(NC(=O)c4ccc(N5C(=O)c6ccc(*)cc6C5=O)c(C)c4)cc3C)cc1)C2=O,302.7
*c1ccc(Oc2ccc(C(=O)c3ccccc3)c(N3C(=O)c4ccc(S(=O)(=O)c5ccc6c(c5)C(=O)N(*)C6=O)cc4C3=O)c2)cc1,287.795
*C(=O)Nc1cc(-c2ccccc2)nc(NC(=O)c2ccc3c(c2)C(=O)N(c2cccc(N4C(=O)c5ccc(*)cc5C4=O)c2)C3=O)n1,289.045
*c1ccc(Cc2ccc(CN(C)c3ccc(N4C(=O)c5ccc(-c6ccc7c(c6)C(=O)N(*)C7=O)cc5C4=O)cc3C)c(C)c2)cc1,261.59
*c1ccc(C(=O)/C=C/c2ccc(Oc3ccc(N4C(=O)c5ccc(Oc6cccc7c6C(=O)N(*)C7=O)cc5C4=O)cc3)cc2)cc1,269.365
*c1ccc2c(c1)C(=O)N(c1ccc(C(=O)Nc3ccc(S(=O)(=O)c4ccc(N5C(=O)c6ccc(*)cc6C5=O)cc4)cc3)cc1)C2=O,293.47
*c1cccc(NC(=O)c2ccc(C(=O)Nc3cccc(N4C(=O)c5ccc(-c6ccc7c(c6)C(=O)N(*)C7=O)cc5C4=O)c3)cc2)c1,245.98
*c1ccc(S(=O)(=O)c2ccc(S(=O)(=O)c3ccc(N4C(=O)c5ccc(-c6ccc7c(c6)C(=O)N(*)C7=O)cc5C4=O)cc3)cc2)cc1,255.72
*c1ccc(Oc2ccc(N3C(=O)c4ccc(Sc5ccc6c(c5)C(=O)N(*)C6=O)cc4C3=O)cc2Oc2ccc([N+](=O)[O-])cc2)cc1,250.33
*Cc1cc(Br)c(/C=C(\C)c2ccc(-n3c(=O)c4cc5c(=O)n(*)c(=O)c5cc4c3=O)cc2C)c(CCCCCCCCCCCC)c1,209.755
*C(=O)c1ccc2c(c1)C(=O)N(c1cccc(C(=O)c3ccc(C(=O)c4ccc(N5C(=O)c6ccc(*)cc6C5=O)cc4)cc3)c1)C2=O,262.635
*C(=O)Nc1ccc(-c2ccc(NC(=O)c3ccc4c(c3)C(=O)N(c3ccc(N5C(=O)c6ccc(*)cc6C5=O)cc3)C4=O)cc2)cc1,319.72
*c1cccc(Oc2ccc(Oc3ccc(N4C(=O)c5ccc(-c6ccc7c(c6)C(=O)N(*)C7=O)cc5C4=O)cc3)c(C(C)(C)C)c2)c1,238.52
*c1cccc(C(=O)Nc2cccc(NC(=O)c3cccc(N4C(=O)c5ccc(-c6ccc7c(c6)C(=O)N(*)C7=O)cc5C4=O)c3)c2)n1,249.31
*C(=O)Nc1ccc2c(c1)C(=O)N(c1ccc(Oc3ccc(C(=O)c4cccc(N5C(=O)c6ccc(*)cc6C5=O)c4)cc3)cc1)C2=O,261.82
*c1cccc(P(=O)(c2ccccc2)c2ccc(N3C(=O)c4ccc(-c5ccc6c(c5)C(=O)N(*)C6=O)cc4C3=O)cc2C(C)(C)C)c1,289.62
*C(=O)Oc1ccc(-c2ccc(OC(=O)c3ccc4c(c3)C(=O)N(c3ccc(N5C(=O)c6ccc(*)cc6C5=O)cc3)C4=O)cc2)cc1,209.61
*c1ccc(-c2ccc(C(CC)(CC)c3ccc(N4C(=O)c5ccc(Oc6ccc7c(c6)C(=O)N(*)C7=O)cc5C4=O)cc3)cc2)cc1,257.64
*C(=O)c1ccc2c(c1)C(=O)N(c1ccc(-c3ccc(Oc4ccc(NC(=O)c5ccc6c(c5)C(=O)N(*)C6=O)cc4)cc3)cc1)C2=O,301.035
*C1=CC=C(N(CC#N)C(=O)c2cccc(-n3c(=O)c4cc5c(=O)n(*)c(=O)c5cc4c3=O)c2)C(c2ccc(OC)cc2)CC(=O)C1C,228.62
*C(=O)c1ccc2c(c1)C(=O)N(c1ccc(-c3ccc(-c4ccc(N5C(=O)c6ccc(*)cc6C5=O)cc4)cc3C(C)(C)C)cc1)C2=O,288.48
*C(=O)c1ccc2c(c1)C(=O)N(c1ccc(Oc3ccc(NC(=O)c4ccc(N5C(=O)c6ccc(*)cc6C5=O)cc4)cc3)cc1)C2=O,284.76
*C(=O)c1ccc2c(c1)C(=O)N(c1ccc(Oc3ccc(S(=O)(=O)c4ccc(N5C(=O)c6ccc(*)cc6C5=O)cc4)cc3)cc1)C2=O,250.52
*c1ccc([N+](=O)[O-])c(Nc2ccc(Nc3ccc(N4C(=O)c5ccc(Oc6ccc7c(c6)C(=O)N(*)C7=O)cc5C4=O)cc3)cc2)c1,289.55
*C(=O)Nc1cccc(NC(=O)c2ccc3c(c2)C(=O)N(c2ccc(-c4ccc(N5C(=O)c6ccc(*)cc6C5=O)cc4)cc2)C3=O)c1,232.58
*C(=O)c1ccc2c(c1)C(=O)N(Oc1ccc(C(=O)c3ccc(Oc4ccc(N5C(=O)c6ccc(*)cc6C5=O)cc4)cc3)cc1)C2=O,230.8
*c1ccc(Oc2ccc(OC(=O)c3ccc(N4C(=O)c5ccc(Oc6ccc7c(c6)C(=O)N(*)C7=O)cc5C4=O)cc3F)cc2)cc1,262.74
*c1ccc(-c2cc(C)c(N3C(=O)c4ccc(Sc5ccc6c(c5)C(=O)N(*)C6=O)cc4C3=O)cc2-c2ccc(OC(C)=O)cc2)cc1,281.55
*C(=O)Nc1cccc(C(C#N)(c2ccccc2)c2cccc(N3C(=O)c4ccc(-c5ccc6c(c5)C(=O)N(*)C6=O)cc4C3=O)c2)c1,291.6
*c1ccc(C(=O)c2cccc(C(=O)c3ccc(N4C(=O)c5ccc(Sc6ccc7c(c6)C(=O)N(*)C7=O)cc5C4=O)cc3)c2C)cc1,265.055
*c1ccc2c(c1)C(=O)N(c1cc(-c3nc4ccccc4[nH]3)cc(N3C(=O)c4ccc(C(*)(C(F)(F)F)C(F)(F)F)cc4C3=O)c1)C2=O,334.325
*c1ccc(C#Cc2ccc(Oc3ccc(N4C(=O)c5ccc(-c6ccc7c(c6)C(=O)N(*)C7=O)cc5C4=O)cc3)c(C(C)C)c2)cc1,254.75
*CC(O)(CCC)COC(=O)Nc1ccc(Cc2ccc(NC(=O)NCCn3c(=O)c4cc5c(=O)n(*)c(=O)c5cc4c3=O)cc2)cn1,220.585
*C(=O)c1ccc2c(c1)C(=O)N(c1ccc(C(C)(C)c3ccc(Sc4ccc(N5C(=O)c6ccc(*)cc6C5=O)cc4)cc3)cc1)C2=O,217.28
*c1ccc(OCCCCc2ccccc2Oc2cccc(N3C(=O)c4ccc(-c5cccc6c5C(=O)N(*)C6=O)cc4C3=O)c2)cc1,207.3
*CCCCCCOC(=O)/C=C/C(=O)Oc1ccc(OC(=O)c2ccc(-n3c(=O)c4cc5c(=O)n(*)c(=O)c5cc4c3=O)cc2Br)cc1,243.96
*CCCCCC(=O)Oc1ccc(OCC(CC)COc2ccc(-n3c(=O)c4cc5c(=O)n(*)c(=O)c5cc4c3=O)cc2OC)c(C)c1,205.02
*CCCCCCCC(=O)OCc1ccc(OC(=O)CSC(=O)c2ccc(-n3c(=O)c4cc5c(=O)n(*)c(=O)c5cc4c3=O)cc2)cc1,227.52
*c1ccc(Oc2ccc(-n3c(=O)c4cc5c(=O)n(*)c(=O)c5cc4c3=O)cc2S(=O)(=O)[N+](F)(F)C(F)(F)C(F)(F)C(F)(F)F)cc1,243.765
*c1ccc(Oc2cccc(-n3c(=O)c4cc5c(=O)n(*)c(=O)c5cc4c3=O)c2)c(C(F)(F)C(F)(F)C(F)(F)C(F)(F)C(F)(F)F)n1,247.25
*c1ccc(CS(=O)(=O)c2cccc(N3C(=O)c4ccc(Oc5ccc(-c6ccc7c(c6)C(=O)N(*)C7=O)cc5)cc4C3=O)c2)cc1,253.14
*c1ccc(Nc2ccc(-c3ccc(N4C(=O)c5ccc(S(=O)(=O)c6ccc7c(c6)C(=O)N(*)C7=O)cc5C4=O)cc3)c(Br)c2)cc1,293.37
*C(=O)c1ccc2c(c1)C(=O)N(c1ccc(C(=O)c3ccc(Oc4ccc(N5C(=O)c6ccc(*)cc6C5=O)cc4)cc3)cc1)C2=O,246.72
*c1ccc(Oc2ccc(NC(=O)c3ccc(N4C(=O)c5ccc(Oc6ccc7c(c6)C(=O)N(*)C7=O)cc5C4=O)cc3)cc2)cc1,348.495
*C(=O)c1ccc2c(c1)C(=O)N(c1ccc(Oc3cccc(N4C(=O)c5ccc(*)cc5C4=O)c3)c(C(=O)c3ccccc3)c1)C2=O,241.125
*c1ccc(Oc2ccc(S(=O)(=O)c3ccc(N4C(=O)c5ccc(Oc6ccc7c(c6)C(=O)N(*)C7=O)cc5C4=O)cc3)cc2)cc1,260.18
*c1ccc2cc(C(F)(F)F)c(N3C(=O)c4ccc(Oc5ccc6c(c5)C(=O)N(*)C6=O)cc4C3=O)c(C)cc3c(=O)n3c(=O)c2c1,326.06
*c1ccc(Oc2ccc(S(=O)(=O)c3ccc(N4C(=O)c5ccc(Oc6cccc7c6C(=O)N(*)C7=O)cc5C4=O)cc3)cc2)cc1,329.56
*c1ccc(Oc2ccc(N3C(=O)c4ccc([Si](C)(C)c5ccc(Oc6ccc7c(c6)C(=O)N(*)C7=O)cc5)cc4C3=O)cc2)cc1,260.83
*Oc1ccccc1C(=O)Oc1ccc2c(c1)C(=O)N(c1ccc(Oc3cccc(N4C(=O)c5ccc(*)cc5C4=O)c3)cc1)C2=O,228.96
*c1ccc(Sc2ccc(Sc3cccc(N4C(=O)c5ccc(S(=O)(=O)c6ccc7c(c6)C(=O)N(*)C7=O)cc5C4=O)c3)cc2)cc1,228.745
*N1C(=O)c2ccc(-c3ccc4c(c3)C(=O)N(c3ccc(S(=O)(=O)c5ccc(N=*)cc5)c(Oc5ccccc5)c3)C4=O)cc2C1=O,292.12
*c1ccc(Sc2ccc(Sc3ccc(N4C(=O)c5ccc(S(=O)(=O)c6ccc7c(c6)C(=O)N(*)C7=O)cc5C4=O)cc3)cc2)cc1,256.44
*c1ccc(Oc2ccccc2C(=O)Oc2ccc(N3C(=O)c4ccc(Oc5ccc6c(c5)C(=O)N(*)C6=O)cc4C3=O)cc2)cc1,242.72
*c1ccc(-c2ccc(Sc3ccc(N4C(=O)c5ccc(-c6ccc7c(c6)C(=O)N(*)C7=O)cc5C4=O)cc3)c(C(F)(F)F)c2)cc1,272.81
*c1ccc(Oc2ccc(Oc3ccc(N4C(=O)c5ccc(-c6ccc7c(c6)C(=O)N(*)C7=O)cc5C4=O)cc3)cc2OC)c(C)c1,287.73
*C(=O)c1ccc2c(c1)C(=O)N(c1ccc(C(=O)c3ccc(Cc4cccc(N5C(=O)c6ccc(*)cc6C5=O)c4)cc3)cc1)C2=O,240.25
*c1ccc(Oc2ccc(N3C(=O)c4ccc(-c5ccc6c(c5)C(=O)N(*)C6=O)cc4C3=O)cc2C(=O)OCc2ccccc2)cc1,245.94
*Nc1ccc(NC(=O)CCCCCCCCC(=O)Nc2ccc(-n3c(=O)c4cc5c(=O)n(*)c(=O)c5cc4c3=O)cc2OC)cc1,226.39
*Oc1ccc(NC(=O)c2ccc3c(c2)C(=O)N(c2ccc(Sc4ccc(N5C(=O)c6ccc(*)cc6C5=O)cc4)cc2)C3=O)cc1,264.32
*c1ccc2c(c1)C(=O)N(c1ccc(Nc3ccc(NC(=O)c4ccc(N5C(=O)c6ccc(*)cc6C5=O)c(C)c4)cc3)cc1)C2=O,293.97
*C(=O)n1ccn(C(=S)c2ccc3c(c2)C(=O)N(c2ccc(Oc4ccc(N5C(=O)c6ccc(*)cc6C5=O)cc4)cc2)C3=O)c1=O,270.56
*C(=O)c1ccc(C(=O)c2ccc3c(c2)C(=O)N(c2ccc(Cc4ccc(N5C(=O)c6ccc(*)cc6C5=O)cc4)cc2)C3=O)cc1,241.18
*C(=O)c1ccc2c(c1)C(=O)N(c1cccc(P(=O)(c3ccccc3)c3cccc(N4C(=O)c5ccc(*)cc5C4=O)c3C)c1)C2=O,271.93
*c1cccc(C)c1C(=O)Nc1ccc(-c2ccc(N3C(=O)c4ccc(Oc5ccc6c(c5)C(=O)N(*)C6=O)cc4C3=O)cc2)cc1,301.95
*c1ccc(Oc2ccc(N3C(=O)c4ccc(S(=O)(=O)c5ccc(Oc6ccc7c(c6)C(=O)N(*)C7=O)cc5)cc4C3=O)cc2)cc1,336.37
*CC(F)(F)C(F)(F)CC[N+](C)(C)c1ccc([Si](C)(C)c2ccc(-n3c(=O)c4cc5c(=O)n(*)c(=O)c5cc4c3=O)cc2Br)c(F)c1,245.41
*c1ccc(C(c2ccc(OCCC)cc2)c2ccc(N3C(=O)c4ccc(-c5cccc6c5C(=O)N(*)C6=O)cc4C3=O)cc2)cc1,263.88
*C(=O)c1ccc2c(c1)C(=O)N(c1c(-c3ccccc3)cc(-c3cccc(N4C(=O)c5ccc(*)cc5C4=O)c3)cc1C(C)C)C2=O,280.64
*c1ccc(C(=O)c2cccc(C(=O)c3ccc(N4C(=O)c5ccc(Oc6ccc7c(c6)C(=O)N(*)C7=O)cc5C4=O)cc3)c2)cc1,269.57
*c1cccc(P(=O)(c2ccccc2)c2cccc(N3C(=O)c4ccc(S(=O)(=O)c5ccc6c(c5)C(=O)N(*)C6=O)cc4C3=O)c2)c1,256.69
*c1ccc(Oc2cccc(Oc3ccc(N4C(=O)c5ccc(Oc6ccc7c(c6)C(=O)N(*)C7=O)cc5C4=O)cc3)c2C#N)cc1,263.19
*c1ccc(OCCOc2ccc(N3C(=O)c4ccc(Oc5ccc6c(c5)C(=O)N(*)C6=O)cc4C3=O)cc2-c2ccccc2)cc1,290.055
*c1ccc(Oc2ccccc2C(=O)c2ccc(N3C(=O)c4ccc(Oc5ccc6c(c5)C(=O)N(*)C6=O)cc4C3=O)cc2C)cc1,299.22
*C(=O)Nc1ccc(NC(=O)c2ccc3c(c2)C(=O)N(c2ccc(-c4ccc(N5C(=O)c6ccc(*)cc6C5=O)cc4)cc2)C3=O)s1,282.39
*c1ccc(S(=O)(=O)c2ccc(N3C(=O)c4ccc(P(=O)(c5ccccc5)c5ccc6c(c5)C(=O)N(*)C6=O)cc4C3=O)cc2)cc1,297.52
*C(=O)Oc1ccc(OC(=O)c2ccc(-n3c(=O)c4cc5c(=O)n(*)c(=O)c5cc4c3=O)cc2OCCOCCOCCOC)cc1,283.68
*c1ccc(Oc2ccccc2Oc2ccc(N3C(=O)c4ccc(Oc5ccc6c(c5)C(=O)N(*)C6=O)cc4C3=O)c(C)c2)cc1C,249.45
*CCCCCCCCCCCC(=O)Oc1ccc(OC(=O)c2ccc(-n3c(=O)c4cc5c(=O)n(*)c(=O)c5cc4c3=O)cc2)cc1,291.295
*Oc1ccc(OC(=O)c2ccc3c(c2)C(=O)N(c2ccc(Oc4ccc(N5C(=O)c6ccc(*)cc6C5=O)cc4)cc2)C3=O)cc1,302.34
*c1ccc(CC(=O)NCCCCCCCCCCNC(=O)c2ccc(-n3c(=O)c4cc5c(=O)n(*)c(=O)c5cc4c3=O)cc2)cc1,228.63
*C(=O)c1ccc2c(c1)C(=O)N(c1cccc(Oc3ccc(Oc4ccc(N5C(=O)c6ccc(*)cc6C5=O)cc4)cc3)c1C)C2=O,259.03
*C(=O)c1ccc2c(c1)C(=O)N(c1ccc(NC(=O)c3ccc(N4C(=O)c5ccc(*)cc5C4=O)cc3-c3ccccc3)cc1)C2=O,305.47
*c1ccc(Oc2ccc(Oc3ccc(N4C(=O)c5ccc([Si](C)(C)c6ccc7c(c6)C(=O)N(*)C7=O)cc5C4=O)cc3)cc2)cc1,234.4
*C(=O)c1ccc(C(=O)c2ccc3c(c2)C(=O)N(c2ccc(Oc4ccc(N5C(=O)c6ccc(*)cc6C5=O)cc4)cc2)C3=O)cc1,247.95
*c1cccc(/C(C)=N/c2cccc(N3C(=O)c4ccc(P(=O)(c5ccccc5)c5cccc6c5C(=O)N(*)C6=O)cc4C3=O)c2)c1,277.6
*C(=O)OCCN(CCOC(=O)c1ccc(NC(=O)OC(C)C(=O)OC)cc1)OC(=O)c1ccc2c(c1)C(=O)N(c1ccc(Oc3ccc(N4C(=O)c5ccc(*)cc5C4=O)cc3)cc1)C2=O,186.12
*c1ccc2c(c1)C(=O)N(c1ccc(Sc3ccc(N(C)C(=O)c4ccc(N5C(=O)c6ccc(*)cc6C5=O)cc4)cc3)cc1)C2=O,269.07
*c1ccc(C#Cc2ccc(-c3ccc(N4C(=O)c5ccc(S(=O)(=O)c6ccc7c(c6)C(=O)N(*)C7=O)cc5C4=O)cc3)cc2)cc1,271.59
*C(=O)Nc1ccc(Oc2ccc3c(c2)C(=O)N(c2ccc(Oc4ccc(N5C(=O)c6ccc(*)cc6C5=O)cc4)cc2)C3=O)cc1,316.95
*c1ccc(C(C)(c2ccccc2)c2cccc(N3C(=O)c4ccc([Si](C)(C)c5ccc6c(c5)C(=O)N(*)C6=O)cc4C3=O)c2)cc1,276.56
*c1ccc(Oc2cccc(C(C)(C)c3ccc(N4C(=O)c5ccc(Oc6ccc7c(c6)C(=O)N(*)C7=O)cc5C4=O)cc3)c2)cc1,242.31
*c1ccc2c(c1)C(=O)N(c1cccc(Oc3ccc(C(=O)c4ccc(N5C(=O)c6ccc(C(*)F)cc6C5=O)cc4)cc3)c1)C2=O,241.36
*c1ccc(C(=O)NNC(=O)CCCCCCCCC(=O)Nc2ccc(-n3c(=O)c4cc5c(=O)n(*)c(=O)c5cc4c3=O)cc2)cc1,218.71
*c1ccc(Oc2cccc(Oc3ccc(N4C(=O)c5ccc(C(=O)Nc6ccc7c(c6)C(=O)N(*)C7=O)cc5C4=O)cc3)c2)cc1,290.38
*C(=O)c1ccc2c(c1)C(=O)N(c1cccc(Oc3cccc(Oc4cccc(N5C(=O)c6ccc(*)cc6C5=O)c4)c3C)c1)C2=O,248.935
*C(=O)c1ccc2c(c1)C(=O)N(c1cccc(S(=O)(=O)c3ccccc3-c3cccc(N4C(=O)c5ccc(*)cc5C4=O)c3)c1)C2=O,254.61
*C(=O)NCCCCCNC(=O)c1ccc(C(=O)NNC(=O)c2ccc(-n3c(=O)c4cc5c(=O)n(*)c(=O)c5cc4c3=O)cc2)cc1,214.73
*c1ccc(Oc2ccc(N3C(=O)c4ccc(NC(=O)c5ccc6c(c5)C(=O)N(*)C6=O)cc4C3=O)c(F)c2-c2ccccc2)cc1,324.605
*Cc1ccccc1C(=O)Nc1ccc(Cc2ccc(N3C(=O)c4ccc(-c5ccc6c(c5)C(=O)N(*)C6=O)cc4C3=O)cc2)cc1,264.41
*c1ccc(Cc2ccc(C(C)(C)c3ccc(N4C(=O)c5ccc(Oc6ccc7c(c6)C(=O)N(*)C7=O)cc5C4=O)cc3)cc2)cc1,274.68
*c1ccc(S(=O)(=O)c2ccc(Oc3ccc(N4C(=O)c5ccc(Oc6ccc7c(c6)C(=O)N(*)C7=O)cc5C4=O)cc3)cc2)cc1,291.57
*C(=O)c1ccc2c(c1)C(=O)N(c1ccc(OCc3ccc(Oc4ccc(N5C(=O)c6ccc(*)cc6C5=O)cc4)cc3)cc1)C2=O,225.57
*c1ccc(Oc2ccc(Oc3ccc(N4C(=O)c5ccc(S(=O)(=O)c6ccc7c(c6)C(=O)N(*)C7=O)cc5C4=O)cc3)cc2)cc1,293.48
*c1ccc(Sc2ccc(Cc3ccc(N4C(=O)c5ccc(C(=O)Nc6ccc7c(c6)C(=O)N(*)C7=O)cc5C4=O)cc3)cc2)cc1,272.76
*C(=O)c1ccc2c(c1)C(=O)N(c1ccc(-c3ccc(C(C)(C)c4ccc(N5C(=O)c6ccc(*)cc6C5=O)cc4)cc3)cc1)C2=O,248.2
*C(=O)Oc1ccc(NC(=O)CCCCCCCCC(=O)Nc2ccc(-n3c(=O)c4cc5c(=O)n(*)c(=O)c5cc4c3=O)cc2)cc1,234.78
*C(=O)c1ccc2c(c1)C(=O)N(c1ccc(Oc3ccc(C(=O)c4ccc(N5C(=O)c6ccc(*)cc6C5=O)cc4)cc3)cc1)C2=O,250.15
*c1ccc(Oc2ccc(N3C(=O)c4ccc(Oc5ccc6c(c5)C(=O)N(*)C6=O)cc4C3=O)c(C(=O)Nc3ccccc3)c2)cc1,348.9
*C(=O)c1ccc2c(c1)C(=O)N(c1ccc(-c3ccc(S(=O)(=O)c4ccc(N5C(=O)c6ccc(*)cc6C5=O)cc4)cc3)cc1)C2=O,291.76
*c1cccc(N2C(=O)c3cccc(Oc4ccc(C(C)(C)c5ccc(Oc6ccc7c(c6)C(=O)N(*)C7=O)cc5)cc4)c3C2=O)c1,245.4
*CCOCCOC(=O)c1ccc([Si](C)(C)NC(=O)c2ccc(-n3c(=O)c4cc5c(=O)n(*)c(=O)c5cc4c3=O)c(Cl)c2)c(Cl)c1Cl,211.785
*c1ccc2c(c1)C(=O)N(c1ccc(C(=O)c3ccc(S(=O)(=O)c4ccc(N5C(=O)c6ccc(*)cc6C5=O)cc4)cc3)cc1)C2=O,299.17
*NC(C)(C)COC(=O)NCc1ccc(CC)c(CNC(=O)Nc2ccc(-n3c(=O)c4cc5c(=O)n(*)c(=O)c5cc4c3=O)cc2)c1,213.83
*c1ccc(Oc2ccc(-n3c(=O)c4cc5c(=O)n(*)c(=O)c5cc4c3=O)cc2OCC=C)c(/C(C)=C(\C)C(C(C)=O)C(F)(F)F)c1,239.32
*CCCCCCCOC(=O)c1ccc(NC(=O)c2ccc(-n3c(=O)c4cc5c(=O)n(*)c(=O)c5cc4c3=O)c(C(C)(C)C)c2)cc1,248.83
*c1ccc(Oc2ccccc2Oc2cccc(N3C(=O)c4ccc(S(=O)(=O)c5ccc6c(c5)C(=O)N(*)C6=O)cc4C3=O)c2)cc1,230.82
*CCCCCCOC(=O)c1ccc(C(=O)NCCNC(=O)c2ccc(-n3c(=O)c4cc5c(=O)n(*)c(=O)c5cc4c3=O)cc2)cc1,242.94
*C(=O)c1ccc2c(c1)C(=O)N(c1ccc(-c3ccc(NC(=O)c4ccc(N5C(=O)c6ccc(*)cc6C5=O)cc4)cc3)cc1)C2=O,279.26
*c1ccc(Oc2ccc(C(=O)Nc3ccc(N4C(=O)c5ccc(Sc6ccc7c(c6)C(=O)N(*)C7=O)cc5C4=O)cc3)cc2)cc1,295.655
*c1ccc(OCc2cccc(NC(=O)c3ccc(N4C(=O)c5ccc(-c6ccc7c(c6)C(=O)N(*)C7=O)cc5C4=O)cc3)c2)cc1,260.94
*c1ccc(Nc2ccc(Nc3ccc(N4C(=O)c5ccc(S(=O)(=O)c6ccc7c(c6)C(=O)N(*)C7=O)cc5C4=O)cc3)cc2)cc1,282.095
*c1ccc(Nc2ccc(C(=O)c3ccc(N4C(=O)c5ccc(Oc6ccc7c(c6)C(=O)N(*)C7=O)cc5C4=O)cc3C)cc2)cc1,294.89
*CCCCCCNC(=O)CCc1ccc(CNC(=O)COc2ccc(-n3c(=O)c4cc5c(=O)n(*)c(=O)c5cc4c3=O)cc2)cc1,334.25
*c1ccc(Oc2cccc(Oc3ccc(N4C(=O)c5ccc(S(=O)(=O)c6ccc7c(c6)C(=O)N(*)C7=O)cc5C4=O)cc3)c2)cc1,272.43
*c1ccc(/C=C/c2cccc(/N=C(\C)c3ccc(N4C(=O)c5ccc(-c6ccc7c(c6)C(=O)N(*)C7=O)cc5C4=O)cc3)c2)cc1,315.0
*c1ccc(-c2cc(CCCCCCCCCCCCCC)c(-n3c(=O)c4cc5c(=O)n(*)c(=O)c5cc4c3=O)cc2C#N)c(Br)c1,211.22
*c1cccc(N2C(=O)c3ccc(Oc4ccc(C(C)(C)c5ccc(Oc6cccc7c6C(=O)N(*)C7=O)cc5)cc4)cc3C2=O)c1,255.99
*CCOCCOCCOC(=O)c1cccc(C(=O)OCCOc2ccc(-n3c(=O)c4cc5c(=O)n(*)c(=O)c5cc4c3=O)cc2)c1,243.03
*c1ccc(Cc2ccc([Si](C)(C)c3ccc(N4C(=O)c5ccc(Oc6ccc7c(c6)C(=O)N(*)C7=O)cc5C4=O)cc3)cc2)cc1,259.235
*OC(=O)c1ccc(NC(=O)CCCCCCNC(=O)c2ccc(-n3c(=O)c4cc5c(=O)n(*)c(=O)c5cc4c3=O)c(C)c2)cc1C,203.88
*C(=O)c1ccc(/N=N/c2ccc3c(c2)C(=O)N(c2ccc(Sc4ccc(N5C(=O)c6ccc(*)cc6C5=O)cc4)cc2)C3=O)cc1,229.72
*CCCCCCCCCCCCOc1ccc(C(=O)Nc2ccc(-n3c(=O)c4cc5c(=O)n(*)c(=O)c5cc4c3=O)cc2Br)cc1,222.91
*CCCCCCCCCCCCOc1ccc(-c2ccc(-n3c(=O)c4cc5c(=O)n(*)c(=O)c5cc4c3=O)c(C(F)(F)F)c2)cc1,272.07
*c1ccc(Oc2ccc(Cc3ccc(N4C(=O)c5ccc(-c6ccc7c(c6)C(=O)N(*)C7=O)cc5C4=O)cc3C(=O)O)cc2)cc1,254.935
*CCCCCCCOc1ccc(/C=C/C(=O)CCCCOc2ccc(-n3c(=O)c4cc5c(=O)n(*)c(=O)c5cc4c3=O)cc2)cc1,247.58
*CCCCCCCCCCCCOc1ccc(/C=C(\C#N)c2ccc(-n3c(=O)c4cc5c(=O)n(*)c(=O)c5cc4c3=O)cc2)cc1,272.005
*CCCCCCCC(=O)OOc1ccc(OC(=O)c2ccc(OCCn3c(=O)c4cc5c(=O)n(*)c(=O)c5cc4c3=O)cc2)cc1,284.11
*c1ccc(Nc2ccc(N3C(=O)c4ccc(Oc5ccc6c(c5)C(=O)N(*)C6=O)cc4C3=O)c(-c3ccccc3)c2)cc1OC,283.61
*c1ccc(CCc2ccc(N3C(=O)c4ccc(Oc5ccc(Oc6ccc7c(c6)C(=O)N(*)C7=O)cc5)cc4C3=O)cc2)cc1,304.655
*c1ccc(N(c2ccccc2)c2ccc(N3C(=O)c4ccc(-c5ccc6c(c5)C(=O)N(*)C6=O)cc4C3=O)cc2)c([N+](=O)[O-])c1,292.2
*c1ccc(N(c2ccccc2)c2ccc(N3C(=O)c4ccc(-c5ccc6c(c5)C(=O)N(*)C6=O)cc4C3=O)c(OC)c2)cc1C,309.49
*c1cccc(C(=O)NCCCCCCCCCCNC(=O)c2ccc(-n3c(=O)c4cc5c(=O)n(*)c(=O)c5cc4c3=O)cc2)c1,213.06
*c1ccc(Oc2ccc(-n3c(=O)c4cc5c(=O)n(*)c(=O)c5cc4c3=O)cc2S(=O)(=O)[O][Na])c(S(=O)(=O)c2ccc(OCCOCCOCCOC)cc2)c1,136.745
*c1cccc(Oc2ccccc2Oc2ccc(N3C(=O)c4ccc(Oc5ccc6c(c5)C(=O)N(*)C6=O)cc4C3=O)cc2C)c1,257.38
*C(=O)c1ccc2c(c1)C(=O)N(c1ccc(Oc3ccccc3Oc3ccccc3N3C(=O)c4ccc(*)cc4C3=O)cc1)C2=O,242.99
*C(=O)c1ccc2c(c1)C(=O)N(c1cccc(Cc3ccc(Sc4ccc(N5C(=O)c6ccc(*)cc6C5=O)cc4)cc3)c1)C2=O,233.8
*c1ccc(C(=O)c2ccc3c(c2)C(=O)N(c2ccc(Cc4ccc(N5C(=O)c6ccc(*)cc6C5=O)c(C)c4)cc2)C3=O)cc1,282.76
*c1ccc([Si](c2ccc(O)cc2)c2ccc(N3C(=O)c4ccc(-c5ccc6c(c5)C(=O)N(*)C6=O)cc4C3=O)c(C)c2C)cc1,325.04
*c1ccc(C(C)(C)[Si](C)(C)[Si](C)(C)[Si](C)(C)c2ccc(-n3c(=O)c4cc5c(=O)n(*)c(=O)c5cc4c3=O)cc2O)c(N(C)C)c1,261.92
*C(=O)c1ccc2c(c1)C(=O)N(c1cccc(Cc3ccc(Cc4ccc(N5C(=O)c6ccc(*)cc6C5=O)cc4)cc3)c1)C2=O,240.16
*Oc1ccc(OC(=O)c2ccccc2-c2ccc(OC(=O)CCCCCCCCCCCn3c(=O)c4cc5c(=O)n(*)c(=O)c5cc4c3=O)c(Cl)c2F)cc1,128.5
*C(=O)Nc1cccc2c(NC(=O)c3ccc4c(c3)C(=O)N(c3cccc(N5C(=O)c6ccc(*)cc6C5=O)c3)C4=O)cccc12,341.16
*C(=O)c1ccc2c(c1)C(=O)N(c1ccc(Oc3ccc(Cc4ccc(N5C(=O)c6ccc(*)cc6C5=O)cc4)cc3)cc1)C2=O,244.96
*C(=O)c1ccc2c(c1)C(=O)N(c1ccc(Nc3ccc(Oc4ccc(N5C(=O)c6ccc(*)cc6C5=O)cc4)cc3)cc1)C2=O,263.17
*C(=O)c1ccc2c(c1)C(=O)N(c1ccc(Oc3ccc(Sc4ccc(N5C(=O)c6ccc(*)cc6C5=O)cc4)cc3)cc1)C2=O,241.58
*C(=O)c1ccc2c(c1)C(=O)N(c1cccc(Oc3ccc(Oc4cccc(N5C(=O)c6ccc(*)cc6C5=O)c4)cc3)c1)C2=O,243.0
*Cc1c2c(cccc1=O)C(=O)N(c1ccc(-c3ccc(Cc4ccc(N5C(=O)c6ccc(*)cc6C5=O)cc4)cc3)cc1)C2=O,255.99
*Sc1ccc2c(c1)C(=O)N(c1ccc(C(=O)Nc3ccc(N4C(=O)c5ccc(*)cc5C4=O)cc3-c3ccccc3)cc1)C2=O,297.54
*C(=O)c1ccc2c(c1)C(=O)N(c1ccc(N=C(c3ccccc3)c3ccc(N4C(=O)c5ccc(*)cc5C4=O)cc3)cc1)C2=O,281.33
*/C=C/c1ccc(-c2cc(CCCCCCCCCCCC)cc(-n3c(=O)c4cc5c(=O)n(*)c(=O)c5cc4c3=O)c2)cc1OC,215.13
*C(=O)c1ccc2c(c1)C(=O)N(c1ccc(Cc3ccc(C(=O)c4ccc(N5C(=O)c6ccc(*)cc6C5=O)o4)cc3)cc1)C2=O,248.47
*C(=O)c1ccc2c(c1)C(=O)N(c1ccc(Sc3ccc(Sc4ccc(N5C(=O)c6ccc(*)cc6C5=O)cc4)cc3)cc1)C2=O,236.65
*c1cc(N2C(=O)c3ccc(Oc4ccc5ccc(Oc6ccc7c(c6)C(=O)N(*)C7=O)nc5c4)cc3C2=O)cc(C(C)(C)C)c1,320.48
*c1ccc(Oc2ccc(Oc3ccc(N4C(=O)c5ccc(Sc6ccc7c(c6)C(=O)N(*)C7=O)cc5C4=O)cc3)cc2F)cc1,270.84
*C(=O)c1ccc(C(=O)c2ccc3c(c2)C(=O)N(c2ccc(-c4ccc(N5C(=O)c6ccc(*)cc6C5=O)cc4)cc2)C3=O)cc1,267.12
*c1ccc(/C=C/c2ccc(Oc3ccc(N4C(=O)c5ccc(Oc6ccc7c(c6)C(=O)N(*)C7=O)cc5C4=O)cc3)cc2)cc1,336.485
*c1ccc(-c2ccc(-c3ccc(N4C(=O)c5ccc(-c6ccc7c(c6)C(=O)N(*)C7=O)cc5C4=O)cc3)cc2C(F)(F)F)cc1,318.315
*c1ccc(-c2ccc(-c3ccc(N4C(=O)c5ccc(-c6ccc7c(c6)C(=O)N(*)C7=O)cc5C4=O)cc3)cc2)c(C(F)(F)F)c1,293.5
*c1cccc(N2C(=O)c3cccc(Oc4ccc(C(=O)c5ccc(Oc6ccc7c(c6)C(=O)N(*)C7=O)cc5)cc4)c3C2=O)c1,260.13
*c1ccc2c(c1)C(=O)N(c1ccc(S(=O)(=O)c3ccc(Pc4cccc(N5C(=O)c6ccc(*)cc6C5=O)c4)cc3)cc1)C2=O,255.82
*C(=O)c1cccc(C(=O)c2ccc3c(c2)C(=O)N(c2ccc(-c4ccc(N5C(=O)c6ccc(*)cc6C5=O)cc4)cc2)C3=O)c1,251.52
*c1ccc(P(=O)(c2ccccc2)c2ccc(N3C(=O)c4ccc(C(=O)c5ccc6c(c5)C(=O)N(*)C6=O)cc4C3=O)cc2)cc1,277.53
*c1ccc(C(=O)c2ccccc2C(=O)c2cccc(N3C(=O)c4ccc(-c5ccc6c(c5)C(=O)N(*)C6=O)cc4C3=O)c2)cc1,273.745
*C(=O)c1ccc2c(c1)C(=O)N(c1ccc(Oc3ccccc3Nc3cccc(N4C(=O)c5ccc(*)cc5C4=O)c3)cc1)C2=O,256.76
*CC(=O)c1cc2c(cc1Cl)C(=O)N(c1ccc(-c3ccc(-c4ccc(N5C(=O)c6ccc(*)cc6C5=O)cc4)cc3)cc1)C2=O,280.9
*CCSC(=O)Nc1ccc(NC(=O)CCCCC(=O)Nc2ccc(-n3c(=O)c4cc5c(=O)n(*)c(=O)c5cc4c3=O)cc2)cc1,208.01
*c1ccc(C(=O)NCCCNC(=O)C2=CC=C(Oc3ccccc3-n3c(=O)c4cc5c(=O)n(*)c(=O)c5cc4c3=O)C2=O)cc1,264.185
*C(=O)c1ccc2c(c1)C(=O)N(c1ccc(P(=O)(c3ccccc3)c3cccc(N4C(=O)c5ccc(*)cc5C4=O)c3)cc1)C2=O,265.27
*c1ccc(Oc2ccc(Oc3ccc(N4C(=O)c5ccc(Oc6ccc7c(c6)C(=O)N(*)C7=O)cc5C4=O)cc3)cc2)cc1O,287.78
*c1ccc(Oc2ccc(N3C(=O)c4ccc(Oc5ccc6c(c5)C(=O)N(*)C6=O)cc4C3=O)cc2C(C)(C)C)c2ccccc12,308.32
*c1ccc(S(=O)(=O)c2ccc(Oc3ccc(N4C(=O)c5ccc(-c6ccc7c(c6)C(=O)N(*)C7=O)cc5C4=O)cc3)cc2)cc1,340.51
*c1ccc(C(=O)Nc2ccccc2Oc2ccc(N3C(=O)c4ccc(-c5ccc6c(c5)C(=O)N(*)C6=O)cc4C3=O)cc2)cc1,254.85
*c1ccc(C(=O)NCCCCCNC(=O)c2ccc(-n3c(=O)c4cc5c(=O)n(*)c(=O)c5cc4c3=O)c(C(C)(C)C)c2)cc1C,212.885
*c1ccc(Oc2ccc(C(=O)c3ccc(N4C(=O)c5ccc(Oc6ccc7c(c6)C(=O)N(*)C7=O)cc5C4=O)cc3)cc2)cc1,301.08
*c1ccc(C(C)(C)c2ccc(N3C(=O)c4ccc(Oc5ccc(-c6ccc7c(c6)C(=O)N(*)C7=O)cc5)cc4C3=O)cc2)cc1,272.52
*c1ccc(CCc2ccc(N3C(=O)c4ccc(P(=O)(c5ccccc5)c5ccc6c(c5)C(=O)N(*)C6=O)cc4C3=O)cc2)cc1,309.815
*c1ccc2c(c1)C(=O)N(c1ccc(Oc3ccc(NC(=O)c4ccc(N5C(=O)c6ccc(*)cc6C5=O)cc4)cc3)cc1)C2=O,359.35
*c1ccc2c(c1)C(=O)N(c1ccc(NC(=O)c3ccc(Oc4ccc(N5C(=O)c6ccc(*)cc6C5=O)cc4)cc3)cc1)C2=O,295.47
*c1ccc(OC(=O)c2cccc(Oc3ccc(N4C(=O)c5ccc(-c6ccc7c(c6)C(=O)N(*)C7=O)cc5C4=O)cc3)c2)cc1,226.43
*c1ccc(Oc2ccc(Oc3ccc(N4C(=O)c5ccc(-c6ccc7c(c6)C(=O)N(*)C7=O)cc5C4=O)cc3C)c(Cl)c2)cc1,293.41
*c1ccc(Oc2ccc(N3C(=O)c4ccc(-c5cccc6c5C(=O)N(*)C6=O)cc4C3=O)cc2C(F)(F)F)c2ccc(Cl)cc12,283.69
*C(=O)c1ccc2c(c1)C(=O)N(c1ccc(P(=O)(c3ccccc3)c3ccccc3N3C(=O)c4ccc(*)cc4C3=O)cc1)C2=O,289.0
*C(=O)c1ccc2c(c1)C(=O)N(c1ccc(Oc3cccc(Oc4cccc(N5C(=O)c6ccc(*)cc6C5=O)c4)c3)cc1)C2=O,249.84
*C(=O)c1ccc2c(c1)C(=O)N(c1ccc(Oc3ccc(-c4ccc(N5C(=O)c6ccc(*)cc6C5=O)cc4)cc3)c(C)c1)C2=O,267.9
*c1ccc(N2C(=O)c3ccc(Oc4ccc(C(=O)c5ccc(Oc6ccc7c(c6)C(=O)N(*)C7=O)cc5)cc4)cc3C2=O)cc1,356.31
*c1ccc(Oc2ccccc2Oc2ccc(N3C(=O)c4ccc(-c5cccc6c5C(=O)N(*)C6=O)cc4C3=O)cc2Br)c(C)c1,242.17
*c1ccc(NC(=O)CCCCCCCCCCC(=O)Nc2ccc(-n3c(=O)c4cc5c(=O)n(*)c(=O)c5cc4c3=O)cc2)cc1,211.46
*c1ccccc1Oc1ccc(CCc2ccc(N3C(=O)c4ccc(Oc5ccc6c(c5)C(=O)N(*)C6=O)cc4C3=O)cc2)cc1,233.9
*C(=O)c1ccc2c(c1)C(=O)N(c1ccc(Cc3ccc(Oc4ccc(N5C(=O)c6ccc(*)cc6C5=O)cc4)cc3)cc1)C2=O,252.25
*c1ccc(C(=O)N(C)c2ccc(-n3c(=O)c4cc5c(=O)n(*)c(=O)c5cc4c3=O)cc2C(=O)N(CCCC)CCCC)c(C)n1,277.205
*c1ccc(Oc2cccc(Oc3ccc(N4C(=O)c5ccc(Oc6ccc7c(c6)C(=O)N(*)C7=O)cc5C4=O)cc3Br)c2)cc1,261.08
*c1ccc(Nc2ccc(Oc3ccc(N4C(=O)c5ccc(Oc6ccc7c(c6)C(=O)N(*)C7=O)cc5C4=O)cc3)c(C)c2)cc1,295.19
*C#Cc1ccc(OCCCCCCCCCCCCOc2ccc(-n3c(=O)c4cc5c(=O)n(*)c(=O)c5cc4c3=O)cc2)cc1,266.64
*C(=O)c1ccc2c(c1)C(=O)N(c1ccc(Oc3ccc(Oc4ccc(N5C(=O)c6ccc(*)cc6C5=O)cc4)cc3)cc1)C2=O,259.35
*CCCCCCCCCCOc1ccc(/C=C/[Si](C)(C)c2ccc(-n3c(=O)c4cc5c(=O)n(*)c(=O)c5cc4c3=O)cc2)cc1,245.415
*c1ccc(-c2ccc(-c3ccc(N4C(=O)c5ccc(-c6ccc7c(c6)C(=O)N(*)C7=O)cc5C4=O)cc3)c(C(F)(F)F)c2)cc1,318.14
*OC(=O)c1ccc2c(c1)C(=O)N(c1ccc(N(c3ccccc3)c3cccc(N4C(=O)c5ccc(*)cc5C4=O)c3)cc1)C2=O,237.67
*c1ccc(OCCOc2ccc(N3C(=O)c4ccc(-c5ccc6c(c5)C(=O)N(*)C6=O)cc4C3=O)cc2)c(-c2ccccc2)c1,224.89
*CCCCCCOc1ccc(C(=O)NCCN(C)c2ccc(-n3c(=O)c4cc5c(=O)n(*)c(=O)c5cc4c3=O)c(C)c2)cc1C,208.885
*C(=O)Nc1cccc2c(NC(=O)c3ccc4c(c3)C(=O)N(c3ccc(N5C(=O)c6ccc(*)cc6C5=O)cc3)C4=O)cccc12,292.56
*C(=O)OCCCCCCCCCCCCCCOC(=O)c1ccc2c(c1)C(=O)N(c1ccc(Oc3ccc(NC(=O)c4ccc(N5C(=O)c6ccc(*)cc6C5=O)cc4)cc3)cc1)C2=O,154.025
*c1ccc(NC(=O)NC(=O)OCCCCCCCCOc2ccc(-n3c(=O)c4cc5c(=O)n(*)c(=O)c5cc4c3=O)cc2)cc1,252.88
*CCCCOc1ccc(NC(=O)c2ccc(NC(=O)CCCCCn3c(=O)c4cc5c(=O)n(*)c(=O)c5cc4c3=O)cc2)cc1,297.09
*/C=C(\C#N)C(=O)/C=C/C(=O)N(C)c1ccc(Cc2ccc(N(C)Cn3c(=O)c4cc5c(=O)n(*)c(=O)c5cc4c3=O)cc2)cc1,201.73
*c1cc(OCC(CC)CCCC)c(-c2cc(C(F)(F)F)c(-n3c(=O)c4cc5c(=O)n(*)c(=O)c5cc4c3=O)cc2F)c(F)c1F,220.03
*c1ccc(OCCCCCCCCCCCCCCOc2ccc(-n3c(=O)c4cc5c(=O)n(*)c(=O)c5cc4c3=O)cc2)cc1,257.17
*/C=C/c1ccc(C(=O)NCCCCCCNC(=O)c2ccc(Cn3c(=O)c4cc5c(=O)n(*)c(=O)c5cc4c3=O)cc2)c(C)n1,202.84
*CCOCCOCCOC(=O)c1ccc(NC(=O)COc2ccc(-n3c(=O)c4cc5c(=O)n(*)c(=O)c5cc4c3=O)cc2)cc1,217.69
*c1ccc(Oc2ccc(C(=O)c3ccc4c(c3)C(=O)N(c3ccc(N5C(=O)c6ccc(*)cc6C5=O)cc3)C4=O)cc2)cc1,263.4
*c1cccc(-n2ccn(-c3ccccc3S(=O)(=O)N3C(=O)c4ccc(-c5ccc6c(c5)C(=O)N(*)C6=O)cc4C3=O)c2=O)c1,251.79
*CCCCCCCOC(=O)CC(O)COc1ccc(-c2ccc(-n3c(=O)c4cc5c(=O)n(*)c(=O)c5cc4c3=O)cc2)cc1,278.615
*c1ccc(N(c2ccccc2)c2ccc(N3C(=O)c4ccc(-c5ccc6c(c5)C(=O)N(*)C6=O)cc4C3=O)c(C)c2)cc1C,334.8
*c1ccc(Nc2ccc(C(=O)c3ccc(N4C(=O)c5ccc(-c6ccc7c(c6)C(=O)N(*)C7=O)cc5C4=O)cc3)cc2)cc1,315.05
*c1ccc([Si](C)(C)c2ccc(-n3c(=O)c4cc5c(=O)n(*)c(=O)c5cc4c3=O)cc2S(=O)(=O)OC(F)(F)F)c(C(C)(C)C)c1,262.32
*c1ccc(-c2ccc(-c3ccc(N4C(=O)c5ccc(S(=O)(=O)c6ccc7c(c6)C(=O)N(*)C7=O)cc5C4=O)cc3)cc2)cc1,338.0
*c1ccc(C(=O)Nc2ccc(-c3ccc(N4C(=O)c5ccc(-c6ccc7c(c6)C(=O)N(*)C7=O)cc5C4=O)cc3)cc2)cc1,362.79
*c1ccc(Cc2ccc(N3C(=O)c4ccc(-c5ccc6c(c5)C(=O)N(*)C6=O)cc4C3=O)cc2Br)c(-c2ccc(Br)cc2)c1,263.78
*c1ccc(C(=O)c2cccnc2-c2cccc(N3C(=O)c4ccc(Oc5ccc6c(c5)C(=O)N(*)C6=O)cc4C3=O)c2)cc1,280.9
*c1ccc(Nc2ccc(Sc3ccc(N4C(=O)c5ccc(Oc6ccc7c(c6)C(=O)N(*)C7=O)cc5C4=O)cc3)cc2)cc1,323.605
*c1ccc(Cc2ccc(N3C(=O)c4ccc(Oc5ccc6c(c5)C(=O)N(*)C6=O)cc4C3=O)cc2Oc2ccccc2)cc1,300.99
*CCCCCCCCCCOC(=O)Nc1ccc(Cc2ccc(-n3c(=O)c4cc5c(=O)n(*)c(=O)c5cc4c3=O)cc2)cc1,272.38
*c1ccc(N(c2ccccc2)c2ccc(N3C(=O)c4ccc(-c5ccc6c(c5)C(=O)N(*)C6=O)cc4C3=O)cc2C)c(C)c1,315.94
*c1ccc(Cc2ccc(N3C(=O)c4ccc(-c5ccc6c(c5)C(=O)N(*)C6=O)cc4C3=O)c(Cl)c2)cc1-c1ccc(Cl)cc1,285.17
*c1ccc(-c2ccc(N3C(=O)c4ccc([Si](C)(C)c5ccc6c(c5)C(=O)N(*)C6=O)cc4C3=O)c(-c3ccccc3)c2)cc1,287.86
*c1ccc2cc(-c3ccc(N4C(=O)c5ccc(Oc6ccc7c(c6)C(=O)N(*)C7=O)cc5C4=O)c(C(F)(F)F)c3)ccc2c1,288.38
*CCNC(=O)OCCOC(=O)Nc1ccc(NC(=O)c2ccc(-n3c(=O)c4cc5c(=O)n(*)c(=O)c5cc4c3=O)cc2)cc1,208.52
*Cc1ccc(CSC(=O)CCCCC(=O)Nc2ccc(-n3c(=O)c4cc5c(=O)n(*)c(=O)c5cc4c3=O)cc2C(=O)O)cc1,218.91
*c1ccc2c(c1)C(=O)N(c1ccc(C(=O)Nc3cc(-c4ccccc4)cc(N4C(=O)c5ccc(*)cc5C4=O)c3)cc1)C2=O,318.28
*c1ccc(N(c2ccc(C)cc2)c2ccc(N3C(=O)c4ccc(Sc5ccc6c(c5)C(=O)N(*)C6=O)cc4C3=O)cc2)cc1,301.92
*CCCCC[N+](C)(C)c1ccc(C(O)COc2ccc(C(C)(C)c3ccc(Cc4ccc(N5C(=O)c6ccc(C7=CC=C7C7=CC(=O)N(*)C7=O)cc6C5=O)cc4)cc3)c(Br)c2)cc1,166.53
*c1ccc(-c2cc3ccc(N4C(=O)c5ccc(-c6ccc7c(c6)C(=O)N(*)C7=O)cc5C4=O)ccc4ccc3cc2S4)cc1,341.835
*c1ccc(CS(=O)(=O)CS(=O)(=O)CCCCC(=O)Nc2ccc(-n3c(=O)c4cc5c(=O)n(*)c(=O)c5cc4c3=O)cc2)cc1,223.76
*c1ccc2c(c1)C(=O)N(c1ccc(Nc3ccc(N=Cc4ccc5c(c4)C(=O)N(*)C5=O)cc3-c3ccccc3)cc1)C2=O,292.98
*C(=O)Nc1ccc(NC(=O)c2ccc(-n3c(=O)c4cc5c(=O)n(*)c(=O)c5cc4c3=O)cc2C(=O)[O][Na])c(C(=O)OCC)c1,251.12
*c1ccc(Cc2ccc(Oc3ccc(N4C(=O)c5ccc(Oc6ccc7c(c6)C(=O)N(*)C7=O)cc5C4=O)cc3)cc2)cc1,331.605
*c1ccc(-c2cc(C)c(N3C(=O)c4ccc(Oc5ccc6c(c5)C(=O)N(*)C6=O)cc4C3=O)c(-c3ccccc3)c2)cc1C,335.885
*c1cccc(Oc2ccccc2Oc2cccc(N3C(=O)c4ccc(Oc5ccc6c(c5)C(=O)N(*)C6=O)cc4C3=O)c2)c1,220.65
*c1cccc(P(=O)(c2ccccc2)c2cccc(N3C(=O)c4ccc(Oc5ccc6c(c5)C(=O)N(*)C6=O)cc4C3=O)c2)c1,252.55
*c1ccc(P(=O)(c2ccccc2)c2cccc(N3C(=O)c4ccc(Oc5ccc6c(c5)C(=O)N(*)C6=O)cc4C3=O)c2)cc1,262.23
*C(=O)c1ccc2c(c1)C(=O)N(c1ccc(N(c3ccccc3)c3cccc(N4C(=O)c5ccc(*)cc5C4=O)c3)cc1)C2=O,295.59
*CCCCCCCCCCOc1ccc(/C=C/C=C/c2ccc(-n3c(=O)c4cc5c(=O)n(*)c(=O)c5cc4c3=O)cc2)cc1,259.73
*c1ccc([Si](c2ccccc2)c2ccc(N3C(=O)c4ccc(Oc5ccc6c(c5)C(=O)N(*)C6=O)cc4C3=O)cc2C)cc1,291.12
*c1ccc([Si](c2ccccc2)c2cccc(N3C(=O)c4cc(Sc5ccc6c(c5)C(=O)N(*)C6=O)cc(C)c4C3=O)n2)cc1,291.84
*CCCCCCC(=O)Nc1ccc(C(=O)NNC(=O)c2ccc(-n3c(=O)c4cc5c(=O)n(*)c(=O)c5cc4c3=O)cc2)cc1,258.97
*c1ccc(Cc2ccc(Sc3ccc(N4C(=O)c5ccc(Oc6ccc7c(c6)C(=O)N(*)C7=O)cc5C4=O)cc3)cc2)cc1,294.08
*C(=O)c1ccc2c(c1)C(=O)N(c1ccc(-c3ccc(Sc4ccc(N5C(=O)c6ccc(*)cc6C5=O)cc4)cc3)cc1)C2=O,253.87
*OS(=O)(=O)c1ccc(-c2ccc(-n3c(=O)c4cc5c(=O)n(*)c(=O)c5c([N+](=O)[O-])c4c3=O)cc2C(F)(F)F)c(C(F)(F)F)c1,254.91
*C(=O)c1ccc2c(c1)C(=O)N(c1ccc(Sc3ccc(-c4ccc(N5C(=O)c6ccc(*)cc6C5=O)cc4)cc3)cc1)C2=O,252.79
*CCCCCCCC(=O)N[PH](=Cc1ccc(C)nc1)c1ccc(Cn2c(=O)c3cc4c(=O)n(*)c(=O)c4cc3c2=O)c(C)c1,238.04
*c1ccc(Oc2cccc(Oc3cccc(N4C(=O)c5ccc(Oc6ccc7c(c6)C(=O)N(*)C7=O)cc5C4=O)c3)c2)cc1,237.31
*C(=O)Nc1ccc(C(=O)NNC(=O)c2ccc(-n3c(=O)c4cc5c(=O)n(*)c(=O)c5cc4c3=O)cc2Br)c(S(=O)(=O)[O][Na])c1,281.63
*c1cccc(N2C(=O)c3cccc(Oc4ccc(Oc5ccc(Oc6ccc7c(c6)C(=O)N(*)C7=O)cc5)cc4)c3C2=O)c1,281.85
*c1ccc(Oc2cccc(Oc3ccc(N4C(=O)c5ccc(Oc6ccc7c(c6)C(=O)N(*)C7=O)cc5C4=O)cc3)n2)cc1,276.15
*C(=O)c1ccc2c(c1)C(=O)N(c1cccc(N(c3ccccc3)c3cccc(N4C(=O)c5ccc(*)cc5C4=O)c3)c1)C2=O,277.44
*CCCCCCCCCCCCOc1ccc(-c2ccc(C#Cn3c(=O)c4cc5c(=O)n(*)c(=O)c5cc4c3=O)cc2)cc1,291.04
*c1ccc(C(=O)c2ccc(Oc3ccc(N4C(=O)c5ccc(-c6ccc7c(c6)C(=O)N(*)C7=O)cc5C4=O)cc3)cc2)cc1,282.4
*C(=O)c1ccc2c(c1)C(=O)N(c1ccc([Si](c3ccccc3)c3ccc(N4C(=O)c5ccc(*)cc5C4=O)cc3)cc1)C2=O,286.35
*CCCCCCCCCCCCNC(=O)c1ccc(-c2ccc(-n3c(=O)c4cc5c(=O)n(*)c(=O)c5cc4c3=O)cc2)cc1,258.52
*Nc1ccc(C(=O)NNC(=O)c2ccc(-n3c(=O)c4cc5c(=O)n(*)c(=O)c5cc4c3=O)cc2C(F)(F)F)c(C(F)(F)F)c1,275.49
*c1ccc(C(c2ccccc2)c2ccc(N3C(=O)c4ccc(-c5ccc6c(c5)C(=O)N(*)C6=O)cc4C3=O)cc2Br)c(Cl)c1,286.86
*c1ccc(P(=O)(c2ccccc2)c2ccc(N3C(=O)c4ccc(Oc5ccc6c(c5)C(=O)N(*)C6=O)cc4C3=O)cc2)cc1,286.1
*c1cccc(Oc2ccc(Oc3ccc(N4C(=O)c5ccc(Oc6ccc7c(c6)C(=O)N(*)C7=O)cc5C4=O)cc3)cc2)c1,254.765
*c1ccc(Oc2cccc(Oc3ccc(N4C(=O)c5ccc(Oc6ccc7c(c6)C(=O)N(*)C7=O)cc5C4=O)cc3)c2)nc1,266.22
*c1ccc(Oc2ccc(Oc3ccc(N4C(=O)c5ccc(-c6ccc7c(c6)C(=O)N(*)C7=O)cc5C4=O)cc3Br)cc2)cc1,328.61
*CCCCCOc1ccc(OCCCCOc2ccc(-n3c(=O)c4cc5c(=O)n(*)c(=O)c5cc4c3=O)cc2F)c(F)c1F,254.325
*c1ccc(N2C(=O)c3ccc(Oc4ccc(Oc5ccc(Oc6ccc7c(c6)C(=O)N(*)C7=O)cc5)cc4)cc3C2=O)cc1,347.08
*c1ccc(Oc2ccccc2Oc2cccc(N3C(=O)c4ccc(Oc5ccc6c(c5)C(=O)N(*)C6=O)cc4C3=O)c2)cc1,313.96
*C(=O)c1ccc2c(c1)C(=O)N(c1ccc(Oc3ccc(-c4ccc(N5C(=O)c6ccc(*)cc6C5=O)cc4)cc3)cc1)C2=O,246.09
*CCCCCCCCOc1ccc(CCCCCOc2ccc(-n3c(=O)c4cc5c(=O)n(*)c(=O)c5cc4c3=O)cc2)cc1,235.02
*NC(=O)Nc1ccc(C(=O)NNC(=O)c2ccc(Cn3c(=O)c4cc5c(=O)n(*)c(=O)c5cc4c3=O)cc2S(C)(C)C)cc1,249.01
*c1cccc(P(=O)(c2ccccc2)c2cccc(N3C(=O)c4ccc(Oc5cccc6c5C(=O)N(*)C6=O)cc4C3=O)c2)c1,274.21
*c1ccc(Oc2cccc(Oc3ccc(N4C(=O)c5ccc(-c6ccc7c(c6)C(=O)N(*)C7=O)cc5C4=O)cc3Br)c2)cc1,273.32
*c1ccc(Oc2ccccc2Oc2ccc(N3C(=O)c4ccc(Oc5cccc6c5C(=O)N(*)C6=O)cc4C3=O)cc2)cc1,322.52
*/C=N/c1ccc(-c2cc(-c3ccccc3)cc(N3C(=O)c4ccc(Oc5ccc6c(c5)C(=O)N(*)C6=O)cc4C3=O)c2)cc1,299.095
*C(=O)c1ccc2c(c1)C(=O)N(c1ccc(-c3ccc(Oc4cccc(N5C(=O)c6ccc(*)cc6C5=O)c4)cc3)cc1)C2=O,289.92
*c1ccc(Nc2ccc(Nc3ccc(N4C(=O)c5ccc(Oc6ccc7c(c6)C(=O)N(*)C7=O)cc5C4=O)cc3)cc2)cc1,302.775
*CNC(=O)c1ccc(C(=O)NCCCNC(=O)c2ccc(Cn3c(=O)c4cc5c(=O)n(*)c(=O)c5cc4c3=O)c(Br)c2)cc1,213.92
*c1ccc2c(c1)C(=O)N(c1cccc(-c3ccccc3-c3ccc(N4C(=O)c5ccc(*)cc5C4=O)c(C(C)C)c3)c1)C2=O,304.8
*c1ccc(Oc2ccccc2Oc2ccc(N3C(=O)c4ccc(-c5ccc6c(c5)C(=O)N(*)C6=O)cc4C3=O)c(Br)c2)cc1,251.0
*c1ccc(OCCCCCCCCCCCCCCc2ccc(-n3c(=O)c4cc5c(=O)n(*)c(=O)c5cc4c3=O)cc2)cc1,235.8
*c1cccc(Oc2cccc(Oc3ccc(N4C(=O)c5ccc(Oc6ccc7c(c6)C(=O)N(*)C7=O)cc5C4=O)cc3)c2)c1,237.16
*c1ccc(Oc2ccc(C(=O)c3ccc(N4C(=O)c5ccc(-c6ccc7c(c6)C(=O)N(*)C7=O)cc5C4=O)cc3)cc2)cc1,319.325
*CCC(=O)OCCCCCCOc1ccc(OC(=O)c2cccc(-n3c(=O)c4cc5c(=O)n(*)c(=O)c5cc4c3=O)c2)cc1,210.37
*CCCCCCCCCCOC(=O)c1ccc(Oc2ccc(-n3c(=O)c4cc5c(=O)n(*)c(=O)c5c(C)c4c3=O)cc2)cc1,353.27
*C(=O)c1ccc2c(c1)C(=O)N(c1ccc(-c3ccc(Oc4ccc(N5C(=O)c6ccc(*)cc6C5=O)cc4)cc3)cc1)C2=O,263.4
*c1ccc(COC(=O)c2cccc(C(=O)OCCCCCCCCCCCOc3ccc(-n4c(=O)c5cc6c(=O)n(*)c(=O)c6cc5c4=O)cc3)c2)cc1,126.95
*Oc1ccc(OC(=O)NCCCCCCNC(=O)Nc2ccc(-n3c(=O)c4cc5c(=O)n(*)c(=O)c5cc4c3=O)cc2)cc1,200.29
*CC(=O)Nc1ccc(OCCCCCCCCCOc2ccc(-n3c(=O)c4cc5c(=O)n(*)c(=O)c5cc4c3=O)cc2)cc1,306.44
*c1ccc(-c2csc(-c3ccc(-n4c(=O)c5cc6c(=O)n(*)c(=O)c6cc5c4=O)cc3)c2)cc1,419.53
*c1ccc(-c2ccc(N3C(=O)c4ccc(-c5ccc6c(c5)C(=O)N(*)C6=O)cc4C3=O)c(NC(=O)c3ccccc3)c2)cc1,310.36
*CC(=O)NNC(=O)c1cc(NC(=O)c2ccc(-n3c(=O)c4cc5c(=O)n(*)c(=O)c5cc4c3=O)cc2)cc(C(C)(C)C)c1,276.75
*c1ccccc1-c1ccc(-c2ccc(N3C(=O)c4ccc(Sc5ccc6c(c5)C(=O)N(*)C6=O)cc4C3=O)c(C)c2)cc1,273.81
*c1ccc(C(=O)c2ccc3c(c2)C(=O)N(c2ccc(-c4ccc(N5C(=O)c6ccc(*)cc6C5=O)cc4)cc2)C3=O)cc1,295.4
*c1ccc(C(=O)Nc2ccc(-n3c(=O)c4cc5c(=O)n(*)c(=O)c5cc4c3=O)cc2CCCCCCCCCC)cc1N,249.925
*c1ccc(-n2on2-c2ccc(N3C(=O)c4ccc(Oc5ccc6c(c5)C(=O)N(*)C6=O)cc4C3=O)cc2C(F)(F)F)cc1,271.53
*c1ccc(N2C(=O)c3ccc(Oc4ccc(-c5ccc(Oc6ccc7c(c6)C(=O)N(*)C7=O)cc5)cc4)cc3C2=O)cc1,366.965
*c1ccc2c(c1)C(=O)N(c1ccc(Nc3ccc(Oc4ccc(N5C(=O)c6ccc(*)cc6C5=O)cc4)cc3)cc1)C2=O,368.21
*c1ccc(-c2ccc(-c3ccc(N4C(=O)c5ccc(Oc6ccc7c(c6)C(=O)N(*)C7=O)cc5C4=O)c(C)c3)s2)c(C)c1,313.92
*c1cc(-c2ccc(N3C(=O)c4ccc(-c5ccc6c(c5)C(=O)N(*)C6=O)cc4C3=O)c(OC)c2)nc(-c2ccccc2)n1,301.75
*c1ccc2c(c1)C(=O)N(c1cccc(P(=O)(c3ccccc3)c3cccc(N4C(=O)c5ccc(*)cc5C4=O)c3)c1)C2=O,284.65
*c1ccc(Nc2ccc(Sc3ccc(N4C(=O)c5ccc(-c6ccc7c(c6)C(=O)N(*)C7=O)cc5C4=O)cc3)cc2)cc1,300.53
*c1ccc(C(=O)NCCCCNC(=O)c2ccc(-n3c(=O)c4cc5c(=O)n(*)c(=O)c5cc4c3=O)cc2C(=O)[O][Na])cc1,212.17
*c1ccc(-c2ccc(-n3c(=O)c4cc5c(=O)n(*)c(=O)c5cc4c3=O)cc2Br)c(F)c1CCC(F)(F)C(F)(F)C(F)(F)F,242.77
*C1=CC=C2C=C(C(=O)c3ccccc3)C(c3ccc(-n4c(=O)c5cc6c(=O)n(*)c(=O)c6cc5c4=O)cc3)=CC=C1C2=O,358.07
*c1ccc(-c2ccc(N3C(=O)c4ccc(P(=O)(c5ccccc5)c5ccc6c(c5)C(=O)N(*)C6=O)cc4C3=O)cc2)cc1,344.43
*CCCCCCC(=O)NCCCCCCNC(=O)c1ccc(C(=O)NNC(=O)c2ccc(NC(=O)CCCCCCCn3c(=O)c4cc5c(=O)n(*)c(=O)c5cc4c3=O)cc2)cc1,167.76
*c1ccc(-c2ccc(-n3c(=O)c4cc5c(=O)n(*)c(=O)c5c(C(F)(F)F)c4c3=O)c(CCCCCC)c2)c(C(F)(F)F)c1,226.01
*CC[CH2][Fe][C](=O)Nc1ccc(C(=O)NC(=O)Nc2ccc(Cn3c(=O)c4cc5c(=O)n(*)c(=O)c5cc4c3=O)cc2)cc1,242.59
*C(=O)Nc1ccc(NC(=O)c2ccc(-n3c(=O)c4cc5c(=O)n(*)c(=O)c5cc4c3=O)cc2C(F)(F)F)c(C(F)(F)F)c1,246.03
*c1ccc(C(C)(c2ccccc2)c2ccc(N3C(=O)c4ccc(-c5ccc6c(c5)C(=O)N(*)C6=O)cc4C3=O)cc2)cc1,322.47
*C(=O)OCCC(=O)Nc1ccc(Oc2ccc(NC(=O)OCn3c(=O)c4cc5c(=O)n(*)c(=O)c5cc4c3=O)cc2)cc1,200.36
*c1ccc(Oc2cccc(Oc3cccc(N4C(=O)c5ccc(Oc6ccc7c(c6)C(=O)N(*)C7=O)cc5C4=O)c3)c2)s1,227.36
*c1ccc(-c2ccc(N3C(=O)c4ccc(-c5ccc6c(c5)C(=O)N(*)C6=O)c(-c5ccccc5)c4C3=O)c(C)c2)cc1C,356.005
*c1ccc(P(=O)(c2ccccc2)c2cccc(N3C(=O)c4ccc(-c5ccc6c(c5)C(=O)N(*)C6=O)cc4C3=O)c2)cc1,305.04
*c1ccc(O[Si](C)(C)[Si](C)(C)[Si](C)(C)Oc2ccc(-n3c(=O)c4cc5c(=O)n(*)c(=O)c5cc4c3=O)cc2CC)c(C)c1,221.37
*c1ccc(NC(C(=O)Nc2ccc(-n3c(=O)c4cc5c(=O)n(*)c(=O)c5cc4c3=O)cc2)=C(C)CCC)c(C(F)(F)F)c1,285.86
*CC(Oc1ccc(C(C)(C)C)cc1)C(=O)c1ccc2c(c1)C(=O)N(c1ccc(OCCOCCOCCOCCOc3ccc(N4C(=O)c5ccc(*)cc5C4=O)cc3)cc1)C2=O,150.23
*c1ccc(NC(=O)CCCCC(=O)Nc2ccc(-n3c(=O)c4cc5c(=O)n(*)c(=O)c5cc4c3=O)cc2)c(S(=O)(=O)O)c1,223.97
*c1sc(-c2ccc(-c3ccc(N4C(=O)c5ccc(-c6cccc7c6C(=O)N(*)C7=O)cc5C4=O)cc3Br)c(Br)c2)cc1C,326.62
*c1ccc(/C=N/c2cc(-c3ccccc3)cc(N3C(=O)c4ccc(-c5ccc6c(c5)C(=O)N(*)C6=O)cc4C3=O)c2)cc1,334.67
*CCCCCC(=O)Nc1ccc(OCCOc2ccc(-n3c(=O)c4cccc5c(=O)n(*)c(=O)c5cc4c3=O)cc2)cc1,210.49
*/C=N/c1ccc(NC(=O)c2ccc(N=C(C)CC(C)CCn3c(=O)c4cc5c(=O)n(*)c(=O)c5cc4c3=O)cc2Cl)cc1,216.8
*c1ccc(Oc2ccc(-c3ccc(N4C(=O)c5ccc(Oc6ccc7c(c6)C(=O)N(*)C7=O)cc5C4=O)cc3)cc2)cc1,325.605
*c1ccc(-c2cccc(N3C(=O)c4ccc(Oc5ccc(Oc6ccc7c(c6)C(=O)N(*)C7=O)cc5)cc4C3=O)c2)cc1,315.17
*c1ccc(-c2ccc(Oc3ccc(N4C(=O)c5ccc(Oc6cccc7c6C(=O)N(*)C7=O)cc5C4=O)cc3)cc2)cc1,359.25
*c1ccc(C(=O)NCCCCCCCCNC(=O)c2cccc(-n3c(=O)c4cc5c(=O)n(*)c(=O)c5cc4c3=O)c2)cc1,235.57
*c1ccc(Nc2ccc(Nc3ccc(N4C(=O)c5ccc(-c6ccc7c(c6)C(=O)N(*)C7=O)cc5C4=O)cc3)cc2)cc1,352.56
*c1cccc(P(=O)(c2ccccc2)c2cccc(N3C(=O)c4ccc(-c5ccc6c(c5)C(=O)N(*)C6=O)cc4C3=O)c2)c1,272.42
*c1ccc2c(c1)C(=O)N(c1ccc(C(=O)c3ccc(-c4ccc(N5C(=O)c6ccc(*)cc6C5=O)cc4)cc3)cc1)C2=O,328.37
*c1ccc(C(=O)NCCCNC(=O)c2ccc(-n3c(=O)c4cc5c(=O)n(*)c(=O)c5cc4c3=O)c(OC)c2)cc1[N+](=O)[O-],223.04
*c1ccc(Oc2ccc(N3C(=O)c4ccc(Oc5ccc(-c6cccc7c6C(=O)N(*)C7=O)cc5)cc4C3=O)cc2)cc1,350.97
*c1ccc(P(=O)(c2ccccc2)c2cccc(N3C(=O)c4ccc(-c5cccc6c5C(=O)N(*)C6=O)cc4C3=O)c2)cc1,316.34
*c1ccc(-c2ccc(-n3c(=O)c4cc(C(F)(F)F)cc5c(=O)n(*)c(=O)c5cc4c3=O)cc2C(F)(F)F)c(C(F)(F)F)c1,281.59
*c1cccc(P(=O)(c2ccccc2)c2cccc(N3C(=O)c4ccc(-c5cccc6c5C(=O)N(*)C6=O)cc4C3=O)c2)c1,285.9
*c1ccc(-c2ccc(Oc3ccc(N4C(=O)c5ccc(Oc6ccc7c(c6)C(=O)N(*)C7=O)cc5C4=O)cc3)cc2)cc1,368.28
*c1ccc(N(c2ccccc2)c2ccc(N3C(=O)c4ccc(-c5ccc6c(c5)C(=O)N(*)C6=O)cc4C3=O)c(Br)c2)cc1,335.17
*c1ccc(Oc2ccc(N3C(=O)c4ccc(-c5ccc6c(c5)C(=O)N(*)C6=O)cc4C3=O)cc2-c2ccc(C)cc2)cc1,332.055
*c1ccc(-c2ccc(Cc3ccc(N4C(=O)c5ccc(Oc6ccc7c(c6)C(=O)N(*)C7=O)cc5C4=O)cc3)cc2)cc1,301.01
*c1ccc(Oc2cccc(Oc3cccc(N4C(=O)c5ccc(-c6ccc7c(c6)C(=O)N(*)C7=O)cc5C4=O)c3)c2)cc1,239.565
*C(=O)c1ccc(C(=O)NCCCCCNC(=O)c2ccc(-n3c(=O)c4cc5c(=O)n(*)c(=O)c5cc4c3=O)cc2)cc1C,219.78
*CCCCCOC(=O)c1ccc(NC(=O)CNc2ccc(Cn3c(=O)c4cc5c(=O)n(*)c(=O)c5cc4c3=O)cc2)cc1,305.005
*c1ccc(-c2ccc(Sc3ccc(N4C(=O)c5ccc(Oc6cccc7c6C(=O)N(*)C7=O)cc5C4=O)cc3)cc2)cc1,300.74
*c1cccc(P(=O)(c2ccccc2)c2ccc(N3C(=O)c4ccc(-c5ccc6c(c5)C(=O)N(*)C6=O)cc4C3=O)cc2)c1,275.31
*c1ccc(N(c2ccccc2)c2ccc(N3C(=O)c4ccc(Oc5ccc6c(c5)C(=O)N(*)C6=O)cc4C3=O)cc2)cc1,329.73
*c1ccc(OC(=O)C2=CC=Cc3ccc(-n4c(=O)c5cc6c(=O)n(*)c(=O)c6cc5c4=O)ccc4n(c(=O)c3=C2)C=4)cc1,266.23
*c1ccnc(-n2on2-c2ccc(N3C(=O)c4ccc(Oc5ccc6c(c5)C(=O)N(*)C6=O)cc4C3=O)c(C(C)(C)C)c2)c1,272.635
*CC(C)(C)C(=O)NNC(=O)c1ccc(C(=O)/C=N/c2ccc(-n3c(=O)c4cc5c(=O)n(*)c(=O)c5cc4c3=O)nc2)cc1,245.45
*c1cccc(Oc2cccc(Oc3ccc(N4C(=O)c5ccc(-c6cccc7c6C(=O)N(*)C7=O)cc5C4=O)cc3)c2)c1,300.71
*c1cc(CCCCCCCCCCC)c(Cn2c(=O)c3cc4c(=O)n(*)c(=O)c4cc3c2=O)cc1-c1ccc(C#N)cc1,207.87
*c1ccc(-c2ccc(Nc3cccc(N4C(=O)c5ccc(Oc6ccc7c(c6)C(=O)N(*)C7=O)cc5C4=O)c3)cc2)cc1,288.42
*c1ccc(Cc2ccc(N3C(=O)c4ccc(Oc5ccc6c(c5)C(=O)N(*)C6=O)cc4C3=O)cc2-c2ccccc2)cc1,295.09
*CCOC(=O)c1ccc(C(=O)c2ccc(S(=O)(=O)N(C)CCCCCCn3c(=O)c4cc5c(=O)n(*)c(=O)c5cc4c3=O)cc2-c2ccccc2)cc1,138.39
*CCCCCCCCCCC(=O)Sc1ccc(Oc2ccc(-n3c(=O)c4cc5c(=O)n(*)c(=O)c5cc4c3=O)cc2)cc1,242.52
*C(=O)CCCCC(=O)c1ccc(C(=O)OCCOc2ccc(-n3c(=O)c4cc5c(=O)n(*)c(=O)c5cc4c3=O)cc2)cc1,214.14
*c1ccc(Cc2ccc(-n3c(=O)c4cc5c(=O)n(*)c(=O)c5cc4c3=O)cc2OCC(O)COC(F)(F)F)c(C)c1Br,210.6
*C(=O)Nc1ccc(OCCCCCCOC(=O)c2cccc(-n3c(=O)c4cc5c(=O)n(*)c(=O)c5cc4c3=O)c2)cc1,224.87
*c1ccc(-n2on2-c2ccc(N3C(=O)c4ccc(Oc5ccc6c(c5)C(=O)N(*)C6=O)cc4C3=O)cc2)cc1C(=O)O,289.57
*c1ccc(-n2on2-c2ccc(N3C(=O)c4ccc(-c5ccc6c(c5)C(=O)N(*)C6=O)cc4C3=O)c(C(F)(F)F)c2)cc1,301.615
*c1ccc(Cc2ccc(N(CC)n3c(=O)c4cc5c(=O)n(*)c(=O)c5cc4c3=O)cc2OCCCCCCCC)cc1,244.29
*c1ccc(NC(=O)CCCCCCCC(=O)Nc2cccc(-n3c(=O)c4cc5c(=O)n(*)c(=O)c5cc4c3=O)c2)cc1,213.1
*Oc1ccc(NC(=O)CCCCC(=O)Nc2ccc(C(=O)n3c(=O)c4cc5c(=O)n(*)c(=O)c5cc4c3=O)cc2)cc1,358.78
*c1ccc(Oc2ccccc2-c2ccc(N3C(=O)c4ccc(-c5ccc6c(c5)C(=O)N(*)C6=O)cc4C3=O)cc2)cc1,348.63
*c1ccc(-c2ccc(Cc3ccc(N4C(=O)c5ccc(-c6ccc7c(c6)C(=O)N(*)C7=O)cc5C4=O)cc3)cc2)cc1,356.38
*c1ccc(OCCCCCCCCCCOc2ccc(-n3c(=O)c4cc5c(=O)n(*)c(=O)c5cc4c3=O)cc2)c(C)c1,233.29
*c1ccc(C(C)(C)c2ccc(-n3c(=O)c4cc5c(=O)n(*)c(=O)c5cc4c3=O)cc2S(=O)(=O)N(CC)C(F)(F)F)cc1,280.76
*c1ccc(C(=O)N(C)c2ccc(-n3c(=O)c4cc5c(=O)n(*)c(=O)c5cc4c3=O)cc2S(=O)(=O)[O][Na])c(C(C)(C)C)c1,279.525
*CCCCCCN(CC#N)[Si](C)(C)c1ccc(-c2ccc(-n3c(=O)c4cc5c(=O)n(*)c(=O)c5cc4c3=O)cc2)cc1,229.66
*c1ccc(N(c2ccccc2)c2ccc(N3C(=O)c4ccc(-c5ccc6c(c5)C(=O)N(*)C6=O)cc4C3=O)cc2)cc1,359.31
*c1ccc(S(=O)(=O)c2ccc(-n3c(=O)c4cc5c(=O)n(*)c(=O)c5cc4c3=O)cc2S(=O)(=O)[O][Na])c(S(=O)(=O)[O][Na])c1,264.44
*c1ccc(S(=O)(=O)c2ccc(-n3c(=O)c4cc5c(=O)n(*)c(=O)c5cc4c3=O)cc2C(Cl)(C(F)(F)F)C(F)(F)F)cc1,267.44
*CCCCCCC(=O)Nc1ccc(C[Si](C)(C)c2ccc(-n3c(=O)c4cc5c(=O)n(*)c(=O)c5cc4c3=O)cc2)cc1,223.85
*c1ccc(C(=O)NNC(=O)CCCCC(=O)Nc2ccc(-n3c(=O)c4cc5c(=O)n(*)c(=O)c5cc4c3=O)cc2)cc1,229.75
*c1ccc(Oc2ccc(N3C(=O)c4ccc(-c5ccc6c(c5)C(=O)N(*)C6=O)cc4C3=O)cc2-c2ccccc2)cc1,345.88
*c1ccc(-c2ccc(-n3c(=O)c4cc5c(=O)n(*)c(=O)c5cc4c3=O)cc2OCCCCCCCCCCCC)cc1,224.39
*c1ccc(Sc2ccc(-c3ccc(N4C(=O)c5ccc(-c6ccc7c(c6)C(=O)N(*)C7=O)cc5C4=O)cc3)cc2)cc1,301.955
*c1ccc(C(C)(C#N)c2ccc(-n3c(=O)c4cc5c(=O)n(*)c(=O)c5cc4c3=O)cc2S(=O)(=O)OC(F)(F)F)c(F)c1,293.67
*c1ccc(NC(=C(C#N)C#N)c2ccc(-n3c(=O)c4cc5c(=O)n(*)c(=O)c5cc4c3=O)cc2O)c(OCC(C)C)c1,288.07
*c1ccc(OCCOCCOCCOCCOc2ccc(-n3c(=O)c4cc5c(=O)n(*)c(=O)c5cc4c3=O)cc2)cc1,202.04
*c1ccc(Sc2ccc(N3C(=O)c4ccc(-c5ccc6c(c5)C(=O)N(*)C6=O)cc4C3=O)cc2-c2ccccc2)cc1,303.34
*c1ccc(-c2ccc(-c3ccc(N4C(=O)c5ccc(Sc6ccc7c(c6)C(=O)N(*)C7=O)cc5C4=O)cc3)cc2)cc1,275.34
*C(=O)OCCCCCCCCCCCCCOC(=O)c1ccc2c(c1)C(=O)N(c1cccc(P(=O)(c3ccccc3)c3cccc(N4C(=O)c5ccc(*)cc5C4=O)c3)c1)C2=O,159.93
*c1ccc(CC(=O)NCCCCCCNC(=O)c2ccc(-n3c(=O)c4cc5c(=O)n(*)c(=O)c5cc4c3=O)cc2)cc1,221.16
*c1ccc(C(=O)N(CCCCCCCC)c2ccc(-n3c(=O)c4cc5c(=O)n(*)c(=O)c5cc4c3=O)cc2)c(C)c1C,208.26
*c1ccc(-c2ccc(-n3c(=O)c4cc5c(=O)n(*)c(=O)c5cc4c3=O)cc2C(=O)O)c(C(O)(C(F)(F)F)C(F)(F)F)c1,280.14
*CNC(=O)c1ccc(/N=N/c2ccc([N+](=O)[O-])c(N(CC)n3c(=O)c4cc5c(=O)n(*)c(=O)c5cc4c3=O)c2C)cc1,265.04
*C/C=C/c1ccc([Si](C)(C)c2ccc(-n3c(=O)c4cc5c(=O)n(*)c(=O)c5cc4c3=O)cc2S(=O)(=O)C(F)(F)F)cc1,255.96
*c1ccc(C(=O)Nc2ccc([Si](C)(C)n3c(=O)c4cc5c(=O)n(*)c(=O)c5cc4c3=O)cc2S(=O)(=O)N(C)C)c(C)c1,251.98
*c1ccc([Si](c2ccccc2)c2ccc(N3C(=O)c4ccc(-c5ccc6c(c5)C(=O)N(*)C6=O)cc4C3=O)cc2)cc1,308.22
*CCc1ccc(CSC(=O)NCCCCCCSCCCCCCCCCCCCCCNC(=O)/C=C/c2ccc(-n3c(=O)c4cc5c(=O)n(*)c(=O)c5cc4c3=O)cc2)cc1,158.64
*c1cccc(Oc2cccc(N3C(=O)c4ccc(-c5ccc(-c6ccc7c(c6)C(=O)N(*)C7=O)cc5)cc4C3=O)c2)c1,268.88
*CCCC(=O)Nc1ccc(Oc2ccc(-n3c(=O)c4cc5c(=O)n(*)c(=O)c5cc4c3=O)cc2C(F)(F)F)c(F)c1Cl,272.57
*c1ccc([Si](c2ccccc2)c2ccc(N3C(=O)c4ccc(-c5cccc6c5C(=O)N(*)C6=O)cc4C3=O)cc2)cc1,315.57
*CCCCCCCCCC(=O)Nc1ccc(Oc2ccc(-n3c(=O)c4cc5c(=O)n(*)c(=O)c5cc4c3=O)cc2)cc1,283.26
*c1ccc(-c2ccc(-n3c(=O)c4cc5c(=O)n(*)c(=O)c5cc4c3=O)cc2C(F)(F)C(F)(F)C(F)(F)C(F)(F)F)cc1,292.22
*c1ccc(-c2ccc(Oc3ccc(N4C(=O)c5ccc(-c6ccc7c(c6)C(=O)N(*)C7=O)cc5C4=O)cc3)cc2)cc1,362.16
*c1cccc(NC(=O)CCCCCCCC(=O)Nc2ccc(-n3c(=O)c4cc5c(=O)n(*)c(=O)c5cc4c3=O)cc2)c1,204.69
*C#CC#CC#CC#CCOc1ccc(/C=C/c2ccc(Cn3c(=O)c4cc5c(=O)n(*)c(=O)c5cc4c3=O)cc2)cc1,241.7
*CCOCCOc1ccc(C(=O)OCCCCCCOCCCCOCCOCCOCCOCCOc2ccc(-n3c(=O)c4cc5c(=O)n(*)c(=O)c5cc4c3=O)cc2)cc1,155.6
*c1ccc(OCCCCCCCCCCCOc2ccc(-n3c(=O)c4cc5c(=O)n(*)c(=O)c5cc4c3=O)cc2)cc1,318.81
*c1ccc(S(=O)(=O)C2=CC=CNC(S(=O)(=O)c3ccc(-n4c(=O)c5cc6c(=O)n(*)c(=O)c6cc5c4=O)cc3)=C2)cc1,314.67
*CCCCOc1ccc(C(=O)NCCNC(=O)c2ccc(-n3c(=O)c4cc5c(=O)n(*)c(=O)c5cc4c3=O)cc2)cc1,206.82
*c1ccc(CC(=O)NCCCCCCNC(=O)c2ccc(-n3c(=O)c4cc5c(=O)n(*)c(=O)c5cc4c3=O)cc2)cn1,227.49
*c1ccc([Si](C)(C)CSCCC(=O)Nc2ccc(-n3c(=O)c4cc5c(=O)n(*)c(=O)c5cc4c3=O)cc2SC=C)cc1,237.99
